Level 1: Case Type,Case type Definition,Case type Definition - Old,Level 2: Issue Type,Issue type Definition - Old,issue Type Definition,Level 3: Reason,Reason Definition - Old,Reason Definition
PAYMENTS (IN),"**Definition:** Refers to the technical lifecycle of customer-initiated transactions (processing, authorization, capture/void, refunds/reversals, disputes) for goods and services. Do NOT select this for requests to enable new payment methods, configuration of processing channels, or update billing/statement descriptors — use ACCOUNT MANAGEMENT instead.
 

 **Includes:**
 * Transaction Status: declined/failed actions, stuck statuses, missing transactions, duplicate charges, proof of payment (ARN).
 * Refunds: failed refunds, refund proof, refund reversals.
 * Authentication (3DS): 3DS declines/drop-off, SCA/exemptions, liability shift questions.
 * Fraud & Risk Controls: risk blocks/rules, allowlist/blocklist changes, AVS/CVV mismatch, velocity limits.
 * Disputes/Chargebacks: dispute lifecycle/status, evidence submission/help.
 * Performance: acceptance rate drops, multiple payment failures.
 

 **Key Distinctions:**
 * Decline Codes: Codes that look like 20XXX / 30XXX / 40XXX (e.g., ""declined with code 20154"", ""risk blocked 42101"") belong here.
 * Lifecycle vs Config: If the merchant is reporting the lifecycle outcome of a transaction (declines, stuck status, missing transaction, refund failure), select this.
 * Payment Ops: If the symptom is payment outcomes without integration failures (declines, 3DS failures, chargebacks, refund failures), select this.
 * Refund Execution: If the question is about refund execution/status/failure itself, select this.","Refers to the lifecycle of transactions initiated by customers to the merchant. This includes the processing, authorization, and reversal of funds for goods or services.",Transaction status (non 3DS & Refunds),Queries about the status of a customer payment to the merchant,"Refers to the status, outcome, or root cause of failure for specific payment attempts or individual customers. Select this for ""Why did this fail?"" or ""Where is the money?"" queries regarding single or specific groups of transactions. Do NOT select this for 3DS/Authentication issues (use Authentication (3DS) issue type) or refund-related queries (use Refunds issue type).",Declined / Failed Action,IF a customer payment was explicitly rejected with a response code by a bank or scheme THEN select this.,"IF a customer payment was explicitly rejected with a response code by a bank or scheme, OR if the merchant requests a root cause analysis for specific declined transactions, error codes, or failures related to a single customer/card THEN select this.
"
PAYMENTS (IN),"**Definition:** Refers to the technical lifecycle of customer-initiated transactions (processing, authorization, capture/void, refunds/reversals, disputes) for goods and services. Do NOT select this for requests to enable new payment methods, configuration of processing channels, or update billing/statement descriptors — use ACCOUNT MANAGEMENT instead.
 

 **Includes:**
 * Transaction Status: declined/failed actions, stuck statuses, missing transactions, duplicate charges, proof of payment (ARN).
 * Refunds: failed refunds, refund proof, refund reversals.
 * Authentication (3DS): 3DS declines/drop-off, SCA/exemptions, liability shift questions.
 * Fraud & Risk Controls: risk blocks/rules, allowlist/blocklist changes, AVS/CVV mismatch, velocity limits.
 * Disputes/Chargebacks: dispute lifecycle/status, evidence submission/help.
 * Performance: acceptance rate drops, multiple payment failures.
 

 **Key Distinctions:**
 * Decline Codes: Codes that look like 20XXX / 30XXX / 40XXX (e.g., ""declined with code 20154"", ""risk blocked 42101"") belong here.
 * Lifecycle vs Config: If the merchant is reporting the lifecycle outcome of a transaction (declines, stuck status, missing transaction, refund failure), select this.
 * Payment Ops: If the symptom is payment outcomes without integration failures (declines, 3DS failures, chargebacks, refund failures), select this.
 * Refund Execution: If the question is about refund execution/status/failure itself, select this.","Refers to the lifecycle of transactions initiated by customers to the merchant. This includes the processing, authorization, and reversal of funds for goods or services.",Transaction status (non 3DS & Refunds),Queries about the status of a customer payment to the merchant,"Refers to the status, outcome, or root cause of failure for specific payment attempts or individual customers. Select this for ""Why did this fail?"" or ""Where is the money?"" queries regarding single or specific groups of transactions. Do NOT select this for 3DS/Authentication issues (use Authentication (3DS) issue type) or refund-related queries (use Refunds issue type).",Stuck in status / Status Enquiry,IF a payment is in an intermediate payment state (e.g. Authorized or Captured) THEN select this.,"IF a merchant reports a payment stuck in an intermediate payment state (e.g. Authorized or Captured), requests confirmation of a current status OR questions the root cause and processing logic behind a specific transaction outcome (e.g. unexpected voids or approvals) THEN select this."
PAYMENTS (IN),"**Definition:** Refers to the technical lifecycle of customer-initiated transactions (processing, authorization, capture/void, refunds/reversals, disputes) for goods and services. Do NOT select this for requests to enable new payment methods, configuration of processing channels, or update billing/statement descriptors — use ACCOUNT MANAGEMENT instead.
 

 **Includes:**
 * Transaction Status: declined/failed actions, stuck statuses, missing transactions, duplicate charges, proof of payment (ARN).
 * Refunds: failed refunds, refund proof, refund reversals.
 * Authentication (3DS): 3DS declines/drop-off, SCA/exemptions, liability shift questions.
 * Fraud & Risk Controls: risk blocks/rules, allowlist/blocklist changes, AVS/CVV mismatch, velocity limits.
 * Disputes/Chargebacks: dispute lifecycle/status, evidence submission/help.
 * Performance: acceptance rate drops, multiple payment failures.
 

 **Key Distinctions:**
 * Decline Codes: Codes that look like 20XXX / 30XXX / 40XXX (e.g., ""declined with code 20154"", ""risk blocked 42101"") belong here.
 * Lifecycle vs Config: If the merchant is reporting the lifecycle outcome of a transaction (declines, stuck status, missing transaction, refund failure), select this.
 * Payment Ops: If the symptom is payment outcomes without integration failures (declines, 3DS failures, chargebacks, refund failures), select this.
 * Refund Execution: If the question is about refund execution/status/failure itself, select this.","Refers to the lifecycle of transactions initiated by customers to the merchant. This includes the processing, authorization, and reversal of funds for goods or services.",Transaction status (non 3DS & Refunds),Queries about the status of a customer payment to the merchant,"Refers to the status, outcome, or root cause of failure for specific payment attempts or individual customers. Select this for ""Why did this fail?"" or ""Where is the money?"" queries regarding single or specific groups of transactions. Do NOT select this for 3DS/Authentication issues (use Authentication (3DS) issue type) or refund-related queries (use Refunds issue type).",Missing or Unrecognised Transaction,IF a merchant claims a transaction occurred but cannot find it in the portal/logs THEN select this.,IF a merchant claims a transaction occurred but cannot find it in the portal/logs OR asks for a general investigation where there is ambiguity about the transaction or its' status THEN select this.
PAYMENTS (IN),"**Definition:** Refers to the technical lifecycle of customer-initiated transactions (processing, authorization, capture/void, refunds/reversals, disputes) for goods and services. Do NOT select this for requests to enable new payment methods, configuration of processing channels, or update billing/statement descriptors — use ACCOUNT MANAGEMENT instead.
 

 **Includes:**
 * Transaction Status: declined/failed actions, stuck statuses, missing transactions, duplicate charges, proof of payment (ARN).
 * Refunds: failed refunds, refund proof, refund reversals.
 * Authentication (3DS): 3DS declines/drop-off, SCA/exemptions, liability shift questions.
 * Fraud & Risk Controls: risk blocks/rules, allowlist/blocklist changes, AVS/CVV mismatch, velocity limits.
 * Disputes/Chargebacks: dispute lifecycle/status, evidence submission/help.
 * Performance: acceptance rate drops, multiple payment failures.
 

 **Key Distinctions:**
 * Decline Codes: Codes that look like 20XXX / 30XXX / 40XXX (e.g., ""declined with code 20154"", ""risk blocked 42101"") belong here.
 * Lifecycle vs Config: If the merchant is reporting the lifecycle outcome of a transaction (declines, stuck status, missing transaction, refund failure), select this.
 * Payment Ops: If the symptom is payment outcomes without integration failures (declines, 3DS failures, chargebacks, refund failures), select this.
 * Refund Execution: If the question is about refund execution/status/failure itself, select this.","Refers to the lifecycle of transactions initiated by customers to the merchant. This includes the processing, authorization, and reversal of funds for goods or services.",Transaction status (non 3DS & Refunds),Queries about the status of a customer payment to the merchant,"Refers to the status, outcome, or root cause of failure for specific payment attempts or individual customers. Select this for ""Why did this fail?"" or ""Where is the money?"" queries regarding single or specific groups of transactions. Do NOT select this for 3DS/Authentication issues (use Authentication (3DS) issue type) or refund-related queries (use Refunds issue type).",Customer charged twice,IF merchant reports a duplicate charge THEN select this.,IF merchant reports a duplicate charge THEN select this.
PAYMENTS (IN),"**Definition:** Refers to the technical lifecycle of customer-initiated transactions (processing, authorization, capture/void, refunds/reversals, disputes) for goods and services. Do NOT select this for requests to enable new payment methods, configuration of processing channels, or update billing/statement descriptors — use ACCOUNT MANAGEMENT instead.
 

 **Includes:**
 * Transaction Status: declined/failed actions, stuck statuses, missing transactions, duplicate charges, proof of payment (ARN).
 * Refunds: failed refunds, refund proof, refund reversals.
 * Authentication (3DS): 3DS declines/drop-off, SCA/exemptions, liability shift questions.
 * Fraud & Risk Controls: risk blocks/rules, allowlist/blocklist changes, AVS/CVV mismatch, velocity limits.
 * Disputes/Chargebacks: dispute lifecycle/status, evidence submission/help.
 * Performance: acceptance rate drops, multiple payment failures.
 

 **Key Distinctions:**
 * Decline Codes: Codes that look like 20XXX / 30XXX / 40XXX (e.g., ""declined with code 20154"", ""risk blocked 42101"") belong here.
 * Lifecycle vs Config: If the merchant is reporting the lifecycle outcome of a transaction (declines, stuck status, missing transaction, refund failure), select this.
 * Payment Ops: If the symptom is payment outcomes without integration failures (declines, 3DS failures, chargebacks, refund failures), select this.
 * Refund Execution: If the question is about refund execution/status/failure itself, select this.","Refers to the lifecycle of transactions initiated by customers to the merchant. This includes the processing, authorization, and reversal of funds for goods or services.",Transaction status (non 3DS & Refunds),Queries about the status of a customer payment to the merchant,"Refers to the status, outcome, or root cause of failure for specific payment attempts or individual customers. Select this for ""Why did this fail?"" or ""Where is the money?"" queries regarding single or specific groups of transactions. Do NOT select this for 3DS/Authentication issues (use Authentication (3DS) issue type) or refund-related queries (use Refunds issue type).","Proof of payment (ARN, RNN, Bulk)",IF merchant needs a confirmation or Acquirer Reference Number to give to a customer THEN select this.,"IF a merchant requests specific transaction identifiers (e.g., ARN, RRN) to provide to a customer, OR requests bulk transaction metadata/logs THEN select this."
PAYMENTS (IN),"**Definition:** Refers to the technical lifecycle of customer-initiated transactions (processing, authorization, capture/void, refunds/reversals, disputes) for goods and services. Do NOT select this for requests to enable new payment methods, configuration of processing channels, or update billing/statement descriptors — use ACCOUNT MANAGEMENT instead.
 

 **Includes:**
 * Transaction Status: declined/failed actions, stuck statuses, missing transactions, duplicate charges, proof of payment (ARN).
 * Refunds: failed refunds, refund proof, refund reversals.
 * Authentication (3DS): 3DS declines/drop-off, SCA/exemptions, liability shift questions.
 * Fraud & Risk Controls: risk blocks/rules, allowlist/blocklist changes, AVS/CVV mismatch, velocity limits.
 * Disputes/Chargebacks: dispute lifecycle/status, evidence submission/help.
 * Performance: acceptance rate drops, multiple payment failures.
 

 **Key Distinctions:**
 * Decline Codes: Codes that look like 20XXX / 30XXX / 40XXX (e.g., ""declined with code 20154"", ""risk blocked 42101"") belong here.
 * Lifecycle vs Config: If the merchant is reporting the lifecycle outcome of a transaction (declines, stuck status, missing transaction, refund failure), select this.
 * Payment Ops: If the symptom is payment outcomes without integration failures (declines, 3DS failures, chargebacks, refund failures), select this.
 * Refund Execution: If the question is about refund execution/status/failure itself, select this.","Refers to the lifecycle of transactions initiated by customers to the merchant. This includes the processing, authorization, and reversal of funds for goods or services.",Transaction status (non 3DS & Refunds),Queries about the status of a customer payment to the merchant,"Refers to the status, outcome, or root cause of failure for specific payment attempts or individual customers. Select this for ""Why did this fail?"" or ""Where is the money?"" queries regarding single or specific groups of transactions. Do NOT select this for 3DS/Authentication issues (use Authentication (3DS) issue type) or refund-related queries (use Refunds issue type).",Failed but customer charged,If merchant says their customer was charged but payment declined then select this,If merchant says their customer was charged but payment declined then select this
PAYMENTS (IN),"**Definition:** Refers to the technical lifecycle of customer-initiated transactions (processing, authorization, capture/void, refunds/reversals, disputes) for goods and services. Do NOT select this for requests to enable new payment methods, configuration of processing channels, or update billing/statement descriptors — use ACCOUNT MANAGEMENT instead.
 

 **Includes:**
 * Transaction Status: declined/failed actions, stuck statuses, missing transactions, duplicate charges, proof of payment (ARN).
 * Refunds: failed refunds, refund proof, refund reversals.
 * Authentication (3DS): 3DS declines/drop-off, SCA/exemptions, liability shift questions.
 * Fraud & Risk Controls: risk blocks/rules, allowlist/blocklist changes, AVS/CVV mismatch, velocity limits.
 * Disputes/Chargebacks: dispute lifecycle/status, evidence submission/help.
 * Performance: acceptance rate drops, multiple payment failures.
 

 **Key Distinctions:**
 * Decline Codes: Codes that look like 20XXX / 30XXX / 40XXX (e.g., ""declined with code 20154"", ""risk blocked 42101"") belong here.
 * Lifecycle vs Config: If the merchant is reporting the lifecycle outcome of a transaction (declines, stuck status, missing transaction, refund failure), select this.
 * Payment Ops: If the symptom is payment outcomes without integration failures (declines, 3DS failures, chargebacks, refund failures), select this.
 * Refund Execution: If the question is about refund execution/status/failure itself, select this.","Refers to the lifecycle of transactions initiated by customers to the merchant. This includes the processing, authorization, and reversal of funds for goods or services.",Refunds,Queries about refunds,Queries about refunds,Refund failed/Manual Refund,IF an attempt to return funds to a customer resulted in an decline message or requires manual refund THEN select this.,"IF an attempt to return funds results in a decline message or the merchant is unable to process the refund self-service due to technical failures (e.g., failed voids), scheme rules (e.g., exceeded time limits/MADA window), or acquirer constraints. Also select this in cases whenever the merchant explicitly requests a manual refund or asks the support team to intervene to finalize the return."
PAYMENTS (IN),"**Definition:** Refers to the technical lifecycle of customer-initiated transactions (processing, authorization, capture/void, refunds/reversals, disputes) for goods and services. Do NOT select this for requests to enable new payment methods, configuration of processing channels, or update billing/statement descriptors — use ACCOUNT MANAGEMENT instead.
 

 **Includes:**
 * Transaction Status: declined/failed actions, stuck statuses, missing transactions, duplicate charges, proof of payment (ARN).
 * Refunds: failed refunds, refund proof, refund reversals.
 * Authentication (3DS): 3DS declines/drop-off, SCA/exemptions, liability shift questions.
 * Fraud & Risk Controls: risk blocks/rules, allowlist/blocklist changes, AVS/CVV mismatch, velocity limits.
 * Disputes/Chargebacks: dispute lifecycle/status, evidence submission/help.
 * Performance: acceptance rate drops, multiple payment failures.
 

 **Key Distinctions:**
 * Decline Codes: Codes that look like 20XXX / 30XXX / 40XXX (e.g., ""declined with code 20154"", ""risk blocked 42101"") belong here.
 * Lifecycle vs Config: If the merchant is reporting the lifecycle outcome of a transaction (declines, stuck status, missing transaction, refund failure), select this.
 * Payment Ops: If the symptom is payment outcomes without integration failures (declines, 3DS failures, chargebacks, refund failures), select this.
 * Refund Execution: If the question is about refund execution/status/failure itself, select this.","Refers to the lifecycle of transactions initiated by customers to the merchant. This includes the processing, authorization, and reversal of funds for goods or services.",Refunds,Queries about refunds,Queries about refunds,Refund proof,IF a merchant needs documentation to prove a refund was processed to a customer THEN select this.,IF a merchant needs documentation to prove a refund was processed to a customer THEN select this.
PAYMENTS (IN),"**Definition:** Refers to the technical lifecycle of customer-initiated transactions (processing, authorization, capture/void, refunds/reversals, disputes) for goods and services. Do NOT select this for requests to enable new payment methods, configuration of processing channels, or update billing/statement descriptors — use ACCOUNT MANAGEMENT instead.
 

 **Includes:**
 * Transaction Status: declined/failed actions, stuck statuses, missing transactions, duplicate charges, proof of payment (ARN).
 * Refunds: failed refunds, refund proof, refund reversals.
 * Authentication (3DS): 3DS declines/drop-off, SCA/exemptions, liability shift questions.
 * Fraud & Risk Controls: risk blocks/rules, allowlist/blocklist changes, AVS/CVV mismatch, velocity limits.
 * Disputes/Chargebacks: dispute lifecycle/status, evidence submission/help.
 * Performance: acceptance rate drops, multiple payment failures.
 

 **Key Distinctions:**
 * Decline Codes: Codes that look like 20XXX / 30XXX / 40XXX (e.g., ""declined with code 20154"", ""risk blocked 42101"") belong here.
 * Lifecycle vs Config: If the merchant is reporting the lifecycle outcome of a transaction (declines, stuck status, missing transaction, refund failure), select this.
 * Payment Ops: If the symptom is payment outcomes without integration failures (declines, 3DS failures, chargebacks, refund failures), select this.
 * Refund Execution: If the question is about refund execution/status/failure itself, select this.","Refers to the lifecycle of transactions initiated by customers to the merchant. This includes the processing, authorization, and reversal of funds for goods or services.",Refunds,Queries about refunds,Queries about refunds,Refund reversal,IF a processed refund needs to be undone or was done in error THEN select this.,IF a processed refund needs to be undone or was done in error THEN select this.
PAYMENTS (IN),"**Definition:** Refers to the technical lifecycle of customer-initiated transactions (processing, authorization, capture/void, refunds/reversals, disputes) for goods and services. Do NOT select this for requests to enable new payment methods, configuration of processing channels, or update billing/statement descriptors — use ACCOUNT MANAGEMENT instead.
 

 **Includes:**
 * Transaction Status: declined/failed actions, stuck statuses, missing transactions, duplicate charges, proof of payment (ARN).
 * Refunds: failed refunds, refund proof, refund reversals.
 * Authentication (3DS): 3DS declines/drop-off, SCA/exemptions, liability shift questions.
 * Fraud & Risk Controls: risk blocks/rules, allowlist/blocklist changes, AVS/CVV mismatch, velocity limits.
 * Disputes/Chargebacks: dispute lifecycle/status, evidence submission/help.
 * Performance: acceptance rate drops, multiple payment failures.
 

 **Key Distinctions:**
 * Decline Codes: Codes that look like 20XXX / 30XXX / 40XXX (e.g., ""declined with code 20154"", ""risk blocked 42101"") belong here.
 * Lifecycle vs Config: If the merchant is reporting the lifecycle outcome of a transaction (declines, stuck status, missing transaction, refund failure), select this.
 * Payment Ops: If the symptom is payment outcomes without integration failures (declines, 3DS failures, chargebacks, refund failures), select this.
 * Refund Execution: If the question is about refund execution/status/failure itself, select this.","Refers to the lifecycle of transactions initiated by customers to the merchant. This includes the processing, authorization, and reversal of funds for goods or services.",Refunds,Queries about refunds,Queries about refunds,Refund status enquiry,IF a refund has been processed but not yet reached the customer then select this. ,"IF the merchant is inquiring about the current status of a refund (e.g., pending, declined, successful) or reporting a status discrepancy where the dashboard state does not match expectations. Select this for refunds stuck in 'Pending', investigations into why funds have not reached the customer, or general verification of a refund's lifecycle."
PAYMENTS (IN),"**Definition:** Refers to the technical lifecycle of customer-initiated transactions (processing, authorization, capture/void, refunds/reversals, disputes) for goods and services. Do NOT select this for requests to enable new payment methods, configuration of processing channels, or update billing/statement descriptors — use ACCOUNT MANAGEMENT instead.
 

 **Includes:**
 * Transaction Status: declined/failed actions, stuck statuses, missing transactions, duplicate charges, proof of payment (ARN).
 * Refunds: failed refunds, refund proof, refund reversals.
 * Authentication (3DS): 3DS declines/drop-off, SCA/exemptions, liability shift questions.
 * Fraud & Risk Controls: risk blocks/rules, allowlist/blocklist changes, AVS/CVV mismatch, velocity limits.
 * Disputes/Chargebacks: dispute lifecycle/status, evidence submission/help.
 * Performance: acceptance rate drops, multiple payment failures.
 

 **Key Distinctions:**
 * Decline Codes: Codes that look like 20XXX / 30XXX / 40XXX (e.g., ""declined with code 20154"", ""risk blocked 42101"") belong here.
 * Lifecycle vs Config: If the merchant is reporting the lifecycle outcome of a transaction (declines, stuck status, missing transaction, refund failure), select this.
 * Payment Ops: If the symptom is payment outcomes without integration failures (declines, 3DS failures, chargebacks, refund failures), select this.
 * Refund Execution: If the question is about refund execution/status/failure itself, select this.","Refers to the lifecycle of transactions initiated by customers to the merchant. This includes the processing, authorization, and reversal of funds for goods or services.",Authentication (3DS),Queries about 3DS/Authentication issues,Queries about 3DS/Authentication issues,3DS decline,"IF a merchant asks about a failure or decline during the 3DS verification step (SMS, App) THEN select this.","IF a transaction fails, is declined with a 3DS-related error, or the authentication process (OTP, App redirect, or initiation) is not triggered or completed as expected THEN select this.

"
PAYMENTS (IN),"**Definition:** Refers to the technical lifecycle of customer-initiated transactions (processing, authorization, capture/void, refunds/reversals, disputes) for goods and services. Do NOT select this for requests to enable new payment methods, configuration of processing channels, or update billing/statement descriptors — use ACCOUNT MANAGEMENT instead.
 

 **Includes:**
 * Transaction Status: declined/failed actions, stuck statuses, missing transactions, duplicate charges, proof of payment (ARN).
 * Refunds: failed refunds, refund proof, refund reversals.
 * Authentication (3DS): 3DS declines/drop-off, SCA/exemptions, liability shift questions.
 * Fraud & Risk Controls: risk blocks/rules, allowlist/blocklist changes, AVS/CVV mismatch, velocity limits.
 * Disputes/Chargebacks: dispute lifecycle/status, evidence submission/help.
 * Performance: acceptance rate drops, multiple payment failures.
 

 **Key Distinctions:**
 * Decline Codes: Codes that look like 20XXX / 30XXX / 40XXX (e.g., ""declined with code 20154"", ""risk blocked 42101"") belong here.
 * Lifecycle vs Config: If the merchant is reporting the lifecycle outcome of a transaction (declines, stuck status, missing transaction, refund failure), select this.
 * Payment Ops: If the symptom is payment outcomes without integration failures (declines, 3DS failures, chargebacks, refund failures), select this.
 * Refund Execution: If the question is about refund execution/status/failure itself, select this.","Refers to the lifecycle of transactions initiated by customers to the merchant. This includes the processing, authorization, and reversal of funds for goods or services.",Authentication (3DS),Queries about 3DS/Authentication issues,Queries about 3DS/Authentication issues,Liability Shift Status,If the merchant is asking about liability shift for a 3DS processed payment or chargeback then select this,If the merchant is asking about liability shift for a 3DS processed payment or chargeback (e.g. chargeback protection logic) then select this
PAYMENTS (IN),"**Definition:** Refers to the technical lifecycle of customer-initiated transactions (processing, authorization, capture/void, refunds/reversals, disputes) for goods and services. Do NOT select this for requests to enable new payment methods, configuration of processing channels, or update billing/statement descriptors — use ACCOUNT MANAGEMENT instead.
 

 **Includes:**
 * Transaction Status: declined/failed actions, stuck statuses, missing transactions, duplicate charges, proof of payment (ARN).
 * Refunds: failed refunds, refund proof, refund reversals.
 * Authentication (3DS): 3DS declines/drop-off, SCA/exemptions, liability shift questions.
 * Fraud & Risk Controls: risk blocks/rules, allowlist/blocklist changes, AVS/CVV mismatch, velocity limits.
 * Disputes/Chargebacks: dispute lifecycle/status, evidence submission/help.
 * Performance: acceptance rate drops, multiple payment failures.
 

 **Key Distinctions:**
 * Decline Codes: Codes that look like 20XXX / 30XXX / 40XXX (e.g., ""declined with code 20154"", ""risk blocked 42101"") belong here.
 * Lifecycle vs Config: If the merchant is reporting the lifecycle outcome of a transaction (declines, stuck status, missing transaction, refund failure), select this.
 * Payment Ops: If the symptom is payment outcomes without integration failures (declines, 3DS failures, chargebacks, refund failures), select this.
 * Refund Execution: If the question is about refund execution/status/failure itself, select this.","Refers to the lifecycle of transactions initiated by customers to the merchant. This includes the processing, authorization, and reversal of funds for goods or services.",Authentication (3DS),Queries about 3DS/Authentication issues,Queries about 3DS/Authentication issues,SCA / Exemption Issue,IF query relates to Strong Customer Authentication rules or requests to skip 3DS THEN select this.,IF query relates to Strong Customer Authentication rules or requests to skip 3DS THEN select this.
PAYMENTS (IN),"**Definition:** Refers to the technical lifecycle of customer-initiated transactions (processing, authorization, capture/void, refunds/reversals, disputes) for goods and services. Do NOT select this for requests to enable new payment methods, configuration of processing channels, or update billing/statement descriptors — use ACCOUNT MANAGEMENT instead.
 

 **Includes:**
 * Transaction Status: declined/failed actions, stuck statuses, missing transactions, duplicate charges, proof of payment (ARN).
 * Refunds: failed refunds, refund proof, refund reversals.
 * Authentication (3DS): 3DS declines/drop-off, SCA/exemptions, liability shift questions.
 * Fraud & Risk Controls: risk blocks/rules, allowlist/blocklist changes, AVS/CVV mismatch, velocity limits.
 * Disputes/Chargebacks: dispute lifecycle/status, evidence submission/help.
 * Performance: acceptance rate drops, multiple payment failures.
 

 **Key Distinctions:**
 * Decline Codes: Codes that look like 20XXX / 30XXX / 40XXX (e.g., ""declined with code 20154"", ""risk blocked 42101"") belong here.
 * Lifecycle vs Config: If the merchant is reporting the lifecycle outcome of a transaction (declines, stuck status, missing transaction, refund failure), select this.
 * Payment Ops: If the symptom is payment outcomes without integration failures (declines, 3DS failures, chargebacks, refund failures), select this.
 * Refund Execution: If the question is about refund execution/status/failure itself, select this.","Refers to the lifecycle of transactions initiated by customers to the merchant. This includes the processing, authorization, and reversal of funds for goods or services.",Fraud & Risk Controls,Queries about Fraud controls and settings,Queries about Fraud controls and settings,Risk Rules,IF a payment was blocked by internal fraud settings or the Risk engine THEN select this.,"IF a payment was blocked by fraud settings or the Risk engine, OR the merchant requests changes to risk rules, blocklists, allowlists, or threshold settings."
PAYMENTS (IN),"**Definition:** Refers to the technical lifecycle of customer-initiated transactions (processing, authorization, capture/void, refunds/reversals, disputes) for goods and services. Do NOT select this for requests to enable new payment methods, configuration of processing channels, or update billing/statement descriptors — use ACCOUNT MANAGEMENT instead.
 

 **Includes:**
 * Transaction Status: declined/failed actions, stuck statuses, missing transactions, duplicate charges, proof of payment (ARN).
 * Refunds: failed refunds, refund proof, refund reversals.
 * Authentication (3DS): 3DS declines/drop-off, SCA/exemptions, liability shift questions.
 * Fraud & Risk Controls: risk blocks/rules, allowlist/blocklist changes, AVS/CVV mismatch, velocity limits.
 * Disputes/Chargebacks: dispute lifecycle/status, evidence submission/help.
 * Performance: acceptance rate drops, multiple payment failures.
 

 **Key Distinctions:**
 * Decline Codes: Codes that look like 20XXX / 30XXX / 40XXX (e.g., ""declined with code 20154"", ""risk blocked 42101"") belong here.
 * Lifecycle vs Config: If the merchant is reporting the lifecycle outcome of a transaction (declines, stuck status, missing transaction, refund failure), select this.
 * Payment Ops: If the symptom is payment outcomes without integration failures (declines, 3DS failures, chargebacks, refund failures), select this.
 * Refund Execution: If the question is about refund execution/status/failure itself, select this.","Refers to the lifecycle of transactions initiated by customers to the merchant. This includes the processing, authorization, and reversal of funds for goods or services.",Fraud & Risk Controls,Queries about Fraud controls and settings,Queries about Fraud controls and settings,Trustlist & Decline List,"IF merchant wants to add/remove specific entities (IP, Email, Card) from a block or allow list THEN select this.","IF merchant wants to add/remove specific entities (IP, Email, Card) from a block or allow list THEN select this."
PAYMENTS (IN),"**Definition:** Refers to the technical lifecycle of customer-initiated transactions (processing, authorization, capture/void, refunds/reversals, disputes) for goods and services. Do NOT select this for requests to enable new payment methods, configuration of processing channels, or update billing/statement descriptors — use ACCOUNT MANAGEMENT instead.
 

 **Includes:**
 * Transaction Status: declined/failed actions, stuck statuses, missing transactions, duplicate charges, proof of payment (ARN).
 * Refunds: failed refunds, refund proof, refund reversals.
 * Authentication (3DS): 3DS declines/drop-off, SCA/exemptions, liability shift questions.
 * Fraud & Risk Controls: risk blocks/rules, allowlist/blocklist changes, AVS/CVV mismatch, velocity limits.
 * Disputes/Chargebacks: dispute lifecycle/status, evidence submission/help.
 * Performance: acceptance rate drops, multiple payment failures.
 

 **Key Distinctions:**
 * Decline Codes: Codes that look like 20XXX / 30XXX / 40XXX (e.g., ""declined with code 20154"", ""risk blocked 42101"") belong here.
 * Lifecycle vs Config: If the merchant is reporting the lifecycle outcome of a transaction (declines, stuck status, missing transaction, refund failure), select this.
 * Payment Ops: If the symptom is payment outcomes without integration failures (declines, 3DS failures, chargebacks, refund failures), select this.
 * Refund Execution: If the question is about refund execution/status/failure itself, select this.","Refers to the lifecycle of transactions initiated by customers to the merchant. This includes the processing, authorization, and reversal of funds for goods or services.",Fraud & Risk Controls,Queries about Fraud controls and settings,Queries about Fraud controls and settings,AVS / CVV Mismatch,IF payment failed specifically because address or security code didn't match bank records THEN select this.,"IF the issue relates to Address Verification Service (AVS) or CVV checks, including payment failures due to mismatches, inquiries about check results, or questions regarding the logic of how these checks are performed and displayed."
PAYMENTS (IN),"**Definition:** Refers to the technical lifecycle of customer-initiated transactions (processing, authorization, capture/void, refunds/reversals, disputes) for goods and services. Do NOT select this for requests to enable new payment methods, configuration of processing channels, or update billing/statement descriptors — use ACCOUNT MANAGEMENT instead.
 

 **Includes:**
 * Transaction Status: declined/failed actions, stuck statuses, missing transactions, duplicate charges, proof of payment (ARN).
 * Refunds: failed refunds, refund proof, refund reversals.
 * Authentication (3DS): 3DS declines/drop-off, SCA/exemptions, liability shift questions.
 * Fraud & Risk Controls: risk blocks/rules, allowlist/blocklist changes, AVS/CVV mismatch, velocity limits.
 * Disputes/Chargebacks: dispute lifecycle/status, evidence submission/help.
 * Performance: acceptance rate drops, multiple payment failures.
 

 **Key Distinctions:**
 * Decline Codes: Codes that look like 20XXX / 30XXX / 40XXX (e.g., ""declined with code 20154"", ""risk blocked 42101"") belong here.
 * Lifecycle vs Config: If the merchant is reporting the lifecycle outcome of a transaction (declines, stuck status, missing transaction, refund failure), select this.
 * Payment Ops: If the symptom is payment outcomes without integration failures (declines, 3DS failures, chargebacks, refund failures), select this.
 * Refund Execution: If the question is about refund execution/status/failure itself, select this.","Refers to the lifecycle of transactions initiated by customers to the merchant. This includes the processing, authorization, and reversal of funds for goods or services.",Fraud & Risk Controls,Queries about Fraud controls and settings,Queries about Fraud controls and settings,Velocity Limit Reached,IF blocks are occurring due to too many attempts in a short timeframe THEN select this.,IF blocks are occurring due to too many attempts in a short timeframe THEN select this.
PAYMENTS (IN),"**Definition:** Refers to the technical lifecycle of customer-initiated transactions (processing, authorization, capture/void, refunds/reversals, disputes) for goods and services. Do NOT select this for requests to enable new payment methods, configuration of processing channels, or update billing/statement descriptors — use ACCOUNT MANAGEMENT instead.
 

 **Includes:**
 * Transaction Status: declined/failed actions, stuck statuses, missing transactions, duplicate charges, proof of payment (ARN).
 * Refunds: failed refunds, refund proof, refund reversals.
 * Authentication (3DS): 3DS declines/drop-off, SCA/exemptions, liability shift questions.
 * Fraud & Risk Controls: risk blocks/rules, allowlist/blocklist changes, AVS/CVV mismatch, velocity limits.
 * Disputes/Chargebacks: dispute lifecycle/status, evidence submission/help.
 * Performance: acceptance rate drops, multiple payment failures.
 

 **Key Distinctions:**
 * Decline Codes: Codes that look like 20XXX / 30XXX / 40XXX (e.g., ""declined with code 20154"", ""risk blocked 42101"") belong here.
 * Lifecycle vs Config: If the merchant is reporting the lifecycle outcome of a transaction (declines, stuck status, missing transaction, refund failure), select this.
 * Payment Ops: If the symptom is payment outcomes without integration failures (declines, 3DS failures, chargebacks, refund failures), select this.
 * Refund Execution: If the question is about refund execution/status/failure itself, select this.","Refers to the lifecycle of transactions initiated by customers to the merchant. This includes the processing, authorization, and reversal of funds for goods or services.",Disputes/Chargebacks,Queries about lifecycle of Disputes/Chargebacks,Queries about lifecycle of Disputes/Chargebacks,Dispute status,IF merchant is checking the progress or the behaviour of a contested payment (Chargeback) THEN select this.,"IF the merchant is inquiring about the status, lifecycle, or outcome of a dispute (e.g., Won/Lost, Pre-Arb), or questioning its validity. Also select this for operational issues such as locating transactions involved in disputes, troubleshooting missing notifications (emails/RFIs), configuring dispute services (e.g., RDR, ARNs, API automation), or clarifying the financial impact on funds (e.g., held/released amounts)."
PAYMENTS (IN),"**Definition:** Refers to the technical lifecycle of customer-initiated transactions (processing, authorization, capture/void, refunds/reversals, disputes) for goods and services. Do NOT select this for requests to enable new payment methods, configuration of processing channels, or update billing/statement descriptors — use ACCOUNT MANAGEMENT instead.
 

 **Includes:**
 * Transaction Status: declined/failed actions, stuck statuses, missing transactions, duplicate charges, proof of payment (ARN).
 * Refunds: failed refunds, refund proof, refund reversals.
 * Authentication (3DS): 3DS declines/drop-off, SCA/exemptions, liability shift questions.
 * Fraud & Risk Controls: risk blocks/rules, allowlist/blocklist changes, AVS/CVV mismatch, velocity limits.
 * Disputes/Chargebacks: dispute lifecycle/status, evidence submission/help.
 * Performance: acceptance rate drops, multiple payment failures.
 

 **Key Distinctions:**
 * Decline Codes: Codes that look like 20XXX / 30XXX / 40XXX (e.g., ""declined with code 20154"", ""risk blocked 42101"") belong here.
 * Lifecycle vs Config: If the merchant is reporting the lifecycle outcome of a transaction (declines, stuck status, missing transaction, refund failure), select this.
 * Payment Ops: If the symptom is payment outcomes without integration failures (declines, 3DS failures, chargebacks, refund failures), select this.
 * Refund Execution: If the question is about refund execution/status/failure itself, select this.","Refers to the lifecycle of transactions initiated by customers to the merchant. This includes the processing, authorization, and reversal of funds for goods or services.",Disputes/Chargebacks,Queries about lifecycle of Disputes/Chargebacks,Queries about lifecycle of Disputes/Chargebacks,Dispute Adjustment,,"IF the merchant is questioning, reporting discrepancies in, or seeking clarification on the financial adjustments resulting from disputes or chargebacks such as unexpected debits, duplicate charges, credit adjustments (UPDT), missing chargeback refunds, or confusion about how dispute outcomes have impacted their balance THEN select this. "
PAYMENTS (IN),"**Definition:** Refers to the technical lifecycle of customer-initiated transactions (processing, authorization, capture/void, refunds/reversals, disputes) for goods and services. Do NOT select this for requests to enable new payment methods, configuration of processing channels, or update billing/statement descriptors — use ACCOUNT MANAGEMENT instead.
 

 **Includes:**
 * Transaction Status: declined/failed actions, stuck statuses, missing transactions, duplicate charges, proof of payment (ARN).
 * Refunds: failed refunds, refund proof, refund reversals.
 * Authentication (3DS): 3DS declines/drop-off, SCA/exemptions, liability shift questions.
 * Fraud & Risk Controls: risk blocks/rules, allowlist/blocklist changes, AVS/CVV mismatch, velocity limits.
 * Disputes/Chargebacks: dispute lifecycle/status, evidence submission/help.
 * Performance: acceptance rate drops, multiple payment failures.
 

 **Key Distinctions:**
 * Decline Codes: Codes that look like 20XXX / 30XXX / 40XXX (e.g., ""declined with code 20154"", ""risk blocked 42101"") belong here.
 * Lifecycle vs Config: If the merchant is reporting the lifecycle outcome of a transaction (declines, stuck status, missing transaction, refund failure), select this.
 * Payment Ops: If the symptom is payment outcomes without integration failures (declines, 3DS failures, chargebacks, refund failures), select this.
 * Refund Execution: If the question is about refund execution/status/failure itself, select this.","Refers to the lifecycle of transactions initiated by customers to the merchant. This includes the processing, authorization, and reversal of funds for goods or services.",Disputes/Chargebacks,Queries about lifecycle of Disputes/Chargebacks,Queries about lifecycle of Disputes/Chargebacks,Evidence Help and submission,IF merchant asks for guidance on how to provide evidence and which documents to provide to defend a dispute THEN select this.,"IF the merchant is actively defending a dispute or RFI. Select this for submitting files (including manual upload requests), troubleshooting dashboard submission errors, or asking for strategic guidance on which specific documents are required to contest the case."
PAYMENTS (IN),"**Definition:** Refers to the technical lifecycle of customer-initiated transactions (processing, authorization, capture/void, refunds/reversals, disputes) for goods and services. Do NOT select this for requests to enable new payment methods, configuration of processing channels, or update billing/statement descriptors — use ACCOUNT MANAGEMENT instead.
 

 **Includes:**
 * Transaction Status: declined/failed actions, stuck statuses, missing transactions, duplicate charges, proof of payment (ARN).
 * Refunds: failed refunds, refund proof, refund reversals.
 * Authentication (3DS): 3DS declines/drop-off, SCA/exemptions, liability shift questions.
 * Fraud & Risk Controls: risk blocks/rules, allowlist/blocklist changes, AVS/CVV mismatch, velocity limits.
 * Disputes/Chargebacks: dispute lifecycle/status, evidence submission/help.
 * Performance: acceptance rate drops, multiple payment failures.
 

 **Key Distinctions:**
 * Decline Codes: Codes that look like 20XXX / 30XXX / 40XXX (e.g., ""declined with code 20154"", ""risk blocked 42101"") belong here.
 * Lifecycle vs Config: If the merchant is reporting the lifecycle outcome of a transaction (declines, stuck status, missing transaction, refund failure), select this.
 * Payment Ops: If the symptom is payment outcomes without integration failures (declines, 3DS failures, chargebacks, refund failures), select this.
 * Refund Execution: If the question is about refund execution/status/failure itself, select this.","Refers to the lifecycle of transactions initiated by customers to the merchant. This includes the processing, authorization, and reversal of funds for goods or services.",Performance,Queries about acceptance rate performance or multiple payment failures,Queries about acceptance rate performance or multiple payment failures,Acceptance Rate Issue / Optimisation,IF query is about overall success/failure trends across all payments THEN select this.,"IF a merchant reports a drop in overall approval ratios, asks for optimization advice, or flags a trend of declines across multiple transactions, THEN select this."
PAYMENTS (IN),"**Definition:** Refers to the technical lifecycle of customer-initiated transactions (processing, authorization, capture/void, refunds/reversals, disputes) for goods and services. Do NOT select this for requests to enable new payment methods, configuration of processing channels, or update billing/statement descriptors — use ACCOUNT MANAGEMENT instead.
 

 **Includes:**
 * Transaction Status: declined/failed actions, stuck statuses, missing transactions, duplicate charges, proof of payment (ARN).
 * Refunds: failed refunds, refund proof, refund reversals.
 * Authentication (3DS): 3DS declines/drop-off, SCA/exemptions, liability shift questions.
 * Fraud & Risk Controls: risk blocks/rules, allowlist/blocklist changes, AVS/CVV mismatch, velocity limits.
 * Disputes/Chargebacks: dispute lifecycle/status, evidence submission/help.
 * Performance: acceptance rate drops, multiple payment failures.
 

 **Key Distinctions:**
 * Decline Codes: Codes that look like 20XXX / 30XXX / 40XXX (e.g., ""declined with code 20154"", ""risk blocked 42101"") belong here.
 * Lifecycle vs Config: If the merchant is reporting the lifecycle outcome of a transaction (declines, stuck status, missing transaction, refund failure), select this.
 * Payment Ops: If the symptom is payment outcomes without integration failures (declines, 3DS failures, chargebacks, refund failures), select this.
 * Refund Execution: If the question is about refund execution/status/failure itself, select this.","Refers to the lifecycle of transactions initiated by customers to the merchant. This includes the processing, authorization, and reversal of funds for goods or services.",Performance,Queries about acceptance rate performance or multiple payment failures,Queries about acceptance rate performance or multiple payment failures,All Payments Failing,If the merchant is saying they have large amount of payment failure issues or most  then select this. ,If the merchant is saying they have large amount of payment failure issues or systemic payment failures then select this. 
PAYOUTS,"**Definition:** Refers to the lifecycle of a payout made by card or bank payout. This includes status, declines, reversals, and proofs (e.g., proof of payout).
 

 **Includes:**
 * Bank Payouts: returned/bounced, invalid beneficiary, cut-off times, MT103 proof.
 * Card Payouts: stuck in pending, declined, card not supported, payout reversals.","Refers to the lifecycle of a Payout made by card or bank payout. This includes the status, declines, reverals or proofs",Bank Payouts,Queries about Bank Payouts lifecycle and failures,"Queries about payouts sent via bank transfer rails (SEPA, SWIFT, Faster Payments, ACH, wire transfers). Select this IF the ticket explicitly mentions: bank account, IBAN, SWIFT/BIC codes, MT103, beneficiary bank, wire transfer, bank-specific references, sanctions/AML screening holds, Inpay references, or name discrepancy verification. Also select this for payouts requiring RFI (Request for Information) for compliance screening. Do NOT select this if the payout method is unclear—use Card Payouts instead",Declined/Failed Bank payout,IF a payout was declined THEN select this.,IF a payout was declined THEN select this.
PAYOUTS,"**Definition:** Refers to the lifecycle of a payout made by card or bank payout. This includes status, declines, reversals, and proofs (e.g., proof of payout).
 

 **Includes:**
 * Bank Payouts: returned/bounced, invalid beneficiary, cut-off times, MT103 proof.
 * Card Payouts: stuck in pending, declined, card not supported, payout reversals.","Refers to the lifecycle of a Payout made by card or bank payout. This includes the status, declines, reverals or proofs",Bank Payouts,Queries about Bank Payouts lifecycle and failures,"Queries about payouts sent via bank transfer rails (SEPA, SWIFT, Faster Payments, ACH, wire transfers). Select this IF the ticket explicitly mentions: bank account, IBAN, SWIFT/BIC codes, MT103, beneficiary bank, wire transfer, bank-specific references, sanctions/AML screening holds, Inpay references, or name discrepancy verification. Also select this for payouts requiring RFI (Request for Information) for compliance screening. Do NOT select this if the payout method is unclear—use Card Payouts instead",Proof of Bank Payout,IF the recipient claims they haven't received funds and the merchant needs a confirmation receipt THEN select this.,IF the recipient claims they haven't received funds and the merchant needs a confirmation receipt THEN select this.
PAYOUTS,"**Definition:** Refers to the lifecycle of a payout made by card or bank payout. This includes status, declines, reversals, and proofs (e.g., proof of payout).
 

 **Includes:**
 * Bank Payouts: returned/bounced, invalid beneficiary, cut-off times, MT103 proof.
 * Card Payouts: stuck in pending, declined, card not supported, payout reversals.","Refers to the lifecycle of a Payout made by card or bank payout. This includes the status, declines, reverals or proofs",Bank Payouts,Queries about Bank Payouts lifecycle and failures,"Queries about payouts sent via bank transfer rails (SEPA, SWIFT, Faster Payments, ACH, wire transfers). Select this IF the ticket explicitly mentions: bank account, IBAN, SWIFT/BIC codes, MT103, beneficiary bank, wire transfer, bank-specific references, sanctions/AML screening holds, Inpay references, or name discrepancy verification. Also select this for payouts requiring RFI (Request for Information) for compliance screening. Do NOT select this if the payout method is unclear—use Card Payouts instead",Bank payout stuck in Pending or status Inquiry,If a merchant asks why a bank payout is stuck in Pending then select this,"Select this category when a merchant inquires about a bank payout that is currently delayed, stuck in processing, or showing a pending status. This definition encompasses all scenarios where a bank payout is held for compliance checks, sanctions reviews, or risk assessments, often requiring a Request for Information (RFI) to resolve the hold. It is also the correct selection for general status investigations, discrepancies in payout amounts"
PAYOUTS,"**Definition:** Refers to the lifecycle of a payout made by card or bank payout. This includes status, declines, reversals, and proofs (e.g., proof of payout).
 

 **Includes:**
 * Bank Payouts: returned/bounced, invalid beneficiary, cut-off times, MT103 proof.
 * Card Payouts: stuck in pending, declined, card not supported, payout reversals.","Refers to the lifecycle of a Payout made by card or bank payout. This includes the status, declines, reverals or proofs",Bank Payouts,Queries about Bank Payouts lifecycle and failures,"Queries about payouts sent via bank transfer rails (SEPA, SWIFT, Faster Payments, ACH, wire transfers). Select this IF the ticket explicitly mentions: bank account, IBAN, SWIFT/BIC codes, MT103, beneficiary bank, wire transfer, bank-specific references, sanctions/AML screening holds, Inpay references, or name discrepancy verification. Also select this for payouts requiring RFI (Request for Information) for compliance screening. Do NOT select this if the payout method is unclear—use Card Payouts instead",Bank Payout Returns,If a merchant asks to reverse a bank payout then select this,If a merchant asks to reverse a bank payout then select this
PAYOUTS,"**Definition:** Refers to the lifecycle of a payout made by card or bank payout. This includes status, declines, reversals, and proofs (e.g., proof of payout).
 

 **Includes:**
 * Bank Payouts: returned/bounced, invalid beneficiary, cut-off times, MT103 proof.
 * Card Payouts: stuck in pending, declined, card not supported, payout reversals.","Refers to the lifecycle of a Payout made by card or bank payout. This includes the status, declines, reverals or proofs",Card Payouts,Queries about Card Payouts lifecycle and failures,"Queries about payouts sent via card networks (Visa Direct, Mastercard Send, Push to Card/PTC, OCT). Select this IF the ticket mentions: Visa, Mastercard, card payout, card-based, ARN (Acquirer Reference Number), RRN, issuing bank, issuer, cardholder, or any card scheme reference. When the payout method is ambiguous or unclear (e.g., generic ""withdrawal"" or ""payout"" without specifying the rail), default to Card Payouts as they represent the majority of payout volume.",Card payout stuck in Pending or status Inquiry,If a merchant asks why a card payout is stuck in Pending then select this,If a merchant asks why a card payout is stuck in Pending then select this
PAYOUTS,"**Definition:** Refers to the lifecycle of a payout made by card or bank payout. This includes status, declines, reversals, and proofs (e.g., proof of payout).
 

 **Includes:**
 * Bank Payouts: returned/bounced, invalid beneficiary, cut-off times, MT103 proof.
 * Card Payouts: stuck in pending, declined, card not supported, payout reversals.","Refers to the lifecycle of a Payout made by card or bank payout. This includes the status, declines, reverals or proofs",Card Payouts,Queries about Card Payouts lifecycle and failures,"Queries about payouts sent via card networks (Visa Direct, Mastercard Send, Push to Card/PTC, OCT). Select this IF the ticket mentions: Visa, Mastercard, card payout, card-based, ARN (Acquirer Reference Number), RRN, issuing bank, issuer, cardholder, or any card scheme reference. When the payout method is ambiguous or unclear (e.g., generic ""withdrawal"" or ""payout"" without specifying the rail), default to Card Payouts as they represent the majority of payout volume.",Declined/Failed card payout,If a merchant asks why a card payout was declined then select this,If a merchant asks why a card payout was declined Paid but customer didn't receive money then select this
PAYOUTS,"**Definition:** Refers to the lifecycle of a payout made by card or bank payout. This includes status, declines, reversals, and proofs (e.g., proof of payout).
 

 **Includes:**
 * Bank Payouts: returned/bounced, invalid beneficiary, cut-off times, MT103 proof.
 * Card Payouts: stuck in pending, declined, card not supported, payout reversals.","Refers to the lifecycle of a Payout made by card or bank payout. This includes the status, declines, reverals or proofs",Card Payouts,Queries about Card Payouts lifecycle and failures,"Queries about payouts sent via card networks (Visa Direct, Mastercard Send, Push to Card/PTC, OCT). Select this IF the ticket mentions: Visa, Mastercard, card payout, card-based, ARN (Acquirer Reference Number), RRN, issuing bank, issuer, cardholder, or any card scheme reference. When the payout method is ambiguous or unclear (e.g., generic ""withdrawal"" or ""payout"" without specifying the rail), default to Card Payouts as they represent the majority of payout volume.",Proof of Card Payout,IF merchant needs a payout confirmation or Acquirer Reference Number to give to a customer THEN select this.,IF merchant needs a card payout proof or Retrieval Reference Number (RRN) to give to a customer THEN select this.
PAYOUTS,"**Definition:** Refers to the lifecycle of a payout made by card or bank payout. This includes status, declines, reversals, and proofs (e.g., proof of payout).
 

 **Includes:**
 * Bank Payouts: returned/bounced, invalid beneficiary, cut-off times, MT103 proof.
 * Card Payouts: stuck in pending, declined, card not supported, payout reversals.","Refers to the lifecycle of a Payout made by card or bank payout. This includes the status, declines, reverals or proofs",Card Payouts,Queries about Card Payouts lifecycle and failures,"Queries about payouts sent via card networks (Visa Direct, Mastercard Send, Push to Card/PTC, OCT). Select this IF the ticket mentions: Visa, Mastercard, card payout, card-based, ARN (Acquirer Reference Number), RRN, issuing bank, issuer, cardholder, or any card scheme reference. When the payout method is ambiguous or unclear (e.g., generic ""withdrawal"" or ""payout"" without specifying the rail), default to Card Payouts as they represent the majority of payout volume.",Card payout reversal,If a merchant asks to reverse a card payout then select this,If a merchant asks to reverse a card payout then select this
FUNDS and FEES,"**Definition:** Refers to the flow of money in the merchant balance and their settlements and any associated fees. Includes settlement delays, reconciliation, balance queries, invoices, and fee questions.
 

 **Includes:**
 * Settlements: delayed/missing settlements, reconciliation discrepancies.
 * Balance: balance confirmation, negative balance, top-ups.
 * Billing & Fees: invoice requests, fee inquiries, pricing checks.
 

 **Key Distinctions:**
 * Reconciliation: If it is specifically settlement reconciliation and cash movement interpretation, or if financial amounts themselves don't match (settlement amount wrong, fee unexpected), select this.
 * Fees: If the question is about fees (interchange/scheme/gateway fees, tax invoices, pricing checks), including ""why fee wasn't refunded"", select this.","Refers to the flow of money in the merchant balance and their Settlement and any associated fees. Includes delays to settlement, reconciliation, balance queries, invoices or fees.",Settlements,Queries about Settlement lifecycle and reconciliation,Queries about Settlement lifecycle and reconciliation,Delayed / Missing Settlement,IF an expected settlement is not showing on Dashboard or not arrived in the merchant's bank account THEN select this.,IF an expected settlement is not showing on Dashboard or not arrived in the merchant's bank account THEN select this.
FUNDS and FEES,"**Definition:** Refers to the flow of money in the merchant balance and their settlements and any associated fees. Includes settlement delays, reconciliation, balance queries, invoices, and fee questions.
 

 **Includes:**
 * Settlements: delayed/missing settlements, reconciliation discrepancies.
 * Balance: balance confirmation, negative balance, top-ups.
 * Billing & Fees: invoice requests, fee inquiries, pricing checks.
 

 **Key Distinctions:**
 * Reconciliation: If it is specifically settlement reconciliation and cash movement interpretation, or if financial amounts themselves don't match (settlement amount wrong, fee unexpected), select this.
 * Fees: If the question is about fees (interchange/scheme/gateway fees, tax invoices, pricing checks), including ""why fee wasn't refunded"", select this.","Refers to the flow of money in the merchant balance and their Settlement and any associated fees. Includes delays to settlement, reconciliation, balance queries, invoices or fees.",Settlements,Queries about Settlement lifecycle and reconciliation,Queries about Settlement lifecycle and reconciliation,Reconciliation issue,IF merchant is struggling to match report or Dashboard data to their bank statement entries or is reporting a discrepancy between expected and actual balances  THEN select this.,IF merchant is struggling to match report or Dashboard data to their bank statement entries or is reporting a discrepancy between expected and actual balances  THEN select this.
FUNDS and FEES,"**Definition:** Refers to the flow of money in the merchant balance and their settlements and any associated fees. Includes settlement delays, reconciliation, balance queries, invoices, and fee questions.
 

 **Includes:**
 * Settlements: delayed/missing settlements, reconciliation discrepancies.
 * Balance: balance confirmation, negative balance, top-ups.
 * Billing & Fees: invoice requests, fee inquiries, pricing checks.
 

 **Key Distinctions:**
 * Reconciliation: If it is specifically settlement reconciliation and cash movement interpretation, or if financial amounts themselves don't match (settlement amount wrong, fee unexpected), select this.
 * Fees: If the question is about fees (interchange/scheme/gateway fees, tax invoices, pricing checks), including ""why fee wasn't refunded"", select this.","Refers to the flow of money in the merchant balance and their Settlement and any associated fees. Includes delays to settlement, reconciliation, balance queries, invoices or fees.",Balance,Queries about Balance status and confirmation,Queries about Balance status and confirmation,Balance confirmation,If the merchant needs a Statement of account (SOA) or balance confirmation document for audit purposes THEN select this,If the merchant needs a Statement of account (SOA) or balance confirmation document for audit purposes THEN select this
FUNDS and FEES,"**Definition:** Refers to the flow of money in the merchant balance and their settlements and any associated fees. Includes settlement delays, reconciliation, balance queries, invoices, and fee questions.
 

 **Includes:**
 * Settlements: delayed/missing settlements, reconciliation discrepancies.
 * Balance: balance confirmation, negative balance, top-ups.
 * Billing & Fees: invoice requests, fee inquiries, pricing checks.
 

 **Key Distinctions:**
 * Reconciliation: If it is specifically settlement reconciliation and cash movement interpretation, or if financial amounts themselves don't match (settlement amount wrong, fee unexpected), select this.
 * Fees: If the question is about fees (interchange/scheme/gateway fees, tax invoices, pricing checks), including ""why fee wasn't refunded"", select this.","Refers to the flow of money in the merchant balance and their Settlement and any associated fees. Includes delays to settlement, reconciliation, balance queries, invoices or fees.",Balance,Queries about Balance status and confirmation,Queries about Balance status and confirmation,Negative balance,IF the merchant is struggling to understand why they have a negative balance on their account THEN select this,IF the merchant is struggling to understand why they have a negative balance on their account THEN select this
FUNDS and FEES,"**Definition:** Refers to the flow of money in the merchant balance and their settlements and any associated fees. Includes settlement delays, reconciliation, balance queries, invoices, and fee questions.
 

 **Includes:**
 * Settlements: delayed/missing settlements, reconciliation discrepancies.
 * Balance: balance confirmation, negative balance, top-ups.
 * Billing & Fees: invoice requests, fee inquiries, pricing checks.
 

 **Key Distinctions:**
 * Reconciliation: If it is specifically settlement reconciliation and cash movement interpretation, or if financial amounts themselves don't match (settlement amount wrong, fee unexpected), select this.
 * Fees: If the question is about fees (interchange/scheme/gateway fees, tax invoices, pricing checks), including ""why fee wasn't refunded"", select this.","Refers to the flow of money in the merchant balance and their Settlement and any associated fees. Includes delays to settlement, reconciliation, balance queries, invoices or fees.",Balance,Queries about Balance status and confirmation,Queries about Balance status and confirmation,Balance top up,IF the merchant needs to top up their balance THEN select this,IF the merchant needs to top up their balance THEN select this
FUNDS and FEES,"**Definition:** Refers to the flow of money in the merchant balance and their settlements and any associated fees. Includes settlement delays, reconciliation, balance queries, invoices, and fee questions.
 

 **Includes:**
 * Settlements: delayed/missing settlements, reconciliation discrepancies.
 * Balance: balance confirmation, negative balance, top-ups.
 * Billing & Fees: invoice requests, fee inquiries, pricing checks.
 

 **Key Distinctions:**
 * Reconciliation: If it is specifically settlement reconciliation and cash movement interpretation, or if financial amounts themselves don't match (settlement amount wrong, fee unexpected), select this.
 * Fees: If the question is about fees (interchange/scheme/gateway fees, tax invoices, pricing checks), including ""why fee wasn't refunded"", select this.","Refers to the flow of money in the merchant balance and their Settlement and any associated fees. Includes delays to settlement, reconciliation, balance queries, invoices or fees.",Balance,Queries about Balance status and confirmation,Queries about Balance status and confirmation,Balance explanation,If the merchant needs help understanding their Balance or needs help understanding different balance types and how funds are allocated THEN select this. then select this,"IF the merchant needs help understanding their balance or how funds are allocated, reports balance discrepancies or is unable to reconcile figures between reports or different balance types"
FUNDS and FEES,"**Definition:** Refers to the flow of money in the merchant balance and their settlements and any associated fees. Includes settlement delays, reconciliation, balance queries, invoices, and fee questions.
 

 **Includes:**
 * Settlements: delayed/missing settlements, reconciliation discrepancies.
 * Balance: balance confirmation, negative balance, top-ups.
 * Billing & Fees: invoice requests, fee inquiries, pricing checks.
 

 **Key Distinctions:**
 * Reconciliation: If it is specifically settlement reconciliation and cash movement interpretation, or if financial amounts themselves don't match (settlement amount wrong, fee unexpected), select this.
 * Fees: If the question is about fees (interchange/scheme/gateway fees, tax invoices, pricing checks), including ""why fee wasn't refunded"", select this.","Refers to the flow of money in the merchant balance and their Settlement and any associated fees. Includes delays to settlement, reconciliation, balance queries, invoices or fees.",Billing & Fees,Queries about fees charged,Queries about fees charged,Invoice Request,IF merchant needs a copy of their tax or service invoice THEN select this.,IF merchant needs a copy of their tax or service invoice THEN select this.
FUNDS and FEES,"**Definition:** Refers to the flow of money in the merchant balance and their settlements and any associated fees. Includes settlement delays, reconciliation, balance queries, invoices, and fee questions.
 

 **Includes:**
 * Settlements: delayed/missing settlements, reconciliation discrepancies.
 * Balance: balance confirmation, negative balance, top-ups.
 * Billing & Fees: invoice requests, fee inquiries, pricing checks.
 

 **Key Distinctions:**
 * Reconciliation: If it is specifically settlement reconciliation and cash movement interpretation, or if financial amounts themselves don't match (settlement amount wrong, fee unexpected), select this.
 * Fees: If the question is about fees (interchange/scheme/gateway fees, tax invoices, pricing checks), including ""why fee wasn't refunded"", select this.","Refers to the flow of money in the merchant balance and their Settlement and any associated fees. Includes delays to settlement, reconciliation, balance queries, invoices or fees.",Billing & Fees,Queries about fees charged,Queries about fees charged,Fee Inquiry,"IF merchant questions a specific charge (e.g., Interchange, Scheme fee) THEN select this.","IF merchant questions a specific charge (e.g., Interchange, Scheme fee) THEN select this."
TECHNICAL ISSUE,"**Definition:** Refers to integration or technical issues (API/SDK/webhook/connectivity), including HTTP 4xx/5xx errors, keys, tokens, and environment issues.
 

 **Includes:**
 * API Integration: HTTP/API errors (400/401/403/404/409/422/429/5xx), request validation, timeouts/idempotency, connectivity failures.
 * API Credentials: API key creation/rotation/scopes/permissions.
 * Webhooks: delivery failures, signature verification issues.
 * Tokens: token migration, network tokens/tokenisation configuration.
 * Environment: sandbox-specific issues.
 * E-Commerce Plugins / SDKs: Shopify/WooCommerce/Magento/SDK-specific integration problems.
 

 **Key Distinctions:**
 * HTTP Codes: HTTP status codes (400/401/403/404/409/422/429/500/502/503) or explicit API/endpoint/SDK failures belong here (e.g., ""API returned 500"", ""/payments endpoint failing"").
 * Integration Symptoms: If the symptom is plugin/checkout UI/integration behavior (redirects, saved cards, payment method disappeared from site), select this.
 * Network Tokens: Network Tokenization / Network Tokens / token migration / enabling NT questions belong here.
 * Unexplained Charges: If customer is charged an amount not reflected in Checkout.com records (wallet surcharge, 3DS fee, issuer fee), select this (integration layer investigation).","Refers to integration or technical related issues, such as API HTTP errors which contain 400 or 500 codes, API keys, webhooks or token issues.",API Credentials,Queries about Keys for integration,Queries regarding the management of authentication keys (Secret/Public OAuth) and their access permissions.,Create / Edit Keys,If the merchant is asking about how to create or edit API keys then select this,"If the merchant is asking about how to create, edit or troubleshoot API keys then select this"
TECHNICAL ISSUE,"**Definition:** Refers to integration or technical issues (API/SDK/webhook/connectivity), including HTTP 4xx/5xx errors, keys, tokens, and environment issues.
 

 **Includes:**
 * API Integration: HTTP/API errors (400/401/403/404/409/422/429/5xx), request validation, timeouts/idempotency, connectivity failures.
 * API Credentials: API key creation/rotation/scopes/permissions.
 * Webhooks: delivery failures, signature verification issues.
 * Tokens: token migration, network tokens/tokenisation configuration.
 * Environment: sandbox-specific issues.
 * E-Commerce Plugins / SDKs: Shopify/WooCommerce/Magento/SDK-specific integration problems.
 

 **Key Distinctions:**
 * HTTP Codes: HTTP status codes (400/401/403/404/409/422/429/500/502/503) or explicit API/endpoint/SDK failures belong here (e.g., ""API returned 500"", ""/payments endpoint failing"").
 * Integration Symptoms: If the symptom is plugin/checkout UI/integration behavior (redirects, saved cards, payment method disappeared from site), select this.
 * Network Tokens: Network Tokenization / Network Tokens / token migration / enabling NT questions belong here.
 * Unexplained Charges: If customer is charged an amount not reflected in Checkout.com records (wallet surcharge, 3DS fee, issuer fee), select this (integration layer investigation).","Refers to integration or technical related issues, such as API HTTP errors which contain 400 or 500 codes, API keys, webhooks or token issues.",API Credentials,Queries about Keys for integration,Queries regarding the management of authentication keys (Secret/Public OAuth) and their access permissions.,Key Scopes,If the merchant is asking about what scopes they need for their API key then select this,"Select this if the merchant is inquiring about which permissions are required or if they are explicitly requesting that specific scopes, such as /metadata/card, be granted to their API keys."
TECHNICAL ISSUE,"**Definition:** Refers to integration or technical issues (API/SDK/webhook/connectivity), including HTTP 4xx/5xx errors, keys, tokens, and environment issues.
 

 **Includes:**
 * API Integration: HTTP/API errors (400/401/403/404/409/422/429/5xx), request validation, timeouts/idempotency, connectivity failures.
 * API Credentials: API key creation/rotation/scopes/permissions.
 * Webhooks: delivery failures, signature verification issues.
 * Tokens: token migration, network tokens/tokenisation configuration.
 * Environment: sandbox-specific issues.
 * E-Commerce Plugins / SDKs: Shopify/WooCommerce/Magento/SDK-specific integration problems.
 

 **Key Distinctions:**
 * HTTP Codes: HTTP status codes (400/401/403/404/409/422/429/500/502/503) or explicit API/endpoint/SDK failures belong here (e.g., ""API returned 500"", ""/payments endpoint failing"").
 * Integration Symptoms: If the symptom is plugin/checkout UI/integration behavior (redirects, saved cards, payment method disappeared from site), select this.
 * Network Tokens: Network Tokenization / Network Tokens / token migration / enabling NT questions belong here.
 * Unexplained Charges: If customer is charged an amount not reflected in Checkout.com records (wallet surcharge, 3DS fee, issuer fee), select this (integration layer investigation).","Refers to integration or technical related issues, such as API HTTP errors which contain 400 or 500 codes, API keys, webhooks or token issues.",API Integration,Queries about integration of API,"Queries regarding raw API responses, HTTP status codes, and network connectivity. (Use this as the ""catch-all"" for API errors that are not specific to a Plugin, Flow, Frames, SDK or Payment Links).",API Error 4XX / Logic Error,If the merchant is having errors with any HTTP 400 codes then select this,"IF the merchant encounters HTTP 400-level errors (e.g., 404 Not Found, 422 Validation Error) indicating the issue lies with the request, OR reports functional integration bugs. Specific scenarios include redirect parameter mismatches, invalid data formats, missing response payloads, or logic errors where the system rejects the input."
TECHNICAL ISSUE,"**Definition:** Refers to integration or technical issues (API/SDK/webhook/connectivity), including HTTP 4xx/5xx errors, keys, tokens, and environment issues.
 

 **Includes:**
 * API Integration: HTTP/API errors (400/401/403/404/409/422/429/5xx), request validation, timeouts/idempotency, connectivity failures.
 * API Credentials: API key creation/rotation/scopes/permissions.
 * Webhooks: delivery failures, signature verification issues.
 * Tokens: token migration, network tokens/tokenisation configuration.
 * Environment: sandbox-specific issues.
 * E-Commerce Plugins / SDKs: Shopify/WooCommerce/Magento/SDK-specific integration problems.
 

 **Key Distinctions:**
 * HTTP Codes: HTTP status codes (400/401/403/404/409/422/429/500/502/503) or explicit API/endpoint/SDK failures belong here (e.g., ""API returned 500"", ""/payments endpoint failing"").
 * Integration Symptoms: If the symptom is plugin/checkout UI/integration behavior (redirects, saved cards, payment method disappeared from site), select this.
 * Network Tokens: Network Tokenization / Network Tokens / token migration / enabling NT questions belong here.
 * Unexplained Charges: If customer is charged an amount not reflected in Checkout.com records (wallet surcharge, 3DS fee, issuer fee), select this (integration layer investigation).","Refers to integration or technical related issues, such as API HTTP errors which contain 400 or 500 codes, API keys, webhooks or token issues.",API Integration,Queries about integration of API,"Queries regarding raw API responses, HTTP status codes, and network connectivity. (Use this as the ""catch-all"" for API errors that are not specific to a Plugin, Flow, Frames, SDK or Payment Links).",API Error 5XX,If the merchant is getting 500 HTTP errors then select this,"Choose this category when the merchant reports HTTP 500-level errors, indicating that the request was valid but the server failed to fulfill it due to technical faults like Service Unavailable (503). This definition applies to broader infrastructure problems, including issues with the overall API status, synchronization failures caused by server crashes, or internal system errors that prevent the completion of the request. It is the correct selection for outages or downtimes where the provider's system is unresponsive."
TECHNICAL ISSUE,"**Definition:** Refers to integration or technical issues (API/SDK/webhook/connectivity), including HTTP 4xx/5xx errors, keys, tokens, and environment issues.
 

 **Includes:**
 * API Integration: HTTP/API errors (400/401/403/404/409/422/429/5xx), request validation, timeouts/idempotency, connectivity failures.
 * API Credentials: API key creation/rotation/scopes/permissions.
 * Webhooks: delivery failures, signature verification issues.
 * Tokens: token migration, network tokens/tokenisation configuration.
 * Environment: sandbox-specific issues.
 * E-Commerce Plugins / SDKs: Shopify/WooCommerce/Magento/SDK-specific integration problems.
 

 **Key Distinctions:**
 * HTTP Codes: HTTP status codes (400/401/403/404/409/422/429/500/502/503) or explicit API/endpoint/SDK failures belong here (e.g., ""API returned 500"", ""/payments endpoint failing"").
 * Integration Symptoms: If the symptom is plugin/checkout UI/integration behavior (redirects, saved cards, payment method disappeared from site), select this.
 * Network Tokens: Network Tokenization / Network Tokens / token migration / enabling NT questions belong here.
 * Unexplained Charges: If customer is charged an amount not reflected in Checkout.com records (wallet surcharge, 3DS fee, issuer fee), select this (integration layer investigation).","Refers to integration or technical related issues, such as API HTTP errors which contain 400 or 500 codes, API keys, webhooks or token issues.",API Integration,Queries about integration of API,"Queries regarding raw API responses, HTTP status codes, and network connectivity. (Use this as the ""catch-all"" for API errors that are not specific to a Plugin, Flow, Frames, SDK or Payment Links).",Idempotency / Timeout,If the merchant is getting timeout or idempotency issues on API requests then select this,If the merchant is getting timeout or idempotency issues on API requests then select this
TECHNICAL ISSUE,"**Definition:** Refers to integration or technical issues (API/SDK/webhook/connectivity), including HTTP 4xx/5xx errors, keys, tokens, and environment issues.
 

 **Includes:**
 * API Integration: HTTP/API errors (400/401/403/404/409/422/429/5xx), request validation, timeouts/idempotency, connectivity failures.
 * API Credentials: API key creation/rotation/scopes/permissions.
 * Webhooks: delivery failures, signature verification issues.
 * Tokens: token migration, network tokens/tokenisation configuration.
 * Environment: sandbox-specific issues.
 * E-Commerce Plugins / SDKs: Shopify/WooCommerce/Magento/SDK-specific integration problems.
 

 **Key Distinctions:**
 * HTTP Codes: HTTP status codes (400/401/403/404/409/422/429/500/502/503) or explicit API/endpoint/SDK failures belong here (e.g., ""API returned 500"", ""/payments endpoint failing"").
 * Integration Symptoms: If the symptom is plugin/checkout UI/integration behavior (redirects, saved cards, payment method disappeared from site), select this.
 * Network Tokens: Network Tokenization / Network Tokens / token migration / enabling NT questions belong here.
 * Unexplained Charges: If customer is charged an amount not reflected in Checkout.com records (wallet surcharge, 3DS fee, issuer fee), select this (integration layer investigation).","Refers to integration or technical related issues, such as API HTTP errors which contain 400 or 500 codes, API keys, webhooks or token issues.",Tokens,Queries about tokens (including token migration and network tokens),Queries about tokens (including token migration and network tokens),Network tokens,If the merchant is asking about Network Tokens then select this,"IF the issue involves Network Tokens, including inquiries about token migration, provisioning status, or specific technical errors related to tokenization logic (e.g., PEM values or cryptograms)."
TECHNICAL ISSUE,"**Definition:** Refers to integration or technical issues (API/SDK/webhook/connectivity), including HTTP 4xx/5xx errors, keys, tokens, and environment issues.
 

 **Includes:**
 * API Integration: HTTP/API errors (400/401/403/404/409/422/429/5xx), request validation, timeouts/idempotency, connectivity failures.
 * API Credentials: API key creation/rotation/scopes/permissions.
 * Webhooks: delivery failures, signature verification issues.
 * Tokens: token migration, network tokens/tokenisation configuration.
 * Environment: sandbox-specific issues.
 * E-Commerce Plugins / SDKs: Shopify/WooCommerce/Magento/SDK-specific integration problems.
 

 **Key Distinctions:**
 * HTTP Codes: HTTP status codes (400/401/403/404/409/422/429/500/502/503) or explicit API/endpoint/SDK failures belong here (e.g., ""API returned 500"", ""/payments endpoint failing"").
 * Integration Symptoms: If the symptom is plugin/checkout UI/integration behavior (redirects, saved cards, payment method disappeared from site), select this.
 * Network Tokens: Network Tokenization / Network Tokens / token migration / enabling NT questions belong here.
 * Unexplained Charges: If customer is charged an amount not reflected in Checkout.com records (wallet surcharge, 3DS fee, issuer fee), select this (integration layer investigation).","Refers to integration or technical related issues, such as API HTTP errors which contain 400 or 500 codes, API keys, webhooks or token issues.",Tokens,Queries about tokens (including token migration and network tokens),Queries about tokens (including token migration and network tokens),Token migration,If the merchant is asking about import or export of their Tokens then select this,If the merchant is asking about import or export of their Tokens then select this
TECHNICAL ISSUE,"**Definition:** Refers to integration or technical issues (API/SDK/webhook/connectivity), including HTTP 4xx/5xx errors, keys, tokens, and environment issues.
 

 **Includes:**
 * API Integration: HTTP/API errors (400/401/403/404/409/422/429/5xx), request validation, timeouts/idempotency, connectivity failures.
 * API Credentials: API key creation/rotation/scopes/permissions.
 * Webhooks: delivery failures, signature verification issues.
 * Tokens: token migration, network tokens/tokenisation configuration.
 * Environment: sandbox-specific issues.
 * E-Commerce Plugins / SDKs: Shopify/WooCommerce/Magento/SDK-specific integration problems.
 

 **Key Distinctions:**
 * HTTP Codes: HTTP status codes (400/401/403/404/409/422/429/500/502/503) or explicit API/endpoint/SDK failures belong here (e.g., ""API returned 500"", ""/payments endpoint failing"").
 * Integration Symptoms: If the symptom is plugin/checkout UI/integration behavior (redirects, saved cards, payment method disappeared from site), select this.
 * Network Tokens: Network Tokenization / Network Tokens / token migration / enabling NT questions belong here.
 * Unexplained Charges: If customer is charged an amount not reflected in Checkout.com records (wallet surcharge, 3DS fee, issuer fee), select this (integration layer investigation).","Refers to integration or technical related issues, such as API HTTP errors which contain 400 or 500 codes, API keys, webhooks or token issues.",Integration methods,Queries about integration of payments on their website and errors,"IF the merchant is inquiring about the specific interface, library, or platform used to process payments, including hosted pages, plugins, SDKs, payment links, or digital wallets, THEN select this.",Flow/Frames,If the merchant is asking about Flow or Frames or migration to Flow,If the merchant is asking about Flow or Frames or migration to Flow
TECHNICAL ISSUE,"**Definition:** Refers to integration or technical issues (API/SDK/webhook/connectivity), including HTTP 4xx/5xx errors, keys, tokens, and environment issues.
 

 **Includes:**
 * API Integration: HTTP/API errors (400/401/403/404/409/422/429/5xx), request validation, timeouts/idempotency, connectivity failures.
 * API Credentials: API key creation/rotation/scopes/permissions.
 * Webhooks: delivery failures, signature verification issues.
 * Tokens: token migration, network tokens/tokenisation configuration.
 * Environment: sandbox-specific issues.
 * E-Commerce Plugins / SDKs: Shopify/WooCommerce/Magento/SDK-specific integration problems.
 

 **Key Distinctions:**
 * HTTP Codes: HTTP status codes (400/401/403/404/409/422/429/500/502/503) or explicit API/endpoint/SDK failures belong here (e.g., ""API returned 500"", ""/payments endpoint failing"").
 * Integration Symptoms: If the symptom is plugin/checkout UI/integration behavior (redirects, saved cards, payment method disappeared from site), select this.
 * Network Tokens: Network Tokenization / Network Tokens / token migration / enabling NT questions belong here.
 * Unexplained Charges: If customer is charged an amount not reflected in Checkout.com records (wallet surcharge, 3DS fee, issuer fee), select this (integration layer investigation).","Refers to integration or technical related issues, such as API HTTP errors which contain 400 or 500 codes, API keys, webhooks or token issues.",Integration methods,Queries about integration of payments on their website and errors,"IF the merchant is inquiring about the specific interface, library, or platform used to process payments, including hosted pages, plugins, SDKs, payment links, or digital wallets, THEN select this.",Payment Links/Hosted Payment Pages,If a merchant is asking about Payment Links issues then select this,If a merchant is asking about Payment Links or Hosted Payment Page issues then select this
TECHNICAL ISSUE,"**Definition:** Refers to integration or technical issues (API/SDK/webhook/connectivity), including HTTP 4xx/5xx errors, keys, tokens, and environment issues.
 

 **Includes:**
 * API Integration: HTTP/API errors (400/401/403/404/409/422/429/5xx), request validation, timeouts/idempotency, connectivity failures.
 * API Credentials: API key creation/rotation/scopes/permissions.
 * Webhooks: delivery failures, signature verification issues.
 * Tokens: token migration, network tokens/tokenisation configuration.
 * Environment: sandbox-specific issues.
 * E-Commerce Plugins / SDKs: Shopify/WooCommerce/Magento/SDK-specific integration problems.
 

 **Key Distinctions:**
 * HTTP Codes: HTTP status codes (400/401/403/404/409/422/429/500/502/503) or explicit API/endpoint/SDK failures belong here (e.g., ""API returned 500"", ""/payments endpoint failing"").
 * Integration Symptoms: If the symptom is plugin/checkout UI/integration behavior (redirects, saved cards, payment method disappeared from site), select this.
 * Network Tokens: Network Tokenization / Network Tokens / token migration / enabling NT questions belong here.
 * Unexplained Charges: If customer is charged an amount not reflected in Checkout.com records (wallet surcharge, 3DS fee, issuer fee), select this (integration layer investigation).","Refers to integration or technical related issues, such as API HTTP errors which contain 400 or 500 codes, API keys, webhooks or token issues.",Integration methods,Queries about integration of payments on their website and errors,"IF the merchant is inquiring about the specific interface, library, or platform used to process payments, including hosted pages, plugins, SDKs, payment links, or digital wallets, THEN select this.",SDK issue,If a merchant is asking about an SDK issue then select this,If a merchant is asking about an SDK issue then select this
TECHNICAL ISSUE,"**Definition:** Refers to integration or technical issues (API/SDK/webhook/connectivity), including HTTP 4xx/5xx errors, keys, tokens, and environment issues.
 

 **Includes:**
 * API Integration: HTTP/API errors (400/401/403/404/409/422/429/5xx), request validation, timeouts/idempotency, connectivity failures.
 * API Credentials: API key creation/rotation/scopes/permissions.
 * Webhooks: delivery failures, signature verification issues.
 * Tokens: token migration, network tokens/tokenisation configuration.
 * Environment: sandbox-specific issues.
 * E-Commerce Plugins / SDKs: Shopify/WooCommerce/Magento/SDK-specific integration problems.
 

 **Key Distinctions:**
 * HTTP Codes: HTTP status codes (400/401/403/404/409/422/429/500/502/503) or explicit API/endpoint/SDK failures belong here (e.g., ""API returned 500"", ""/payments endpoint failing"").
 * Integration Symptoms: If the symptom is plugin/checkout UI/integration behavior (redirects, saved cards, payment method disappeared from site), select this.
 * Network Tokens: Network Tokenization / Network Tokens / token migration / enabling NT questions belong here.
 * Unexplained Charges: If customer is charged an amount not reflected in Checkout.com records (wallet surcharge, 3DS fee, issuer fee), select this (integration layer investigation).","Refers to integration or technical related issues, such as API HTTP errors which contain 400 or 500 codes, API keys, webhooks or token issues.",Integration methods,Queries about integration of payments on their website and errors,"IF the merchant is inquiring about the specific interface, library, or platform used to process payments, including hosted pages, plugins, SDKs, payment links, or digital wallets, THEN select this.",E-Commerce Plugin,"If a merchant is asking about an Plugin issue like Shopify, Woocommerce and others then select this","If a merchant is asking about an Plugin issue like Shopify, Woocommerce and others then select this"
TECHNICAL ISSUE,"**Definition:** Refers to integration or technical issues (API/SDK/webhook/connectivity), including HTTP 4xx/5xx errors, keys, tokens, and environment issues.
 

 **Includes:**
 * API Integration: HTTP/API errors (400/401/403/404/409/422/429/5xx), request validation, timeouts/idempotency, connectivity failures.
 * API Credentials: API key creation/rotation/scopes/permissions.
 * Webhooks: delivery failures, signature verification issues.
 * Tokens: token migration, network tokens/tokenisation configuration.
 * Environment: sandbox-specific issues.
 * E-Commerce Plugins / SDKs: Shopify/WooCommerce/Magento/SDK-specific integration problems.
 

 **Key Distinctions:**
 * HTTP Codes: HTTP status codes (400/401/403/404/409/422/429/500/502/503) or explicit API/endpoint/SDK failures belong here (e.g., ""API returned 500"", ""/payments endpoint failing"").
 * Integration Symptoms: If the symptom is plugin/checkout UI/integration behavior (redirects, saved cards, payment method disappeared from site), select this.
 * Network Tokens: Network Tokenization / Network Tokens / token migration / enabling NT questions belong here.
 * Unexplained Charges: If customer is charged an amount not reflected in Checkout.com records (wallet surcharge, 3DS fee, issuer fee), select this (integration layer investigation).","Refers to integration or technical related issues, such as API HTTP errors which contain 400 or 500 codes, API keys, webhooks or token issues.",Integration methods,Queries about integration of payments on their website and errors,"IF the merchant is inquiring about the specific interface, library, or platform used to process payments, including hosted pages, plugins, SDKs, payment links, or digital wallets, THEN select this.",Apple Pay/Google pay,If a merchant is asking about an Apple Pay or Google pay integration error or setup then select this,"IF the merchant is asking about Apple Pay or Google Pay setup, integration, certificates, domain verification, or method-specific errors THEN select this."
TECHNICAL ISSUE,"**Definition:** Refers to integration or technical issues (API/SDK/webhook/connectivity), including HTTP 4xx/5xx errors, keys, tokens, and environment issues.
 

 **Includes:**
 * API Integration: HTTP/API errors (400/401/403/404/409/422/429/5xx), request validation, timeouts/idempotency, connectivity failures.
 * API Credentials: API key creation/rotation/scopes/permissions.
 * Webhooks: delivery failures, signature verification issues.
 * Tokens: token migration, network tokens/tokenisation configuration.
 * Environment: sandbox-specific issues.
 * E-Commerce Plugins / SDKs: Shopify/WooCommerce/Magento/SDK-specific integration problems.
 

 **Key Distinctions:**
 * HTTP Codes: HTTP status codes (400/401/403/404/409/422/429/500/502/503) or explicit API/endpoint/SDK failures belong here (e.g., ""API returned 500"", ""/payments endpoint failing"").
 * Integration Symptoms: If the symptom is plugin/checkout UI/integration behavior (redirects, saved cards, payment method disappeared from site), select this.
 * Network Tokens: Network Tokenization / Network Tokens / token migration / enabling NT questions belong here.
 * Unexplained Charges: If customer is charged an amount not reflected in Checkout.com records (wallet surcharge, 3DS fee, issuer fee), select this (integration layer investigation).","Refers to integration or technical related issues, such as API HTTP errors which contain 400 or 500 codes, API keys, webhooks or token issues.",Webhooks,Queries about webhooks,Queries about webhooks,Webhook setup,If a merchant asks how to configure webhooks then select this,"Select this category when a merchant is unable to successfully configure or connect their webhooks, including errors within third-party plugins like Shopify or requests for initial registration in environments like Sandbox. This definition covers all configuration-stage inquiries, such as Endpoint Registration Failures, where the listener URL cannot be saved, or when the merchant needs assistance enabling the service before any live transactions occur."
TECHNICAL ISSUE,"**Definition:** Refers to integration or technical issues (API/SDK/webhook/connectivity), including HTTP 4xx/5xx errors, keys, tokens, and environment issues.
 

 **Includes:**
 * API Integration: HTTP/API errors (400/401/403/404/409/422/429/5xx), request validation, timeouts/idempotency, connectivity failures.
 * API Credentials: API key creation/rotation/scopes/permissions.
 * Webhooks: delivery failures, signature verification issues.
 * Tokens: token migration, network tokens/tokenisation configuration.
 * Environment: sandbox-specific issues.
 * E-Commerce Plugins / SDKs: Shopify/WooCommerce/Magento/SDK-specific integration problems.
 

 **Key Distinctions:**
 * HTTP Codes: HTTP status codes (400/401/403/404/409/422/429/500/502/503) or explicit API/endpoint/SDK failures belong here (e.g., ""API returned 500"", ""/payments endpoint failing"").
 * Integration Symptoms: If the symptom is plugin/checkout UI/integration behavior (redirects, saved cards, payment method disappeared from site), select this.
 * Network Tokens: Network Tokenization / Network Tokens / token migration / enabling NT questions belong here.
 * Unexplained Charges: If customer is charged an amount not reflected in Checkout.com records (wallet surcharge, 3DS fee, issuer fee), select this (integration layer investigation).","Refers to integration or technical related issues, such as API HTTP errors which contain 400 or 500 codes, API keys, webhooks or token issues.",Webhooks,Queries about webhooks,Queries about webhooks,Signature Verification OR Delivery Failure,If the merchant is asking about how to verify their webhook signature then select this,"Select this category if the merchant reports webhook delivery issues, including: Delivery Latency, missed notifications/callbacks for specific events (like entity creation), synchronization failures where a Status Mismatch occurs because the webhook never arrived to update their system, dispatch timing investigations, or timeouts where the merchant questions if the webhook failed to sync a successful capture to their dashboard. Also select this for signature verification issues, including: questions about security headers, source IP verification, how to cryptographically verify the webhook signature, the secret key, the hashing algorithm used, or why their local verification logic is failing to authenticate the incoming request."
TECHNICAL ISSUE,"**Definition:** Refers to integration or technical issues (API/SDK/webhook/connectivity), including HTTP 4xx/5xx errors, keys, tokens, and environment issues.
 

 **Includes:**
 * API Integration: HTTP/API errors (400/401/403/404/409/422/429/5xx), request validation, timeouts/idempotency, connectivity failures.
 * API Credentials: API key creation/rotation/scopes/permissions.
 * Webhooks: delivery failures, signature verification issues.
 * Tokens: token migration, network tokens/tokenisation configuration.
 * Environment: sandbox-specific issues.
 * E-Commerce Plugins / SDKs: Shopify/WooCommerce/Magento/SDK-specific integration problems.
 

 **Key Distinctions:**
 * HTTP Codes: HTTP status codes (400/401/403/404/409/422/429/500/502/503) or explicit API/endpoint/SDK failures belong here (e.g., ""API returned 500"", ""/payments endpoint failing"").
 * Integration Symptoms: If the symptom is plugin/checkout UI/integration behavior (redirects, saved cards, payment method disappeared from site), select this.
 * Network Tokens: Network Tokenization / Network Tokens / token migration / enabling NT questions belong here.
 * Unexplained Charges: If customer is charged an amount not reflected in Checkout.com records (wallet surcharge, 3DS fee, issuer fee), select this (integration layer investigation).","Refers to integration or technical related issues, such as API HTTP errors which contain 400 or 500 codes, API keys, webhooks or token issues.",Webhooks,Queries about webhooks,Queries about webhooks,Missing Webhook data,If the merchant is asking about missing data for webhooks then select this,"Select this category if the merchant reports inconsistent metadata, such as a missing orderId, or specifically points out that the Payload Data Format does not match their expectations. This definition applies when the webhook was successfully delivered, but the content inside was incomplete or incorrect, necessitating an investigation into why specific fields were excluded from the payload."
TECHNICAL ISSUE,"**Definition:** Refers to integration or technical issues (API/SDK/webhook/connectivity), including HTTP 4xx/5xx errors, keys, tokens, and environment issues.
 

 **Includes:**
 * API Integration: HTTP/API errors (400/401/403/404/409/422/429/5xx), request validation, timeouts/idempotency, connectivity failures.
 * API Credentials: API key creation/rotation/scopes/permissions.
 * Webhooks: delivery failures, signature verification issues.
 * Tokens: token migration, network tokens/tokenisation configuration.
 * Environment: sandbox-specific issues.
 * E-Commerce Plugins / SDKs: Shopify/WooCommerce/Magento/SDK-specific integration problems.
 

 **Key Distinctions:**
 * HTTP Codes: HTTP status codes (400/401/403/404/409/422/429/500/502/503) or explicit API/endpoint/SDK failures belong here (e.g., ""API returned 500"", ""/payments endpoint failing"").
 * Integration Symptoms: If the symptom is plugin/checkout UI/integration behavior (redirects, saved cards, payment method disappeared from site), select this.
 * Network Tokens: Network Tokenization / Network Tokens / token migration / enabling NT questions belong here.
 * Unexplained Charges: If customer is charged an amount not reflected in Checkout.com records (wallet surcharge, 3DS fee, issuer fee), select this (integration layer investigation).","Refers to integration or technical related issues, such as API HTTP errors which contain 400 or 500 codes, API keys, webhooks or token issues.",Environment,Queries about sandbox,"IF the issue involves transaction failures, configuration problems, or testing specifically within the Sandbox/Test environments, THEN select this.",Sandbox Issue,IF the issue is about the non-production/testing environment THEN select this.,IF the issue is about the non-production/testing environment THEN select this.
DATA AND ANALYTICS,"**Definition:** Refers to issues about reports either from the Dashboard or via SFTP. Includes issues about how to get a report and issues with the report data.
 

 **Includes:**
 * Reporting: report not generated/missing, data mismatch/missing columns/rows, scheduled reports, custom report requests, SFTP configuration/delivery.
 

 **Key Distinctions:**
 * Report Data vs Access: If the report is missing/incorrect/not generated/data mismatch/time range/filter/SFTP delivery, select this.
 * Network Tokens Reporting: If the question is about which report/API field shows NT status or NT flag mismatch between systems (e.g., ""our system shows NT=false but CKO shows NT=true""), select this.
 * Data Quality: If reconciliation issues are caused by data format/export problems (Excel truncation, unreadable ARNs, missing columns, encoding issues), select this.","Refers to issues about reports either from the Dashboard or via SFTP. Includes issues about how to get a report, issues with the report data.",Reporting,Queries about Reports and data within,Queries about Reports and data within,Report Not Generated/Missing,IF a scheduled or manual report has failed to appear in the dashboard THEN select this.,"IF the merchant is unable to successfully generate, download, or access a specific report for any reason. Select this for issues regarding file availability, download failures, missing formats, or requests for manual extraction due to dashboard access limitations."
DATA AND ANALYTICS,"**Definition:** Refers to issues about reports either from the Dashboard or via SFTP. Includes issues about how to get a report and issues with the report data.
 

 **Includes:**
 * Reporting: report not generated/missing, data mismatch/missing columns/rows, scheduled reports, custom report requests, SFTP configuration/delivery.
 

 **Key Distinctions:**
 * Report Data vs Access: If the report is missing/incorrect/not generated/data mismatch/time range/filter/SFTP delivery, select this.
 * Network Tokens Reporting: If the question is about which report/API field shows NT status or NT flag mismatch between systems (e.g., ""our system shows NT=false but CKO shows NT=true""), select this.
 * Data Quality: If reconciliation issues are caused by data format/export problems (Excel truncation, unreadable ARNs, missing columns, encoding issues), select this.","Refers to issues about reports either from the Dashboard or via SFTP. Includes issues about how to get a report, issues with the report data.",Reporting,Queries about Reports and data within,Queries about Reports and data within,Data Mismatch/Missing,IF there is a discrepancy or data gap in reports THEN select this.,IF there is a discrepancy or data gap in reports THEN select this.
DATA AND ANALYTICS,"**Definition:** Refers to issues about reports either from the Dashboard or via SFTP. Includes issues about how to get a report and issues with the report data.
 

 **Includes:**
 * Reporting: report not generated/missing, data mismatch/missing columns/rows, scheduled reports, custom report requests, SFTP configuration/delivery.
 

 **Key Distinctions:**
 * Report Data vs Access: If the report is missing/incorrect/not generated/data mismatch/time range/filter/SFTP delivery, select this.
 * Network Tokens Reporting: If the question is about which report/API field shows NT status or NT flag mismatch between systems (e.g., ""our system shows NT=false but CKO shows NT=true""), select this.
 * Data Quality: If reconciliation issues are caused by data format/export problems (Excel truncation, unreadable ARNs, missing columns, encoding issues), select this.","Refers to issues about reports either from the Dashboard or via SFTP. Includes issues about how to get a report, issues with the report data.",Reporting,Queries about Reports and data within,Queries about Reports and data within,Custom Report Request,IF the merchant requires a specific data set or column configuration not available by default THEN select this.,IF the merchant requires a specific data set or column configuration not available by default THEN select this.
DATA AND ANALYTICS,"**Definition:** Refers to issues about reports either from the Dashboard or via SFTP. Includes issues about how to get a report and issues with the report data.
 

 **Includes:**
 * Reporting: report not generated/missing, data mismatch/missing columns/rows, scheduled reports, custom report requests, SFTP configuration/delivery.
 

 **Key Distinctions:**
 * Report Data vs Access: If the report is missing/incorrect/not generated/data mismatch/time range/filter/SFTP delivery, select this.
 * Network Tokens Reporting: If the question is about which report/API field shows NT status or NT flag mismatch between systems (e.g., ""our system shows NT=false but CKO shows NT=true""), select this.
 * Data Quality: If reconciliation issues are caused by data format/export problems (Excel truncation, unreadable ARNs, missing columns, encoding issues), select this.","Refers to issues about reports either from the Dashboard or via SFTP. Includes issues about how to get a report, issues with the report data.",Reporting,Queries about Reports and data within,Queries about Reports and data within,SFTP Configuration,If a merchant is asking about reporting using SFTP then select this,If a merchant is asking about reporting using SFTP then select this
PLATFORMS,"**Definition:** Covers Independent Software Vendors (ISVs) utilizing Checkout.com’s Integrated Platforms product to embed payments.
 

 **Includes:**
 * Sub-Merchant Onboarding: document upload errors, KYC verification, account activation where Checkout.com manages the risk.
 * Transfers & Splits: failed distributions, incorrect fund allocations between the platform and its sub-merchants.
 

 **Key Distinctions:**
 * The ""Platform Trap"": Use this ONLY when explicitly dealing with marketplace/ISV AND sub-merchants, splits/transfers, or sub-merchant onboarding.",Refers to onboarding merchants or sub merchants to a platform. Includes the verification of these merchants and errors or documentation issues found. ,Sub-Merchant onboarding,Queries about onboarding merchants,Queries about onboarding merchants,Merchant activation and verification,"IF issues relate to the KYC, verification, or creation of a sub-merchant THEN select this.","IF issues relate to the KYC, verification, or creation of a sub-merchant THEN select this."
PLATFORMS,"**Definition:** Covers Independent Software Vendors (ISVs) utilizing Checkout.com’s Integrated Platforms product to embed payments.
 

 **Includes:**
 * Sub-Merchant Onboarding: document upload errors, KYC verification, account activation where Checkout.com manages the risk.
 * Transfers & Splits: failed distributions, incorrect fund allocations between the platform and its sub-merchants.
 

 **Key Distinctions:**
 * The ""Platform Trap"": Use this ONLY when explicitly dealing with marketplace/ISV AND sub-merchants, splits/transfers, or sub-merchant onboarding.",Refers to onboarding merchants or sub merchants to a platform. Includes the verification of these merchants and errors or documentation issues found. ,Sub-Merchant onboarding,Queries about onboarding merchants,Queries about onboarding merchants,Doc Upload Error,IF issues relate to the sub merchant document upload then select this,IF issues relate to the sub merchant document upload then select this
PLATFORMS,"**Definition:** Covers Independent Software Vendors (ISVs) utilizing Checkout.com’s Integrated Platforms product to embed payments.
 

 **Includes:**
 * Sub-Merchant Onboarding: document upload errors, KYC verification, account activation where Checkout.com manages the risk.
 * Transfers & Splits: failed distributions, incorrect fund allocations between the platform and its sub-merchants.
 

 **Key Distinctions:**
 * The ""Platform Trap"": Use this ONLY when explicitly dealing with marketplace/ISV AND sub-merchants, splits/transfers, or sub-merchant onboarding.",Refers to onboarding merchants or sub merchants to a platform. Includes the verification of these merchants and errors or documentation issues found. ,Transfers & Splits,Queries about Transfers to merchants,Queries about Transfers to merchants,Transfer or split Failed,IF funds were not distributed correctly between the platform and sub-merchant THEN select this.,IF funds were not distributed correctly between the platform and sub-merchant THEN select this.
ISSUING,"**Definition:** Refers to issuing-related issues. Includes physical or virtual card issues and controls on these cards.
 

 **Includes:**
 * Card Management: create/activate cards, revoke/suspend, spend controls.
 * Logistics: physical card delivery.",Refers to Issuing related issues. Includes physical or virtual card issues and controls on these cards,Card Management,Queries about managing cards,Queries about managing cards,Create / Activate Card,IF merchant is having trouble setting up or enabling a new card THEN select this.,IF merchant is having trouble setting up or enabling a new card THEN select this.
ISSUING,"**Definition:** Refers to issuing-related issues. Includes physical or virtual card issues and controls on these cards.
 

 **Includes:**
 * Card Management: create/activate cards, revoke/suspend, spend controls.
 * Logistics: physical card delivery.",Refers to Issuing related issues. Includes physical or virtual card issues and controls on these cards,Card Management,Queries about managing cards,Queries about managing cards,Revoke / Suspend,IF merchant needs to cancel or temporarily freeze an active card THEN select this.,IF merchant needs to cancel or temporarily freeze an active card THEN select this.
ISSUING,"**Definition:** Refers to issuing-related issues. Includes physical or virtual card issues and controls on these cards.
 

 **Includes:**
 * Card Management: create/activate cards, revoke/suspend, spend controls.
 * Logistics: physical card delivery.",Refers to Issuing related issues. Includes physical or virtual card issues and controls on these cards,Card Management,Queries about managing cards,Queries about managing cards,Spend Controls,IF query is about adjusting limits or blocking specific categories (MCC) THEN select this.,IF query is about adjusting limits or blocking specific categories (MCC) THEN select this.
ISSUING,"**Definition:** Refers to issuing-related issues. Includes physical or virtual card issues and controls on these cards.
 

 **Includes:**
 * Card Management: create/activate cards, revoke/suspend, spend controls.
 * Logistics: physical card delivery.",Refers to Issuing related issues. Includes physical or virtual card issues and controls on these cards,Logistics,Queries about card deliveries,Queries about card deliveries,Physical Card Delivery,IF merchant is checking status or reporting a card lost in the mail THEN select this.,IF merchant is checking status or reporting a card lost in the mail THEN select this.
ISSUING,"**Definition:** Refers to issuing-related issues. Includes physical or virtual card issues and controls on these cards.
 

 **Includes:**
 * Card Management: create/activate cards, revoke/suspend, spend controls.
 * Logistics: physical card delivery.",,Issuing Digital Wallets,,Queries about adding issued cards to Apple Pay or Google Pay,Apple Pay/Google Pay,,"IF a cardholder cannot add their issued card to Apple Pay or Google Pay, or the card is not working correctly in their digital wallet (e.g., provisioning failures, token errors) THEN select this.
"
ISSUING,"**Definition:** Refers to issuing-related issues. Includes physical or virtual card issues and controls on these cards.
 

 **Includes:**
 * Card Management: create/activate cards, revoke/suspend, spend controls.
 * Logistics: physical card delivery.",,Mobile App / SDK,,Queries about the Issuing mobile SDK,Issuing SDK Integration / Upgrade,,"IF the merchant is integrating, upgrading, or troubleshooting the Issuing mobile SDK THEN select this.
"
ISSUING,"**Definition:** Refers to issuing-related issues. Includes physical or virtual card issues and controls on these cards.
 

 **Includes:**
 * Card Management: create/activate cards, revoke/suspend, spend controls.
 * Logistics: physical card delivery.",,"Issuing Transactions, Money & Reports",,"Questions about card transactions, settlement, fees, or balance",Issuing Balance,,"IF the merchant has questions about card funding balance, available funds per currency, insufficient funds errors, or operational reserves THEN select this.
"
ISSUING,"**Definition:** Refers to issuing-related issues. Includes physical or virtual card issues and controls on these cards.
 

 **Includes:**
 * Card Management: create/activate cards, revoke/suspend, spend controls.
 * Logistics: physical card delivery.",,"Issuing Transactions, Money & Reports",,"Questions about card transactions, settlement, fees, or balance",Issuing Settlement & Reconciliation,,"IF the merchant has questions about issuing settlement timing, report mismatches, or reconciliation issues THEN select this.
"
ISSUING,"**Definition:** Refers to issuing-related issues. Includes physical or virtual card issues and controls on these cards.
 

 **Includes:**
 * Card Management: create/activate cards, revoke/suspend, spend controls.
 * Logistics: physical card delivery.",,"Issuing Transactions, Money & Reports",,"Questions about card transactions, settlement, fees, or balance",Issuing Fees,,"IF the merchant has questions about issuing fees (Interchange, scheme fees, CKO fees) THEN select this.
"
ISSUING,"**Definition:** Refers to issuing-related issues. Includes physical or virtual card issues and controls on these cards.
 

 **Includes:**
 * Card Management: create/activate cards, revoke/suspend, spend controls.
 * Logistics: physical card delivery.",,"Issuing Transactions, Money & Reports",,"Questions about card transactions, settlement, fees, or balance",Issuing Transaction Declined / Unexpected Behavior,,IF the merchant needs to understand why an issued card transaction was declined or behaved unexpectedly THEN select this.
ACCOUNT MANAGEMENT & ACCESS,"**Definition:** Refers to access to the Dashboard/Portal to use a feature, or making structural changes to the account. Includes login issues, missing permissions, audit logs, and account configuration (e.g., bank accounts). Select this if the merchant requests to add, enable, or configure specific Payment Methods (e.g., Amex, SEPA, APMs), currencies, schemes, processing channels, or to update billing/statement descriptors.
 

 **Includes:**
 * Login & Access: 2FA/login/MFA errors, user permissions, SSO configuration, activity evidence, adding/removing users, dashboard access/ownership.
 * Account Changes: pricing changes, account settings updates (bank account change, legal entity updates), terminations.
 

 **Key Distinctions:**
 * Enablement: If the merchant asks to enable/configure a payment method, currency, scheme, MID, processing channel, or to update billing/statement descriptors, select this.
 * Access Blockers: If the PRIMARY blocker is access/permissions (""can't access/view/download report/section"", missing permission), select this.","Refers to access to the Dashboard or Portal to use a feature or making changes to their account. Includes login issues or missing permissions, audit logs and account configuration changes to things like bank accounts.",Login & Access,Queries about Dashboard login failures or setup,Queries about Dashboard login failures or setup,Login Error / MFA / SSO,"IF merchant cannot enter the Dashboard (Password, MFA, SSO error) THEN select this.","IF merchant cannot enter the Dashboard due to password issues, MFA/2FA problems, SSO errors, or requires assistance setting up or troubleshooting SAML/Single Sign-On configuration THEN select this"
ACCOUNT MANAGEMENT & ACCESS,"**Definition:** Refers to access to the Dashboard/Portal to use a feature, or making structural changes to the account. Includes login issues, missing permissions, audit logs, and account configuration (e.g., bank accounts). Select this if the merchant requests to add, enable, or configure specific Payment Methods (e.g., Amex, SEPA, APMs), currencies, schemes, processing channels, or to update billing/statement descriptors.
 

 **Includes:**
 * Login & Access: 2FA/login/MFA errors, user permissions, SSO configuration, activity evidence, adding/removing users, dashboard access/ownership.
 * Account Changes: pricing changes, account settings updates (bank account change, legal entity updates), terminations.
 

 **Key Distinctions:**
 * Enablement: If the merchant asks to enable/configure a payment method, currency, scheme, MID, processing channel, or to update billing/statement descriptors, select this.
 * Access Blockers: If the PRIMARY blocker is access/permissions (""can't access/view/download report/section"", missing permission), select this.","Refers to access to the Dashboard or Portal to use a feature or making changes to their account. Includes login issues or missing permissions, audit logs and account configuration changes to things like bank accounts.",Login & Access,Queries about Dashboard login failures or setup,Queries about Dashboard login failures or setup,User Permissions,IF adding/removing merchants or changing what a specific merchant can see/do THEN select this.,IF adding/removing merchants or changing what a specific merchant can see/do THEN select this.
ACCOUNT MANAGEMENT & ACCESS,"**Definition:** Refers to access to the Dashboard/Portal to use a feature, or making structural changes to the account. Includes login issues, missing permissions, audit logs, and account configuration (e.g., bank accounts). Select this if the merchant requests to add, enable, or configure specific Payment Methods (e.g., Amex, SEPA, APMs), currencies, schemes, processing channels, or to update billing/statement descriptors.
 

 **Includes:**
 * Login & Access: 2FA/login/MFA errors, user permissions, SSO configuration, activity evidence, adding/removing users, dashboard access/ownership.
 * Account Changes: pricing changes, account settings updates (bank account change, legal entity updates), terminations.
 

 **Key Distinctions:**
 * Enablement: If the merchant asks to enable/configure a payment method, currency, scheme, MID, processing channel, or to update billing/statement descriptors, select this.
 * Access Blockers: If the PRIMARY blocker is access/permissions (""can't access/view/download report/section"", missing permission), select this.","Refers to access to the Dashboard or Portal to use a feature or making changes to their account. Includes login issues or missing permissions, audit logs and account configuration changes to things like bank accounts.",Login & Access,Queries about Dashboard login failures or setup,Queries about Dashboard login failures or setup,Dashboard user audit evidence,IF merchant wants an audit log of who performed which action in the portal THEN select this.,IF merchant wants an audit log of who performed which action in the portal THEN select this.
ACCOUNT MANAGEMENT & ACCESS,"**Definition:** Refers to access to the Dashboard/Portal to use a feature, or making structural changes to the account. Includes login issues, missing permissions, audit logs, and account configuration (e.g., bank accounts). Select this if the merchant requests to add, enable, or configure specific Payment Methods (e.g., Amex, SEPA, APMs), currencies, schemes, processing channels, or to update billing/statement descriptors.
 

 **Includes:**
 * Login & Access: 2FA/login/MFA errors, user permissions, SSO configuration, activity evidence, adding/removing users, dashboard access/ownership.
 * Account Changes: pricing changes, account settings updates (bank account change, legal entity updates), terminations.
 

 **Key Distinctions:**
 * Enablement: If the merchant asks to enable/configure a payment method, currency, scheme, MID, processing channel, or to update billing/statement descriptors, select this.
 * Access Blockers: If the PRIMARY blocker is access/permissions (""can't access/view/download report/section"", missing permission), select this.",,Login & Access,,Queries about Dashboard login failures or setup,Dashboard Error,,"F the merchant reports a Dashboard page or feature that fails to load, displays an error message or error code, or behaves unexpectedly after successful login such as pages showing ""Unable to load"", transaction details not opening, or specific Dashboard sections returning errors THEN select this. Do NOT select this for login/authentication failures (use Login Error / 2FA) or permission-related access issues (use User Permissions)."
ACCOUNT MANAGEMENT & ACCESS,"**Definition:** Refers to access to the Dashboard/Portal to use a feature, or making structural changes to the account. Includes login issues, missing permissions, audit logs, and account configuration (e.g., bank accounts). Select this if the merchant requests to add, enable, or configure specific Payment Methods (e.g., Amex, SEPA, APMs), currencies, schemes, processing channels, or to update billing/statement descriptors.
 

 **Includes:**
 * Login & Access: 2FA/login/MFA errors, user permissions, SSO configuration, activity evidence, adding/removing users, dashboard access/ownership.
 * Account Changes: pricing changes, account settings updates (bank account change, legal entity updates), terminations.
 

 **Key Distinctions:**
 * Enablement: If the merchant asks to enable/configure a payment method, currency, scheme, MID, processing channel, or to update billing/statement descriptors, select this.
 * Access Blockers: If the PRIMARY blocker is access/permissions (""can't access/view/download report/section"", missing permission), select this.","Refers to access to the Dashboard or Portal to use a feature or making changes to their account. Includes login issues or missing permissions, audit logs and account configuration changes to things like bank accounts.",Account changes,Queries about making overall Account changes,"Requests regarding overall Account changes such as the merchant entity's commercial terms, structural platform configuration, or lifecycle status. Also select this for configuration updates, including retrieving identifiers or correcting settings like Billing Descriptors and MCCs.",Pricing Change,IF merchant is requesting to update their contract or commission rates THEN select this.,IF merchant is requesting to update their contract or commission rates THEN select this.
ACCOUNT MANAGEMENT & ACCESS,"**Definition:** Refers to access to the Dashboard/Portal to use a feature, or making structural changes to the account. Includes login issues, missing permissions, audit logs, and account configuration (e.g., bank accounts). Select this if the merchant requests to add, enable, or configure specific Payment Methods (e.g., Amex, SEPA, APMs), currencies, schemes, processing channels, or to update billing/statement descriptors.
 

 **Includes:**
 * Login & Access: 2FA/login/MFA errors, user permissions, SSO configuration, activity evidence, adding/removing users, dashboard access/ownership.
 * Account Changes: pricing changes, account settings updates (bank account change, legal entity updates), terminations.
 

 **Key Distinctions:**
 * Enablement: If the merchant asks to enable/configure a payment method, currency, scheme, MID, processing channel, or to update billing/statement descriptors, select this.
 * Access Blockers: If the PRIMARY blocker is access/permissions (""can't access/view/download report/section"", missing permission), select this.","Refers to access to the Dashboard or Portal to use a feature or making changes to their account. Includes login issues or missing permissions, audit logs and account configuration changes to things like bank accounts.",Account changes,Queries about making overall Account changes,"Requests regarding overall Account changes such as the merchant entity's commercial terms, structural platform configuration, or lifecycle status. Also select this for configuration updates, including retrieving identifiers or correcting settings like Billing Descriptors and MCCs.",Account settings update,"IF changing or adding account settings such as but not limited to bank info, legal address, or contact details, payment methods, billing descriptor THEN select this.","IF the request involves configuring processing channels (e.g., new MIDs, environment setup), retrieving account identifiers (e.g., BINs, MCCs), changing account status (e.g., activation, restriction), or updating administrative profile details (bank info, legal address), THEN select this."
ACCOUNT MANAGEMENT & ACCESS,"**Definition:** Refers to access to the Dashboard/Portal to use a feature, or making structural changes to the account. Includes login issues, missing permissions, audit logs, and account configuration (e.g., bank accounts). Select this if the merchant requests to add, enable, or configure specific Payment Methods (e.g., Amex, SEPA, APMs), currencies, schemes, processing channels, or to update billing/statement descriptors.
 

 **Includes:**
 * Login & Access: 2FA/login/MFA errors, user permissions, SSO configuration, activity evidence, adding/removing users, dashboard access/ownership.
 * Account Changes: pricing changes, account settings updates (bank account change, legal entity updates), terminations.
 

 **Key Distinctions:**
 * Enablement: If the merchant asks to enable/configure a payment method, currency, scheme, MID, processing channel, or to update billing/statement descriptors, select this.
 * Access Blockers: If the PRIMARY blocker is access/permissions (""can't access/view/download report/section"", missing permission), select this.","Refers to access to the Dashboard or Portal to use a feature or making changes to their account. Includes login issues or missing permissions, audit logs and account configuration changes to things like bank accounts.",Account changes,Queries about making overall Account changes,"Requests regarding overall Account changes such as the merchant entity's commercial terms, structural platform configuration, or lifecycle status. Also select this for configuration updates, including retrieving identifiers or correcting settings like Billing Descriptors and MCCs.",Terminations,IF merchant explicitly asks to Terminate or close their account THEN select this.,IF merchant explicitly asks to Terminate or close their account THEN select this.
FEEDBACK,"**Definition:** Sentiment and product suggestions.
 

 **Includes:** Feature requests, feature usage questions, ""Thank you"" messages, resolved confirmations.",Refers to feedback provided on missing feature or product,Product Feedback,Queries about providing feedback about the features offered by Checkout and how to request or use them,Queries about providing feedback about the features offered by Checkout and how to request or use them,Feature request,IF merchant suggests a new functionality that does not currently exist THEN select this,IF merchant suggests a new functionality that does not currently exist THEN select this
FEEDBACK,"**Definition:** Sentiment and product suggestions.
 

 **Includes:** Feature requests, feature usage questions, ""Thank you"" messages, resolved confirmations.",Refers to feedback provided on missing feature or product,Product Feedback,Queries about providing feedback about the features offered by Checkout and how to request or use them,Queries about providing feedback about the features offered by Checkout and how to request or use them,Feature usage,"IF merchant asks ""How do I use this existing feature?"" THEN select this.","IF merchant asks ""How do I use this existing feature?"" THEN select this."
COMPLIANCE & AUDIT,"**Definition:** Refers to requests for documentation for audit/compliance purposes.
 

 **Includes:** PCI / AOC requests, audit requests, due diligence questionnaires.",Refers to request for documentation for audit purposes,Compliance Evidence,Queries about requesting compliance documentation from Checkout,Queries about requesting compliance documentation from Checkout,PCI / AOC Request,IF merchant asks for security compliance certificates (AOC/PCI-DSS) THEN select this.,IF merchant asks for security compliance certificates (AOC/PCI-DSS) THEN select this.
COMPLIANCE & AUDIT,"**Definition:** Refers to requests for documentation for audit/compliance purposes.
 

 **Includes:** PCI / AOC requests, audit requests, due diligence questionnaires.",Refers to request for documentation for audit purposes,Compliance Evidence,Queries about requesting compliance documentation from Checkout,Queries about requesting compliance documentation from Checkout,Audit request,IF query is for formal audit evidence or due diligence questionnaires THEN select this.,IF query is for formal audit evidence or due diligence questionnaires THEN select this.
COMPLIANCE & AUDIT,"**Definition:** Refers to requests for documentation for audit/compliance purposes.
 

 **Includes:** PCI / AOC requests, audit requests, due diligence questionnaires.",,Compliance Evidence,,Queries about requesting compliance documentation from Checkout,Sensitive Data Request,,"IF the merchant requests sensitive customer information such as full PAN (Primary Account Number), unmasked card numbers, or other protected cardholder data, typically in response to legal authorities, law enforcement, regulatory bodies, or court orders THEN select this.
"
COMPLIANCE & AUDIT,"**Definition:** Refers to requests for documentation for audit/compliance purposes.
 

 **Includes:** PCI / AOC requests, audit requests, due diligence questionnaires.",Refers to request for documentation for audit purposes,Other Compliance,Queries about requesting compliance documentation from Checkout,Queries about requesting compliance documentation from Checkout,Other compliance docs,,
GENERAL,"**Definition:** Refers to general inquiries which do not fit other case types.
 

 **Includes:** sales inquiries, spam, duplicate tickets (no action needed), empty/OOO/no-action messages.",Refers to general inquiries which do not fit other Case types,Inquiries,Queries about buying our services or Sales or anything else,Queries about buying our services or Sales or anything else,Sales inquiry,IF a prospect wants to buy services or add new products THEN select this.,IF a prospect wants to buy services or add new products THEN select this.
GENERAL,"**Definition:** Refers to general inquiries which do not fit other case types.
 

 **Includes:** sales inquiries, spam, duplicate tickets (no action needed), empty/OOO/no-action messages.",Refers to general inquiries which do not fit other Case types,Inquiries,Queries about buying our services or Sales or anything else including general follow ups ,Queries about buying our services or Sales or anything else including general follow ups ,Spam / Duplicate / No action / Follow Ups,"IF the ticket is spam, empty, an OOO reply, or an accidental double-post THEN select this.","IF the ticket is spam, empty, a follow up. an OOO reply, or an accidental double-post THEN select this."
IDENTITY VERIFICATION,"Refers to Identity Verification (IDV) product and services, which use document checks, facial recognition, and automation (with manual review where needed) to verify a person's identity. Merchants use IDV for onboarding, KYC compliance, and fraud prevention. Select this for queries about verification results, data privacy requests, platform configuration, or technical issues related to the IDV product.",,Verification and technical support,,,Verification Inquiry,,"Queries about specific identity verification results, including requests to correct extracted data (name, DOB), re-verification due to suspected fraud, understanding why a verification was rejected, or inquiries about a specific IDV ID."
IDENTITY VERIFICATION,"Refers to Identity Verification (IDV) product and services, which use document checks, facial recognition, and automation (with manual review where needed) to verify a person's identity. Merchants use IDV for onboarding, KYC compliance, and fraud prevention. Select this for queries about verification results, data privacy requests, platform configuration, or technical issues related to the IDV product.",,"Security, Privacy and Compliance",,,Data Privacy,,"Requests related to data privacy rights, including data deletion/erasure requests (GDPR), requests for copies of personal data, identity theft reports, or questions about privacy policy and data handling."
IDENTITY VERIFICATION,"Refers to Identity Verification (IDV) product and services, which use document checks, facial recognition, and automation (with manual review where needed) to verify a person's identity. Merchants use IDV for onboarding, KYC compliance, and fraud prevention. Select this for queries about verification results, data privacy requests, platform configuration, or technical issues related to the IDV product.",,Verification and technical support,,,Setup Support,,"Queries about IDV configuration and onboarding, including adding or removing accepted document types or countries, dashboard access, certificate management (mTLS), or customization options."
IDENTITY VERIFICATION,"Refers to Identity Verification (IDV) product and services, which use document checks, facial recognition, and automation (with manual review where needed) to verify a person's identity. Merchants use IDV for onboarding, KYC compliance, and fraud prevention. Select this for queries about verification results, data privacy requests, platform configuration, or technical issues related to the IDV product.",,Verification and technical support,,,Technical & Platform,,"Technical issues with the IDV platform, including verifications stuck in pending, document capture failures, API errors, webhook issues, or integration problems."
IDENTITY VERIFICATION,"Refers to Identity Verification (IDV) product and services, which use document checks, facial recognition, and automation (with manual review where needed) to verify a person's identity. Merchants use IDV for onboarding, KYC compliance, and fraud prevention. Select this for queries about verification results, data privacy requests, platform configuration, or technical issues related to the IDV product.",,"Security, Privacy and Compliance",,,Account & Compliance,,"Queries about IDV account-level compliance, regulatory requirements, or compliance certifications."
IDENTITY VERIFICATION,"Refers to Identity Verification (IDV) product and services, which use document checks, facial recognition, and automation (with manual review where needed) to verify a person's identity. Merchants use IDV for onboarding, KYC compliance, and fraud prevention. Select this for queries about verification results, data privacy requests, platform configuration, or technical issues related to the IDV product.",,Formal Complaint,,,Formal Complaint,,Formal complaints about the IDV service requiring escalation or with legal/compliance implications.
IDENTITY VERIFICATION,"Refers to Identity Verification (IDV) product and services, which use document checks, facial recognition, and automation (with manual review where needed) to verify a person's identity. Merchants use IDV for onboarding, KYC compliance, and fraud prevention. Select this for queries about verification results, data privacy requests, platform configuration, or technical issues related to the IDV product.",,"Security, Privacy and Compliance",,,Security,,"Queries related to IDV security concerns, security incidents, or security certifications."
IDENTITY VERIFICATION,"Refers to Identity Verification (IDV) product and services, which use document checks, facial recognition, and automation (with manual review where needed) to verify a person's identity. Merchants use IDV for onboarding, KYC compliance, and fraud prevention. Select this for queries about verification results, data privacy requests, platform configuration, or technical issues related to the IDV product.",,N/A,,Tickets that do not require action or do not fit other IDV issue types.        ,3rd Party,,IF the ticket was submitted by or relates to a third party and does not require IDV team action THEN select this.
IDENTITY VERIFICATION,"Refers to Identity Verification (IDV) product and services, which use document checks, facial recognition, and automation (with manual review where needed) to verify a person's identity. Merchants use IDV for onboarding, KYC compliance, and fraud prevention. Select this for queries about verification results, data privacy requests, platform configuration, or technical issues related to the IDV product.",,N/A,,Tickets that do not require action or do not fit other IDV issue types.        ,Automated,,IF the ticket was generated automatically by a system and does not require manual action THEN select this.
IDENTITY VERIFICATION,"Refers to Identity Verification (IDV) product and services, which use document checks, facial recognition, and automation (with manual review where needed) to verify a person's identity. Merchants use IDV for onboarding, KYC compliance, and fraud prevention. Select this for queries about verification results, data privacy requests, platform configuration, or technical issues related to the IDV product.",,N/A,,Tickets that do not require action or do not fit other IDV issue types.        ,Follow Up,,IF the ticket is a follow-up to a previous request that has already been resolved THEN select this.
IDENTITY VERIFICATION,"Refers to Identity Verification (IDV) product and services, which use document checks, facial recognition, and automation (with manual review where needed) to verify a person's identity. Merchants use IDV for onboarding, KYC compliance, and fraud prevention. Select this for queries about verification results, data privacy requests, platform configuration, or technical issues related to the IDV product.",,N/A,,Tickets that do not require action or do not fit other IDV issue types.        ,Sales Lead,,IF the ticket is a sales inquiry or lead rather than a support request THEN select this.
IDENTITY VERIFICATION,"Refers to Identity Verification (IDV) product and services, which use document checks, facial recognition, and automation (with manual review where needed) to verify a person's identity. Merchants use IDV for onboarding, KYC compliance, and fraud prevention. Select this for queries about verification results, data privacy requests, platform configuration, or technical issues related to the IDV product.",,N/A,,Tickets that do not require action or do not fit other IDV issue types.        ,Self Resolved,,IF the issue was resolved by the merchant before agent intervention THEN select this.
IDENTITY VERIFICATION,"Refers to Identity Verification (IDV) product and services, which use document checks, facial recognition, and automation (with manual review where needed) to verify a person's identity. Merchants use IDV for onboarding, KYC compliance, and fraud prevention. Select this for queries about verification results, data privacy requests, platform configuration, or technical issues related to the IDV product.",,N/A,,Tickets that do not require action or do not fit other IDV issue types.        ,Spam,,IF the ticket is spam or irrelevant THEN select this.
Non-merchant requests,"Refers to anything which is not from a merchant, such as a Cardholder, Issuing bank, or other third party",,Cardholders,,Queries about orders or payment issues from a merchant's customer,Cardholder Complaints,,n/a
Non-merchant requests,"Refers to anything which is not from a merchant, such as a Cardholder, Issuing bank, or other third party",,Third parties,,Queries from an Issuing bank on behalf of one of their end customers about a transaction,Issuing Bank Requests,,n/a
Non-merchant requests,"Refers to anything which is not from a merchant, such as a Cardholder, Issuing bank, or other third party",,Third parties,,"Queries from authorities such as Police or Audit, usually about fraudulent activity",Authorities,,n/a
Non-merchant requests,"Refers to anything which is not from a merchant, such as a Cardholder, Issuing bank, or other third party",,Third parties,,"Queries from Card schemes such as Visa, Mastercard, American Express",Schemes,,n/a
Non-merchant requests,"Refers to anything which is not from a merchant, such as a Cardholder, Issuing bank, or other third party",,Third parties,,"Queries from Third Party Acquirers (TPAs) such as SAB, Mashreq",TPA Requests,,n/a
No action required,Refers to anything either not critical or does not need a response from Care,,No response needed,,Queries which don't need an action from an Agent,No action required by Merchant Care,,n/a
No action required,Refers to anything either not critical or does not need a response from Care,,No response needed,,Queries which don't need an action from an Agent,Duplicate,,n/a
No action required,Refers to anything either not critical or does not need a response from Care,,No response needed,,Queries which don't need an action from an Agent,Spam,,n/a
No action required,Refers to anything either not critical or does not need a response from Care,,Sales,,Queries which don't need an action from an Agent,Sales Enquiry,,n/a