case_type,issue_type,support_segment,zendesk_tier,channel,sales_territory,billing_region,zendesk_tickets,fin_only_resolved,support_contacts
ACCOUNT MANAGEMENT & ACCESS,Account changes,Enterprise,Tier 1,Email (Internal),Crypto,Crypto,6,0,6
ACCOUNT MANAGEMENT & ACCESS,Account changes,Enterprise,Tier 1,Email (Internal),Crypto,EEA,1,0,1
ACCOUNT MANAGEMENT & ACCESS,Account changes,Enterprise,Tier 1,Email (Internal),GCR,APAC,1,0,1
ACCOUNT MANAGEMENT & ACCESS,Account changes,Enterprise,Tier 1,Email (Internal),NORAM,Crypto,1,0,1
ACCOUNT MANAGEMENT & ACCESS,Account changes,Enterprise,Tier 1,Email (Internal),NORAM,UK,1,0,1
ACCOUNT MANAGEMENT & ACCESS,Account changes,Enterprise,Tier 1,Email (Internal),Northern Europe,EEA,1,0,1
ACCOUNT MANAGEMENT & ACCESS,Account changes,Enterprise,Tier 1,Email (Internal),Singapore/ANZ,APAC,4,0,4
ACCOUNT MANAGEMENT & ACCESS,Account changes,Enterprise,Tier 1,Email (Internal),UAE,MENA,8,0,8
ACCOUNT MANAGEMENT & ACCESS,Account changes,Enterprise,Tier 1,Email (Internal),UK,EEA,4,0,4
ACCOUNT MANAGEMENT & ACCESS,Account changes,Enterprise,Tier 1,Email (Internal),UK,Mauritius,1,0,1
ACCOUNT MANAGEMENT & ACCESS,Account changes,Enterprise,Tier 1,Email (Internal),UK,UK,4,0,4
ACCOUNT MANAGEMENT & ACCESS,Account changes,Enterprise,Tier 1,Email (Internal),Unknown,NORAM,1,0,1
ACCOUNT MANAGEMENT & ACCESS,Account changes,Enterprise,Tier 1,Email (Internal),WW,Mauritius,1,0,1
ACCOUNT MANAGEMENT & ACCESS,Account changes,Enterprise,Tier 1,Email (Merchant),Crypto,Crypto,7,0,7
ACCOUNT MANAGEMENT & ACCESS,Account changes,Enterprise,Tier 1,Email (Merchant),Crypto,EEA,1,0,1
ACCOUNT MANAGEMENT & ACCESS,Account changes,Enterprise,Tier 1,Email (Merchant),NORAM,NORAM,1,0,1
ACCOUNT MANAGEMENT & ACCESS,Account changes,Enterprise,Tier 1,Email (Merchant),NORAM,UK,6,0,6
ACCOUNT MANAGEMENT & ACCESS,Account changes,Enterprise,Tier 1,Email (Merchant),Northern Europe,EEA,1,0,1
ACCOUNT MANAGEMENT & ACCESS,Account changes,Enterprise,Tier 1,Email (Merchant),UAE,MENA,9,0,9
ACCOUNT MANAGEMENT & ACCESS,Account changes,Enterprise,Tier 1,Email (Merchant),UK,UK,7,0,7
ACCOUNT MANAGEMENT & ACCESS,Account changes,Enterprise,Tier 1,Email (Merchant),Unknown,UK,1,0,1
ACCOUNT MANAGEMENT & ACCESS,Account changes,Enterprise,Tier 1,Email (Merchant),WW,MENA,3,0,3
ACCOUNT MANAGEMENT & ACCESS,Account changes,Enterprise,Tier 1,Email (Merchant),WW,Mauritius,1,0,1
ACCOUNT MANAGEMENT & ACCESS,Account changes,Enterprise,Tier 1,Email (Merchant),WW,UK,1,0,1
ACCOUNT MANAGEMENT & ACCESS,Account changes,Enterprise,Tier 1,Fin (Dashboard),GCR,APAC,1,0,1
ACCOUNT MANAGEMENT & ACCESS,Account changes,Enterprise,Tier 1,Fin (Dashboard),Mauritius,UK,1,0,1
ACCOUNT MANAGEMENT & ACCESS,Account changes,Enterprise,Tier 1,Fin (Dashboard),Northern Europe,EEA,0,2,2
ACCOUNT MANAGEMENT & ACCESS,Account changes,Enterprise,Tier 1,Fin (Dashboard),Singapore/ANZ,APAC,1,0,1
ACCOUNT MANAGEMENT & ACCESS,Account changes,Enterprise,Tier 1,Fin (Dashboard),UAE,MENA,0,3,3
ACCOUNT MANAGEMENT & ACCESS,Account changes,Enterprise,Tier 1,Fin (Dashboard),UK,Crypto,0,3,3
ACCOUNT MANAGEMENT & ACCESS,Account changes,Enterprise,Tier 1,Fin (Dashboard),Unknown,NORAM,0,1,1
ACCOUNT MANAGEMENT & ACCESS,Account changes,Enterprise,Tier 1,Other,Singapore/ANZ,APAC,1,0,1
ACCOUNT MANAGEMENT & ACCESS,Account changes,Enterprise,Tier 1,Other,UK,UK,1,0,1
ACCOUNT MANAGEMENT & ACCESS,Account changes,Enterprise,Tier 1,Other,WW,MENA,1,0,1
ACCOUNT MANAGEMENT & ACCESS,Account changes,Enterprise,Tier 1,Other,WW,Mauritius,1,0,1
ACCOUNT MANAGEMENT & ACCESS,Account changes,Enterprise,Tier 1,Webform & API,Crypto,Crypto,2,0,2
ACCOUNT MANAGEMENT & ACCESS,Account changes,Enterprise,Tier 1,Webform & API,NORAM,Crypto,1,0,1
ACCOUNT MANAGEMENT & ACCESS,Account changes,Enterprise,Tier 1,Webform & API,NORAM,NORAM,2,0,2
ACCOUNT MANAGEMENT & ACCESS,Account changes,Enterprise,Tier 1,Webform & API,NORAM,UK,2,0,2
ACCOUNT MANAGEMENT & ACCESS,Account changes,Enterprise,Tier 1,Webform & API,UAE,MENA,4,0,4
ACCOUNT MANAGEMENT & ACCESS,Account changes,Enterprise,Tier 1,Webform & API,UK,UK,3,0,3
ACCOUNT MANAGEMENT & ACCESS,Account changes,Enterprise,Tier 1,Webform & API,WW,UK,1,0,1
ACCOUNT MANAGEMENT & ACCESS,Account changes,Enterprise,Tier 2,Email (Internal),Crypto,APAC,1,0,1
ACCOUNT MANAGEMENT & ACCESS,Account changes,Enterprise,Tier 2,Email (Internal),Crypto,Crypto,1,0,1
ACCOUNT MANAGEMENT & ACCESS,Account changes,Enterprise,Tier 2,Email (Internal),GCR,APAC,1,0,1
ACCOUNT MANAGEMENT & ACCESS,Account changes,Enterprise,Tier 2,Email (Internal),Issuing,UK,2,0,2
ACCOUNT MANAGEMENT & ACCESS,Account changes,Enterprise,Tier 2,Email (Internal),KSA,MENA,1,0,1
ACCOUNT MANAGEMENT & ACCESS,Account changes,Enterprise,Tier 2,Email (Internal),KSA,Unknown,1,0,1
ACCOUNT MANAGEMENT & ACCESS,Account changes,Enterprise,Tier 2,Email (Internal),NORAM,Israel,2,0,2
ACCOUNT MANAGEMENT & ACCESS,Account changes,Enterprise,Tier 2,Email (Internal),NORAM,UK,3,0,3
ACCOUNT MANAGEMENT & ACCESS,Account changes,Enterprise,Tier 2,Email (Internal),Northern Europe,EEA,1,0,1
ACCOUNT MANAGEMENT & ACCESS,Account changes,Enterprise,Tier 2,Email (Internal),Singapore/ANZ,APAC,2,0,2
ACCOUNT MANAGEMENT & ACCESS,Account changes,Enterprise,Tier 2,Email (Internal),Southern Europe,EEA,5,0,5
ACCOUNT MANAGEMENT & ACCESS,Account changes,Enterprise,Tier 2,Email (Internal),UAE,MENA,9,0,9
ACCOUNT MANAGEMENT & ACCESS,Account changes,Enterprise,Tier 2,Email (Internal),UK,EEA,2,0,2
ACCOUNT MANAGEMENT & ACCESS,Account changes,Enterprise,Tier 2,Email (Internal),UK,UK,7,0,7
ACCOUNT MANAGEMENT & ACCESS,Account changes,Enterprise,Tier 2,Email (Internal),WW,UK,1,0,1
ACCOUNT MANAGEMENT & ACCESS,Account changes,Enterprise,Tier 2,Email (Merchant),Central Europe,EEA,2,0,2
ACCOUNT MANAGEMENT & ACCESS,Account changes,Enterprise,Tier 2,Email (Merchant),Crypto,APAC,1,0,1
ACCOUNT MANAGEMENT & ACCESS,Account changes,Enterprise,Tier 2,Email (Merchant),Crypto,Crypto,7,0,7
ACCOUNT MANAGEMENT & ACCESS,Account changes,Enterprise,Tier 2,Email (Merchant),NORAM,Crypto,1,0,1
ACCOUNT MANAGEMENT & ACCESS,Account changes,Enterprise,Tier 2,Email (Merchant),NORAM,NORAM,1,0,1
ACCOUNT MANAGEMENT & ACCESS,Account changes,Enterprise,Tier 2,Email (Merchant),NORAM,UK,9,0,9
ACCOUNT MANAGEMENT & ACCESS,Account changes,Enterprise,Tier 2,Email (Merchant),Northern Europe,EEA,1,0,1
ACCOUNT MANAGEMENT & ACCESS,Account changes,Enterprise,Tier 2,Email (Merchant),Singapore/ANZ,APAC,3,0,3
ACCOUNT MANAGEMENT & ACCESS,Account changes,Enterprise,Tier 2,Email (Merchant),Southern Europe,EEA,2,0,2
ACCOUNT MANAGEMENT & ACCESS,Account changes,Enterprise,Tier 2,Email (Merchant),UAE,MENA,10,0,10
ACCOUNT MANAGEMENT & ACCESS,Account changes,Enterprise,Tier 2,Email (Merchant),UK,EEA,1,0,1
ACCOUNT MANAGEMENT & ACCESS,Account changes,Enterprise,Tier 2,Email (Merchant),UK,UK,8,0,8
ACCOUNT MANAGEMENT & ACCESS,Account changes,Enterprise,Tier 2,Email (Merchant),Unknown,EEA,1,0,1
ACCOUNT MANAGEMENT & ACCESS,Account changes,Enterprise,Tier 2,Email (Merchant),Unknown,NORAM,8,0,8
ACCOUNT MANAGEMENT & ACCESS,Account changes,Enterprise,Tier 2,Fin (Dashboard),Central Europe,EEA,0,1,1
ACCOUNT MANAGEMENT & ACCESS,Account changes,Enterprise,Tier 2,Fin (Dashboard),GCR,APAC,0,1,1
ACCOUNT MANAGEMENT & ACCESS,Account changes,Enterprise,Tier 2,Fin (Dashboard),KSA,MENA,0,2,2
ACCOUNT MANAGEMENT & ACCESS,Account changes,Enterprise,Tier 2,Fin (Dashboard),NORAM,Crypto,0,1,1
ACCOUNT MANAGEMENT & ACCESS,Account changes,Enterprise,Tier 2,Fin (Dashboard),NORAM,NORAM,2,1,3
ACCOUNT MANAGEMENT & ACCESS,Account changes,Enterprise,Tier 2,Fin (Dashboard),NORAM,UK,0,1,1
ACCOUNT MANAGEMENT & ACCESS,Account changes,Enterprise,Tier 2,Fin (Dashboard),Northern Europe,EEA,0,1,1
ACCOUNT MANAGEMENT & ACCESS,Account changes,Enterprise,Tier 2,Fin (Dashboard),Southern Europe,EEA,0,1,1
ACCOUNT MANAGEMENT & ACCESS,Account changes,Enterprise,Tier 2,Fin (Dashboard),UAE,MENA,0,1,1
ACCOUNT MANAGEMENT & ACCESS,Account changes,Enterprise,Tier 2,Fin (Dashboard),UK,UK,1,1,2
ACCOUNT MANAGEMENT & ACCESS,Account changes,Enterprise,Tier 2,Fin (Dashboard),WW,EEA,1,0,1
ACCOUNT MANAGEMENT & ACCESS,Account changes,Enterprise,Tier 2,Other,Central Europe,EEA,1,0,1
ACCOUNT MANAGEMENT & ACCESS,Account changes,Enterprise,Tier 2,Other,Crypto,APAC,1,0,1
ACCOUNT MANAGEMENT & ACCESS,Account changes,Enterprise,Tier 2,Other,Crypto,Crypto,1,0,1
ACCOUNT MANAGEMENT & ACCESS,Account changes,Enterprise,Tier 2,Other,GCR,APAC,1,0,1
ACCOUNT MANAGEMENT & ACCESS,Account changes,Enterprise,Tier 2,Other,KSA,Unknown,1,0,1
ACCOUNT MANAGEMENT & ACCESS,Account changes,Enterprise,Tier 2,Other,UAE,MENA,2,0,2
ACCOUNT MANAGEMENT & ACCESS,Account changes,Enterprise,Tier 2,Other,UK,UK,1,0,1
ACCOUNT MANAGEMENT & ACCESS,Account changes,Enterprise,Tier 2,Webform & API,Crypto,APAC,1,0,1
ACCOUNT MANAGEMENT & ACCESS,Account changes,Enterprise,Tier 2,Webform & API,Crypto,Crypto,1,0,1
ACCOUNT MANAGEMENT & ACCESS,Account changes,Enterprise,Tier 2,Webform & API,Issuing,UK,3,0,3
ACCOUNT MANAGEMENT & ACCESS,Account changes,Enterprise,Tier 2,Webform & API,NORAM,Crypto,2,0,2
ACCOUNT MANAGEMENT & ACCESS,Account changes,Enterprise,Tier 2,Webform & API,NORAM,NORAM,7,0,7
ACCOUNT MANAGEMENT & ACCESS,Account changes,Enterprise,Tier 2,Webform & API,Southern Europe,EEA,1,0,1
ACCOUNT MANAGEMENT & ACCESS,Account changes,Enterprise,Tier 2,Webform & API,UAE,MENA,3,0,3
ACCOUNT MANAGEMENT & ACCESS,Account changes,Enterprise,Tier 2,Webform & API,UK,UK,7,0,7
ACCOUNT MANAGEMENT & ACCESS,Account changes,Enterprise,Tier 2,Webform & API,Unknown,EEA,1,0,1
ACCOUNT MANAGEMENT & ACCESS,Account changes,Enterprise,Tier 2,Webform & API,WW,EEA,6,0,6
ACCOUNT MANAGEMENT & ACCESS,Account changes,Enterprise,Tier 3,Email (Internal),Central Europe,EEA,1,0,1
ACCOUNT MANAGEMENT & ACCESS,Account changes,Enterprise,Tier 3,Email (Internal),GCR,APAC,3,0,3
ACCOUNT MANAGEMENT & ACCESS,Account changes,Enterprise,Tier 3,Email (Internal),UAE,MENA,1,0,1
ACCOUNT MANAGEMENT & ACCESS,Account changes,Enterprise,Tier 3,Email (Internal),Unknown,EEA,2,0,2
ACCOUNT MANAGEMENT & ACCESS,Account changes,Enterprise,Tier 3,Email (Internal),WW,Israel,1,0,1
ACCOUNT MANAGEMENT & ACCESS,Account changes,Enterprise,Tier 3,Email (Merchant),GCR,APAC,2,0,2
ACCOUNT MANAGEMENT & ACCESS,Account changes,Enterprise,Tier 3,Email (Merchant),UAE,MENA,5,0,5
ACCOUNT MANAGEMENT & ACCESS,Account changes,Enterprise,Tier 3,Email (Merchant),UK,UK,2,0,2
ACCOUNT MANAGEMENT & ACCESS,Account changes,Enterprise,Tier 3,Email (Merchant),WW,EEA,2,0,2
ACCOUNT MANAGEMENT & ACCESS,Account changes,Enterprise,Tier 3,Fin (Dashboard),Central Europe,MENA,0,1,1
ACCOUNT MANAGEMENT & ACCESS,Account changes,Enterprise,Tier 3,Fin (Dashboard),GCR,APAC,1,4,5
ACCOUNT MANAGEMENT & ACCESS,Account changes,Enterprise,Tier 3,Fin (Dashboard),UAE,MENA,0,2,2
ACCOUNT MANAGEMENT & ACCESS,Account changes,Enterprise,Tier 3,Fin (Dashboard),UK,UK,0,4,4
ACCOUNT MANAGEMENT & ACCESS,Account changes,Enterprise,Tier 3,Fin (Dashboard),WW,EEA,0,2,2
ACCOUNT MANAGEMENT & ACCESS,Account changes,Enterprise,Tier 3,Other,Central Europe,EEA,1,0,1
ACCOUNT MANAGEMENT & ACCESS,Account changes,Enterprise,Tier 3,Other,UAE,MENA,1,0,1
ACCOUNT MANAGEMENT & ACCESS,Account changes,Enterprise,Tier 3,Webform & API,UK,UK,1,0,1
ACCOUNT MANAGEMENT & ACCESS,Account changes,Enterprise,Tier 3,Webform & API,WW,Israel,1,0,1
ACCOUNT MANAGEMENT & ACCESS,Account changes,Enterprise,Tier 4,Email (Internal),UAE,MENA,1,0,1
ACCOUNT MANAGEMENT & ACCESS,Account changes,Enterprise,Tier 4,Email (Merchant),UAE,MENA,3,0,3
ACCOUNT MANAGEMENT & ACCESS,Account changes,Enterprise,Tier 4,Fin (Dashboard),UK,UK,0,1,1
ACCOUNT MANAGEMENT & ACCESS,Account changes,Enterprise,Tier 4,Other,KSA,MENA,1,0,1
ACCOUNT MANAGEMENT & ACCESS,Account changes,Enterprise,Tier 4,Other,UK,UK,3,0,3
ACCOUNT MANAGEMENT & ACCESS,Account changes,Enterprise,Tier 4,Webform & API,UAE,MENA,1,0,1
ACCOUNT MANAGEMENT & ACCESS,Account changes,Enterprise,Unknown,Email (Merchant),GCR,APAC,1,0,1
ACCOUNT MANAGEMENT & ACCESS,Account changes,Enterprise,Unknown,Fin (Dashboard),NORAM,EEA,0,1,1
ACCOUNT MANAGEMENT & ACCESS,Account changes,Enterprise,Unknown,Webform & API,NORAM,EEA,1,0,1
ACCOUNT MANAGEMENT & ACCESS,Account changes,Premium,Tier 1,Email (Internal),Crypto,Crypto,3,0,3
ACCOUNT MANAGEMENT & ACCESS,Account changes,Premium,Tier 1,Email (Internal),GCR,APAC,5,0,5
ACCOUNT MANAGEMENT & ACCESS,Account changes,Premium,Tier 1,Email (Internal),NORAM,UK,1,0,1
ACCOUNT MANAGEMENT & ACCESS,Account changes,Premium,Tier 1,Email (Internal),Singapore/ANZ,APAC,1,0,1
ACCOUNT MANAGEMENT & ACCESS,Account changes,Premium,Tier 1,Email (Internal),Southern Europe,EEA,1,0,1
ACCOUNT MANAGEMENT & ACCESS,Account changes,Premium,Tier 1,Email (Internal),UAE,MENA,4,0,4
ACCOUNT MANAGEMENT & ACCESS,Account changes,Premium,Tier 1,Email (Internal),UK,Crypto,2,0,2
ACCOUNT MANAGEMENT & ACCESS,Account changes,Premium,Tier 1,Email (Internal),Unknown,Crypto,1,0,1
ACCOUNT MANAGEMENT & ACCESS,Account changes,Premium,Tier 1,Email (Internal),Unknown,UK,3,0,3
ACCOUNT MANAGEMENT & ACCESS,Account changes,Premium,Tier 1,Email (Internal),WW,APAC,2,0,2
ACCOUNT MANAGEMENT & ACCESS,Account changes,Premium,Tier 1,Email (Internal),WW,EEA,1,0,1
ACCOUNT MANAGEMENT & ACCESS,Account changes,Premium,Tier 1,Email (Internal),WW,UK,3,0,3
ACCOUNT MANAGEMENT & ACCESS,Account changes,Premium,Tier 1,Email (Merchant),Crypto,Crypto,2,0,2
ACCOUNT MANAGEMENT & ACCESS,Account changes,Premium,Tier 1,Email (Merchant),GCR,APAC,1,0,1
ACCOUNT MANAGEMENT & ACCESS,Account changes,Premium,Tier 1,Email (Merchant),NORAM,UK,1,0,1
ACCOUNT MANAGEMENT & ACCESS,Account changes,Premium,Tier 1,Email (Merchant),Singapore/ANZ,APAC,1,0,1
ACCOUNT MANAGEMENT & ACCESS,Account changes,Premium,Tier 1,Email (Merchant),Singapore/ANZ,NORAM,1,0,1
ACCOUNT MANAGEMENT & ACCESS,Account changes,Premium,Tier 1,Email (Merchant),UAE,MENA,3,0,3
ACCOUNT MANAGEMENT & ACCESS,Account changes,Premium,Tier 1,Email (Merchant),UK,EEA,1,0,1
ACCOUNT MANAGEMENT & ACCESS,Account changes,Premium,Tier 1,Email (Merchant),UK,UK,4,0,4
ACCOUNT MANAGEMENT & ACCESS,Account changes,Premium,Tier 1,Email (Merchant),Unknown,NORAM,1,0,1
ACCOUNT MANAGEMENT & ACCESS,Account changes,Premium,Tier 1,Email (Merchant),WW,APAC,3,0,3
ACCOUNT MANAGEMENT & ACCESS,Account changes,Premium,Tier 1,Email (Merchant),WW,EEA,3,0,3
ACCOUNT MANAGEMENT & ACCESS,Account changes,Premium,Tier 1,Email (Merchant),WW,UK,5,0,5
ACCOUNT MANAGEMENT & ACCESS,Account changes,Premium,Tier 1,Fin (Dashboard),Crypto,Crypto,0,1,1
ACCOUNT MANAGEMENT & ACCESS,Account changes,Premium,Tier 1,Fin (Dashboard),NORAM,Israel,0,1,1
ACCOUNT MANAGEMENT & ACCESS,Account changes,Premium,Tier 1,Fin (Dashboard),NORAM,UK,0,3,3
ACCOUNT MANAGEMENT & ACCESS,Account changes,Premium,Tier 1,Fin (Dashboard),SAT,NORAM,0,2,2
ACCOUNT MANAGEMENT & ACCESS,Account changes,Premium,Tier 1,Fin (Dashboard),Singapore/ANZ,APAC,0,1,1
ACCOUNT MANAGEMENT & ACCESS,Account changes,Premium,Tier 1,Fin (Dashboard),UAE,MENA,1,3,4
ACCOUNT MANAGEMENT & ACCESS,Account changes,Premium,Tier 1,Fin (Dashboard),UK,Crypto,0,1,1
ACCOUNT MANAGEMENT & ACCESS,Account changes,Premium,Tier 1,Fin (Dashboard),UK,EEA,0,1,1
ACCOUNT MANAGEMENT & ACCESS,Account changes,Premium,Tier 1,Fin (Dashboard),UK,UK,0,1,1
ACCOUNT MANAGEMENT & ACCESS,Account changes,Premium,Tier 1,Fin (Dashboard),Unknown,UK,0,1,1
ACCOUNT MANAGEMENT & ACCESS,Account changes,Premium,Tier 1,Fin (Dashboard),WW,UK,1,0,1
ACCOUNT MANAGEMENT & ACCESS,Account changes,Premium,Tier 1,Other,GCR,APAC,2,0,2
ACCOUNT MANAGEMENT & ACCESS,Account changes,Premium,Tier 1,Other,Southern Europe,EEA,1,0,1
ACCOUNT MANAGEMENT & ACCESS,Account changes,Premium,Tier 1,Other,UK,EEA,1,0,1
ACCOUNT MANAGEMENT & ACCESS,Account changes,Premium,Tier 1,Other,UK,UK,1,0,1
ACCOUNT MANAGEMENT & ACCESS,Account changes,Premium,Tier 1,Other,WW,UK,1,0,1
ACCOUNT MANAGEMENT & ACCESS,Account changes,Premium,Tier 1,Webform & API,Crypto,Crypto,3,0,3
ACCOUNT MANAGEMENT & ACCESS,Account changes,Premium,Tier 1,Webform & API,GCR,APAC,1,0,1
ACCOUNT MANAGEMENT & ACCESS,Account changes,Premium,Tier 1,Webform & API,NORAM,NORAM,1,0,1
ACCOUNT MANAGEMENT & ACCESS,Account changes,Premium,Tier 1,Webform & API,NORAM,UK,1,0,1
ACCOUNT MANAGEMENT & ACCESS,Account changes,Premium,Tier 1,Webform & API,SAT,SAT,1,0,1
ACCOUNT MANAGEMENT & ACCESS,Account changes,Premium,Tier 1,Webform & API,UAE,MENA,1,0,1
ACCOUNT MANAGEMENT & ACCESS,Account changes,Premium,Tier 1,Webform & API,UK,EEA,2,0,2
ACCOUNT MANAGEMENT & ACCESS,Account changes,Premium,Tier 1,Webform & API,WW,EEA,1,0,1
ACCOUNT MANAGEMENT & ACCESS,Account changes,Premium,Tier 1,Webform & API,WW,UK,1,0,1
ACCOUNT MANAGEMENT & ACCESS,Account changes,Standard,Tier 2,Email (Internal),Central Europe,EEA,1,0,1
ACCOUNT MANAGEMENT & ACCESS,Account changes,Standard,Tier 2,Email (Internal),Crypto,Crypto,1,0,1
ACCOUNT MANAGEMENT & ACCESS,Account changes,Standard,Tier 2,Email (Internal),NORAM,NORAM,1,0,1
ACCOUNT MANAGEMENT & ACCESS,Account changes,Standard,Tier 2,Email (Internal),UAE,MENA,1,0,1
ACCOUNT MANAGEMENT & ACCESS,Account changes,Standard,Tier 2,Email (Merchant),Crypto,Crypto,5,0,5
ACCOUNT MANAGEMENT & ACCESS,Account changes,Standard,Tier 2,Email (Merchant),GCR,APAC,1,0,1
ACCOUNT MANAGEMENT & ACCESS,Account changes,Standard,Tier 2,Email (Merchant),UAE,MENA,2,0,2
ACCOUNT MANAGEMENT & ACCESS,Account changes,Standard,Tier 2,Email (Merchant),UK,UK,2,0,2
ACCOUNT MANAGEMENT & ACCESS,Account changes,Standard,Tier 2,Fin (Dashboard),Crypto,Crypto,0,1,1
ACCOUNT MANAGEMENT & ACCESS,Account changes,Standard,Tier 2,Fin (Dashboard),Singapore/ANZ,APAC,1,0,1
ACCOUNT MANAGEMENT & ACCESS,Account changes,Standard,Tier 2,Fin (Dashboard),UK,UK,0,2,2
ACCOUNT MANAGEMENT & ACCESS,Account changes,Standard,Tier 2,Other,GCR,APAC,1,0,1
ACCOUNT MANAGEMENT & ACCESS,Account changes,Standard,Tier 2,Webform & API,GCR,APAC,1,0,1
ACCOUNT MANAGEMENT & ACCESS,Account changes,Standard,Tier 2,Webform & API,Mauritius,NORAM,1,0,1
ACCOUNT MANAGEMENT & ACCESS,Account changes,Standard,Tier 2,Webform & API,UAE,MENA,2,0,2
ACCOUNT MANAGEMENT & ACCESS,Account changes,Standard,Tier 3,Email (Internal),Central Europe,EEA,3,0,3
ACCOUNT MANAGEMENT & ACCESS,Account changes,Standard,Tier 3,Email (Internal),Central Europe,Mauritius,1,0,1
ACCOUNT MANAGEMENT & ACCESS,Account changes,Standard,Tier 3,Email (Internal),Crypto,Crypto,2,0,2
ACCOUNT MANAGEMENT & ACCESS,Account changes,Standard,Tier 3,Email (Internal),GCR,APAC,6,0,6
ACCOUNT MANAGEMENT & ACCESS,Account changes,Standard,Tier 3,Email (Internal),Issuing,EEA,1,0,1
ACCOUNT MANAGEMENT & ACCESS,Account changes,Standard,Tier 3,Email (Internal),NORAM,APAC,1,0,1
ACCOUNT MANAGEMENT & ACCESS,Account changes,Standard,Tier 3,Email (Internal),NORAM,Israel,1,0,1
ACCOUNT MANAGEMENT & ACCESS,Account changes,Standard,Tier 3,Email (Internal),Northern Europe,EEA,2,0,2
ACCOUNT MANAGEMENT & ACCESS,Account changes,Standard,Tier 3,Email (Internal),Singapore/ANZ,APAC,1,0,1
ACCOUNT MANAGEMENT & ACCESS,Account changes,Standard,Tier 3,Email (Internal),Singapore/ANZ,NORAM,1,0,1
ACCOUNT MANAGEMENT & ACCESS,Account changes,Standard,Tier 3,Email (Internal),Southern Europe,EEA,3,0,3
ACCOUNT MANAGEMENT & ACCESS,Account changes,Standard,Tier 3,Email (Internal),Southern Europe,Mauritius,1,0,1
ACCOUNT MANAGEMENT & ACCESS,Account changes,Standard,Tier 3,Email (Internal),UAE,MENA,5,0,5
ACCOUNT MANAGEMENT & ACCESS,Account changes,Standard,Tier 3,Email (Internal),UAE,Mauritius,3,0,3
ACCOUNT MANAGEMENT & ACCESS,Account changes,Standard,Tier 3,Email (Internal),UAE,Unknown,1,0,1
ACCOUNT MANAGEMENT & ACCESS,Account changes,Standard,Tier 3,Email (Internal),UK,EEA,1,0,1
ACCOUNT MANAGEMENT & ACCESS,Account changes,Standard,Tier 3,Email (Internal),UK,NORAM,1,0,1
ACCOUNT MANAGEMENT & ACCESS,Account changes,Standard,Tier 3,Email (Internal),UK,UK,3,0,3
ACCOUNT MANAGEMENT & ACCESS,Account changes,Standard,Tier 3,Email (Internal),Unknown,EEA,1,0,1
ACCOUNT MANAGEMENT & ACCESS,Account changes,Standard,Tier 3,Email (Internal),Unknown,UK,3,0,3
ACCOUNT MANAGEMENT & ACCESS,Account changes,Standard,Tier 3,Email (Internal),WW,MENA,2,0,2
ACCOUNT MANAGEMENT & ACCESS,Account changes,Standard,Tier 3,Email (Merchant),Crypto,Crypto,4,0,4
ACCOUNT MANAGEMENT & ACCESS,Account changes,Standard,Tier 3,Email (Merchant),GCR,APAC,3,0,3
ACCOUNT MANAGEMENT & ACCESS,Account changes,Standard,Tier 3,Email (Merchant),Issuing,EEA,1,0,1
ACCOUNT MANAGEMENT & ACCESS,Account changes,Standard,Tier 3,Email (Merchant),KSA,EEA,1,0,1
ACCOUNT MANAGEMENT & ACCESS,Account changes,Standard,Tier 3,Email (Merchant),NORAM,Crypto,1,0,1
ACCOUNT MANAGEMENT & ACCESS,Account changes,Standard,Tier 3,Email (Merchant),NORAM,Israel,3,0,3
ACCOUNT MANAGEMENT & ACCESS,Account changes,Standard,Tier 3,Email (Merchant),NORAM,MENA,1,0,1
ACCOUNT MANAGEMENT & ACCESS,Account changes,Standard,Tier 3,Email (Merchant),NORAM,NORAM,2,0,2
ACCOUNT MANAGEMENT & ACCESS,Account changes,Standard,Tier 3,Email (Merchant),Northern Europe,EEA,2,0,2
ACCOUNT MANAGEMENT & ACCESS,Account changes,Standard,Tier 3,Email (Merchant),Singapore/ANZ,APAC,6,0,6
ACCOUNT MANAGEMENT & ACCESS,Account changes,Standard,Tier 3,Email (Merchant),Southern Europe,EEA,3,0,3
ACCOUNT MANAGEMENT & ACCESS,Account changes,Standard,Tier 3,Email (Merchant),UAE,MENA,28,0,28
ACCOUNT MANAGEMENT & ACCESS,Account changes,Standard,Tier 3,Email (Merchant),UAE,Mauritius,1,0,1
ACCOUNT MANAGEMENT & ACCESS,Account changes,Standard,Tier 3,Email (Merchant),UAE,Unknown,3,0,3
ACCOUNT MANAGEMENT & ACCESS,Account changes,Standard,Tier 3,Email (Merchant),UK,NORAM,2,0,2
ACCOUNT MANAGEMENT & ACCESS,Account changes,Standard,Tier 3,Email (Merchant),UK,UK,11,0,11
ACCOUNT MANAGEMENT & ACCESS,Account changes,Standard,Tier 3,Email (Merchant),Ubble,EEA,1,0,1
ACCOUNT MANAGEMENT & ACCESS,Account changes,Standard,Tier 3,Email (Merchant),Unknown,EEA,4,0,4
ACCOUNT MANAGEMENT & ACCESS,Account changes,Standard,Tier 3,Email (Merchant),Unknown,MENA,1,0,1
ACCOUNT MANAGEMENT & ACCESS,Account changes,Standard,Tier 3,Email (Merchant),Unknown,UK,2,0,2
ACCOUNT MANAGEMENT & ACCESS,Account changes,Standard,Tier 3,Email (Merchant),Unknown,Unknown,1,0,1
ACCOUNT MANAGEMENT & ACCESS,Account changes,Standard,Tier 3,Email (Merchant),WW,Crypto,1,0,1
ACCOUNT MANAGEMENT & ACCESS,Account changes,Standard,Tier 3,Email (Merchant),WW,MENA,9,0,9
ACCOUNT MANAGEMENT & ACCESS,Account changes,Standard,Tier 3,Email (Merchant),WW,NORAM,1,0,1
ACCOUNT MANAGEMENT & ACCESS,Account changes,Standard,Tier 3,Fin (Dashboard),Central Europe,EEA,0,2,2
ACCOUNT MANAGEMENT & ACCESS,Account changes,Standard,Tier 3,Fin (Dashboard),Crypto,Crypto,0,2,2
ACCOUNT MANAGEMENT & ACCESS,Account changes,Standard,Tier 3,Fin (Dashboard),GCR,APAC,1,1,2
ACCOUNT MANAGEMENT & ACCESS,Account changes,Standard,Tier 3,Fin (Dashboard),NORAM,EEA,1,0,1
ACCOUNT MANAGEMENT & ACCESS,Account changes,Standard,Tier 3,Fin (Dashboard),NORAM,Israel,0,2,2
ACCOUNT MANAGEMENT & ACCESS,Account changes,Standard,Tier 3,Fin (Dashboard),NORAM,NORAM,1,2,3
ACCOUNT MANAGEMENT & ACCESS,Account changes,Standard,Tier 3,Fin (Dashboard),Northern Europe,EEA,1,2,3
ACCOUNT MANAGEMENT & ACCESS,Account changes,Standard,Tier 3,Fin (Dashboard),Singapore/ANZ,APAC,1,2,3
ACCOUNT MANAGEMENT & ACCESS,Account changes,Standard,Tier 3,Fin (Dashboard),Southern Europe,EEA,0,3,3
ACCOUNT MANAGEMENT & ACCESS,Account changes,Standard,Tier 3,Fin (Dashboard),Southern Europe,Mauritius,1,0,1
ACCOUNT MANAGEMENT & ACCESS,Account changes,Standard,Tier 3,Fin (Dashboard),UAE,MENA,2,11,13
ACCOUNT MANAGEMENT & ACCESS,Account changes,Standard,Tier 3,Fin (Dashboard),UAE,Mauritius,0,2,2
ACCOUNT MANAGEMENT & ACCESS,Account changes,Standard,Tier 3,Fin (Dashboard),UAE,Unknown,0,3,3
ACCOUNT MANAGEMENT & ACCESS,Account changes,Standard,Tier 3,Fin (Dashboard),UK,UK,3,6,9
ACCOUNT MANAGEMENT & ACCESS,Account changes,Standard,Tier 3,Fin (Dashboard),Ubble,EEA,0,1,1
ACCOUNT MANAGEMENT & ACCESS,Account changes,Standard,Tier 3,Fin (Dashboard),Unknown,MENA,0,1,1
ACCOUNT MANAGEMENT & ACCESS,Account changes,Standard,Tier 3,Fin (Dashboard),Unknown,NORAM,1,3,4
ACCOUNT MANAGEMENT & ACCESS,Account changes,Standard,Tier 3,Fin (Dashboard),Unknown,UK,0,1,1
ACCOUNT MANAGEMENT & ACCESS,Account changes,Standard,Tier 3,Fin (Dashboard),Unknown,Unknown,0,1,1
ACCOUNT MANAGEMENT & ACCESS,Account changes,Standard,Tier 3,Fin (Dashboard),WW,MENA,1,4,5
ACCOUNT MANAGEMENT & ACCESS,Account changes,Standard,Tier 3,Fin (Dashboard),WW,NORAM,0,1,1
ACCOUNT MANAGEMENT & ACCESS,Account changes,Standard,Tier 3,Other,Central Europe,EEA,3,0,3
ACCOUNT MANAGEMENT & ACCESS,Account changes,Standard,Tier 3,Other,GCR,APAC,1,0,1
ACCOUNT MANAGEMENT & ACCESS,Account changes,Standard,Tier 3,Other,Northern Europe,EEA,1,0,1
ACCOUNT MANAGEMENT & ACCESS,Account changes,Standard,Tier 3,Other,Southern Europe,EEA,1,0,1
ACCOUNT MANAGEMENT & ACCESS,Account changes,Standard,Tier 3,Other,UAE,MENA,12,0,12
ACCOUNT MANAGEMENT & ACCESS,Account changes,Standard,Tier 3,Other,UAE,Mauritius,1,0,1
ACCOUNT MANAGEMENT & ACCESS,Account changes,Standard,Tier 3,Other,UK,UK,4,0,4
ACCOUNT MANAGEMENT & ACCESS,Account changes,Standard,Tier 3,Other,Unknown,EEA,1,0,1
ACCOUNT MANAGEMENT & ACCESS,Account changes,Standard,Tier 3,Other,WW,MENA,1,0,1
ACCOUNT MANAGEMENT & ACCESS,Account changes,Standard,Tier 3,Webform & API,Crypto,Crypto,3,0,3
ACCOUNT MANAGEMENT & ACCESS,Account changes,Standard,Tier 3,Webform & API,EU,EEA,1,0,1
ACCOUNT MANAGEMENT & ACCESS,Account changes,Standard,Tier 3,Webform & API,GCR,APAC,1,0,1
ACCOUNT MANAGEMENT & ACCESS,Account changes,Standard,Tier 3,Webform & API,Issuing,EEA,3,0,3
ACCOUNT MANAGEMENT & ACCESS,Account changes,Standard,Tier 3,Webform & API,KSA,MENA,2,0,2
ACCOUNT MANAGEMENT & ACCESS,Account changes,Standard,Tier 3,Webform & API,NORAM,Israel,4,0,4
ACCOUNT MANAGEMENT & ACCESS,Account changes,Standard,Tier 3,Webform & API,NORAM,MENA,1,0,1
ACCOUNT MANAGEMENT & ACCESS,Account changes,Standard,Tier 3,Webform & API,NORAM,NORAM,4,0,4
ACCOUNT MANAGEMENT & ACCESS,Account changes,Standard,Tier 3,Webform & API,Northern Europe,EEA,2,0,2
ACCOUNT MANAGEMENT & ACCESS,Account changes,Standard,Tier 3,Webform & API,Singapore/ANZ,NORAM,2,0,2
ACCOUNT MANAGEMENT & ACCESS,Account changes,Standard,Tier 3,Webform & API,Southern Europe,EEA,1,0,1
ACCOUNT MANAGEMENT & ACCESS,Account changes,Standard,Tier 3,Webform & API,UAE,MENA,13,0,13
ACCOUNT MANAGEMENT & ACCESS,Account changes,Standard,Tier 3,Webform & API,UAE,Mauritius,10,0,10
ACCOUNT MANAGEMENT & ACCESS,Account changes,Standard,Tier 3,Webform & API,UAE,Unknown,2,0,2
ACCOUNT MANAGEMENT & ACCESS,Account changes,Standard,Tier 3,Webform & API,UK,NORAM,1,0,1
ACCOUNT MANAGEMENT & ACCESS,Account changes,Standard,Tier 3,Webform & API,UK,UK,3,0,3
ACCOUNT MANAGEMENT & ACCESS,Account changes,Standard,Tier 3,Webform & API,Ubble,EEA,1,0,1
ACCOUNT MANAGEMENT & ACCESS,Account changes,Standard,Tier 3,Webform & API,Unknown,EEA,2,0,2
ACCOUNT MANAGEMENT & ACCESS,Account changes,Standard,Tier 3,Webform & API,Unknown,NORAM,1,0,1
ACCOUNT MANAGEMENT & ACCESS,Account changes,Standard,Tier 3,Webform & API,Unknown,UK,1,0,1
ACCOUNT MANAGEMENT & ACCESS,Account changes,Standard,Tier 3,Webform & API,WW,MENA,1,0,1
ACCOUNT MANAGEMENT & ACCESS,Account changes,Standard,Tier 4,Email (Internal),GCR,APAC,3,0,3
ACCOUNT MANAGEMENT & ACCESS,Account changes,Standard,Tier 4,Email (Internal),KSA,MENA,1,0,1
ACCOUNT MANAGEMENT & ACCESS,Account changes,Standard,Tier 4,Email (Internal),Mauritius,Mauritius,7,0,7
ACCOUNT MANAGEMENT & ACCESS,Account changes,Standard,Tier 4,Email (Internal),NORAM,Mauritius,2,0,2
ACCOUNT MANAGEMENT & ACCESS,Account changes,Standard,Tier 4,Email (Internal),NORAM,NORAM,2,0,2
ACCOUNT MANAGEMENT & ACCESS,Account changes,Standard,Tier 4,Email (Internal),NORAM,UK,1,0,1
ACCOUNT MANAGEMENT & ACCESS,Account changes,Standard,Tier 4,Email (Internal),Singapore/ANZ,APAC,1,0,1
ACCOUNT MANAGEMENT & ACCESS,Account changes,Standard,Tier 4,Email (Internal),UAE,MENA,12,0,12
ACCOUNT MANAGEMENT & ACCESS,Account changes,Standard,Tier 4,Email (Internal),UK,Mauritius,7,0,7
ACCOUNT MANAGEMENT & ACCESS,Account changes,Standard,Tier 4,Email (Internal),UK,UK,3,0,3
ACCOUNT MANAGEMENT & ACCESS,Account changes,Standard,Tier 4,Email (Internal),Unknown,APAC,2,0,2
ACCOUNT MANAGEMENT & ACCESS,Account changes,Standard,Tier 4,Email (Internal),Unknown,Crypto,1,0,1
ACCOUNT MANAGEMENT & ACCESS,Account changes,Standard,Tier 4,Email (Internal),Unknown,EEA,2,0,2
ACCOUNT MANAGEMENT & ACCESS,Account changes,Standard,Tier 4,Email (Internal),Unknown,MENA,1,0,1
ACCOUNT MANAGEMENT & ACCESS,Account changes,Standard,Tier 4,Email (Internal),Unknown,Mauritius,1,0,1
ACCOUNT MANAGEMENT & ACCESS,Account changes,Standard,Tier 4,Email (Internal),Unknown,WW,1,0,1
ACCOUNT MANAGEMENT & ACCESS,Account changes,Standard,Tier 4,Email (Internal),WW,EEA,1,0,1
ACCOUNT MANAGEMENT & ACCESS,Account changes,Standard,Tier 4,Email (Internal),WW,WW,1,0,1
ACCOUNT MANAGEMENT & ACCESS,Account changes,Standard,Tier 4,Email (Merchant),Central Europe,EEA,5,0,5
ACCOUNT MANAGEMENT & ACCESS,Account changes,Standard,Tier 4,Email (Merchant),Central Europe,Mauritius,1,0,1
ACCOUNT MANAGEMENT & ACCESS,Account changes,Standard,Tier 4,Email (Merchant),Crypto,Crypto,6,0,6
ACCOUNT MANAGEMENT & ACCESS,Account changes,Standard,Tier 4,Email (Merchant),EU,EEA,1,0,1
ACCOUNT MANAGEMENT & ACCESS,Account changes,Standard,Tier 4,Email (Merchant),EU,UK,2,0,2
ACCOUNT MANAGEMENT & ACCESS,Account changes,Standard,Tier 4,Email (Merchant),GCR,APAC,7,0,7
ACCOUNT MANAGEMENT & ACCESS,Account changes,Standard,Tier 4,Email (Merchant),GCR,WW,3,0,3
ACCOUNT MANAGEMENT & ACCESS,Account changes,Standard,Tier 4,Email (Merchant),Issuing,Mauritius,2,0,2
ACCOUNT MANAGEMENT & ACCESS,Account changes,Standard,Tier 4,Email (Merchant),KSA,EEA,1,0,1
ACCOUNT MANAGEMENT & ACCESS,Account changes,Standard,Tier 4,Email (Merchant),KSA,MENA,2,0,2
ACCOUNT MANAGEMENT & ACCESS,Account changes,Standard,Tier 4,Email (Merchant),Mauritius,Mauritius,4,0,4
ACCOUNT MANAGEMENT & ACCESS,Account changes,Standard,Tier 4,Email (Merchant),NORAM,Mauritius,6,0,6
ACCOUNT MANAGEMENT & ACCESS,Account changes,Standard,Tier 4,Email (Merchant),NORAM,NORAM,4,0,4
ACCOUNT MANAGEMENT & ACCESS,Account changes,Standard,Tier 4,Email (Merchant),NORAM,UK,1,0,1
ACCOUNT MANAGEMENT & ACCESS,Account changes,Standard,Tier 4,Email (Merchant),Northern Europe,Mauritius,1,0,1
ACCOUNT MANAGEMENT & ACCESS,Account changes,Standard,Tier 4,Email (Merchant),UAE,MENA,44,0,44
ACCOUNT MANAGEMENT & ACCESS,Account changes,Standard,Tier 4,Email (Merchant),UK,APAC,1,0,1
ACCOUNT MANAGEMENT & ACCESS,Account changes,Standard,Tier 4,Email (Merchant),UK,Mauritius,3,0,3
ACCOUNT MANAGEMENT & ACCESS,Account changes,Standard,Tier 4,Email (Merchant),UK,UK,18,0,18
ACCOUNT MANAGEMENT & ACCESS,Account changes,Standard,Tier 4,Email (Merchant),Unknown,APAC,13,0,13
ACCOUNT MANAGEMENT & ACCESS,Account changes,Standard,Tier 4,Email (Merchant),Unknown,Crypto,5,0,5
ACCOUNT MANAGEMENT & ACCESS,Account changes,Standard,Tier 4,Email (Merchant),Unknown,EEA,3,0,3
ACCOUNT MANAGEMENT & ACCESS,Account changes,Standard,Tier 4,Email (Merchant),Unknown,MENA,6,0,6
ACCOUNT MANAGEMENT & ACCESS,Account changes,Standard,Tier 4,Email (Merchant),Unknown,NORAM,1,0,1
ACCOUNT MANAGEMENT & ACCESS,Account changes,Standard,Tier 4,Email (Merchant),Unknown,UK,3,0,3
ACCOUNT MANAGEMENT & ACCESS,Account changes,Standard,Tier 4,Email (Merchant),WW,EEA,3,0,3
ACCOUNT MANAGEMENT & ACCESS,Account changes,Standard,Tier 4,Email (Merchant),WW,MENA,1,0,1
ACCOUNT MANAGEMENT & ACCESS,Account changes,Standard,Tier 4,Email (Merchant),WW,Mauritius,1,0,1
ACCOUNT MANAGEMENT & ACCESS,Account changes,Standard,Tier 4,Email (Merchant),WW,WW,6,0,6
ACCOUNT MANAGEMENT & ACCESS,Account changes,Standard,Tier 4,Fin (Dashboard),Central Europe,EEA,0,3,3
ACCOUNT MANAGEMENT & ACCESS,Account changes,Standard,Tier 4,Fin (Dashboard),Central Europe,Mauritius,1,1,2
ACCOUNT MANAGEMENT & ACCESS,Account changes,Standard,Tier 4,Fin (Dashboard),Crypto,APAC,0,2,2
ACCOUNT MANAGEMENT & ACCESS,Account changes,Standard,Tier 4,Fin (Dashboard),Crypto,Crypto,0,2,2
ACCOUNT MANAGEMENT & ACCESS,Account changes,Standard,Tier 4,Fin (Dashboard),EU,EEA,0,2,2
ACCOUNT MANAGEMENT & ACCESS,Account changes,Standard,Tier 4,Fin (Dashboard),EU,UK,0,1,1
ACCOUNT MANAGEMENT & ACCESS,Account changes,Standard,Tier 4,Fin (Dashboard),GCR,APAC,1,3,4
ACCOUNT MANAGEMENT & ACCESS,Account changes,Standard,Tier 4,Fin (Dashboard),Issuing,Mauritius,1,2,3
ACCOUNT MANAGEMENT & ACCESS,Account changes,Standard,Tier 4,Fin (Dashboard),Issuing,UK,0,2,2
ACCOUNT MANAGEMENT & ACCESS,Account changes,Standard,Tier 4,Fin (Dashboard),Issuing,Unknown,0,3,3
ACCOUNT MANAGEMENT & ACCESS,Account changes,Standard,Tier 4,Fin (Dashboard),KSA,EEA,0,1,1
ACCOUNT MANAGEMENT & ACCESS,Account changes,Standard,Tier 4,Fin (Dashboard),KSA,MENA,0,1,1
ACCOUNT MANAGEMENT & ACCESS,Account changes,Standard,Tier 4,Fin (Dashboard),Mauritius,Mauritius,0,6,6
ACCOUNT MANAGEMENT & ACCESS,Account changes,Standard,Tier 4,Fin (Dashboard),NORAM,APAC,0,1,1
ACCOUNT MANAGEMENT & ACCESS,Account changes,Standard,Tier 4,Fin (Dashboard),NORAM,Mauritius,0,1,1
ACCOUNT MANAGEMENT & ACCESS,Account changes,Standard,Tier 4,Fin (Dashboard),NORAM,NORAM,3,6,9
ACCOUNT MANAGEMENT & ACCESS,Account changes,Standard,Tier 4,Fin (Dashboard),NORAM,UK,1,0,1
ACCOUNT MANAGEMENT & ACCESS,Account changes,Standard,Tier 4,Fin (Dashboard),Northern Europe,EEA,0,1,1
ACCOUNT MANAGEMENT & ACCESS,Account changes,Standard,Tier 4,Fin (Dashboard),Singapore/ANZ,APAC,0,2,2
ACCOUNT MANAGEMENT & ACCESS,Account changes,Standard,Tier 4,Fin (Dashboard),Southern Europe,EEA,0,1,1
ACCOUNT MANAGEMENT & ACCESS,Account changes,Standard,Tier 4,Fin (Dashboard),UAE,MENA,1,34,35
ACCOUNT MANAGEMENT & ACCESS,Account changes,Standard,Tier 4,Fin (Dashboard),UK,APAC,1,0,1
ACCOUNT MANAGEMENT & ACCESS,Account changes,Standard,Tier 4,Fin (Dashboard),UK,Mauritius,0,1,1
ACCOUNT MANAGEMENT & ACCESS,Account changes,Standard,Tier 4,Fin (Dashboard),UK,UK,0,8,8
ACCOUNT MANAGEMENT & ACCESS,Account changes,Standard,Tier 4,Fin (Dashboard),Unknown,APAC,0,4,4
ACCOUNT MANAGEMENT & ACCESS,Account changes,Standard,Tier 4,Fin (Dashboard),Unknown,Crypto,0,9,9
ACCOUNT MANAGEMENT & ACCESS,Account changes,Standard,Tier 4,Fin (Dashboard),Unknown,EEA,2,6,8
ACCOUNT MANAGEMENT & ACCESS,Account changes,Standard,Tier 4,Fin (Dashboard),Unknown,MENA,2,7,9
ACCOUNT MANAGEMENT & ACCESS,Account changes,Standard,Tier 4,Fin (Dashboard),Unknown,Mauritius,0,1,1
ACCOUNT MANAGEMENT & ACCESS,Account changes,Standard,Tier 4,Fin (Dashboard),Unknown,NORAM,0,5,5
ACCOUNT MANAGEMENT & ACCESS,Account changes,Standard,Tier 4,Fin (Dashboard),Unknown,UK,0,3,3
ACCOUNT MANAGEMENT & ACCESS,Account changes,Standard,Tier 4,Fin (Dashboard),Unknown,Unknown,0,1,1
ACCOUNT MANAGEMENT & ACCESS,Account changes,Standard,Tier 4,Fin (Dashboard),WW,EEA,0,4,4
ACCOUNT MANAGEMENT & ACCESS,Account changes,Standard,Tier 4,Fin (Dashboard),WW,MENA,0,2,2
ACCOUNT MANAGEMENT & ACCESS,Account changes,Standard,Tier 4,Fin (Dashboard),WW,UK,1,1,2
ACCOUNT MANAGEMENT & ACCESS,Account changes,Standard,Tier 4,Fin (Dashboard),WW,WW,0,4,4
ACCOUNT MANAGEMENT & ACCESS,Account changes,Standard,Tier 4,Other,Central Europe,EEA,3,0,3
ACCOUNT MANAGEMENT & ACCESS,Account changes,Standard,Tier 4,Other,Central Europe,Mauritius,3,0,3
ACCOUNT MANAGEMENT & ACCESS,Account changes,Standard,Tier 4,Other,Crypto,Crypto,2,0,2
ACCOUNT MANAGEMENT & ACCESS,Account changes,Standard,Tier 4,Other,EU,Mauritius,1,0,1
ACCOUNT MANAGEMENT & ACCESS,Account changes,Standard,Tier 4,Other,EU,UK,1,0,1
ACCOUNT MANAGEMENT & ACCESS,Account changes,Standard,Tier 4,Other,GCR,APAC,7,0,7
ACCOUNT MANAGEMENT & ACCESS,Account changes,Standard,Tier 4,Other,Issuing,Mauritius,2,0,2
ACCOUNT MANAGEMENT & ACCESS,Account changes,Standard,Tier 4,Other,Issuing,UK,1,0,1
ACCOUNT MANAGEMENT & ACCESS,Account changes,Standard,Tier 4,Other,Mauritius,Mauritius,8,0,8
ACCOUNT MANAGEMENT & ACCESS,Account changes,Standard,Tier 4,Other,NORAM,APAC,1,0,1
ACCOUNT MANAGEMENT & ACCESS,Account changes,Standard,Tier 4,Other,NORAM,Mauritius,3,0,3
ACCOUNT MANAGEMENT & ACCESS,Account changes,Standard,Tier 4,Other,NORAM,NORAM,2,0,2
ACCOUNT MANAGEMENT & ACCESS,Account changes,Standard,Tier 4,Other,NORAM,UK,4,0,4
ACCOUNT MANAGEMENT & ACCESS,Account changes,Standard,Tier 4,Other,Singapore/ANZ,APAC,2,0,2
ACCOUNT MANAGEMENT & ACCESS,Account changes,Standard,Tier 4,Other,Singapore/ANZ,NORAM,2,0,2
ACCOUNT MANAGEMENT & ACCESS,Account changes,Standard,Tier 4,Other,UAE,MENA,50,0,50
ACCOUNT MANAGEMENT & ACCESS,Account changes,Standard,Tier 4,Other,UK,APAC,1,0,1
ACCOUNT MANAGEMENT & ACCESS,Account changes,Standard,Tier 4,Other,UK,UK,14,0,14
ACCOUNT MANAGEMENT & ACCESS,Account changes,Standard,Tier 4,Other,Unknown,APAC,7,0,7
ACCOUNT MANAGEMENT & ACCESS,Account changes,Standard,Tier 4,Other,Unknown,Crypto,3,0,3
ACCOUNT MANAGEMENT & ACCESS,Account changes,Standard,Tier 4,Other,Unknown,EEA,1,0,1
ACCOUNT MANAGEMENT & ACCESS,Account changes,Standard,Tier 4,Other,Unknown,MENA,7,0,7
ACCOUNT MANAGEMENT & ACCESS,Account changes,Standard,Tier 4,Other,Unknown,NORAM,2,0,2
ACCOUNT MANAGEMENT & ACCESS,Account changes,Standard,Tier 4,Other,Unknown,UK,5,0,5
ACCOUNT MANAGEMENT & ACCESS,Account changes,Standard,Tier 4,Other,Unknown,WW,1,0,1
ACCOUNT MANAGEMENT & ACCESS,Account changes,Standard,Tier 4,Other,WW,EEA,2,0,2
ACCOUNT MANAGEMENT & ACCESS,Account changes,Standard,Tier 4,Other,WW,MENA,3,0,3
ACCOUNT MANAGEMENT & ACCESS,Account changes,Standard,Tier 4,Other,WW,WW,3,0,3
ACCOUNT MANAGEMENT & ACCESS,Account changes,Standard,Tier 4,Webform & API,Central Europe,EEA,8,0,8
ACCOUNT MANAGEMENT & ACCESS,Account changes,Standard,Tier 4,Webform & API,Crypto,Crypto,6,0,6
ACCOUNT MANAGEMENT & ACCESS,Account changes,Standard,Tier 4,Webform & API,EU,EEA,7,0,7
ACCOUNT MANAGEMENT & ACCESS,Account changes,Standard,Tier 4,Webform & API,EU,UK,1,0,1
ACCOUNT MANAGEMENT & ACCESS,Account changes,Standard,Tier 4,Webform & API,GCR,APAC,3,0,3
ACCOUNT MANAGEMENT & ACCESS,Account changes,Standard,Tier 4,Webform & API,Issuing,Mauritius,2,0,2
ACCOUNT MANAGEMENT & ACCESS,Account changes,Standard,Tier 4,Webform & API,Issuing,UK,2,0,2
ACCOUNT MANAGEMENT & ACCESS,Account changes,Standard,Tier 4,Webform & API,Issuing,Unknown,1,0,1
ACCOUNT MANAGEMENT & ACCESS,Account changes,Standard,Tier 4,Webform & API,KSA,EEA,3,0,3
ACCOUNT MANAGEMENT & ACCESS,Account changes,Standard,Tier 4,Webform & API,KSA,MENA,5,0,5
ACCOUNT MANAGEMENT & ACCESS,Account changes,Standard,Tier 4,Webform & API,Mauritius,Mauritius,7,0,7
ACCOUNT MANAGEMENT & ACCESS,Account changes,Standard,Tier 4,Webform & API,NORAM,Mauritius,8,0,8
ACCOUNT MANAGEMENT & ACCESS,Account changes,Standard,Tier 4,Webform & API,NORAM,NORAM,15,0,15
ACCOUNT MANAGEMENT & ACCESS,Account changes,Standard,Tier 4,Webform & API,NORAM,UK,8,0,8
ACCOUNT MANAGEMENT & ACCESS,Account changes,Standard,Tier 4,Webform & API,Singapore/ANZ,APAC,2,0,2
ACCOUNT MANAGEMENT & ACCESS,Account changes,Standard,Tier 4,Webform & API,Singapore/ANZ,NORAM,2,0,2
ACCOUNT MANAGEMENT & ACCESS,Account changes,Standard,Tier 4,Webform & API,Southern Europe,EEA,5,0,5
ACCOUNT MANAGEMENT & ACCESS,Account changes,Standard,Tier 4,Webform & API,UAE,MENA,52,0,52
ACCOUNT MANAGEMENT & ACCESS,Account changes,Standard,Tier 4,Webform & API,UAE,Mauritius,1,0,1
ACCOUNT MANAGEMENT & ACCESS,Account changes,Standard,Tier 4,Webform & API,UK,Mauritius,5,0,5
ACCOUNT MANAGEMENT & ACCESS,Account changes,Standard,Tier 4,Webform & API,UK,UK,25,0,25
ACCOUNT MANAGEMENT & ACCESS,Account changes,Standard,Tier 4,Webform & API,Unknown,APAC,12,0,12
ACCOUNT MANAGEMENT & ACCESS,Account changes,Standard,Tier 4,Webform & API,Unknown,Crypto,12,0,12
ACCOUNT MANAGEMENT & ACCESS,Account changes,Standard,Tier 4,Webform & API,Unknown,EEA,6,0,6
ACCOUNT MANAGEMENT & ACCESS,Account changes,Standard,Tier 4,Webform & API,Unknown,MENA,12,0,12
ACCOUNT MANAGEMENT & ACCESS,Account changes,Standard,Tier 4,Webform & API,Unknown,Mauritius,3,0,3
ACCOUNT MANAGEMENT & ACCESS,Account changes,Standard,Tier 4,Webform & API,Unknown,NORAM,3,0,3
ACCOUNT MANAGEMENT & ACCESS,Account changes,Standard,Tier 4,Webform & API,Unknown,UK,3,0,3
ACCOUNT MANAGEMENT & ACCESS,Account changes,Standard,Tier 4,Webform & API,Unknown,Unknown,2,0,2
ACCOUNT MANAGEMENT & ACCESS,Account changes,Standard,Tier 4,Webform & API,WW,EEA,3,0,3
ACCOUNT MANAGEMENT & ACCESS,Account changes,Standard,Tier 4,Webform & API,WW,MENA,4,0,4
ACCOUNT MANAGEMENT & ACCESS,Account changes,Standard,Tier 4,Webform & API,WW,Mauritius,1,0,1
ACCOUNT MANAGEMENT & ACCESS,Account changes,Standard,Tier 4,Webform & API,WW,UK,2,0,2
ACCOUNT MANAGEMENT & ACCESS,Account changes,Standard,Tier 4,Webform & API,WW,WW,11,0,11
ACCOUNT MANAGEMENT & ACCESS,Account changes,Standard,Unknown,Email (Internal),Mauritius,Mauritius,1,0,1
ACCOUNT MANAGEMENT & ACCESS,Account changes,Standard,Unknown,Email (Internal),Northern Europe,EEA,1,0,1
ACCOUNT MANAGEMENT & ACCESS,Account changes,Standard,Unknown,Email (Merchant),Northern Europe,EEA,1,0,1
ACCOUNT MANAGEMENT & ACCESS,Account changes,Standard,Unknown,Fin (Dashboard),UK,UK,0,1,1
ACCOUNT MANAGEMENT & ACCESS,Account changes,Standard,Unknown,Other,Unknown,Unknown,1,0,1
ACCOUNT MANAGEMENT & ACCESS,Account changes,Unmapped,Unknown,Email (Internal),Unknown,Unknown,44,0,44
ACCOUNT MANAGEMENT & ACCESS,Account changes,Unmapped,Unknown,Email (Merchant),Unknown,Unknown,112,0,112
ACCOUNT MANAGEMENT & ACCESS,Account changes,Unmapped,Unknown,Fin (Dashboard),Unknown,Unknown,9,21,30
ACCOUNT MANAGEMENT & ACCESS,Account changes,Unmapped,Unknown,Other,Unknown,Unknown,78,0,78
ACCOUNT MANAGEMENT & ACCESS,Account changes,Unmapped,Unknown,Webform & API,Unknown,Unknown,38,0,38
ACCOUNT MANAGEMENT & ACCESS,Login & Access,Enterprise,Tier 1,Email (Internal),Crypto,Crypto,2,0,2
ACCOUNT MANAGEMENT & ACCESS,Login & Access,Enterprise,Tier 1,Email (Internal),NORAM,Crypto,1,0,1
ACCOUNT MANAGEMENT & ACCESS,Login & Access,Enterprise,Tier 1,Email (Internal),NORAM,UK,1,0,1
ACCOUNT MANAGEMENT & ACCESS,Login & Access,Enterprise,Tier 1,Email (Internal),Singapore/ANZ,APAC,1,0,1
ACCOUNT MANAGEMENT & ACCESS,Login & Access,Enterprise,Tier 1,Email (Internal),UAE,MENA,4,0,4
ACCOUNT MANAGEMENT & ACCESS,Login & Access,Enterprise,Tier 1,Email (Internal),UK,UK,2,0,2
ACCOUNT MANAGEMENT & ACCESS,Login & Access,Enterprise,Tier 1,Email (Merchant),Central Europe,EEA,1,0,1
ACCOUNT MANAGEMENT & ACCESS,Login & Access,Enterprise,Tier 1,Email (Merchant),Crypto,Crypto,8,0,8
ACCOUNT MANAGEMENT & ACCESS,Login & Access,Enterprise,Tier 1,Email (Merchant),Crypto,EEA,1,0,1
ACCOUNT MANAGEMENT & ACCESS,Login & Access,Enterprise,Tier 1,Email (Merchant),GCR,APAC,1,0,1
ACCOUNT MANAGEMENT & ACCESS,Login & Access,Enterprise,Tier 1,Email (Merchant),NORAM,Crypto,3,0,3
ACCOUNT MANAGEMENT & ACCESS,Login & Access,Enterprise,Tier 1,Email (Merchant),NORAM,UK,1,0,1
ACCOUNT MANAGEMENT & ACCESS,Login & Access,Enterprise,Tier 1,Email (Merchant),Northern Europe,EEA,1,0,1
ACCOUNT MANAGEMENT & ACCESS,Login & Access,Enterprise,Tier 1,Email (Merchant),Singapore/ANZ,APAC,1,0,1
ACCOUNT MANAGEMENT & ACCESS,Login & Access,Enterprise,Tier 1,Email (Merchant),UAE,MENA,26,0,26
ACCOUNT MANAGEMENT & ACCESS,Login & Access,Enterprise,Tier 1,Email (Merchant),UK,Crypto,2,0,2
ACCOUNT MANAGEMENT & ACCESS,Login & Access,Enterprise,Tier 1,Email (Merchant),UK,UK,17,0,17
ACCOUNT MANAGEMENT & ACCESS,Login & Access,Enterprise,Tier 1,Email (Merchant),Unknown,NORAM,2,0,2
ACCOUNT MANAGEMENT & ACCESS,Login & Access,Enterprise,Tier 1,Email (Merchant),Unknown,UK,2,0,2
ACCOUNT MANAGEMENT & ACCESS,Login & Access,Enterprise,Tier 1,Email (Merchant),WW,UK,3,0,3
ACCOUNT MANAGEMENT & ACCESS,Login & Access,Enterprise,Tier 1,Fin (Dashboard),Crypto,Crypto,0,2,2
ACCOUNT MANAGEMENT & ACCESS,Login & Access,Enterprise,Tier 1,Fin (Dashboard),GCR,APAC,0,2,2
ACCOUNT MANAGEMENT & ACCESS,Login & Access,Enterprise,Tier 1,Fin (Dashboard),Northern Europe,EEA,0,1,1
ACCOUNT MANAGEMENT & ACCESS,Login & Access,Enterprise,Tier 1,Fin (Dashboard),Southern Europe,EEA,0,2,2
ACCOUNT MANAGEMENT & ACCESS,Login & Access,Enterprise,Tier 1,Fin (Dashboard),UK,UK,0,1,1
ACCOUNT MANAGEMENT & ACCESS,Login & Access,Enterprise,Tier 1,Fin (Dashboard),Unknown,NORAM,0,3,3
ACCOUNT MANAGEMENT & ACCESS,Login & Access,Enterprise,Tier 1,Fin (Dashboard),WW,MENA,1,0,1
ACCOUNT MANAGEMENT & ACCESS,Login & Access,Enterprise,Tier 1,Fin (Dashboard),WW,UK,0,1,1
ACCOUNT MANAGEMENT & ACCESS,Login & Access,Enterprise,Tier 1,Other,Crypto,Crypto,7,0,7
ACCOUNT MANAGEMENT & ACCESS,Login & Access,Enterprise,Tier 1,Other,NORAM,Crypto,2,0,2
ACCOUNT MANAGEMENT & ACCESS,Login & Access,Enterprise,Tier 1,Other,NORAM,NORAM,2,0,2
ACCOUNT MANAGEMENT & ACCESS,Login & Access,Enterprise,Tier 1,Other,NORAM,UK,3,0,3
ACCOUNT MANAGEMENT & ACCESS,Login & Access,Enterprise,Tier 1,Other,Singapore/ANZ,APAC,1,0,1
ACCOUNT MANAGEMENT & ACCESS,Login & Access,Enterprise,Tier 1,Other,UAE,MENA,26,0,26
ACCOUNT MANAGEMENT & ACCESS,Login & Access,Enterprise,Tier 1,Other,UK,APAC,1,0,1
ACCOUNT MANAGEMENT & ACCESS,Login & Access,Enterprise,Tier 1,Other,UK,UK,6,0,6
ACCOUNT MANAGEMENT & ACCESS,Login & Access,Enterprise,Tier 1,Other,Unknown,Crypto,2,0,2
ACCOUNT MANAGEMENT & ACCESS,Login & Access,Enterprise,Tier 1,Other,WW,MENA,1,0,1
ACCOUNT MANAGEMENT & ACCESS,Login & Access,Enterprise,Tier 1,Webform & API,Crypto,Crypto,2,0,2
ACCOUNT MANAGEMENT & ACCESS,Login & Access,Enterprise,Tier 1,Webform & API,Crypto,EEA,1,0,1
ACCOUNT MANAGEMENT & ACCESS,Login & Access,Enterprise,Tier 1,Webform & API,GCR,APAC,1,0,1
ACCOUNT MANAGEMENT & ACCESS,Login & Access,Enterprise,Tier 1,Webform & API,NORAM,Crypto,3,0,3
ACCOUNT MANAGEMENT & ACCESS,Login & Access,Enterprise,Tier 1,Webform & API,NORAM,NORAM,1,0,1
ACCOUNT MANAGEMENT & ACCESS,Login & Access,Enterprise,Tier 1,Webform & API,UAE,MENA,1,0,1
ACCOUNT MANAGEMENT & ACCESS,Login & Access,Enterprise,Tier 1,Webform & API,UK,APAC,1,0,1
ACCOUNT MANAGEMENT & ACCESS,Login & Access,Enterprise,Tier 1,Webform & API,UK,UK,4,0,4
ACCOUNT MANAGEMENT & ACCESS,Login & Access,Enterprise,Tier 1,Webform & API,Unknown,NORAM,1,0,1
ACCOUNT MANAGEMENT & ACCESS,Login & Access,Enterprise,Tier 1,Webform & API,WW,UK,1,0,1
ACCOUNT MANAGEMENT & ACCESS,Login & Access,Enterprise,Tier 2,Email (Internal),Central Europe,EEA,2,0,2
ACCOUNT MANAGEMENT & ACCESS,Login & Access,Enterprise,Tier 2,Email (Internal),Crypto,Crypto,1,0,1
ACCOUNT MANAGEMENT & ACCESS,Login & Access,Enterprise,Tier 2,Email (Internal),EU,EEA,1,0,1
ACCOUNT MANAGEMENT & ACCESS,Login & Access,Enterprise,Tier 2,Email (Internal),NORAM,Crypto,2,0,2
ACCOUNT MANAGEMENT & ACCESS,Login & Access,Enterprise,Tier 2,Email (Internal),NORAM,Israel,1,0,1
ACCOUNT MANAGEMENT & ACCESS,Login & Access,Enterprise,Tier 2,Email (Internal),NORAM,NORAM,2,0,2
ACCOUNT MANAGEMENT & ACCESS,Login & Access,Enterprise,Tier 2,Email (Internal),Singapore/ANZ,APAC,1,0,1
ACCOUNT MANAGEMENT & ACCESS,Login & Access,Enterprise,Tier 2,Email (Internal),Southern Europe,EEA,2,0,2
ACCOUNT MANAGEMENT & ACCESS,Login & Access,Enterprise,Tier 2,Email (Internal),UAE,MENA,8,0,8
ACCOUNT MANAGEMENT & ACCESS,Login & Access,Enterprise,Tier 2,Email (Internal),UK,UK,2,0,2
ACCOUNT MANAGEMENT & ACCESS,Login & Access,Enterprise,Tier 2,Email (Internal),Unknown,NORAM,1,0,1
ACCOUNT MANAGEMENT & ACCESS,Login & Access,Enterprise,Tier 2,Email (Merchant),Central Europe,EEA,4,0,4
ACCOUNT MANAGEMENT & ACCESS,Login & Access,Enterprise,Tier 2,Email (Merchant),Crypto,Crypto,8,0,8
ACCOUNT MANAGEMENT & ACCESS,Login & Access,Enterprise,Tier 2,Email (Merchant),EU,EEA,1,0,1
ACCOUNT MANAGEMENT & ACCESS,Login & Access,Enterprise,Tier 2,Email (Merchant),GCR,APAC,1,0,1
ACCOUNT MANAGEMENT & ACCESS,Login & Access,Enterprise,Tier 2,Email (Merchant),KSA,EEA,1,0,1
ACCOUNT MANAGEMENT & ACCESS,Login & Access,Enterprise,Tier 2,Email (Merchant),NORAM,Crypto,3,0,3
ACCOUNT MANAGEMENT & ACCESS,Login & Access,Enterprise,Tier 2,Email (Merchant),NORAM,EEA,1,0,1
ACCOUNT MANAGEMENT & ACCESS,Login & Access,Enterprise,Tier 2,Email (Merchant),NORAM,NORAM,3,0,3
ACCOUNT MANAGEMENT & ACCESS,Login & Access,Enterprise,Tier 2,Email (Merchant),NORAM,UK,7,0,7
ACCOUNT MANAGEMENT & ACCESS,Login & Access,Enterprise,Tier 2,Email (Merchant),SAT,SAT,1,0,1
ACCOUNT MANAGEMENT & ACCESS,Login & Access,Enterprise,Tier 2,Email (Merchant),Singapore/ANZ,APAC,3,0,3
ACCOUNT MANAGEMENT & ACCESS,Login & Access,Enterprise,Tier 2,Email (Merchant),Southern Europe,EEA,1,0,1
ACCOUNT MANAGEMENT & ACCESS,Login & Access,Enterprise,Tier 2,Email (Merchant),UAE,MENA,29,0,29
ACCOUNT MANAGEMENT & ACCESS,Login & Access,Enterprise,Tier 2,Email (Merchant),UK,EEA,2,0,2
ACCOUNT MANAGEMENT & ACCESS,Login & Access,Enterprise,Tier 2,Email (Merchant),UK,UK,14,0,14
ACCOUNT MANAGEMENT & ACCESS,Login & Access,Enterprise,Tier 2,Email (Merchant),Unknown,MENA,4,0,4
ACCOUNT MANAGEMENT & ACCESS,Login & Access,Enterprise,Tier 2,Email (Merchant),Unknown,NORAM,6,0,6
ACCOUNT MANAGEMENT & ACCESS,Login & Access,Enterprise,Tier 2,Email (Merchant),WW,EEA,1,0,1
ACCOUNT MANAGEMENT & ACCESS,Login & Access,Enterprise,Tier 2,Email (Merchant),WW,MENA,1,0,1
ACCOUNT MANAGEMENT & ACCESS,Login & Access,Enterprise,Tier 2,Fin (Dashboard),Central Europe,EEA,0,2,2
ACCOUNT MANAGEMENT & ACCESS,Login & Access,Enterprise,Tier 2,Fin (Dashboard),Crypto,Crypto,2,1,3
ACCOUNT MANAGEMENT & ACCESS,Login & Access,Enterprise,Tier 2,Fin (Dashboard),GCR,APAC,1,0,1
ACCOUNT MANAGEMENT & ACCESS,Login & Access,Enterprise,Tier 2,Fin (Dashboard),NORAM,Crypto,1,1,2
ACCOUNT MANAGEMENT & ACCESS,Login & Access,Enterprise,Tier 2,Fin (Dashboard),NORAM,EEA,1,4,5
ACCOUNT MANAGEMENT & ACCESS,Login & Access,Enterprise,Tier 2,Fin (Dashboard),NORAM,NORAM,0,1,1
ACCOUNT MANAGEMENT & ACCESS,Login & Access,Enterprise,Tier 2,Fin (Dashboard),NORAM,UK,0,1,1
ACCOUNT MANAGEMENT & ACCESS,Login & Access,Enterprise,Tier 2,Fin (Dashboard),NORAM,Unknown,0,1,1
ACCOUNT MANAGEMENT & ACCESS,Login & Access,Enterprise,Tier 2,Fin (Dashboard),Northern Europe,EEA,0,3,3
ACCOUNT MANAGEMENT & ACCESS,Login & Access,Enterprise,Tier 2,Fin (Dashboard),Southern Europe,EEA,0,1,1
ACCOUNT MANAGEMENT & ACCESS,Login & Access,Enterprise,Tier 2,Fin (Dashboard),UAE,MENA,0,10,10
ACCOUNT MANAGEMENT & ACCESS,Login & Access,Enterprise,Tier 2,Fin (Dashboard),UK,UK,1,1,2
ACCOUNT MANAGEMENT & ACCESS,Login & Access,Enterprise,Tier 2,Fin (Dashboard),Unknown,NORAM,0,1,1
ACCOUNT MANAGEMENT & ACCESS,Login & Access,Enterprise,Tier 2,Other,Central Europe,EEA,2,0,2
ACCOUNT MANAGEMENT & ACCESS,Login & Access,Enterprise,Tier 2,Other,Crypto,Crypto,9,0,9
ACCOUNT MANAGEMENT & ACCESS,Login & Access,Enterprise,Tier 2,Other,GCR,APAC,1,0,1
ACCOUNT MANAGEMENT & ACCESS,Login & Access,Enterprise,Tier 2,Other,KSA,MENA,1,0,1
ACCOUNT MANAGEMENT & ACCESS,Login & Access,Enterprise,Tier 2,Other,NORAM,NORAM,1,0,1
ACCOUNT MANAGEMENT & ACCESS,Login & Access,Enterprise,Tier 2,Other,NORAM,UK,6,0,6
ACCOUNT MANAGEMENT & ACCESS,Login & Access,Enterprise,Tier 2,Other,Northern Europe,EEA,1,0,1
ACCOUNT MANAGEMENT & ACCESS,Login & Access,Enterprise,Tier 2,Other,Singapore/ANZ,APAC,1,0,1
ACCOUNT MANAGEMENT & ACCESS,Login & Access,Enterprise,Tier 2,Other,Southern Europe,EEA,4,0,4
ACCOUNT MANAGEMENT & ACCESS,Login & Access,Enterprise,Tier 2,Other,UAE,MENA,29,0,29
ACCOUNT MANAGEMENT & ACCESS,Login & Access,Enterprise,Tier 2,Other,UK,EEA,6,0,6
ACCOUNT MANAGEMENT & ACCESS,Login & Access,Enterprise,Tier 2,Other,UK,UK,11,0,11
ACCOUNT MANAGEMENT & ACCESS,Login & Access,Enterprise,Tier 2,Other,Unknown,EEA,1,0,1
ACCOUNT MANAGEMENT & ACCESS,Login & Access,Enterprise,Tier 2,Other,Unknown,MENA,2,0,2
ACCOUNT MANAGEMENT & ACCESS,Login & Access,Enterprise,Tier 2,Other,Unknown,NORAM,1,0,1
ACCOUNT MANAGEMENT & ACCESS,Login & Access,Enterprise,Tier 2,Other,Unknown,UK,1,0,1
ACCOUNT MANAGEMENT & ACCESS,Login & Access,Enterprise,Tier 2,Other,WW,EEA,1,0,1
ACCOUNT MANAGEMENT & ACCESS,Login & Access,Enterprise,Tier 2,Other,WW,MENA,1,0,1
ACCOUNT MANAGEMENT & ACCESS,Login & Access,Enterprise,Tier 2,Webform & API,Central Europe,EEA,1,0,1
ACCOUNT MANAGEMENT & ACCESS,Login & Access,Enterprise,Tier 2,Webform & API,Crypto,Crypto,5,0,5
ACCOUNT MANAGEMENT & ACCESS,Login & Access,Enterprise,Tier 2,Webform & API,GCR,APAC,1,0,1
ACCOUNT MANAGEMENT & ACCESS,Login & Access,Enterprise,Tier 2,Webform & API,Issuing,UK,1,0,1
ACCOUNT MANAGEMENT & ACCESS,Login & Access,Enterprise,Tier 2,Webform & API,NORAM,EEA,1,0,1
ACCOUNT MANAGEMENT & ACCESS,Login & Access,Enterprise,Tier 2,Webform & API,NORAM,NORAM,2,0,2
ACCOUNT MANAGEMENT & ACCESS,Login & Access,Enterprise,Tier 2,Webform & API,NORAM,UK,2,0,2
ACCOUNT MANAGEMENT & ACCESS,Login & Access,Enterprise,Tier 2,Webform & API,UAE,MENA,5,0,5
ACCOUNT MANAGEMENT & ACCESS,Login & Access,Enterprise,Tier 2,Webform & API,UK,EEA,1,0,1
ACCOUNT MANAGEMENT & ACCESS,Login & Access,Enterprise,Tier 2,Webform & API,UK,UK,5,0,5
ACCOUNT MANAGEMENT & ACCESS,Login & Access,Enterprise,Tier 2,Webform & API,Unknown,NORAM,2,0,2
ACCOUNT MANAGEMENT & ACCESS,Login & Access,Enterprise,Tier 2,Webform & API,WW,EEA,2,0,2
ACCOUNT MANAGEMENT & ACCESS,Login & Access,Enterprise,Tier 3,Email (Internal),Central Europe,EEA,1,0,1
ACCOUNT MANAGEMENT & ACCESS,Login & Access,Enterprise,Tier 3,Email (Internal),GCR,APAC,1,0,1
ACCOUNT MANAGEMENT & ACCESS,Login & Access,Enterprise,Tier 3,Email (Internal),Northern Europe,EEA,1,0,1
ACCOUNT MANAGEMENT & ACCESS,Login & Access,Enterprise,Tier 3,Email (Internal),UAE,MENA,1,0,1
ACCOUNT MANAGEMENT & ACCESS,Login & Access,Enterprise,Tier 3,Email (Internal),WW,EEA,1,0,1
ACCOUNT MANAGEMENT & ACCESS,Login & Access,Enterprise,Tier 3,Email (Merchant),Central Europe,EEA,3,0,3
ACCOUNT MANAGEMENT & ACCESS,Login & Access,Enterprise,Tier 3,Email (Merchant),GCR,APAC,1,0,1
ACCOUNT MANAGEMENT & ACCESS,Login & Access,Enterprise,Tier 3,Email (Merchant),NORAM,MENA,1,0,1
ACCOUNT MANAGEMENT & ACCESS,Login & Access,Enterprise,Tier 3,Email (Merchant),UAE,MENA,8,0,8
ACCOUNT MANAGEMENT & ACCESS,Login & Access,Enterprise,Tier 3,Fin (Dashboard),Central Europe,EEA,0,5,5
ACCOUNT MANAGEMENT & ACCESS,Login & Access,Enterprise,Tier 3,Fin (Dashboard),GCR,APAC,0,1,1
ACCOUNT MANAGEMENT & ACCESS,Login & Access,Enterprise,Tier 3,Fin (Dashboard),NORAM,MENA,0,1,1
ACCOUNT MANAGEMENT & ACCESS,Login & Access,Enterprise,Tier 3,Fin (Dashboard),UAE,MENA,0,4,4
ACCOUNT MANAGEMENT & ACCESS,Login & Access,Enterprise,Tier 3,Fin (Dashboard),UK,UK,0,1,1
ACCOUNT MANAGEMENT & ACCESS,Login & Access,Enterprise,Tier 3,Fin (Dashboard),WW,EEA,0,1,1
ACCOUNT MANAGEMENT & ACCESS,Login & Access,Enterprise,Tier 3,Other,Central Europe,EEA,3,0,3
ACCOUNT MANAGEMENT & ACCESS,Login & Access,Enterprise,Tier 3,Other,Central Europe,MENA,3,0,3
ACCOUNT MANAGEMENT & ACCESS,Login & Access,Enterprise,Tier 3,Other,UAE,MENA,6,0,6
ACCOUNT MANAGEMENT & ACCESS,Login & Access,Enterprise,Tier 3,Other,UK,UK,1,0,1
ACCOUNT MANAGEMENT & ACCESS,Login & Access,Enterprise,Tier 3,Other,WW,EEA,2,0,2
ACCOUNT MANAGEMENT & ACCESS,Login & Access,Enterprise,Tier 3,Webform & API,UAE,MENA,2,0,2
ACCOUNT MANAGEMENT & ACCESS,Login & Access,Enterprise,Tier 3,Webform & API,UK,UK,1,0,1
ACCOUNT MANAGEMENT & ACCESS,Login & Access,Enterprise,Tier 4,Email (Merchant),UAE,MENA,7,0,7
ACCOUNT MANAGEMENT & ACCESS,Login & Access,Enterprise,Tier 4,Email (Merchant),UK,UK,1,0,1
ACCOUNT MANAGEMENT & ACCESS,Login & Access,Enterprise,Tier 4,Fin (Dashboard),UK,UK,1,0,1
ACCOUNT MANAGEMENT & ACCESS,Login & Access,Enterprise,Tier 4,Other,UAE,MENA,5,0,5
ACCOUNT MANAGEMENT & ACCESS,Login & Access,Enterprise,Tier 4,Other,UK,UK,3,0,3
ACCOUNT MANAGEMENT & ACCESS,Login & Access,Enterprise,Tier 4,Webform & API,UAE,MENA,1,0,1
ACCOUNT MANAGEMENT & ACCESS,Login & Access,Enterprise,Unknown,Email (Merchant),NORAM,EEA,1,0,1
ACCOUNT MANAGEMENT & ACCESS,Login & Access,Enterprise,Unknown,Fin (Dashboard),NORAM,NORAM,0,1,1
ACCOUNT MANAGEMENT & ACCESS,Login & Access,Enterprise,Unknown,Other,UK,UK,1,0,1
ACCOUNT MANAGEMENT & ACCESS,Login & Access,Premium,Tier 1,Email (Internal),NORAM,Israel,1,0,1
ACCOUNT MANAGEMENT & ACCESS,Login & Access,Premium,Tier 1,Email (Internal),NORAM,NORAM,1,0,1
ACCOUNT MANAGEMENT & ACCESS,Login & Access,Premium,Tier 1,Email (Internal),NORAM,UK,2,0,2
ACCOUNT MANAGEMENT & ACCESS,Login & Access,Premium,Tier 1,Email (Internal),UAE,MENA,3,0,3
ACCOUNT MANAGEMENT & ACCESS,Login & Access,Premium,Tier 1,Email (Internal),UK,EEA,1,0,1
ACCOUNT MANAGEMENT & ACCESS,Login & Access,Premium,Tier 1,Email (Internal),UK,UK,2,0,2
ACCOUNT MANAGEMENT & ACCESS,Login & Access,Premium,Tier 1,Email (Internal),Unknown,Crypto,1,0,1
ACCOUNT MANAGEMENT & ACCESS,Login & Access,Premium,Tier 1,Email (Internal),WW,APAC,1,0,1
ACCOUNT MANAGEMENT & ACCESS,Login & Access,Premium,Tier 1,Email (Internal),WW,EEA,2,0,2
ACCOUNT MANAGEMENT & ACCESS,Login & Access,Premium,Tier 1,Email (Internal),WW,MENA,2,0,2
ACCOUNT MANAGEMENT & ACCESS,Login & Access,Premium,Tier 1,Email (Merchant),Crypto,Crypto,2,0,2
ACCOUNT MANAGEMENT & ACCESS,Login & Access,Premium,Tier 1,Email (Merchant),GCR,APAC,1,0,1
ACCOUNT MANAGEMENT & ACCESS,Login & Access,Premium,Tier 1,Email (Merchant),NORAM,Crypto,3,0,3
ACCOUNT MANAGEMENT & ACCESS,Login & Access,Premium,Tier 1,Email (Merchant),NORAM,EEA,1,0,1
ACCOUNT MANAGEMENT & ACCESS,Login & Access,Premium,Tier 1,Email (Merchant),NORAM,NORAM,3,0,3
ACCOUNT MANAGEMENT & ACCESS,Login & Access,Premium,Tier 1,Email (Merchant),NORAM,UK,4,0,4
ACCOUNT MANAGEMENT & ACCESS,Login & Access,Premium,Tier 1,Email (Merchant),Northern Europe,EEA,2,0,2
ACCOUNT MANAGEMENT & ACCESS,Login & Access,Premium,Tier 1,Email (Merchant),Singapore/ANZ,APAC,5,0,5
ACCOUNT MANAGEMENT & ACCESS,Login & Access,Premium,Tier 1,Email (Merchant),Singapore/ANZ,NORAM,3,0,3
ACCOUNT MANAGEMENT & ACCESS,Login & Access,Premium,Tier 1,Email (Merchant),UAE,MENA,18,0,18
ACCOUNT MANAGEMENT & ACCESS,Login & Access,Premium,Tier 1,Email (Merchant),UK,Crypto,2,0,2
ACCOUNT MANAGEMENT & ACCESS,Login & Access,Premium,Tier 1,Email (Merchant),UK,EEA,3,0,3
ACCOUNT MANAGEMENT & ACCESS,Login & Access,Premium,Tier 1,Email (Merchant),UK,UK,6,0,6
ACCOUNT MANAGEMENT & ACCESS,Login & Access,Premium,Tier 1,Email (Merchant),Unknown,Crypto,1,0,1
ACCOUNT MANAGEMENT & ACCESS,Login & Access,Premium,Tier 1,Email (Merchant),Unknown,UK,1,0,1
ACCOUNT MANAGEMENT & ACCESS,Login & Access,Premium,Tier 1,Email (Merchant),WW,EEA,6,0,6
ACCOUNT MANAGEMENT & ACCESS,Login & Access,Premium,Tier 1,Email (Merchant),WW,UK,5,0,5
ACCOUNT MANAGEMENT & ACCESS,Login & Access,Premium,Tier 1,Email (Merchant),WW,WW,5,0,5
ACCOUNT MANAGEMENT & ACCESS,Login & Access,Premium,Tier 1,Fin (Dashboard),Crypto,Crypto,0,3,3
ACCOUNT MANAGEMENT & ACCESS,Login & Access,Premium,Tier 1,Fin (Dashboard),NORAM,NORAM,0,1,1
ACCOUNT MANAGEMENT & ACCESS,Login & Access,Premium,Tier 1,Fin (Dashboard),NORAM,UK,0,1,1
ACCOUNT MANAGEMENT & ACCESS,Login & Access,Premium,Tier 1,Fin (Dashboard),Singapore/ANZ,APAC,3,1,4
ACCOUNT MANAGEMENT & ACCESS,Login & Access,Premium,Tier 1,Fin (Dashboard),Singapore/ANZ,NORAM,0,1,1
ACCOUNT MANAGEMENT & ACCESS,Login & Access,Premium,Tier 1,Fin (Dashboard),UAE,MENA,0,5,5
ACCOUNT MANAGEMENT & ACCESS,Login & Access,Premium,Tier 1,Fin (Dashboard),UK,EEA,1,4,5
ACCOUNT MANAGEMENT & ACCESS,Login & Access,Premium,Tier 1,Fin (Dashboard),UK,UK,0,1,1
ACCOUNT MANAGEMENT & ACCESS,Login & Access,Premium,Tier 1,Fin (Dashboard),WW,UK,0,1,1
ACCOUNT MANAGEMENT & ACCESS,Login & Access,Premium,Tier 1,Fin (Dashboard),WW,WW,1,0,1
ACCOUNT MANAGEMENT & ACCESS,Login & Access,Premium,Tier 1,Other,GCR,APAC,3,0,3
ACCOUNT MANAGEMENT & ACCESS,Login & Access,Premium,Tier 1,Other,NORAM,Crypto,1,0,1
ACCOUNT MANAGEMENT & ACCESS,Login & Access,Premium,Tier 1,Other,NORAM,EEA,2,0,2
ACCOUNT MANAGEMENT & ACCESS,Login & Access,Premium,Tier 1,Other,NORAM,NORAM,2,0,2
ACCOUNT MANAGEMENT & ACCESS,Login & Access,Premium,Tier 1,Other,NORAM,UK,4,0,4
ACCOUNT MANAGEMENT & ACCESS,Login & Access,Premium,Tier 1,Other,Northern Europe,EEA,1,0,1
ACCOUNT MANAGEMENT & ACCESS,Login & Access,Premium,Tier 1,Other,SAT,NORAM,1,0,1
ACCOUNT MANAGEMENT & ACCESS,Login & Access,Premium,Tier 1,Other,SAT,Unknown,1,0,1
ACCOUNT MANAGEMENT & ACCESS,Login & Access,Premium,Tier 1,Other,Singapore/ANZ,APAC,3,0,3
ACCOUNT MANAGEMENT & ACCESS,Login & Access,Premium,Tier 1,Other,Southern Europe,EEA,2,0,2
ACCOUNT MANAGEMENT & ACCESS,Login & Access,Premium,Tier 1,Other,UAE,MENA,10,0,10
ACCOUNT MANAGEMENT & ACCESS,Login & Access,Premium,Tier 1,Other,UK,EEA,2,0,2
ACCOUNT MANAGEMENT & ACCESS,Login & Access,Premium,Tier 1,Other,UK,UK,6,0,6
ACCOUNT MANAGEMENT & ACCESS,Login & Access,Premium,Tier 1,Other,Unknown,Crypto,1,0,1
ACCOUNT MANAGEMENT & ACCESS,Login & Access,Premium,Tier 1,Other,WW,EEA,16,0,16
ACCOUNT MANAGEMENT & ACCESS,Login & Access,Premium,Tier 1,Webform & API,Crypto,Crypto,2,0,2
ACCOUNT MANAGEMENT & ACCESS,Login & Access,Premium,Tier 1,Webform & API,NORAM,Crypto,1,0,1
ACCOUNT MANAGEMENT & ACCESS,Login & Access,Premium,Tier 1,Webform & API,NORAM,NORAM,2,0,2
ACCOUNT MANAGEMENT & ACCESS,Login & Access,Premium,Tier 1,Webform & API,Northern Europe,EEA,3,0,3
ACCOUNT MANAGEMENT & ACCESS,Login & Access,Premium,Tier 1,Webform & API,SAT,NORAM,2,0,2
ACCOUNT MANAGEMENT & ACCESS,Login & Access,Premium,Tier 1,Webform & API,SAT,SAT,1,0,1
ACCOUNT MANAGEMENT & ACCESS,Login & Access,Premium,Tier 1,Webform & API,UAE,MENA,10,0,10
ACCOUNT MANAGEMENT & ACCESS,Login & Access,Premium,Tier 1,Webform & API,UK,Crypto,2,0,2
ACCOUNT MANAGEMENT & ACCESS,Login & Access,Premium,Tier 1,Webform & API,UK,EEA,2,0,2
ACCOUNT MANAGEMENT & ACCESS,Login & Access,Premium,Tier 1,Webform & API,UK,NORAM,1,0,1
ACCOUNT MANAGEMENT & ACCESS,Login & Access,Premium,Tier 1,Webform & API,UK,UK,3,0,3
ACCOUNT MANAGEMENT & ACCESS,Login & Access,Premium,Tier 1,Webform & API,Unknown,Crypto,2,0,2
ACCOUNT MANAGEMENT & ACCESS,Login & Access,Premium,Tier 1,Webform & API,WW,EEA,7,0,7
ACCOUNT MANAGEMENT & ACCESS,Login & Access,Premium,Tier 1,Webform & API,WW,UK,10,0,10
ACCOUNT MANAGEMENT & ACCESS,Login & Access,Standard,Tier 2,Email (Internal),Crypto,Crypto,1,0,1
ACCOUNT MANAGEMENT & ACCESS,Login & Access,Standard,Tier 2,Email (Internal),NORAM,NORAM,1,0,1
ACCOUNT MANAGEMENT & ACCESS,Login & Access,Standard,Tier 2,Email (Internal),UK,UK,1,0,1
ACCOUNT MANAGEMENT & ACCESS,Login & Access,Standard,Tier 2,Email (Merchant),Crypto,Crypto,1,0,1
ACCOUNT MANAGEMENT & ACCESS,Login & Access,Standard,Tier 2,Email (Merchant),GCR,APAC,1,0,1
ACCOUNT MANAGEMENT & ACCESS,Login & Access,Standard,Tier 2,Email (Merchant),GCR,Crypto,3,0,3
ACCOUNT MANAGEMENT & ACCESS,Login & Access,Standard,Tier 2,Email (Merchant),UK,UK,8,0,8
ACCOUNT MANAGEMENT & ACCESS,Login & Access,Standard,Tier 2,Email (Merchant),Unknown,APAC,1,0,1
ACCOUNT MANAGEMENT & ACCESS,Login & Access,Standard,Tier 2,Fin (Dashboard),NORAM,NORAM,1,0,1
ACCOUNT MANAGEMENT & ACCESS,Login & Access,Standard,Tier 2,Other,GCR,APAC,1,0,1
ACCOUNT MANAGEMENT & ACCESS,Login & Access,Standard,Tier 2,Other,GCR,Crypto,1,0,1
ACCOUNT MANAGEMENT & ACCESS,Login & Access,Standard,Tier 2,Other,NORAM,NORAM,2,0,2
ACCOUNT MANAGEMENT & ACCESS,Login & Access,Standard,Tier 2,Other,NORAM,UK,1,0,1
ACCOUNT MANAGEMENT & ACCESS,Login & Access,Standard,Tier 2,Other,UK,UK,5,0,5
ACCOUNT MANAGEMENT & ACCESS,Login & Access,Standard,Tier 2,Webform & API,Mauritius,NORAM,1,0,1
ACCOUNT MANAGEMENT & ACCESS,Login & Access,Standard,Tier 2,Webform & API,NORAM,UK,1,0,1
ACCOUNT MANAGEMENT & ACCESS,Login & Access,Standard,Tier 2,Webform & API,UK,UK,1,0,1
ACCOUNT MANAGEMENT & ACCESS,Login & Access,Standard,Tier 2,Webform & API,WW,WW,1,0,1
ACCOUNT MANAGEMENT & ACCESS,Login & Access,Standard,Tier 3,Email (Internal),Central Europe,EEA,4,0,4
ACCOUNT MANAGEMENT & ACCESS,Login & Access,Standard,Tier 3,Email (Internal),Crypto,Crypto,2,0,2
ACCOUNT MANAGEMENT & ACCESS,Login & Access,Standard,Tier 3,Email (Internal),GCR,APAC,5,0,5
ACCOUNT MANAGEMENT & ACCESS,Login & Access,Standard,Tier 3,Email (Internal),NORAM,APAC,1,0,1
ACCOUNT MANAGEMENT & ACCESS,Login & Access,Standard,Tier 3,Email (Internal),NORAM,NORAM,2,0,2
ACCOUNT MANAGEMENT & ACCESS,Login & Access,Standard,Tier 3,Email (Internal),Northern Europe,EEA,5,0,5
ACCOUNT MANAGEMENT & ACCESS,Login & Access,Standard,Tier 3,Email (Internal),Singapore/ANZ,APAC,2,0,2
ACCOUNT MANAGEMENT & ACCESS,Login & Access,Standard,Tier 3,Email (Internal),Southern Europe,EEA,5,0,5
ACCOUNT MANAGEMENT & ACCESS,Login & Access,Standard,Tier 3,Email (Internal),UAE,MENA,8,0,8
ACCOUNT MANAGEMENT & ACCESS,Login & Access,Standard,Tier 3,Email (Internal),UAE,Unknown,1,0,1
ACCOUNT MANAGEMENT & ACCESS,Login & Access,Standard,Tier 3,Email (Internal),UK,UK,4,0,4
ACCOUNT MANAGEMENT & ACCESS,Login & Access,Standard,Tier 3,Email (Internal),Unknown,EEA,2,0,2
ACCOUNT MANAGEMENT & ACCESS,Login & Access,Standard,Tier 3,Email (Internal),Unknown,UK,2,0,2
ACCOUNT MANAGEMENT & ACCESS,Login & Access,Standard,Tier 3,Email (Internal),WW,MENA,1,0,1
ACCOUNT MANAGEMENT & ACCESS,Login & Access,Standard,Tier 3,Email (Merchant),Central Europe,EEA,3,0,3
ACCOUNT MANAGEMENT & ACCESS,Login & Access,Standard,Tier 3,Email (Merchant),Central Europe,Mauritius,1,0,1
ACCOUNT MANAGEMENT & ACCESS,Login & Access,Standard,Tier 3,Email (Merchant),Crypto,Crypto,4,0,4
ACCOUNT MANAGEMENT & ACCESS,Login & Access,Standard,Tier 3,Email (Merchant),GCR,APAC,3,0,3
ACCOUNT MANAGEMENT & ACCESS,Login & Access,Standard,Tier 3,Email (Merchant),NORAM,EEA,3,0,3
ACCOUNT MANAGEMENT & ACCESS,Login & Access,Standard,Tier 3,Email (Merchant),NORAM,MENA,2,0,2
ACCOUNT MANAGEMENT & ACCESS,Login & Access,Standard,Tier 3,Email (Merchant),NORAM,NORAM,6,0,6
ACCOUNT MANAGEMENT & ACCESS,Login & Access,Standard,Tier 3,Email (Merchant),NORAM,UK,1,0,1
ACCOUNT MANAGEMENT & ACCESS,Login & Access,Standard,Tier 3,Email (Merchant),Northern Europe,EEA,9,0,9
ACCOUNT MANAGEMENT & ACCESS,Login & Access,Standard,Tier 3,Email (Merchant),Singapore/ANZ,APAC,1,0,1
ACCOUNT MANAGEMENT & ACCESS,Login & Access,Standard,Tier 3,Email (Merchant),Singapore/ANZ,NORAM,1,0,1
ACCOUNT MANAGEMENT & ACCESS,Login & Access,Standard,Tier 3,Email (Merchant),Southern Europe,EEA,3,0,3
ACCOUNT MANAGEMENT & ACCESS,Login & Access,Standard,Tier 3,Email (Merchant),UAE,MENA,48,0,48
ACCOUNT MANAGEMENT & ACCESS,Login & Access,Standard,Tier 3,Email (Merchant),UAE,Mauritius,1,0,1
ACCOUNT MANAGEMENT & ACCESS,Login & Access,Standard,Tier 3,Email (Merchant),UAE,UK,1,0,1
ACCOUNT MANAGEMENT & ACCESS,Login & Access,Standard,Tier 3,Email (Merchant),UK,NORAM,1,0,1
ACCOUNT MANAGEMENT & ACCESS,Login & Access,Standard,Tier 3,Email (Merchant),UK,UK,17,0,17
ACCOUNT MANAGEMENT & ACCESS,Login & Access,Standard,Tier 3,Email (Merchant),Unknown,EEA,6,0,6
ACCOUNT MANAGEMENT & ACCESS,Login & Access,Standard,Tier 3,Email (Merchant),Unknown,MENA,1,0,1
ACCOUNT MANAGEMENT & ACCESS,Login & Access,Standard,Tier 3,Email (Merchant),Unknown,NORAM,1,0,1
ACCOUNT MANAGEMENT & ACCESS,Login & Access,Standard,Tier 3,Email (Merchant),Unknown,UK,7,0,7
ACCOUNT MANAGEMENT & ACCESS,Login & Access,Standard,Tier 3,Email (Merchant),Unknown,Unknown,1,0,1
ACCOUNT MANAGEMENT & ACCESS,Login & Access,Standard,Tier 3,Email (Merchant),WW,APAC,1,0,1
ACCOUNT MANAGEMENT & ACCESS,Login & Access,Standard,Tier 3,Email (Merchant),WW,MENA,5,0,5
ACCOUNT MANAGEMENT & ACCESS,Login & Access,Standard,Tier 3,Email (Merchant),WW,NORAM,1,0,1
ACCOUNT MANAGEMENT & ACCESS,Login & Access,Standard,Tier 3,Fin (Dashboard),Central Europe,EEA,0,5,5
ACCOUNT MANAGEMENT & ACCESS,Login & Access,Standard,Tier 3,Fin (Dashboard),Central Europe,Mauritius,0,1,1
ACCOUNT MANAGEMENT & ACCESS,Login & Access,Standard,Tier 3,Fin (Dashboard),Crypto,Crypto,0,7,7
ACCOUNT MANAGEMENT & ACCESS,Login & Access,Standard,Tier 3,Fin (Dashboard),EU,EEA,0,2,2
ACCOUNT MANAGEMENT & ACCESS,Login & Access,Standard,Tier 3,Fin (Dashboard),GCR,APAC,1,5,6
ACCOUNT MANAGEMENT & ACCESS,Login & Access,Standard,Tier 3,Fin (Dashboard),NORAM,Crypto,0,1,1
ACCOUNT MANAGEMENT & ACCESS,Login & Access,Standard,Tier 3,Fin (Dashboard),NORAM,EEA,0,1,1
ACCOUNT MANAGEMENT & ACCESS,Login & Access,Standard,Tier 3,Fin (Dashboard),NORAM,MENA,0,1,1
ACCOUNT MANAGEMENT & ACCESS,Login & Access,Standard,Tier 3,Fin (Dashboard),NORAM,NORAM,2,8,10
ACCOUNT MANAGEMENT & ACCESS,Login & Access,Standard,Tier 3,Fin (Dashboard),NORAM,UK,0,1,1
ACCOUNT MANAGEMENT & ACCESS,Login & Access,Standard,Tier 3,Fin (Dashboard),Northern Europe,EEA,0,5,5
ACCOUNT MANAGEMENT & ACCESS,Login & Access,Standard,Tier 3,Fin (Dashboard),Singapore/ANZ,APAC,0,3,3
ACCOUNT MANAGEMENT & ACCESS,Login & Access,Standard,Tier 3,Fin (Dashboard),Singapore/ANZ,NORAM,2,1,3
ACCOUNT MANAGEMENT & ACCESS,Login & Access,Standard,Tier 3,Fin (Dashboard),Southern Europe,EEA,0,8,8
ACCOUNT MANAGEMENT & ACCESS,Login & Access,Standard,Tier 3,Fin (Dashboard),Southern Europe,Mauritius,1,0,1
ACCOUNT MANAGEMENT & ACCESS,Login & Access,Standard,Tier 3,Fin (Dashboard),UAE,MENA,3,33,36
ACCOUNT MANAGEMENT & ACCESS,Login & Access,Standard,Tier 3,Fin (Dashboard),UAE,Mauritius,0,1,1
ACCOUNT MANAGEMENT & ACCESS,Login & Access,Standard,Tier 3,Fin (Dashboard),UAE,UK,0,2,2
ACCOUNT MANAGEMENT & ACCESS,Login & Access,Standard,Tier 3,Fin (Dashboard),UAE,Unknown,1,0,1
ACCOUNT MANAGEMENT & ACCESS,Login & Access,Standard,Tier 3,Fin (Dashboard),UK,EEA,0,1,1
ACCOUNT MANAGEMENT & ACCESS,Login & Access,Standard,Tier 3,Fin (Dashboard),UK,UK,4,19,23
ACCOUNT MANAGEMENT & ACCESS,Login & Access,Standard,Tier 3,Fin (Dashboard),Unknown,Crypto,1,1,2
ACCOUNT MANAGEMENT & ACCESS,Login & Access,Standard,Tier 3,Fin (Dashboard),Unknown,EEA,2,4,6
ACCOUNT MANAGEMENT & ACCESS,Login & Access,Standard,Tier 3,Fin (Dashboard),Unknown,MENA,0,3,3
ACCOUNT MANAGEMENT & ACCESS,Login & Access,Standard,Tier 3,Fin (Dashboard),Unknown,NORAM,1,3,4
ACCOUNT MANAGEMENT & ACCESS,Login & Access,Standard,Tier 3,Fin (Dashboard),Unknown,UK,0,11,11
ACCOUNT MANAGEMENT & ACCESS,Login & Access,Standard,Tier 3,Fin (Dashboard),Unknown,Unknown,0,1,1
ACCOUNT MANAGEMENT & ACCESS,Login & Access,Standard,Tier 3,Fin (Dashboard),WW,MENA,1,5,6
ACCOUNT MANAGEMENT & ACCESS,Login & Access,Standard,Tier 3,Fin (Dashboard),WW,Mauritius,0,1,1
ACCOUNT MANAGEMENT & ACCESS,Login & Access,Standard,Tier 3,Fin (Dashboard),WW,NORAM,0,1,1
ACCOUNT MANAGEMENT & ACCESS,Login & Access,Standard,Tier 3,Other,Central Europe,EEA,4,0,4
ACCOUNT MANAGEMENT & ACCESS,Login & Access,Standard,Tier 3,Other,Crypto,Crypto,3,0,3
ACCOUNT MANAGEMENT & ACCESS,Login & Access,Standard,Tier 3,Other,GCR,APAC,4,0,4
ACCOUNT MANAGEMENT & ACCESS,Login & Access,Standard,Tier 3,Other,NORAM,EEA,3,0,3
ACCOUNT MANAGEMENT & ACCESS,Login & Access,Standard,Tier 3,Other,NORAM,MENA,2,0,2
ACCOUNT MANAGEMENT & ACCESS,Login & Access,Standard,Tier 3,Other,NORAM,NORAM,5,0,5
ACCOUNT MANAGEMENT & ACCESS,Login & Access,Standard,Tier 3,Other,NORAM,UK,1,0,1
ACCOUNT MANAGEMENT & ACCESS,Login & Access,Standard,Tier 3,Other,Northern Europe,EEA,3,0,3
ACCOUNT MANAGEMENT & ACCESS,Login & Access,Standard,Tier 3,Other,Singapore/ANZ,APAC,2,0,2
ACCOUNT MANAGEMENT & ACCESS,Login & Access,Standard,Tier 3,Other,Singapore/ANZ,NORAM,1,0,1
ACCOUNT MANAGEMENT & ACCESS,Login & Access,Standard,Tier 3,Other,Southern Europe,EEA,1,0,1
ACCOUNT MANAGEMENT & ACCESS,Login & Access,Standard,Tier 3,Other,UAE,MENA,32,0,32
ACCOUNT MANAGEMENT & ACCESS,Login & Access,Standard,Tier 3,Other,UAE,Mauritius,1,0,1
ACCOUNT MANAGEMENT & ACCESS,Login & Access,Standard,Tier 3,Other,UAE,UK,3,0,3
ACCOUNT MANAGEMENT & ACCESS,Login & Access,Standard,Tier 3,Other,UK,EEA,1,0,1
ACCOUNT MANAGEMENT & ACCESS,Login & Access,Standard,Tier 3,Other,UK,UK,10,0,10
ACCOUNT MANAGEMENT & ACCESS,Login & Access,Standard,Tier 3,Other,Unknown,Crypto,6,0,6
ACCOUNT MANAGEMENT & ACCESS,Login & Access,Standard,Tier 3,Other,Unknown,EEA,4,0,4
ACCOUNT MANAGEMENT & ACCESS,Login & Access,Standard,Tier 3,Other,Unknown,MENA,2,0,2
ACCOUNT MANAGEMENT & ACCESS,Login & Access,Standard,Tier 3,Other,Unknown,NORAM,3,0,3
ACCOUNT MANAGEMENT & ACCESS,Login & Access,Standard,Tier 3,Other,Unknown,UK,7,0,7
ACCOUNT MANAGEMENT & ACCESS,Login & Access,Standard,Tier 3,Other,WW,MENA,2,0,2
ACCOUNT MANAGEMENT & ACCESS,Login & Access,Standard,Tier 3,Webform & API,Crypto,Crypto,3,0,3
ACCOUNT MANAGEMENT & ACCESS,Login & Access,Standard,Tier 3,Webform & API,KSA,EEA,1,0,1
ACCOUNT MANAGEMENT & ACCESS,Login & Access,Standard,Tier 3,Webform & API,KSA,MENA,1,0,1
ACCOUNT MANAGEMENT & ACCESS,Login & Access,Standard,Tier 3,Webform & API,NORAM,Crypto,1,0,1
ACCOUNT MANAGEMENT & ACCESS,Login & Access,Standard,Tier 3,Webform & API,NORAM,Israel,1,0,1
ACCOUNT MANAGEMENT & ACCESS,Login & Access,Standard,Tier 3,Webform & API,NORAM,MENA,1,0,1
ACCOUNT MANAGEMENT & ACCESS,Login & Access,Standard,Tier 3,Webform & API,NORAM,NORAM,4,0,4
ACCOUNT MANAGEMENT & ACCESS,Login & Access,Standard,Tier 3,Webform & API,Northern Europe,EEA,5,0,5
ACCOUNT MANAGEMENT & ACCESS,Login & Access,Standard,Tier 3,Webform & API,Singapore/ANZ,APAC,1,0,1
ACCOUNT MANAGEMENT & ACCESS,Login & Access,Standard,Tier 3,Webform & API,Southern Europe,Crypto,1,0,1
ACCOUNT MANAGEMENT & ACCESS,Login & Access,Standard,Tier 3,Webform & API,Southern Europe,EEA,4,0,4
ACCOUNT MANAGEMENT & ACCESS,Login & Access,Standard,Tier 3,Webform & API,UAE,MENA,7,0,7
ACCOUNT MANAGEMENT & ACCESS,Login & Access,Standard,Tier 3,Webform & API,UK,NORAM,1,0,1
ACCOUNT MANAGEMENT & ACCESS,Login & Access,Standard,Tier 3,Webform & API,UK,UK,6,0,6
ACCOUNT MANAGEMENT & ACCESS,Login & Access,Standard,Tier 3,Webform & API,Unknown,Crypto,2,0,2
ACCOUNT MANAGEMENT & ACCESS,Login & Access,Standard,Tier 3,Webform & API,Unknown,EEA,2,0,2
ACCOUNT MANAGEMENT & ACCESS,Login & Access,Standard,Tier 3,Webform & API,Unknown,NORAM,1,0,1
ACCOUNT MANAGEMENT & ACCESS,Login & Access,Standard,Tier 3,Webform & API,WW,APAC,1,0,1
ACCOUNT MANAGEMENT & ACCESS,Login & Access,Standard,Tier 3,Webform & API,WW,MENA,1,0,1
ACCOUNT MANAGEMENT & ACCESS,Login & Access,Standard,Tier 3,Webform & API,WW,NORAM,2,0,2
ACCOUNT MANAGEMENT & ACCESS,Login & Access,Standard,Tier 4,Email (Internal),Central Europe,Mauritius,1,0,1
ACCOUNT MANAGEMENT & ACCESS,Login & Access,Standard,Tier 4,Email (Internal),Crypto,Crypto,1,0,1
ACCOUNT MANAGEMENT & ACCESS,Login & Access,Standard,Tier 4,Email (Internal),GCR,APAC,1,0,1
ACCOUNT MANAGEMENT & ACCESS,Login & Access,Standard,Tier 4,Email (Internal),Mauritius,Mauritius,1,0,1
ACCOUNT MANAGEMENT & ACCESS,Login & Access,Standard,Tier 4,Email (Internal),NORAM,Mauritius,3,0,3
ACCOUNT MANAGEMENT & ACCESS,Login & Access,Standard,Tier 4,Email (Internal),UAE,MENA,7,0,7
ACCOUNT MANAGEMENT & ACCESS,Login & Access,Standard,Tier 4,Email (Internal),Unknown,Mauritius,1,0,1
ACCOUNT MANAGEMENT & ACCESS,Login & Access,Standard,Tier 4,Email (Merchant),Central Europe,EEA,2,0,2
ACCOUNT MANAGEMENT & ACCESS,Login & Access,Standard,Tier 4,Email (Merchant),Crypto,Crypto,1,0,1
ACCOUNT MANAGEMENT & ACCESS,Login & Access,Standard,Tier 4,Email (Merchant),GCR,APAC,5,0,5
ACCOUNT MANAGEMENT & ACCESS,Login & Access,Standard,Tier 4,Email (Merchant),Issuing,Mauritius,1,0,1
ACCOUNT MANAGEMENT & ACCESS,Login & Access,Standard,Tier 4,Email (Merchant),Issuing,UK,4,0,4
ACCOUNT MANAGEMENT & ACCESS,Login & Access,Standard,Tier 4,Email (Merchant),KSA,EEA,1,0,1
ACCOUNT MANAGEMENT & ACCESS,Login & Access,Standard,Tier 4,Email (Merchant),KSA,MENA,2,0,2
ACCOUNT MANAGEMENT & ACCESS,Login & Access,Standard,Tier 4,Email (Merchant),Mauritius,Mauritius,6,0,6
ACCOUNT MANAGEMENT & ACCESS,Login & Access,Standard,Tier 4,Email (Merchant),NORAM,NORAM,5,0,5
ACCOUNT MANAGEMENT & ACCESS,Login & Access,Standard,Tier 4,Email (Merchant),NORAM,UK,1,0,1
ACCOUNT MANAGEMENT & ACCESS,Login & Access,Standard,Tier 4,Email (Merchant),UAE,Crypto,2,0,2
ACCOUNT MANAGEMENT & ACCESS,Login & Access,Standard,Tier 4,Email (Merchant),UAE,MENA,98,0,98
ACCOUNT MANAGEMENT & ACCESS,Login & Access,Standard,Tier 4,Email (Merchant),UAE,Mauritius,5,0,5
ACCOUNT MANAGEMENT & ACCESS,Login & Access,Standard,Tier 4,Email (Merchant),UAE,WW,1,0,1
ACCOUNT MANAGEMENT & ACCESS,Login & Access,Standard,Tier 4,Email (Merchant),UK,Mauritius,3,0,3
ACCOUNT MANAGEMENT & ACCESS,Login & Access,Standard,Tier 4,Email (Merchant),UK,UK,12,0,12
ACCOUNT MANAGEMENT & ACCESS,Login & Access,Standard,Tier 4,Email (Merchant),Unknown,APAC,2,0,2
ACCOUNT MANAGEMENT & ACCESS,Login & Access,Standard,Tier 4,Email (Merchant),Unknown,Crypto,1,0,1
ACCOUNT MANAGEMENT & ACCESS,Login & Access,Standard,Tier 4,Email (Merchant),Unknown,EEA,2,0,2
ACCOUNT MANAGEMENT & ACCESS,Login & Access,Standard,Tier 4,Email (Merchant),Unknown,MENA,5,0,5
ACCOUNT MANAGEMENT & ACCESS,Login & Access,Standard,Tier 4,Email (Merchant),Unknown,Mauritius,1,0,1
ACCOUNT MANAGEMENT & ACCESS,Login & Access,Standard,Tier 4,Email (Merchant),Unknown,NORAM,5,0,5
ACCOUNT MANAGEMENT & ACCESS,Login & Access,Standard,Tier 4,Email (Merchant),Unknown,UK,1,0,1
ACCOUNT MANAGEMENT & ACCESS,Login & Access,Standard,Tier 4,Email (Merchant),Unknown,Unknown,3,0,3
ACCOUNT MANAGEMENT & ACCESS,Login & Access,Standard,Tier 4,Email (Merchant),Unknown,WW,2,0,2
ACCOUNT MANAGEMENT & ACCESS,Login & Access,Standard,Tier 4,Email (Merchant),WW,EEA,4,0,4
ACCOUNT MANAGEMENT & ACCESS,Login & Access,Standard,Tier 4,Email (Merchant),WW,MENA,1,0,1
ACCOUNT MANAGEMENT & ACCESS,Login & Access,Standard,Tier 4,Email (Merchant),WW,WW,5,0,5
ACCOUNT MANAGEMENT & ACCESS,Login & Access,Standard,Tier 4,Fin (Dashboard),Central Europe,EEA,1,2,3
ACCOUNT MANAGEMENT & ACCESS,Login & Access,Standard,Tier 4,Fin (Dashboard),Central Europe,Mauritius,1,1,2
ACCOUNT MANAGEMENT & ACCESS,Login & Access,Standard,Tier 4,Fin (Dashboard),EU,Mauritius,0,1,1
ACCOUNT MANAGEMENT & ACCESS,Login & Access,Standard,Tier 4,Fin (Dashboard),GCR,APAC,0,1,1
ACCOUNT MANAGEMENT & ACCESS,Login & Access,Standard,Tier 4,Fin (Dashboard),Issuing,Mauritius,0,1,1
ACCOUNT MANAGEMENT & ACCESS,Login & Access,Standard,Tier 4,Fin (Dashboard),Issuing,UK,0,1,1
ACCOUNT MANAGEMENT & ACCESS,Login & Access,Standard,Tier 4,Fin (Dashboard),KSA,MENA,0,1,1
ACCOUNT MANAGEMENT & ACCESS,Login & Access,Standard,Tier 4,Fin (Dashboard),Mauritius,Mauritius,0,1,1
ACCOUNT MANAGEMENT & ACCESS,Login & Access,Standard,Tier 4,Fin (Dashboard),NORAM,Mauritius,0,1,1
ACCOUNT MANAGEMENT & ACCESS,Login & Access,Standard,Tier 4,Fin (Dashboard),NORAM,NORAM,0,1,1
ACCOUNT MANAGEMENT & ACCESS,Login & Access,Standard,Tier 4,Fin (Dashboard),NORAM,UK,0,1,1
ACCOUNT MANAGEMENT & ACCESS,Login & Access,Standard,Tier 4,Fin (Dashboard),UAE,Crypto,0,1,1
ACCOUNT MANAGEMENT & ACCESS,Login & Access,Standard,Tier 4,Fin (Dashboard),UAE,MENA,0,21,21
ACCOUNT MANAGEMENT & ACCESS,Login & Access,Standard,Tier 4,Fin (Dashboard),UK,Mauritius,0,1,1
ACCOUNT MANAGEMENT & ACCESS,Login & Access,Standard,Tier 4,Fin (Dashboard),UK,UK,0,3,3
ACCOUNT MANAGEMENT & ACCESS,Login & Access,Standard,Tier 4,Fin (Dashboard),Unknown,Crypto,0,1,1
ACCOUNT MANAGEMENT & ACCESS,Login & Access,Standard,Tier 4,Fin (Dashboard),Unknown,EEA,1,2,3
ACCOUNT MANAGEMENT & ACCESS,Login & Access,Standard,Tier 4,Fin (Dashboard),Unknown,MENA,1,4,5
ACCOUNT MANAGEMENT & ACCESS,Login & Access,Standard,Tier 4,Fin (Dashboard),Unknown,Mauritius,1,1,2
ACCOUNT MANAGEMENT & ACCESS,Login & Access,Standard,Tier 4,Fin (Dashboard),Unknown,NORAM,0,1,1
ACCOUNT MANAGEMENT & ACCESS,Login & Access,Standard,Tier 4,Fin (Dashboard),Unknown,UK,0,1,1
ACCOUNT MANAGEMENT & ACCESS,Login & Access,Standard,Tier 4,Fin (Dashboard),Unknown,Unknown,1,2,3
ACCOUNT MANAGEMENT & ACCESS,Login & Access,Standard,Tier 4,Fin (Dashboard),WW,EEA,0,1,1
ACCOUNT MANAGEMENT & ACCESS,Login & Access,Standard,Tier 4,Fin (Dashboard),WW,UK,1,0,1
ACCOUNT MANAGEMENT & ACCESS,Login & Access,Standard,Tier 4,Fin (Dashboard),WW,WW,1,2,3
ACCOUNT MANAGEMENT & ACCESS,Login & Access,Standard,Tier 4,Other,Central Europe,EEA,4,0,4
ACCOUNT MANAGEMENT & ACCESS,Login & Access,Standard,Tier 4,Other,Crypto,APAC,3,0,3
ACCOUNT MANAGEMENT & ACCESS,Login & Access,Standard,Tier 4,Other,Crypto,Crypto,2,0,2
ACCOUNT MANAGEMENT & ACCESS,Login & Access,Standard,Tier 4,Other,EU,UK,1,0,1
ACCOUNT MANAGEMENT & ACCESS,Login & Access,Standard,Tier 4,Other,GCR,APAC,5,0,5
ACCOUNT MANAGEMENT & ACCESS,Login & Access,Standard,Tier 4,Other,Issuing,Mauritius,1,0,1
ACCOUNT MANAGEMENT & ACCESS,Login & Access,Standard,Tier 4,Other,Issuing,UK,6,0,6
ACCOUNT MANAGEMENT & ACCESS,Login & Access,Standard,Tier 4,Other,KSA,EEA,1,0,1
ACCOUNT MANAGEMENT & ACCESS,Login & Access,Standard,Tier 4,Other,KSA,MENA,1,0,1
ACCOUNT MANAGEMENT & ACCESS,Login & Access,Standard,Tier 4,Other,Mauritius,Mauritius,9,0,9
ACCOUNT MANAGEMENT & ACCESS,Login & Access,Standard,Tier 4,Other,NORAM,Mauritius,4,0,4
ACCOUNT MANAGEMENT & ACCESS,Login & Access,Standard,Tier 4,Other,NORAM,NORAM,13,0,13
ACCOUNT MANAGEMENT & ACCESS,Login & Access,Standard,Tier 4,Other,NORAM,UK,2,0,2
ACCOUNT MANAGEMENT & ACCESS,Login & Access,Standard,Tier 4,Other,Singapore/ANZ,NORAM,1,0,1
ACCOUNT MANAGEMENT & ACCESS,Login & Access,Standard,Tier 4,Other,Southern Europe,WW,2,0,2
ACCOUNT MANAGEMENT & ACCESS,Login & Access,Standard,Tier 4,Other,UAE,MENA,109,0,109
ACCOUNT MANAGEMENT & ACCESS,Login & Access,Standard,Tier 4,Other,UAE,Mauritius,4,0,4
ACCOUNT MANAGEMENT & ACCESS,Login & Access,Standard,Tier 4,Other,UK,APAC,1,0,1
ACCOUNT MANAGEMENT & ACCESS,Login & Access,Standard,Tier 4,Other,UK,MENA,1,0,1
ACCOUNT MANAGEMENT & ACCESS,Login & Access,Standard,Tier 4,Other,UK,Mauritius,5,0,5
ACCOUNT MANAGEMENT & ACCESS,Login & Access,Standard,Tier 4,Other,UK,UK,14,0,14
ACCOUNT MANAGEMENT & ACCESS,Login & Access,Standard,Tier 4,Other,Unknown,APAC,5,0,5
ACCOUNT MANAGEMENT & ACCESS,Login & Access,Standard,Tier 4,Other,Unknown,Crypto,3,0,3
ACCOUNT MANAGEMENT & ACCESS,Login & Access,Standard,Tier 4,Other,Unknown,EEA,6,0,6
ACCOUNT MANAGEMENT & ACCESS,Login & Access,Standard,Tier 4,Other,Unknown,MENA,11,0,11
ACCOUNT MANAGEMENT & ACCESS,Login & Access,Standard,Tier 4,Other,Unknown,Mauritius,6,0,6
ACCOUNT MANAGEMENT & ACCESS,Login & Access,Standard,Tier 4,Other,Unknown,NORAM,6,0,6
ACCOUNT MANAGEMENT & ACCESS,Login & Access,Standard,Tier 4,Other,Unknown,UK,1,0,1
ACCOUNT MANAGEMENT & ACCESS,Login & Access,Standard,Tier 4,Other,Unknown,Unknown,2,0,2
ACCOUNT MANAGEMENT & ACCESS,Login & Access,Standard,Tier 4,Other,Unknown,WW,2,0,2
ACCOUNT MANAGEMENT & ACCESS,Login & Access,Standard,Tier 4,Other,WW,EEA,4,0,4
ACCOUNT MANAGEMENT & ACCESS,Login & Access,Standard,Tier 4,Other,WW,MENA,1,0,1
ACCOUNT MANAGEMENT & ACCESS,Login & Access,Standard,Tier 4,Other,WW,Mauritius,1,0,1
ACCOUNT MANAGEMENT & ACCESS,Login & Access,Standard,Tier 4,Other,WW,WW,7,0,7
ACCOUNT MANAGEMENT & ACCESS,Login & Access,Standard,Tier 4,Webform & API,Central Europe,EEA,2,0,2
ACCOUNT MANAGEMENT & ACCESS,Login & Access,Standard,Tier 4,Webform & API,Central Europe,Mauritius,1,0,1
ACCOUNT MANAGEMENT & ACCESS,Login & Access,Standard,Tier 4,Webform & API,GCR,APAC,1,0,1
ACCOUNT MANAGEMENT & ACCESS,Login & Access,Standard,Tier 4,Webform & API,Issuing,Mauritius,1,0,1
ACCOUNT MANAGEMENT & ACCESS,Login & Access,Standard,Tier 4,Webform & API,NORAM,Mauritius,3,0,3
ACCOUNT MANAGEMENT & ACCESS,Login & Access,Standard,Tier 4,Webform & API,NORAM,NORAM,8,0,8
ACCOUNT MANAGEMENT & ACCESS,Login & Access,Standard,Tier 4,Webform & API,NORAM,UK,1,0,1
ACCOUNT MANAGEMENT & ACCESS,Login & Access,Standard,Tier 4,Webform & API,Singapore/ANZ,APAC,1,0,1
ACCOUNT MANAGEMENT & ACCESS,Login & Access,Standard,Tier 4,Webform & API,UAE,MENA,11,0,11
ACCOUNT MANAGEMENT & ACCESS,Login & Access,Standard,Tier 4,Webform & API,UAE,Mauritius,2,0,2
ACCOUNT MANAGEMENT & ACCESS,Login & Access,Standard,Tier 4,Webform & API,UK,Mauritius,2,0,2
ACCOUNT MANAGEMENT & ACCESS,Login & Access,Standard,Tier 4,Webform & API,UK,UK,4,0,4
ACCOUNT MANAGEMENT & ACCESS,Login & Access,Standard,Tier 4,Webform & API,Unknown,EEA,4,0,4
ACCOUNT MANAGEMENT & ACCESS,Login & Access,Standard,Tier 4,Webform & API,Unknown,MENA,1,0,1
ACCOUNT MANAGEMENT & ACCESS,Login & Access,Standard,Tier 4,Webform & API,Unknown,Mauritius,1,0,1
ACCOUNT MANAGEMENT & ACCESS,Login & Access,Standard,Tier 4,Webform & API,Unknown,UK,6,0,6
ACCOUNT MANAGEMENT & ACCESS,Login & Access,Standard,Tier 4,Webform & API,WW,MENA,1,0,1
ACCOUNT MANAGEMENT & ACCESS,Login & Access,Standard,Tier 4,Webform & API,WW,Mauritius,2,0,2
ACCOUNT MANAGEMENT & ACCESS,Login & Access,Standard,Tier 4,Webform & API,WW,UK,1,0,1
ACCOUNT MANAGEMENT & ACCESS,Login & Access,Standard,Tier 4,Webform & API,WW,WW,2,0,2
ACCOUNT MANAGEMENT & ACCESS,Login & Access,Standard,Unknown,Email (Merchant),Unknown,Unknown,1,0,1
ACCOUNT MANAGEMENT & ACCESS,Login & Access,Standard,Unknown,Fin (Dashboard),UK,UK,0,1,1
ACCOUNT MANAGEMENT & ACCESS,Login & Access,Standard,Unknown,Other,Mauritius,Mauritius,2,0,2
ACCOUNT MANAGEMENT & ACCESS,Login & Access,Standard,Unknown,Other,Northern Europe,EEA,1,0,1
ACCOUNT MANAGEMENT & ACCESS,Login & Access,Standard,Unknown,Other,Unknown,Unknown,2,0,2
ACCOUNT MANAGEMENT & ACCESS,Login & Access,Unmapped,Unknown,Email (Internal),Unknown,Unknown,31,0,31
ACCOUNT MANAGEMENT & ACCESS,Login & Access,Unmapped,Unknown,Email (Merchant),Unknown,Unknown,78,0,78
ACCOUNT MANAGEMENT & ACCESS,Login & Access,Unmapped,Unknown,Fin (Dashboard),Unknown,Unknown,3,21,24
ACCOUNT MANAGEMENT & ACCESS,Login & Access,Unmapped,Unknown,Other,Unknown,Unknown,321,0,321
ACCOUNT MANAGEMENT & ACCESS,Login & Access,Unmapped,Unknown,Webform & API,Unknown,Unknown,10,0,10
COMPLIANCE & AUDIT,Compliance Evidence,Enterprise,Tier 1,Email (Internal),NORAM,UK,1,0,1
COMPLIANCE & AUDIT,Compliance Evidence,Enterprise,Tier 1,Email (Internal),UAE,MENA,1,0,1
COMPLIANCE & AUDIT,Compliance Evidence,Enterprise,Tier 1,Email (Internal),UK,UK,2,0,2
COMPLIANCE & AUDIT,Compliance Evidence,Enterprise,Tier 1,Email (Internal),WW,MENA,1,0,1
COMPLIANCE & AUDIT,Compliance Evidence,Enterprise,Tier 1,Email (Internal),WW,Mauritius,1,0,1
COMPLIANCE & AUDIT,Compliance Evidence,Enterprise,Tier 1,Email (Merchant),Crypto,Crypto,3,0,3
COMPLIANCE & AUDIT,Compliance Evidence,Enterprise,Tier 1,Email (Merchant),GCR,APAC,1,0,1
COMPLIANCE & AUDIT,Compliance Evidence,Enterprise,Tier 1,Email (Merchant),NORAM,NORAM,1,0,1
COMPLIANCE & AUDIT,Compliance Evidence,Enterprise,Tier 1,Email (Merchant),UAE,MENA,2,0,2
COMPLIANCE & AUDIT,Compliance Evidence,Enterprise,Tier 1,Email (Merchant),UK,UK,3,0,3
COMPLIANCE & AUDIT,Compliance Evidence,Enterprise,Tier 1,Email (Merchant),WW,MENA,1,0,1
COMPLIANCE & AUDIT,Compliance Evidence,Enterprise,Tier 1,Fin (Dashboard),Crypto,Crypto,0,1,1
COMPLIANCE & AUDIT,Compliance Evidence,Enterprise,Tier 1,Fin (Dashboard),NORAM,UK,0,1,1
COMPLIANCE & AUDIT,Compliance Evidence,Enterprise,Tier 1,Fin (Dashboard),Unknown,NORAM,0,1,1
COMPLIANCE & AUDIT,Compliance Evidence,Enterprise,Tier 1,Other,Crypto,EEA,1,0,1
COMPLIANCE & AUDIT,Compliance Evidence,Enterprise,Tier 1,Other,UK,UK,1,0,1
COMPLIANCE & AUDIT,Compliance Evidence,Enterprise,Tier 1,Webform & API,Southern Europe,EEA,1,0,1
COMPLIANCE & AUDIT,Compliance Evidence,Enterprise,Tier 2,Email (Internal),Central Europe,EEA,1,0,1
COMPLIANCE & AUDIT,Compliance Evidence,Enterprise,Tier 2,Email (Internal),Crypto,Crypto,2,0,2
COMPLIANCE & AUDIT,Compliance Evidence,Enterprise,Tier 2,Email (Internal),Southern Europe,EEA,2,0,2
COMPLIANCE & AUDIT,Compliance Evidence,Enterprise,Tier 2,Email (Internal),UAE,MENA,1,0,1
COMPLIANCE & AUDIT,Compliance Evidence,Enterprise,Tier 2,Email (Internal),UK,EEA,1,0,1
COMPLIANCE & AUDIT,Compliance Evidence,Enterprise,Tier 2,Email (Merchant),Central Europe,EEA,1,0,1
COMPLIANCE & AUDIT,Compliance Evidence,Enterprise,Tier 2,Email (Merchant),Crypto,Crypto,2,0,2
COMPLIANCE & AUDIT,Compliance Evidence,Enterprise,Tier 2,Email (Merchant),KSA,EEA,1,0,1
COMPLIANCE & AUDIT,Compliance Evidence,Enterprise,Tier 2,Email (Merchant),NORAM,EEA,1,0,1
COMPLIANCE & AUDIT,Compliance Evidence,Enterprise,Tier 2,Email (Merchant),NORAM,NORAM,1,0,1
COMPLIANCE & AUDIT,Compliance Evidence,Enterprise,Tier 2,Email (Merchant),NORAM,UK,2,0,2
COMPLIANCE & AUDIT,Compliance Evidence,Enterprise,Tier 2,Email (Merchant),UAE,MENA,1,0,1
COMPLIANCE & AUDIT,Compliance Evidence,Enterprise,Tier 2,Fin (Dashboard),Central Europe,EEA,1,0,1
COMPLIANCE & AUDIT,Compliance Evidence,Enterprise,Tier 2,Other,UK,EEA,1,0,1
COMPLIANCE & AUDIT,Compliance Evidence,Enterprise,Tier 2,Other,Unknown,UK,1,0,1
COMPLIANCE & AUDIT,Compliance Evidence,Enterprise,Tier 2,Other,WW,EEA,1,0,1
COMPLIANCE & AUDIT,Compliance Evidence,Enterprise,Tier 2,Webform & API,WW,EEA,3,0,3
COMPLIANCE & AUDIT,Compliance Evidence,Enterprise,Tier 3,Email (Internal),UAE,MENA,1,0,1
COMPLIANCE & AUDIT,Compliance Evidence,Enterprise,Tier 3,Email (Internal),WW,Israel,1,0,1
COMPLIANCE & AUDIT,Compliance Evidence,Enterprise,Tier 3,Email (Merchant),UAE,MENA,1,0,1
COMPLIANCE & AUDIT,Compliance Evidence,Enterprise,Tier 3,Email (Merchant),UK,NORAM,1,0,1
COMPLIANCE & AUDIT,Compliance Evidence,Enterprise,Tier 3,Fin (Dashboard),UAE,MENA,0,1,1
COMPLIANCE & AUDIT,Compliance Evidence,Enterprise,Tier 4,Email (Merchant),UAE,MENA,1,0,1
COMPLIANCE & AUDIT,Compliance Evidence,Enterprise,Tier 4,Email (Merchant),UK,UK,1,0,1
COMPLIANCE & AUDIT,Compliance Evidence,Enterprise,Tier 4,Fin (Dashboard),UAE,MENA,0,1,1
COMPLIANCE & AUDIT,Compliance Evidence,Enterprise,Tier 4,Fin (Dashboard),UK,UK,0,1,1
COMPLIANCE & AUDIT,Compliance Evidence,Premium,Tier 1,Email (Internal),GCR,APAC,1,0,1
COMPLIANCE & AUDIT,Compliance Evidence,Premium,Tier 1,Email (Internal),NORAM,UK,3,0,3
COMPLIANCE & AUDIT,Compliance Evidence,Premium,Tier 1,Email (Internal),Southern Europe,EEA,1,0,1
COMPLIANCE & AUDIT,Compliance Evidence,Premium,Tier 1,Email (Internal),WW,UK,1,0,1
COMPLIANCE & AUDIT,Compliance Evidence,Premium,Tier 1,Email (Merchant),Crypto,Crypto,5,0,5
COMPLIANCE & AUDIT,Compliance Evidence,Premium,Tier 1,Email (Merchant),NORAM,UK,1,0,1
COMPLIANCE & AUDIT,Compliance Evidence,Premium,Tier 1,Email (Merchant),UAE,MENA,3,0,3
COMPLIANCE & AUDIT,Compliance Evidence,Premium,Tier 1,Email (Merchant),UK,UK,3,0,3
COMPLIANCE & AUDIT,Compliance Evidence,Premium,Tier 1,Email (Merchant),WW,EEA,1,0,1
COMPLIANCE & AUDIT,Compliance Evidence,Premium,Tier 1,Email (Merchant),WW,UK,1,0,1
COMPLIANCE & AUDIT,Compliance Evidence,Premium,Tier 1,Other,Crypto,Crypto,1,0,1
COMPLIANCE & AUDIT,Compliance Evidence,Premium,Tier 1,Other,GCR,APAC,1,0,1
COMPLIANCE & AUDIT,Compliance Evidence,Premium,Tier 1,Other,NORAM,UK,1,0,1
COMPLIANCE & AUDIT,Compliance Evidence,Premium,Tier 1,Webform & API,UK,EEA,1,0,1
COMPLIANCE & AUDIT,Compliance Evidence,Standard,Tier 2,Email (Merchant),Crypto,Crypto,1,0,1
COMPLIANCE & AUDIT,Compliance Evidence,Standard,Tier 3,Email (Internal),GCR,APAC,1,0,1
COMPLIANCE & AUDIT,Compliance Evidence,Standard,Tier 3,Email (Internal),NORAM,NORAM,1,0,1
COMPLIANCE & AUDIT,Compliance Evidence,Standard,Tier 3,Email (Internal),Southern Europe,EEA,1,0,1
COMPLIANCE & AUDIT,Compliance Evidence,Standard,Tier 3,Email (Internal),UAE,MENA,3,0,3
COMPLIANCE & AUDIT,Compliance Evidence,Standard,Tier 3,Email (Internal),WW,Crypto,1,0,1
COMPLIANCE & AUDIT,Compliance Evidence,Standard,Tier 3,Email (Merchant),GCR,APAC,1,0,1
COMPLIANCE & AUDIT,Compliance Evidence,Standard,Tier 3,Email (Merchant),KSA,EEA,1,0,1
COMPLIANCE & AUDIT,Compliance Evidence,Standard,Tier 3,Email (Merchant),NORAM,NORAM,1,0,1
COMPLIANCE & AUDIT,Compliance Evidence,Standard,Tier 3,Email (Merchant),UAE,MENA,4,0,4
COMPLIANCE & AUDIT,Compliance Evidence,Standard,Tier 3,Email (Merchant),UAE,Mauritius,1,0,1
COMPLIANCE & AUDIT,Compliance Evidence,Standard,Tier 3,Email (Merchant),UK,UK,1,0,1
COMPLIANCE & AUDIT,Compliance Evidence,Standard,Tier 3,Email (Merchant),Unknown,NORAM,2,0,2
COMPLIANCE & AUDIT,Compliance Evidence,Standard,Tier 3,Email (Merchant),Unknown,UK,2,0,2
COMPLIANCE & AUDIT,Compliance Evidence,Standard,Tier 3,Fin (Dashboard),GCR,APAC,0,1,1
COMPLIANCE & AUDIT,Compliance Evidence,Standard,Tier 3,Fin (Dashboard),NORAM,NORAM,0,1,1
COMPLIANCE & AUDIT,Compliance Evidence,Standard,Tier 3,Fin (Dashboard),UAE,MENA,0,2,2
COMPLIANCE & AUDIT,Compliance Evidence,Standard,Tier 3,Fin (Dashboard),UK,UK,0,1,1
COMPLIANCE & AUDIT,Compliance Evidence,Standard,Tier 3,Fin (Dashboard),Unknown,UK,1,0,1
COMPLIANCE & AUDIT,Compliance Evidence,Standard,Tier 3,Other,Crypto,Crypto,1,0,1
COMPLIANCE & AUDIT,Compliance Evidence,Standard,Tier 3,Other,Northern Europe,EEA,1,0,1
COMPLIANCE & AUDIT,Compliance Evidence,Standard,Tier 3,Webform & API,KSA,MENA,1,0,1
COMPLIANCE & AUDIT,Compliance Evidence,Standard,Tier 3,Webform & API,UAE,MENA,3,0,3
COMPLIANCE & AUDIT,Compliance Evidence,Standard,Tier 3,Webform & API,UK,UK,1,0,1
COMPLIANCE & AUDIT,Compliance Evidence,Standard,Tier 3,Webform & API,Unknown,UK,1,0,1
COMPLIANCE & AUDIT,Compliance Evidence,Standard,Tier 4,Email (Internal),Singapore/ANZ,APAC,1,0,1
COMPLIANCE & AUDIT,Compliance Evidence,Standard,Tier 4,Email (Internal),UAE,MENA,1,0,1
COMPLIANCE & AUDIT,Compliance Evidence,Standard,Tier 4,Email (Internal),UK,Mauritius,1,0,1
COMPLIANCE & AUDIT,Compliance Evidence,Standard,Tier 4,Email (Merchant),Crypto,Crypto,2,0,2
COMPLIANCE & AUDIT,Compliance Evidence,Standard,Tier 4,Email (Merchant),GCR,APAC,3,0,3
COMPLIANCE & AUDIT,Compliance Evidence,Standard,Tier 4,Email (Merchant),NORAM,Mauritius,3,0,3
COMPLIANCE & AUDIT,Compliance Evidence,Standard,Tier 4,Email (Merchant),NORAM,NORAM,1,0,1
COMPLIANCE & AUDIT,Compliance Evidence,Standard,Tier 4,Email (Merchant),Singapore/ANZ,APAC,1,0,1
COMPLIANCE & AUDIT,Compliance Evidence,Standard,Tier 4,Email (Merchant),UAE,MENA,2,0,2
COMPLIANCE & AUDIT,Compliance Evidence,Standard,Tier 4,Email (Merchant),UAE,Mauritius,1,0,1
COMPLIANCE & AUDIT,Compliance Evidence,Standard,Tier 4,Email (Merchant),UAE,UK,1,0,1
COMPLIANCE & AUDIT,Compliance Evidence,Standard,Tier 4,Email (Merchant),UAE,WW,1,0,1
COMPLIANCE & AUDIT,Compliance Evidence,Standard,Tier 4,Email (Merchant),UK,APAC,1,0,1
COMPLIANCE & AUDIT,Compliance Evidence,Standard,Tier 4,Email (Merchant),UK,Crypto,1,0,1
COMPLIANCE & AUDIT,Compliance Evidence,Standard,Tier 4,Email (Merchant),UK,UK,5,0,5
COMPLIANCE & AUDIT,Compliance Evidence,Standard,Tier 4,Email (Merchant),Unknown,APAC,5,0,5
COMPLIANCE & AUDIT,Compliance Evidence,Standard,Tier 4,Email (Merchant),Unknown,EEA,1,0,1
COMPLIANCE & AUDIT,Compliance Evidence,Standard,Tier 4,Email (Merchant),Unknown,NORAM,1,0,1
COMPLIANCE & AUDIT,Compliance Evidence,Standard,Tier 4,Fin (Dashboard),Central Europe,EEA,0,1,1
COMPLIANCE & AUDIT,Compliance Evidence,Standard,Tier 4,Fin (Dashboard),KSA,EEA,1,0,1
COMPLIANCE & AUDIT,Compliance Evidence,Standard,Tier 4,Fin (Dashboard),NORAM,NORAM,0,1,1
COMPLIANCE & AUDIT,Compliance Evidence,Standard,Tier 4,Fin (Dashboard),UAE,Mauritius,0,1,1
COMPLIANCE & AUDIT,Compliance Evidence,Standard,Tier 4,Fin (Dashboard),UAE,WW,0,1,1
COMPLIANCE & AUDIT,Compliance Evidence,Standard,Tier 4,Fin (Dashboard),Unknown,EEA,0,1,1
COMPLIANCE & AUDIT,Compliance Evidence,Standard,Tier 4,Other,Crypto,APAC,1,0,1
COMPLIANCE & AUDIT,Compliance Evidence,Standard,Tier 4,Other,Crypto,Crypto,1,0,1
COMPLIANCE & AUDIT,Compliance Evidence,Standard,Tier 4,Other,EU,EEA,1,0,1
COMPLIANCE & AUDIT,Compliance Evidence,Standard,Tier 4,Other,Issuing,UK,1,0,1
COMPLIANCE & AUDIT,Compliance Evidence,Standard,Tier 4,Other,NORAM,Mauritius,1,0,1
COMPLIANCE & AUDIT,Compliance Evidence,Standard,Tier 4,Other,UAE,MENA,3,0,3
COMPLIANCE & AUDIT,Compliance Evidence,Standard,Tier 4,Other,UAE,UK,1,0,1
COMPLIANCE & AUDIT,Compliance Evidence,Standard,Tier 4,Other,UAE,WW,1,0,1
COMPLIANCE & AUDIT,Compliance Evidence,Standard,Tier 4,Other,UK,UK,3,0,3
COMPLIANCE & AUDIT,Compliance Evidence,Standard,Tier 4,Other,Unknown,APAC,2,0,2
COMPLIANCE & AUDIT,Compliance Evidence,Standard,Tier 4,Other,Unknown,UK,1,0,1
COMPLIANCE & AUDIT,Compliance Evidence,Standard,Tier 4,Webform & API,Central Europe,EEA,2,0,2
COMPLIANCE & AUDIT,Compliance Evidence,Standard,Tier 4,Webform & API,EU,EEA,2,0,2
COMPLIANCE & AUDIT,Compliance Evidence,Standard,Tier 4,Webform & API,GCR,APAC,1,0,1
COMPLIANCE & AUDIT,Compliance Evidence,Standard,Tier 4,Webform & API,NORAM,Mauritius,1,0,1
COMPLIANCE & AUDIT,Compliance Evidence,Standard,Tier 4,Webform & API,NORAM,UK,1,0,1
COMPLIANCE & AUDIT,Compliance Evidence,Standard,Tier 4,Webform & API,Singapore/ANZ,APAC,1,0,1
COMPLIANCE & AUDIT,Compliance Evidence,Standard,Tier 4,Webform & API,UAE,MENA,3,0,3
COMPLIANCE & AUDIT,Compliance Evidence,Standard,Tier 4,Webform & API,UK,Crypto,1,0,1
COMPLIANCE & AUDIT,Compliance Evidence,Standard,Tier 4,Webform & API,UK,UK,1,0,1
COMPLIANCE & AUDIT,Compliance Evidence,Standard,Tier 4,Webform & API,Unknown,APAC,2,0,2
COMPLIANCE & AUDIT,Compliance Evidence,Standard,Tier 4,Webform & API,Unknown,EEA,1,0,1
COMPLIANCE & AUDIT,Compliance Evidence,Standard,Tier 4,Webform & API,Unknown,MENA,1,0,1
COMPLIANCE & AUDIT,Compliance Evidence,Unmapped,Unknown,Email (Internal),Unknown,Unknown,8,0,8
COMPLIANCE & AUDIT,Compliance Evidence,Unmapped,Unknown,Email (Merchant),Unknown,Unknown,29,0,29
COMPLIANCE & AUDIT,Compliance Evidence,Unmapped,Unknown,Other,Unknown,Unknown,16,0,16
COMPLIANCE & AUDIT,Compliance Evidence,Unmapped,Unknown,Webform & API,Unknown,Unknown,1,0,1
COMPLIANCE & AUDIT,Other Compliance,Enterprise,Tier 1,Email (Merchant),UK,UK,1,0,1
COMPLIANCE & AUDIT,Other Compliance,Enterprise,Tier 2,Email (Internal),NORAM,UK,1,0,1
COMPLIANCE & AUDIT,Other Compliance,Enterprise,Tier 2,Email (Internal),Southern Europe,EEA,1,0,1
COMPLIANCE & AUDIT,Other Compliance,Enterprise,Tier 2,Email (Internal),Unknown,EEA,1,0,1
COMPLIANCE & AUDIT,Other Compliance,Enterprise,Tier 2,Fin (Dashboard),NORAM,NORAM,0,1,1
COMPLIANCE & AUDIT,Other Compliance,Enterprise,Tier 2,Fin (Dashboard),UAE,MENA,0,1,1
COMPLIANCE & AUDIT,Other Compliance,Enterprise,Tier 2,Webform & API,UK,UK,1,0,1
COMPLIANCE & AUDIT,Other Compliance,Enterprise,Tier 3,Fin (Dashboard),UK,NORAM,0,1,1
COMPLIANCE & AUDIT,Other Compliance,Enterprise,Unknown,Email (Merchant),Northern Europe,EEA,1,0,1
COMPLIANCE & AUDIT,Other Compliance,Enterprise,Unknown,Webform & API,Northern Europe,EEA,1,0,1
COMPLIANCE & AUDIT,Other Compliance,Standard,Tier 2,Email (Internal),UK,UK,1,0,1
COMPLIANCE & AUDIT,Other Compliance,Standard,Tier 3,Email (Internal),GCR,APAC,1,0,1
COMPLIANCE & AUDIT,Other Compliance,Standard,Tier 3,Email (Internal),Southern Europe,EEA,1,0,1
COMPLIANCE & AUDIT,Other Compliance,Standard,Tier 3,Email (Internal),UAE,Unknown,1,0,1
COMPLIANCE & AUDIT,Other Compliance,Standard,Tier 3,Email (Internal),Unknown,EEA,1,0,1
COMPLIANCE & AUDIT,Other Compliance,Standard,Tier 3,Email (Merchant),KSA,EEA,1,0,1
COMPLIANCE & AUDIT,Other Compliance,Standard,Tier 3,Email (Merchant),UK,UK,1,0,1
COMPLIANCE & AUDIT,Other Compliance,Standard,Tier 3,Fin (Dashboard),Unknown,UK,0,1,1
COMPLIANCE & AUDIT,Other Compliance,Standard,Tier 4,Email (Merchant),UK,Crypto,1,0,1
COMPLIANCE & AUDIT,Other Compliance,Standard,Tier 4,Email (Merchant),UK,UK,1,0,1
COMPLIANCE & AUDIT,Other Compliance,Standard,Tier 4,Email (Merchant),Unknown,EEA,2,0,2
COMPLIANCE & AUDIT,Other Compliance,Standard,Tier 4,Email (Merchant),Unknown,UK,1,0,1
COMPLIANCE & AUDIT,Other Compliance,Standard,Tier 4,Email (Merchant),WW,WW,1,0,1
COMPLIANCE & AUDIT,Other Compliance,Standard,Tier 4,Fin (Dashboard),Southern Europe,EEA,0,1,1
COMPLIANCE & AUDIT,Other Compliance,Standard,Tier 4,Fin (Dashboard),Unknown,EEA,0,1,1
COMPLIANCE & AUDIT,Other Compliance,Standard,Tier 4,Other,UK,UK,2,0,2
COMPLIANCE & AUDIT,Other Compliance,Standard,Tier 4,Other,WW,WW,1,0,1
COMPLIANCE & AUDIT,Other Compliance,Standard,Tier 4,Webform & API,Mauritius,Mauritius,1,0,1
COMPLIANCE & AUDIT,Other Compliance,Standard,Tier 4,Webform & API,NORAM,NORAM,1,0,1
COMPLIANCE & AUDIT,Other Compliance,Standard,Tier 4,Webform & API,Southern Europe,EEA,1,0,1
COMPLIANCE & AUDIT,Other Compliance,Standard,Tier 4,Webform & API,UK,UK,1,0,1
COMPLIANCE & AUDIT,Other Compliance,Standard,Tier 4,Webform & API,Unknown,EEA,2,0,2
COMPLIANCE & AUDIT,Other Compliance,Standard,Tier 4,Webform & API,Unknown,UK,1,0,1
COMPLIANCE & AUDIT,Other Compliance,Unmapped,Unknown,Email (Internal),Unknown,Unknown,1,0,1
COMPLIANCE & AUDIT,Other Compliance,Unmapped,Unknown,Email (Merchant),Unknown,Unknown,7,0,7
DATA AND ANALYTICS,Reporting,Enterprise,Tier 1,Email (Internal),Crypto,Crypto,6,0,6
DATA AND ANALYTICS,Reporting,Enterprise,Tier 1,Email (Internal),EU,EEA,1,0,1
DATA AND ANALYTICS,Reporting,Enterprise,Tier 1,Email (Internal),NORAM,UK,1,0,1
DATA AND ANALYTICS,Reporting,Enterprise,Tier 1,Email (Internal),Southern Europe,EEA,1,0,1
DATA AND ANALYTICS,Reporting,Enterprise,Tier 1,Email (Internal),UAE,MENA,7,0,7
DATA AND ANALYTICS,Reporting,Enterprise,Tier 1,Email (Internal),UK,Crypto,1,0,1
DATA AND ANALYTICS,Reporting,Enterprise,Tier 1,Email (Internal),UK,UK,2,0,2
DATA AND ANALYTICS,Reporting,Enterprise,Tier 1,Email (Internal),Unknown,UK,1,0,1
DATA AND ANALYTICS,Reporting,Enterprise,Tier 1,Email (Merchant),Crypto,Crypto,9,0,9
DATA AND ANALYTICS,Reporting,Enterprise,Tier 1,Email (Merchant),Crypto,EEA,1,0,1
DATA AND ANALYTICS,Reporting,Enterprise,Tier 1,Email (Merchant),GCR,APAC,1,0,1
DATA AND ANALYTICS,Reporting,Enterprise,Tier 1,Email (Merchant),NORAM,UK,1,0,1
DATA AND ANALYTICS,Reporting,Enterprise,Tier 1,Email (Merchant),UAE,MENA,7,0,7
DATA AND ANALYTICS,Reporting,Enterprise,Tier 1,Email (Merchant),UK,APAC,1,0,1
DATA AND ANALYTICS,Reporting,Enterprise,Tier 1,Email (Merchant),UK,Crypto,2,0,2
DATA AND ANALYTICS,Reporting,Enterprise,Tier 1,Email (Merchant),UK,UK,6,0,6
DATA AND ANALYTICS,Reporting,Enterprise,Tier 1,Email (Merchant),Unknown,Crypto,1,0,1
DATA AND ANALYTICS,Reporting,Enterprise,Tier 1,Email (Merchant),Unknown,NORAM,2,0,2
DATA AND ANALYTICS,Reporting,Enterprise,Tier 1,Email (Merchant),Unknown,UK,3,0,3
DATA AND ANALYTICS,Reporting,Enterprise,Tier 1,Email (Merchant),WW,EEA,2,0,2
DATA AND ANALYTICS,Reporting,Enterprise,Tier 1,Fin (Dashboard),Crypto,Crypto,2,1,3
DATA AND ANALYTICS,Reporting,Enterprise,Tier 1,Fin (Dashboard),GCR,APAC,0,2,2
DATA AND ANALYTICS,Reporting,Enterprise,Tier 1,Fin (Dashboard),Mauritius,UK,0,3,3
DATA AND ANALYTICS,Reporting,Enterprise,Tier 1,Fin (Dashboard),NORAM,Crypto,0,1,1
DATA AND ANALYTICS,Reporting,Enterprise,Tier 1,Fin (Dashboard),NORAM,NORAM,1,1,2
DATA AND ANALYTICS,Reporting,Enterprise,Tier 1,Fin (Dashboard),NORAM,UK,1,1,2
DATA AND ANALYTICS,Reporting,Enterprise,Tier 1,Fin (Dashboard),UAE,MENA,0,5,5
DATA AND ANALYTICS,Reporting,Enterprise,Tier 1,Fin (Dashboard),WW,APAC,0,1,1
DATA AND ANALYTICS,Reporting,Enterprise,Tier 1,Fin (Dashboard),WW,EEA,0,1,1
DATA AND ANALYTICS,Reporting,Enterprise,Tier 1,Fin (Dashboard),WW,Mauritius,0,1,1
DATA AND ANALYTICS,Reporting,Enterprise,Tier 1,Other,Crypto,Crypto,2,0,2
DATA AND ANALYTICS,Reporting,Enterprise,Tier 1,Other,GCR,APAC,2,0,2
DATA AND ANALYTICS,Reporting,Enterprise,Tier 1,Other,UK,UK,1,0,1
DATA AND ANALYTICS,Reporting,Enterprise,Tier 1,Other,WW,MENA,1,0,1
DATA AND ANALYTICS,Reporting,Enterprise,Tier 1,Webform & API,Crypto,Crypto,4,0,4
DATA AND ANALYTICS,Reporting,Enterprise,Tier 1,Webform & API,GCR,APAC,2,0,2
DATA AND ANALYTICS,Reporting,Enterprise,Tier 1,Webform & API,Mauritius,UK,1,0,1
DATA AND ANALYTICS,Reporting,Enterprise,Tier 1,Webform & API,NORAM,UK,1,0,1
DATA AND ANALYTICS,Reporting,Enterprise,Tier 1,Webform & API,Southern Europe,EEA,1,0,1
DATA AND ANALYTICS,Reporting,Enterprise,Tier 1,Webform & API,UAE,MENA,2,0,2
DATA AND ANALYTICS,Reporting,Enterprise,Tier 1,Webform & API,UK,Crypto,1,0,1
DATA AND ANALYTICS,Reporting,Enterprise,Tier 1,Webform & API,Unknown,Crypto,2,0,2
DATA AND ANALYTICS,Reporting,Enterprise,Tier 1,Webform & API,Unknown,UK,1,0,1
DATA AND ANALYTICS,Reporting,Enterprise,Tier 1,Webform & API,WW,APAC,2,0,2
DATA AND ANALYTICS,Reporting,Enterprise,Tier 1,Webform & API,WW,MENA,1,0,1
DATA AND ANALYTICS,Reporting,Enterprise,Tier 2,Email (Internal),Central Europe,EEA,3,0,3
DATA AND ANALYTICS,Reporting,Enterprise,Tier 2,Email (Internal),Crypto,APAC,1,0,1
DATA AND ANALYTICS,Reporting,Enterprise,Tier 2,Email (Internal),Crypto,Crypto,2,0,2
DATA AND ANALYTICS,Reporting,Enterprise,Tier 2,Email (Internal),GCR,APAC,2,0,2
DATA AND ANALYTICS,Reporting,Enterprise,Tier 2,Email (Internal),KSA,EEA,1,0,1
DATA AND ANALYTICS,Reporting,Enterprise,Tier 2,Email (Internal),NORAM,Crypto,1,0,1
DATA AND ANALYTICS,Reporting,Enterprise,Tier 2,Email (Internal),Northern Europe,EEA,2,0,2
DATA AND ANALYTICS,Reporting,Enterprise,Tier 2,Email (Internal),Southern Europe,EEA,2,0,2
DATA AND ANALYTICS,Reporting,Enterprise,Tier 2,Email (Internal),UAE,MENA,6,0,6
DATA AND ANALYTICS,Reporting,Enterprise,Tier 2,Email (Internal),UK,UK,9,0,9
DATA AND ANALYTICS,Reporting,Enterprise,Tier 2,Email (Internal),Unknown,EEA,1,0,1
DATA AND ANALYTICS,Reporting,Enterprise,Tier 2,Email (Internal),WW,UK,2,0,2
DATA AND ANALYTICS,Reporting,Enterprise,Tier 2,Email (Merchant),Central Europe,EEA,7,0,7
DATA AND ANALYTICS,Reporting,Enterprise,Tier 2,Email (Merchant),Crypto,Crypto,6,0,6
DATA AND ANALYTICS,Reporting,Enterprise,Tier 2,Email (Merchant),GCR,APAC,2,0,2
DATA AND ANALYTICS,Reporting,Enterprise,Tier 2,Email (Merchant),NORAM,EEA,1,0,1
DATA AND ANALYTICS,Reporting,Enterprise,Tier 2,Email (Merchant),NORAM,NORAM,1,0,1
DATA AND ANALYTICS,Reporting,Enterprise,Tier 2,Email (Merchant),NORAM,UK,6,0,6
DATA AND ANALYTICS,Reporting,Enterprise,Tier 2,Email (Merchant),Singapore/ANZ,APAC,3,0,3
DATA AND ANALYTICS,Reporting,Enterprise,Tier 2,Email (Merchant),Southern Europe,EEA,1,0,1
DATA AND ANALYTICS,Reporting,Enterprise,Tier 2,Email (Merchant),UAE,MENA,19,0,19
DATA AND ANALYTICS,Reporting,Enterprise,Tier 2,Email (Merchant),UK,UK,8,0,8
DATA AND ANALYTICS,Reporting,Enterprise,Tier 2,Email (Merchant),Unknown,EEA,1,0,1
DATA AND ANALYTICS,Reporting,Enterprise,Tier 2,Email (Merchant),Unknown,NORAM,9,0,9
DATA AND ANALYTICS,Reporting,Enterprise,Tier 2,Email (Merchant),Unknown,UK,1,0,1
DATA AND ANALYTICS,Reporting,Enterprise,Tier 2,Email (Merchant),WW,EEA,1,0,1
DATA AND ANALYTICS,Reporting,Enterprise,Tier 2,Email (Merchant),WW,UK,1,0,1
DATA AND ANALYTICS,Reporting,Enterprise,Tier 2,Fin (Dashboard),Central Europe,EEA,0,1,1
DATA AND ANALYTICS,Reporting,Enterprise,Tier 2,Fin (Dashboard),Crypto,Crypto,1,1,2
DATA AND ANALYTICS,Reporting,Enterprise,Tier 2,Fin (Dashboard),GCR,APAC,0,2,2
DATA AND ANALYTICS,Reporting,Enterprise,Tier 2,Fin (Dashboard),Issuing,UK,0,1,1
DATA AND ANALYTICS,Reporting,Enterprise,Tier 2,Fin (Dashboard),NORAM,EEA,0,1,1
DATA AND ANALYTICS,Reporting,Enterprise,Tier 2,Fin (Dashboard),NORAM,UK,0,1,1
DATA AND ANALYTICS,Reporting,Enterprise,Tier 2,Fin (Dashboard),Northern Europe,EEA,0,4,4
DATA AND ANALYTICS,Reporting,Enterprise,Tier 2,Fin (Dashboard),Singapore/ANZ,APAC,0,2,2
DATA AND ANALYTICS,Reporting,Enterprise,Tier 2,Fin (Dashboard),Southern Europe,EEA,1,0,1
DATA AND ANALYTICS,Reporting,Enterprise,Tier 2,Fin (Dashboard),UAE,MENA,0,4,4
DATA AND ANALYTICS,Reporting,Enterprise,Tier 2,Fin (Dashboard),UK,UK,0,8,8
DATA AND ANALYTICS,Reporting,Enterprise,Tier 2,Fin (Dashboard),WW,MENA,0,1,1
DATA AND ANALYTICS,Reporting,Enterprise,Tier 2,Other,Central Europe,EEA,1,0,1
DATA AND ANALYTICS,Reporting,Enterprise,Tier 2,Other,NORAM,UK,2,0,2
DATA AND ANALYTICS,Reporting,Enterprise,Tier 2,Other,Southern Europe,EEA,1,0,1
DATA AND ANALYTICS,Reporting,Enterprise,Tier 2,Other,UAE,MENA,3,0,3
DATA AND ANALYTICS,Reporting,Enterprise,Tier 2,Other,Unknown,NORAM,1,0,1
DATA AND ANALYTICS,Reporting,Enterprise,Tier 2,Other,WW,EEA,2,0,2
DATA AND ANALYTICS,Reporting,Enterprise,Tier 2,Webform & API,Central Europe,EEA,8,0,8
DATA AND ANALYTICS,Reporting,Enterprise,Tier 2,Webform & API,NORAM,NORAM,3,0,3
DATA AND ANALYTICS,Reporting,Enterprise,Tier 2,Webform & API,NORAM,UK,2,0,2
DATA AND ANALYTICS,Reporting,Enterprise,Tier 2,Webform & API,Northern Europe,EEA,2,0,2
DATA AND ANALYTICS,Reporting,Enterprise,Tier 2,Webform & API,UAE,MENA,5,0,5
DATA AND ANALYTICS,Reporting,Enterprise,Tier 2,Webform & API,UK,UK,9,0,9
DATA AND ANALYTICS,Reporting,Enterprise,Tier 2,Webform & API,Unknown,NORAM,1,0,1
DATA AND ANALYTICS,Reporting,Enterprise,Tier 2,Webform & API,WW,MENA,1,0,1
DATA AND ANALYTICS,Reporting,Enterprise,Tier 2,Webform & API,WW,UK,1,0,1
DATA AND ANALYTICS,Reporting,Enterprise,Tier 3,Email (Internal),Central Europe,EEA,1,0,1
DATA AND ANALYTICS,Reporting,Enterprise,Tier 3,Email (Internal),GCR,APAC,2,0,2
DATA AND ANALYTICS,Reporting,Enterprise,Tier 3,Email (Internal),NORAM,MENA,1,0,1
DATA AND ANALYTICS,Reporting,Enterprise,Tier 3,Email (Internal),UAE,MENA,1,0,1
DATA AND ANALYTICS,Reporting,Enterprise,Tier 3,Email (Internal),UK,UK,4,0,4
DATA AND ANALYTICS,Reporting,Enterprise,Tier 3,Email (Internal),WW,Israel,2,0,2
DATA AND ANALYTICS,Reporting,Enterprise,Tier 3,Email (Merchant),GCR,APAC,1,0,1
DATA AND ANALYTICS,Reporting,Enterprise,Tier 3,Email (Merchant),UAE,MENA,7,0,7
DATA AND ANALYTICS,Reporting,Enterprise,Tier 3,Email (Merchant),WW,Israel,1,0,1
DATA AND ANALYTICS,Reporting,Enterprise,Tier 3,Fin (Dashboard),Central Europe,EEA,0,1,1
DATA AND ANALYTICS,Reporting,Enterprise,Tier 3,Fin (Dashboard),UAE,MENA,0,1,1
DATA AND ANALYTICS,Reporting,Enterprise,Tier 3,Other,WW,Israel,1,0,1
DATA AND ANALYTICS,Reporting,Enterprise,Tier 3,Webform & API,GCR,APAC,1,0,1
DATA AND ANALYTICS,Reporting,Enterprise,Tier 3,Webform & API,UK,UK,1,0,1
DATA AND ANALYTICS,Reporting,Enterprise,Tier 4,Email (Merchant),UAE,MENA,2,0,2
DATA AND ANALYTICS,Reporting,Enterprise,Tier 4,Other,UAE,MENA,3,0,3
DATA AND ANALYTICS,Reporting,Enterprise,Tier 4,Webform & API,UK,UK,1,0,1
DATA AND ANALYTICS,Reporting,Enterprise,Unknown,Email (Merchant),NORAM,EEA,1,0,1
DATA AND ANALYTICS,Reporting,Premium,Tier 1,Email (Internal),Crypto,Crypto,4,0,4
DATA AND ANALYTICS,Reporting,Premium,Tier 1,Email (Internal),GCR,APAC,6,0,6
DATA AND ANALYTICS,Reporting,Premium,Tier 1,Email (Internal),NORAM,NORAM,3,0,3
DATA AND ANALYTICS,Reporting,Premium,Tier 1,Email (Internal),NORAM,UK,4,0,4
DATA AND ANALYTICS,Reporting,Premium,Tier 1,Email (Internal),SAT,NORAM,1,0,1
DATA AND ANALYTICS,Reporting,Premium,Tier 1,Email (Internal),Singapore/ANZ,APAC,1,0,1
DATA AND ANALYTICS,Reporting,Premium,Tier 1,Email (Internal),Singapore/ANZ,NORAM,2,0,2
DATA AND ANALYTICS,Reporting,Premium,Tier 1,Email (Internal),Southern Europe,EEA,3,0,3
DATA AND ANALYTICS,Reporting,Premium,Tier 1,Email (Internal),UAE,MENA,7,0,7
DATA AND ANALYTICS,Reporting,Premium,Tier 1,Email (Internal),UK,UK,2,0,2
DATA AND ANALYTICS,Reporting,Premium,Tier 1,Email (Internal),Unknown,UK,2,0,2
DATA AND ANALYTICS,Reporting,Premium,Tier 1,Email (Internal),WW,APAC,4,0,4
DATA AND ANALYTICS,Reporting,Premium,Tier 1,Email (Internal),WW,MENA,1,0,1
DATA AND ANALYTICS,Reporting,Premium,Tier 1,Email (Internal),WW,UK,4,0,4
DATA AND ANALYTICS,Reporting,Premium,Tier 1,Email (Internal),WW,WW,1,0,1
DATA AND ANALYTICS,Reporting,Premium,Tier 1,Email (Merchant),Crypto,Crypto,5,0,5
DATA AND ANALYTICS,Reporting,Premium,Tier 1,Email (Merchant),GCR,APAC,6,0,6
DATA AND ANALYTICS,Reporting,Premium,Tier 1,Email (Merchant),NORAM,UK,1,0,1
DATA AND ANALYTICS,Reporting,Premium,Tier 1,Email (Merchant),UAE,MENA,10,0,10
DATA AND ANALYTICS,Reporting,Premium,Tier 1,Email (Merchant),UK,EEA,1,0,1
DATA AND ANALYTICS,Reporting,Premium,Tier 1,Email (Merchant),Unknown,NORAM,1,0,1
DATA AND ANALYTICS,Reporting,Premium,Tier 1,Email (Merchant),Unknown,UK,3,0,3
DATA AND ANALYTICS,Reporting,Premium,Tier 1,Email (Merchant),WW,APAC,3,0,3
DATA AND ANALYTICS,Reporting,Premium,Tier 1,Email (Merchant),WW,EEA,1,0,1
DATA AND ANALYTICS,Reporting,Premium,Tier 1,Email (Merchant),WW,MENA,1,0,1
DATA AND ANALYTICS,Reporting,Premium,Tier 1,Email (Merchant),WW,UK,4,0,4
DATA AND ANALYTICS,Reporting,Premium,Tier 1,Fin (Dashboard),Crypto,Crypto,0,2,2
DATA AND ANALYTICS,Reporting,Premium,Tier 1,Fin (Dashboard),GCR,APAC,0,1,1
DATA AND ANALYTICS,Reporting,Premium,Tier 1,Fin (Dashboard),Northern Europe,EEA,0,1,1
DATA AND ANALYTICS,Reporting,Premium,Tier 1,Fin (Dashboard),UAE,MENA,1,2,3
DATA AND ANALYTICS,Reporting,Premium,Tier 1,Fin (Dashboard),UK,Crypto,0,2,2
DATA AND ANALYTICS,Reporting,Premium,Tier 1,Fin (Dashboard),UK,EEA,0,2,2
DATA AND ANALYTICS,Reporting,Premium,Tier 1,Fin (Dashboard),UK,UK,0,4,4
DATA AND ANALYTICS,Reporting,Premium,Tier 1,Fin (Dashboard),WW,EEA,0,1,1
DATA AND ANALYTICS,Reporting,Premium,Tier 1,Other,GCR,APAC,1,0,1
DATA AND ANALYTICS,Reporting,Premium,Tier 1,Other,Singapore/ANZ,NORAM,2,0,2
DATA AND ANALYTICS,Reporting,Premium,Tier 1,Other,UAE,MENA,4,0,4
DATA AND ANALYTICS,Reporting,Premium,Tier 1,Other,WW,EEA,2,0,2
DATA AND ANALYTICS,Reporting,Premium,Tier 1,Other,WW,UK,1,0,1
DATA AND ANALYTICS,Reporting,Premium,Tier 1,Webform & API,NORAM,NORAM,3,0,3
DATA AND ANALYTICS,Reporting,Premium,Tier 1,Webform & API,NORAM,UK,1,0,1
DATA AND ANALYTICS,Reporting,Premium,Tier 1,Webform & API,SAT,SAT,1,0,1
DATA AND ANALYTICS,Reporting,Premium,Tier 1,Webform & API,UAE,MENA,3,0,3
DATA AND ANALYTICS,Reporting,Premium,Tier 1,Webform & API,UK,EEA,2,0,2
DATA AND ANALYTICS,Reporting,Premium,Tier 1,Webform & API,UK,UK,1,0,1
DATA AND ANALYTICS,Reporting,Premium,Tier 1,Webform & API,WW,APAC,1,0,1
DATA AND ANALYTICS,Reporting,Premium,Tier 1,Webform & API,WW,WW,1,0,1
DATA AND ANALYTICS,Reporting,Standard,Tier 2,Email (Internal),NORAM,NORAM,1,0,1
DATA AND ANALYTICS,Reporting,Standard,Tier 2,Email (Internal),Singapore/ANZ,APAC,1,0,1
DATA AND ANALYTICS,Reporting,Standard,Tier 2,Email (Merchant),GCR,Crypto,1,0,1
DATA AND ANALYTICS,Reporting,Standard,Tier 2,Fin (Dashboard),Crypto,Crypto,0,2,2
DATA AND ANALYTICS,Reporting,Standard,Tier 2,Fin (Dashboard),GCR,APAC,0,1,1
DATA AND ANALYTICS,Reporting,Standard,Tier 2,Fin (Dashboard),Mauritius,NORAM,1,0,1
DATA AND ANALYTICS,Reporting,Standard,Tier 2,Fin (Dashboard),NORAM,NORAM,1,2,3
DATA AND ANALYTICS,Reporting,Standard,Tier 2,Fin (Dashboard),UK,UK,0,1,1
DATA AND ANALYTICS,Reporting,Standard,Tier 2,Webform & API,UAE,MENA,1,0,1
DATA AND ANALYTICS,Reporting,Standard,Tier 3,Email (Internal),Central Europe,EEA,3,0,3
DATA AND ANALYTICS,Reporting,Standard,Tier 3,Email (Internal),Crypto,Crypto,1,0,1
DATA AND ANALYTICS,Reporting,Standard,Tier 3,Email (Internal),GCR,APAC,4,0,4
DATA AND ANALYTICS,Reporting,Standard,Tier 3,Email (Internal),NORAM,APAC,1,0,1
DATA AND ANALYTICS,Reporting,Standard,Tier 3,Email (Internal),Southern Europe,EEA,2,0,2
DATA AND ANALYTICS,Reporting,Standard,Tier 3,Email (Internal),UAE,MENA,6,0,6
DATA AND ANALYTICS,Reporting,Standard,Tier 3,Email (Internal),UK,EEA,1,0,1
DATA AND ANALYTICS,Reporting,Standard,Tier 3,Email (Internal),UK,UK,2,0,2
DATA AND ANALYTICS,Reporting,Standard,Tier 3,Email (Internal),Unknown,NORAM,1,0,1
DATA AND ANALYTICS,Reporting,Standard,Tier 3,Email (Internal),Unknown,UK,2,0,2
DATA AND ANALYTICS,Reporting,Standard,Tier 3,Email (Merchant),Crypto,Crypto,3,0,3
DATA AND ANALYTICS,Reporting,Standard,Tier 3,Email (Merchant),GCR,APAC,2,0,2
DATA AND ANALYTICS,Reporting,Standard,Tier 3,Email (Merchant),KSA,EEA,1,0,1
DATA AND ANALYTICS,Reporting,Standard,Tier 3,Email (Merchant),NORAM,Israel,1,0,1
DATA AND ANALYTICS,Reporting,Standard,Tier 3,Email (Merchant),NORAM,MENA,1,0,1
DATA AND ANALYTICS,Reporting,Standard,Tier 3,Email (Merchant),Northern Europe,EEA,2,0,2
DATA AND ANALYTICS,Reporting,Standard,Tier 3,Email (Merchant),Southern Europe,EEA,3,0,3
DATA AND ANALYTICS,Reporting,Standard,Tier 3,Email (Merchant),UAE,MENA,12,0,12
DATA AND ANALYTICS,Reporting,Standard,Tier 3,Email (Merchant),UAE,Mauritius,2,0,2
DATA AND ANALYTICS,Reporting,Standard,Tier 3,Email (Merchant),UK,UK,3,0,3
DATA AND ANALYTICS,Reporting,Standard,Tier 3,Email (Merchant),Ubble,EEA,2,0,2
DATA AND ANALYTICS,Reporting,Standard,Tier 3,Email (Merchant),Unknown,EEA,1,0,1
DATA AND ANALYTICS,Reporting,Standard,Tier 3,Email (Merchant),Unknown,UK,1,0,1
DATA AND ANALYTICS,Reporting,Standard,Tier 3,Email (Merchant),WW,MENA,1,0,1
DATA AND ANALYTICS,Reporting,Standard,Tier 3,Fin (Dashboard),Crypto,Crypto,3,3,6
DATA AND ANALYTICS,Reporting,Standard,Tier 3,Fin (Dashboard),GCR,APAC,0,3,3
DATA AND ANALYTICS,Reporting,Standard,Tier 3,Fin (Dashboard),NORAM,Israel,0,1,1
DATA AND ANALYTICS,Reporting,Standard,Tier 3,Fin (Dashboard),Northern Europe,EEA,1,0,1
DATA AND ANALYTICS,Reporting,Standard,Tier 3,Fin (Dashboard),Singapore/ANZ,NORAM,0,1,1
DATA AND ANALYTICS,Reporting,Standard,Tier 3,Fin (Dashboard),Southern Europe,EEA,0,1,1
DATA AND ANALYTICS,Reporting,Standard,Tier 3,Fin (Dashboard),UAE,MENA,2,14,16
DATA AND ANALYTICS,Reporting,Standard,Tier 3,Fin (Dashboard),UK,UK,1,5,6
DATA AND ANALYTICS,Reporting,Standard,Tier 3,Fin (Dashboard),Unknown,EEA,0,1,1
DATA AND ANALYTICS,Reporting,Standard,Tier 3,Fin (Dashboard),Unknown,UK,2,0,2
DATA AND ANALYTICS,Reporting,Standard,Tier 3,Fin (Dashboard),WW,MENA,0,1,1
DATA AND ANALYTICS,Reporting,Standard,Tier 3,Other,Crypto,Crypto,1,0,1
DATA AND ANALYTICS,Reporting,Standard,Tier 3,Other,WW,MENA,1,0,1
DATA AND ANALYTICS,Reporting,Standard,Tier 3,Webform & API,Central Europe,EEA,1,0,1
DATA AND ANALYTICS,Reporting,Standard,Tier 3,Webform & API,NORAM,Israel,2,0,2
DATA AND ANALYTICS,Reporting,Standard,Tier 3,Webform & API,NORAM,NORAM,3,0,3
DATA AND ANALYTICS,Reporting,Standard,Tier 3,Webform & API,NORAM,UK,1,0,1
DATA AND ANALYTICS,Reporting,Standard,Tier 3,Webform & API,Southern Europe,EEA,2,0,2
DATA AND ANALYTICS,Reporting,Standard,Tier 3,Webform & API,UAE,APAC,7,0,7
DATA AND ANALYTICS,Reporting,Standard,Tier 3,Webform & API,UAE,MENA,8,0,8
DATA AND ANALYTICS,Reporting,Standard,Tier 3,Webform & API,UAE,Mauritius,3,0,3
DATA AND ANALYTICS,Reporting,Standard,Tier 3,Webform & API,Ubble,EEA,1,0,1
DATA AND ANALYTICS,Reporting,Standard,Tier 3,Webform & API,Unknown,EEA,1,0,1
DATA AND ANALYTICS,Reporting,Standard,Tier 3,Webform & API,WW,NORAM,1,0,1
DATA AND ANALYTICS,Reporting,Standard,Tier 4,Email (Internal),Crypto,APAC,1,0,1
DATA AND ANALYTICS,Reporting,Standard,Tier 4,Email (Internal),Mauritius,Mauritius,1,0,1
DATA AND ANALYTICS,Reporting,Standard,Tier 4,Email (Internal),UAE,MENA,6,0,6
DATA AND ANALYTICS,Reporting,Standard,Tier 4,Email (Internal),UAE,Mauritius,1,0,1
DATA AND ANALYTICS,Reporting,Standard,Tier 4,Email (Internal),UK,Mauritius,1,0,1
DATA AND ANALYTICS,Reporting,Standard,Tier 4,Email (Internal),UK,UK,1,0,1
DATA AND ANALYTICS,Reporting,Standard,Tier 4,Email (Internal),Unknown,NORAM,1,0,1
DATA AND ANALYTICS,Reporting,Standard,Tier 4,Email (Merchant),Central Europe,Mauritius,2,0,2
DATA AND ANALYTICS,Reporting,Standard,Tier 4,Email (Merchant),GCR,APAC,2,0,2
DATA AND ANALYTICS,Reporting,Standard,Tier 4,Email (Merchant),Mauritius,Mauritius,2,0,2
DATA AND ANALYTICS,Reporting,Standard,Tier 4,Email (Merchant),NORAM,Mauritius,3,0,3
DATA AND ANALYTICS,Reporting,Standard,Tier 4,Email (Merchant),NORAM,NORAM,1,0,1
DATA AND ANALYTICS,Reporting,Standard,Tier 4,Email (Merchant),Singapore/ANZ,APAC,1,0,1
DATA AND ANALYTICS,Reporting,Standard,Tier 4,Email (Merchant),UAE,MENA,7,0,7
DATA AND ANALYTICS,Reporting,Standard,Tier 4,Email (Merchant),UAE,Mauritius,1,0,1
DATA AND ANALYTICS,Reporting,Standard,Tier 4,Email (Merchant),UK,UK,5,0,5
DATA AND ANALYTICS,Reporting,Standard,Tier 4,Email (Merchant),Unknown,APAC,1,0,1
DATA AND ANALYTICS,Reporting,Standard,Tier 4,Email (Merchant),Unknown,UK,1,0,1
DATA AND ANALYTICS,Reporting,Standard,Tier 4,Email (Merchant),WW,EEA,1,0,1
DATA AND ANALYTICS,Reporting,Standard,Tier 4,Fin (Dashboard),Crypto,APAC,0,1,1
DATA AND ANALYTICS,Reporting,Standard,Tier 4,Fin (Dashboard),Crypto,Crypto,0,1,1
DATA AND ANALYTICS,Reporting,Standard,Tier 4,Fin (Dashboard),Issuing,Mauritius,0,1,1
DATA AND ANALYTICS,Reporting,Standard,Tier 4,Fin (Dashboard),Issuing,UK,1,0,1
DATA AND ANALYTICS,Reporting,Standard,Tier 4,Fin (Dashboard),KSA,EEA,0,1,1
DATA AND ANALYTICS,Reporting,Standard,Tier 4,Fin (Dashboard),Mauritius,Mauritius,0,5,5
DATA AND ANALYTICS,Reporting,Standard,Tier 4,Fin (Dashboard),NORAM,Mauritius,0,1,1
DATA AND ANALYTICS,Reporting,Standard,Tier 4,Fin (Dashboard),NORAM,NORAM,0,4,4
DATA AND ANALYTICS,Reporting,Standard,Tier 4,Fin (Dashboard),NORAM,UK,1,2,3
DATA AND ANALYTICS,Reporting,Standard,Tier 4,Fin (Dashboard),Southern Europe,EEA,0,1,1
DATA AND ANALYTICS,Reporting,Standard,Tier 4,Fin (Dashboard),UAE,MENA,1,4,5
DATA AND ANALYTICS,Reporting,Standard,Tier 4,Fin (Dashboard),UK,UK,0,5,5
DATA AND ANALYTICS,Reporting,Standard,Tier 4,Fin (Dashboard),Unknown,APAC,1,3,4
DATA AND ANALYTICS,Reporting,Standard,Tier 4,Fin (Dashboard),Unknown,EEA,0,2,2
DATA AND ANALYTICS,Reporting,Standard,Tier 4,Fin (Dashboard),Unknown,Unknown,0,1,1
DATA AND ANALYTICS,Reporting,Standard,Tier 4,Fin (Dashboard),WW,EEA,1,0,1
DATA AND ANALYTICS,Reporting,Standard,Tier 4,Other,Central Europe,Mauritius,1,0,1
DATA AND ANALYTICS,Reporting,Standard,Tier 4,Other,EU,EEA,1,0,1
DATA AND ANALYTICS,Reporting,Standard,Tier 4,Other,GCR,APAC,1,0,1
DATA AND ANALYTICS,Reporting,Standard,Tier 4,Other,NORAM,UK,1,0,1
DATA AND ANALYTICS,Reporting,Standard,Tier 4,Other,UAE,MENA,5,0,5
DATA AND ANALYTICS,Reporting,Standard,Tier 4,Other,UAE,UK,2,0,2
DATA AND ANALYTICS,Reporting,Standard,Tier 4,Other,UK,MENA,1,0,1
DATA AND ANALYTICS,Reporting,Standard,Tier 4,Other,UK,UK,1,0,1
DATA AND ANALYTICS,Reporting,Standard,Tier 4,Other,Unknown,Crypto,1,0,1
DATA AND ANALYTICS,Reporting,Standard,Tier 4,Webform & API,Central Europe,EEA,1,0,1
DATA AND ANALYTICS,Reporting,Standard,Tier 4,Webform & API,Crypto,APAC,1,0,1
DATA AND ANALYTICS,Reporting,Standard,Tier 4,Webform & API,Crypto,Crypto,1,0,1
DATA AND ANALYTICS,Reporting,Standard,Tier 4,Webform & API,EU,EEA,1,0,1
DATA AND ANALYTICS,Reporting,Standard,Tier 4,Webform & API,GCR,APAC,1,0,1
DATA AND ANALYTICS,Reporting,Standard,Tier 4,Webform & API,Mauritius,Mauritius,3,0,3
DATA AND ANALYTICS,Reporting,Standard,Tier 4,Webform & API,NORAM,Mauritius,1,0,1
DATA AND ANALYTICS,Reporting,Standard,Tier 4,Webform & API,NORAM,NORAM,6,0,6
DATA AND ANALYTICS,Reporting,Standard,Tier 4,Webform & API,NORAM,UK,5,0,5
DATA AND ANALYTICS,Reporting,Standard,Tier 4,Webform & API,UAE,MENA,4,0,4
DATA AND ANALYTICS,Reporting,Standard,Tier 4,Webform & API,UAE,Mauritius,1,0,1
DATA AND ANALYTICS,Reporting,Standard,Tier 4,Webform & API,UK,Mauritius,2,0,2
DATA AND ANALYTICS,Reporting,Standard,Tier 4,Webform & API,UK,UK,8,0,8
DATA AND ANALYTICS,Reporting,Standard,Tier 4,Webform & API,Unknown,APAC,2,0,2
DATA AND ANALYTICS,Reporting,Standard,Tier 4,Webform & API,Unknown,Crypto,2,0,2
DATA AND ANALYTICS,Reporting,Standard,Tier 4,Webform & API,Unknown,MENA,1,0,1
DATA AND ANALYTICS,Reporting,Standard,Tier 4,Webform & API,Unknown,NORAM,1,0,1
DATA AND ANALYTICS,Reporting,Standard,Tier 4,Webform & API,Unknown,UK,1,0,1
DATA AND ANALYTICS,Reporting,Standard,Tier 4,Webform & API,WW,Mauritius,1,0,1
DATA AND ANALYTICS,Reporting,Standard,Tier 4,Webform & API,WW,WW,3,0,3
DATA AND ANALYTICS,Reporting,Standard,Unknown,Email (Internal),Mauritius,Mauritius,1,0,1
DATA AND ANALYTICS,Reporting,Standard,Unknown,Email (Merchant),Northern Europe,EEA,2,0,2
DATA AND ANALYTICS,Reporting,Standard,Unknown,Fin (Dashboard),UK,UK,1,0,1
DATA AND ANALYTICS,Reporting,Standard,Unknown,Other,Northern Europe,EEA,1,0,1
DATA AND ANALYTICS,Reporting,Unmapped,Unknown,Email (Internal),Unknown,Unknown,4,0,4
DATA AND ANALYTICS,Reporting,Unmapped,Unknown,Email (Merchant),Unknown,Unknown,22,0,22
DATA AND ANALYTICS,Reporting,Unmapped,Unknown,Fin (Dashboard),Unknown,Unknown,0,16,16
DATA AND ANALYTICS,Reporting,Unmapped,Unknown,Other,Unknown,Unknown,5,0,5
DATA AND ANALYTICS,Reporting,Unmapped,Unknown,Webform & API,Unknown,Unknown,12,0,12
FEEDBACK,Product Feedback,Enterprise,Tier 1,Email (Merchant),Crypto,Crypto,1,0,1
FEEDBACK,Product Feedback,Enterprise,Tier 1,Email (Merchant),UAE,MENA,2,0,2
FEEDBACK,Product Feedback,Enterprise,Tier 1,Fin (Dashboard),UAE,MENA,0,1,1
FEEDBACK,Product Feedback,Enterprise,Tier 1,Fin (Dashboard),UK,UK,0,1,1
FEEDBACK,Product Feedback,Enterprise,Tier 1,Other,Unknown,UK,1,0,1
FEEDBACK,Product Feedback,Enterprise,Tier 2,Email (Merchant),Central Europe,EEA,1,0,1
FEEDBACK,Product Feedback,Enterprise,Tier 2,Email (Merchant),Crypto,Crypto,1,0,1
FEEDBACK,Product Feedback,Enterprise,Tier 2,Email (Merchant),UAE,MENA,1,0,1
FEEDBACK,Product Feedback,Enterprise,Tier 2,Fin (Dashboard),NORAM,Crypto,0,2,2
FEEDBACK,Product Feedback,Enterprise,Tier 2,Fin (Dashboard),NORAM,EEA,0,1,1
FEEDBACK,Product Feedback,Enterprise,Tier 2,Fin (Dashboard),NORAM,NORAM,0,1,1
FEEDBACK,Product Feedback,Enterprise,Tier 2,Fin (Dashboard),NORAM,UK,0,1,1
FEEDBACK,Product Feedback,Enterprise,Tier 2,Fin (Dashboard),Southern Europe,EEA,0,1,1
FEEDBACK,Product Feedback,Enterprise,Tier 2,Fin (Dashboard),UK,UK,0,1,1
FEEDBACK,Product Feedback,Enterprise,Tier 2,Fin (Dashboard),WW,EEA,0,1,1
FEEDBACK,Product Feedback,Enterprise,Tier 2,Fin (Dashboard),WW,Mauritius,0,1,1
FEEDBACK,Product Feedback,Enterprise,Tier 2,Webform & API,UK,UK,1,0,1
FEEDBACK,Product Feedback,Enterprise,Tier 3,Fin (Dashboard),UK,UK,0,1,1
FEEDBACK,Product Feedback,Premium,Tier 1,Email (Merchant),NORAM,UK,1,0,1
FEEDBACK,Product Feedback,Premium,Tier 1,Email (Merchant),UAE,MENA,1,0,1
FEEDBACK,Product Feedback,Premium,Tier 1,Email (Merchant),UK,UK,1,0,1
FEEDBACK,Product Feedback,Premium,Tier 1,Fin (Dashboard),NORAM,UK,0,2,2
FEEDBACK,Product Feedback,Premium,Tier 1,Fin (Dashboard),Northern Europe,EEA,0,1,1
FEEDBACK,Product Feedback,Premium,Tier 1,Fin (Dashboard),UAE,MENA,0,1,1
FEEDBACK,Product Feedback,Premium,Tier 1,Fin (Dashboard),UK,Crypto,0,2,2
FEEDBACK,Product Feedback,Premium,Tier 1,Fin (Dashboard),UK,NORAM,0,1,1
FEEDBACK,Product Feedback,Premium,Tier 1,Fin (Dashboard),UK,UK,0,2,2
FEEDBACK,Product Feedback,Premium,Tier 1,Fin (Dashboard),WW,EEA,0,1,1
FEEDBACK,Product Feedback,Premium,Tier 1,Other,NORAM,UK,1,0,1
FEEDBACK,Product Feedback,Premium,Tier 1,Other,UK,NORAM,1,0,1
FEEDBACK,Product Feedback,Premium,Tier 1,Other,WW,EEA,2,0,2
FEEDBACK,Product Feedback,Premium,Tier 1,Webform & API,Crypto,Crypto,1,0,1
FEEDBACK,Product Feedback,Premium,Tier 1,Webform & API,WW,EEA,1,0,1
FEEDBACK,Product Feedback,Standard,Tier 2,Other,Crypto,Crypto,1,0,1
FEEDBACK,Product Feedback,Standard,Tier 2,Other,UK,UK,1,0,1
FEEDBACK,Product Feedback,Standard,Tier 3,Email (Merchant),UAE,MENA,1,0,1
FEEDBACK,Product Feedback,Standard,Tier 3,Fin (Dashboard),Central Europe,EEA,0,1,1
FEEDBACK,Product Feedback,Standard,Tier 3,Fin (Dashboard),GCR,APAC,0,2,2
FEEDBACK,Product Feedback,Standard,Tier 3,Fin (Dashboard),NORAM,Crypto,1,0,1
FEEDBACK,Product Feedback,Standard,Tier 3,Fin (Dashboard),NORAM,Israel,0,1,1
FEEDBACK,Product Feedback,Standard,Tier 3,Fin (Dashboard),NORAM,NORAM,0,1,1
FEEDBACK,Product Feedback,Standard,Tier 3,Fin (Dashboard),Singapore/ANZ,APAC,0,1,1
FEEDBACK,Product Feedback,Standard,Tier 3,Fin (Dashboard),UAE,MENA,1,3,4
FEEDBACK,Product Feedback,Standard,Tier 3,Fin (Dashboard),UK,UK,0,4,4
FEEDBACK,Product Feedback,Standard,Tier 3,Fin (Dashboard),Unknown,Crypto,0,1,1
FEEDBACK,Product Feedback,Standard,Tier 3,Fin (Dashboard),Unknown,EEA,0,1,1
FEEDBACK,Product Feedback,Standard,Tier 3,Fin (Dashboard),Unknown,UK,0,1,1
FEEDBACK,Product Feedback,Standard,Tier 3,Other,Central Europe,EEA,1,0,1
FEEDBACK,Product Feedback,Standard,Tier 3,Other,Northern Europe,EEA,1,0,1
FEEDBACK,Product Feedback,Standard,Tier 3,Other,UAE,Unknown,1,0,1
FEEDBACK,Product Feedback,Standard,Tier 3,Webform & API,Crypto,Crypto,1,0,1
FEEDBACK,Product Feedback,Standard,Tier 3,Webform & API,UK,UK,2,0,2
FEEDBACK,Product Feedback,Standard,Tier 3,Webform & API,Unknown,NORAM,1,0,1
FEEDBACK,Product Feedback,Standard,Tier 4,Email (Internal),UK,Mauritius,1,0,1
FEEDBACK,Product Feedback,Standard,Tier 4,Email (Merchant),Central Europe,EEA,1,0,1
FEEDBACK,Product Feedback,Standard,Tier 4,Email (Merchant),UAE,MENA,2,0,2
FEEDBACK,Product Feedback,Standard,Tier 4,Email (Merchant),Unknown,UK,2,0,2
FEEDBACK,Product Feedback,Standard,Tier 4,Email (Merchant),WW,WW,1,0,1
FEEDBACK,Product Feedback,Standard,Tier 4,Fin (Dashboard),EU,Mauritius,0,1,1
FEEDBACK,Product Feedback,Standard,Tier 4,Fin (Dashboard),Issuing,Unknown,0,1,1
FEEDBACK,Product Feedback,Standard,Tier 4,Fin (Dashboard),Mauritius,Mauritius,0,3,3
FEEDBACK,Product Feedback,Standard,Tier 4,Fin (Dashboard),NORAM,NORAM,0,4,4
FEEDBACK,Product Feedback,Standard,Tier 4,Fin (Dashboard),NORAM,UK,0,2,2
FEEDBACK,Product Feedback,Standard,Tier 4,Fin (Dashboard),UAE,MENA,0,3,3
FEEDBACK,Product Feedback,Standard,Tier 4,Fin (Dashboard),UK,Mauritius,0,1,1
FEEDBACK,Product Feedback,Standard,Tier 4,Fin (Dashboard),UK,UK,0,4,4
FEEDBACK,Product Feedback,Standard,Tier 4,Fin (Dashboard),Unknown,APAC,0,1,1
FEEDBACK,Product Feedback,Standard,Tier 4,Fin (Dashboard),Unknown,EEA,0,1,1
FEEDBACK,Product Feedback,Standard,Tier 4,Fin (Dashboard),Unknown,UK,1,1,2
FEEDBACK,Product Feedback,Standard,Tier 4,Other,Central Europe,EEA,1,0,1
FEEDBACK,Product Feedback,Standard,Tier 4,Other,GCR,APAC,1,0,1
FEEDBACK,Product Feedback,Standard,Tier 4,Other,Mauritius,Mauritius,1,0,1
FEEDBACK,Product Feedback,Standard,Tier 4,Other,Singapore/ANZ,APAC,1,0,1
FEEDBACK,Product Feedback,Standard,Tier 4,Other,UAE,MENA,5,0,5
FEEDBACK,Product Feedback,Standard,Tier 4,Other,UK,UK,5,0,5
FEEDBACK,Product Feedback,Standard,Tier 4,Other,Unknown,EEA,1,0,1
FEEDBACK,Product Feedback,Standard,Tier 4,Other,Unknown,MENA,2,0,2
FEEDBACK,Product Feedback,Standard,Tier 4,Other,Unknown,NORAM,1,0,1
FEEDBACK,Product Feedback,Standard,Tier 4,Other,Unknown,UK,2,0,2
FEEDBACK,Product Feedback,Standard,Tier 4,Other,WW,EEA,1,0,1
FEEDBACK,Product Feedback,Standard,Tier 4,Webform & API,NORAM,Mauritius,1,0,1
FEEDBACK,Product Feedback,Standard,Tier 4,Webform & API,NORAM,NORAM,1,0,1
FEEDBACK,Product Feedback,Standard,Tier 4,Webform & API,UAE,MENA,1,0,1
FEEDBACK,Product Feedback,Standard,Tier 4,Webform & API,UK,UK,1,0,1
FEEDBACK,Product Feedback,Standard,Tier 4,Webform & API,Unknown,UK,2,0,2
FEEDBACK,Product Feedback,Unmapped,Unknown,Email (Merchant),Unknown,Unknown,7,0,7
FEEDBACK,Product Feedback,Unmapped,Unknown,Fin (Dashboard),Unknown,Unknown,0,1,1
FEEDBACK,Product Feedback,Unmapped,Unknown,Other,Unknown,Unknown,9,0,9
FEEDBACK,Product Feedback,Unmapped,Unknown,Webform & API,Unknown,Unknown,1,0,1
FUNDS and FEES,Balance,Enterprise,Tier 1,Email (Internal),Crypto,Crypto,1,0,1
FUNDS and FEES,Balance,Enterprise,Tier 1,Email (Internal),GCR,APAC,1,0,1
FUNDS and FEES,Balance,Enterprise,Tier 1,Email (Internal),NORAM,UK,3,0,3
FUNDS and FEES,Balance,Enterprise,Tier 1,Email (Internal),UAE,MENA,1,0,1
FUNDS and FEES,Balance,Enterprise,Tier 1,Email (Internal),UK,APAC,1,0,1
FUNDS and FEES,Balance,Enterprise,Tier 1,Email (Internal),UK,EEA,1,0,1
FUNDS and FEES,Balance,Enterprise,Tier 1,Email (Internal),UK,UK,1,0,1
FUNDS and FEES,Balance,Enterprise,Tier 1,Email (Internal),Unknown,Crypto,1,0,1
FUNDS and FEES,Balance,Enterprise,Tier 1,Email (Internal),Unknown,NORAM,1,0,1
FUNDS and FEES,Balance,Enterprise,Tier 1,Email (Internal),Unknown,UK,1,0,1
FUNDS and FEES,Balance,Enterprise,Tier 1,Email (Merchant),Crypto,Crypto,14,0,14
FUNDS and FEES,Balance,Enterprise,Tier 1,Email (Merchant),UAE,MENA,2,0,2
FUNDS and FEES,Balance,Enterprise,Tier 1,Email (Merchant),UK,UK,6,0,6
FUNDS and FEES,Balance,Enterprise,Tier 1,Fin (Dashboard),Crypto,Crypto,0,1,1
FUNDS and FEES,Balance,Enterprise,Tier 1,Fin (Dashboard),NORAM,Crypto,1,0,1
FUNDS and FEES,Balance,Enterprise,Tier 1,Fin (Dashboard),Northern Europe,EEA,0,2,2
FUNDS and FEES,Balance,Enterprise,Tier 1,Fin (Dashboard),WW,UK,0,2,2
FUNDS and FEES,Balance,Enterprise,Tier 1,Other,GCR,APAC,1,0,1
FUNDS and FEES,Balance,Enterprise,Tier 1,Other,NORAM,UK,1,0,1
FUNDS and FEES,Balance,Enterprise,Tier 1,Other,Northern Europe,EEA,1,0,1
FUNDS and FEES,Balance,Enterprise,Tier 1,Other,UK,UK,1,0,1
FUNDS and FEES,Balance,Enterprise,Tier 1,Webform & API,Crypto,Crypto,12,0,12
FUNDS and FEES,Balance,Enterprise,Tier 1,Webform & API,NORAM,Crypto,1,0,1
FUNDS and FEES,Balance,Enterprise,Tier 1,Webform & API,Unknown,UK,1,0,1
FUNDS and FEES,Balance,Enterprise,Tier 2,Email (Internal),NORAM,EEA,1,0,1
FUNDS and FEES,Balance,Enterprise,Tier 2,Email (Internal),UAE,MENA,1,0,1
FUNDS and FEES,Balance,Enterprise,Tier 2,Email (Internal),UK,UK,2,0,2
FUNDS and FEES,Balance,Enterprise,Tier 2,Email (Merchant),Crypto,APAC,1,0,1
FUNDS and FEES,Balance,Enterprise,Tier 2,Email (Merchant),Crypto,Crypto,16,0,16
FUNDS and FEES,Balance,Enterprise,Tier 2,Email (Merchant),NORAM,NORAM,1,0,1
FUNDS and FEES,Balance,Enterprise,Tier 2,Email (Merchant),NORAM,UK,1,0,1
FUNDS and FEES,Balance,Enterprise,Tier 2,Email (Merchant),UK,UK,4,0,4
FUNDS and FEES,Balance,Enterprise,Tier 2,Fin (Dashboard),Crypto,APAC,0,1,1
FUNDS and FEES,Balance,Enterprise,Tier 2,Fin (Dashboard),Crypto,Crypto,1,0,1
FUNDS and FEES,Balance,Enterprise,Tier 2,Fin (Dashboard),KSA,MENA,0,1,1
FUNDS and FEES,Balance,Enterprise,Tier 2,Fin (Dashboard),NORAM,Crypto,0,1,1
FUNDS and FEES,Balance,Enterprise,Tier 2,Fin (Dashboard),NORAM,UK,0,1,1
FUNDS and FEES,Balance,Enterprise,Tier 2,Fin (Dashboard),Northern Europe,EEA,0,1,1
FUNDS and FEES,Balance,Enterprise,Tier 2,Fin (Dashboard),SAT,SAT,0,1,1
FUNDS and FEES,Balance,Enterprise,Tier 2,Fin (Dashboard),UK,UK,1,1,2
FUNDS and FEES,Balance,Enterprise,Tier 2,Other,Crypto,Crypto,3,0,3
FUNDS and FEES,Balance,Enterprise,Tier 2,Other,NORAM,NORAM,7,0,7
FUNDS and FEES,Balance,Enterprise,Tier 2,Other,UK,UK,1,0,1
FUNDS and FEES,Balance,Enterprise,Tier 2,Webform & API,Crypto,Crypto,1,0,1
FUNDS and FEES,Balance,Enterprise,Tier 2,Webform & API,NORAM,NORAM,1,0,1
FUNDS and FEES,Balance,Enterprise,Tier 2,Webform & API,WW,Mauritius,1,0,1
FUNDS and FEES,Balance,Enterprise,Tier 3,Email (Internal),GCR,APAC,1,0,1
FUNDS and FEES,Balance,Enterprise,Tier 3,Email (Internal),Northern Europe,EEA,1,0,1
FUNDS and FEES,Balance,Enterprise,Tier 3,Email (Merchant),GCR,APAC,1,0,1
FUNDS and FEES,Balance,Enterprise,Tier 3,Email (Merchant),WW,Israel,1,0,1
FUNDS and FEES,Balance,Enterprise,Tier 3,Webform & API,GCR,APAC,1,0,1
FUNDS and FEES,Balance,Premium,Tier 1,Email (Internal),Crypto,Crypto,1,0,1
FUNDS and FEES,Balance,Premium,Tier 1,Email (Internal),NORAM,UK,2,0,2
FUNDS and FEES,Balance,Premium,Tier 1,Email (Internal),UK,UK,1,0,1
FUNDS and FEES,Balance,Premium,Tier 1,Email (Internal),WW,APAC,1,0,1
FUNDS and FEES,Balance,Premium,Tier 1,Email (Merchant),Crypto,Crypto,3,0,3
FUNDS and FEES,Balance,Premium,Tier 1,Email (Merchant),GCR,APAC,1,0,1
FUNDS and FEES,Balance,Premium,Tier 1,Email (Merchant),NORAM,UK,1,0,1
FUNDS and FEES,Balance,Premium,Tier 1,Email (Merchant),Southern Europe,EEA,1,0,1
FUNDS and FEES,Balance,Premium,Tier 1,Email (Merchant),UAE,MENA,1,0,1
FUNDS and FEES,Balance,Premium,Tier 1,Email (Merchant),UK,Crypto,2,0,2
FUNDS and FEES,Balance,Premium,Tier 1,Email (Merchant),UK,EEA,1,0,1
FUNDS and FEES,Balance,Premium,Tier 1,Email (Merchant),UK,UK,1,0,1
FUNDS and FEES,Balance,Premium,Tier 1,Email (Merchant),WW,APAC,1,0,1
FUNDS and FEES,Balance,Premium,Tier 1,Email (Merchant),WW,UK,12,0,12
FUNDS and FEES,Balance,Premium,Tier 1,Fin (Dashboard),Crypto,Crypto,2,3,5
FUNDS and FEES,Balance,Premium,Tier 1,Fin (Dashboard),Southern Europe,EEA,1,0,1
FUNDS and FEES,Balance,Premium,Tier 1,Fin (Dashboard),WW,EEA,0,1,1
FUNDS and FEES,Balance,Premium,Tier 1,Other,UK,UK,1,0,1
FUNDS and FEES,Balance,Premium,Tier 1,Other,Unknown,Crypto,4,0,4
FUNDS and FEES,Balance,Standard,Tier 2,Email (Internal),Crypto,Crypto,1,0,1
FUNDS and FEES,Balance,Standard,Tier 2,Email (Internal),UK,UK,2,0,2
FUNDS and FEES,Balance,Standard,Tier 2,Email (Merchant),Crypto,Crypto,3,0,3
FUNDS and FEES,Balance,Standard,Tier 2,Fin (Dashboard),GCR,APAC,0,1,1
FUNDS and FEES,Balance,Standard,Tier 2,Webform & API,UAE,MENA,2,0,2
FUNDS and FEES,Balance,Standard,Tier 3,Email (Internal),Central Europe,EEA,1,0,1
FUNDS and FEES,Balance,Standard,Tier 3,Email (Internal),NORAM,Israel,2,0,2
FUNDS and FEES,Balance,Standard,Tier 3,Email (Internal),Northern Europe,EEA,1,0,1
FUNDS and FEES,Balance,Standard,Tier 3,Email (Internal),Southern Europe,EEA,2,0,2
FUNDS and FEES,Balance,Standard,Tier 3,Email (Internal),UAE,Unknown,1,0,1
FUNDS and FEES,Balance,Standard,Tier 3,Email (Internal),UK,Mauritius,1,0,1
FUNDS and FEES,Balance,Standard,Tier 3,Email (Internal),UK,UK,4,0,4
FUNDS and FEES,Balance,Standard,Tier 3,Email (Merchant),Central Europe,EEA,4,0,4
FUNDS and FEES,Balance,Standard,Tier 3,Email (Merchant),Crypto,APAC,1,0,1
FUNDS and FEES,Balance,Standard,Tier 3,Email (Merchant),Crypto,Crypto,7,0,7
FUNDS and FEES,Balance,Standard,Tier 3,Email (Merchant),Crypto,EEA,6,0,6
FUNDS and FEES,Balance,Standard,Tier 3,Email (Merchant),GCR,APAC,2,0,2
FUNDS and FEES,Balance,Standard,Tier 3,Email (Merchant),NORAM,Israel,1,0,1
FUNDS and FEES,Balance,Standard,Tier 3,Email (Merchant),NORAM,NORAM,1,0,1
FUNDS and FEES,Balance,Standard,Tier 3,Email (Merchant),Northern Europe,EEA,1,0,1
FUNDS and FEES,Balance,Standard,Tier 3,Email (Merchant),UAE,MENA,2,0,2
FUNDS and FEES,Balance,Standard,Tier 3,Email (Merchant),UAE,Mauritius,1,0,1
FUNDS and FEES,Balance,Standard,Tier 3,Email (Merchant),UK,UK,2,0,2
FUNDS and FEES,Balance,Standard,Tier 3,Email (Merchant),Unknown,Crypto,2,0,2
FUNDS and FEES,Balance,Standard,Tier 3,Email (Merchant),Unknown,EEA,2,0,2
FUNDS and FEES,Balance,Standard,Tier 3,Fin (Dashboard),Central Europe,EEA,0,2,2
FUNDS and FEES,Balance,Standard,Tier 3,Fin (Dashboard),Crypto,Crypto,0,4,4
FUNDS and FEES,Balance,Standard,Tier 3,Fin (Dashboard),Southern Europe,EEA,1,0,1
FUNDS and FEES,Balance,Standard,Tier 3,Fin (Dashboard),UAE,MENA,0,1,1
FUNDS and FEES,Balance,Standard,Tier 3,Fin (Dashboard),UAE,Mauritius,0,1,1
FUNDS and FEES,Balance,Standard,Tier 3,Fin (Dashboard),UK,UK,1,2,3
FUNDS and FEES,Balance,Standard,Tier 3,Fin (Dashboard),Unknown,Crypto,0,1,1
FUNDS and FEES,Balance,Standard,Tier 3,Fin (Dashboard),WW,APAC,0,1,1
FUNDS and FEES,Balance,Standard,Tier 3,Other,UAE,MENA,1,0,1
FUNDS and FEES,Balance,Standard,Tier 3,Webform & API,Central Europe,EEA,1,0,1
FUNDS and FEES,Balance,Standard,Tier 3,Webform & API,Northern Europe,EEA,1,0,1
FUNDS and FEES,Balance,Standard,Tier 3,Webform & API,Singapore/ANZ,APAC,2,0,2
FUNDS and FEES,Balance,Standard,Tier 3,Webform & API,UAE,MENA,3,0,3
FUNDS and FEES,Balance,Standard,Tier 3,Webform & API,UK,UK,3,0,3
FUNDS and FEES,Balance,Standard,Tier 3,Webform & API,Unknown,APAC,1,0,1
FUNDS and FEES,Balance,Standard,Tier 3,Webform & API,Unknown,Crypto,1,0,1
FUNDS and FEES,Balance,Standard,Tier 4,Email (Internal),Crypto,Crypto,1,0,1
FUNDS and FEES,Balance,Standard,Tier 4,Email (Internal),KSA,EEA,1,0,1
FUNDS and FEES,Balance,Standard,Tier 4,Email (Internal),NORAM,Mauritius,3,0,3
FUNDS and FEES,Balance,Standard,Tier 4,Email (Internal),UAE,MENA,1,0,1
FUNDS and FEES,Balance,Standard,Tier 4,Email (Internal),UK,Mauritius,1,0,1
FUNDS and FEES,Balance,Standard,Tier 4,Email (Internal),UK,UK,1,0,1
FUNDS and FEES,Balance,Standard,Tier 4,Email (Internal),Unknown,UK,2,0,2
FUNDS and FEES,Balance,Standard,Tier 4,Email (Merchant),Crypto,Crypto,2,0,2
FUNDS and FEES,Balance,Standard,Tier 4,Email (Merchant),GCR,APAC,2,0,2
FUNDS and FEES,Balance,Standard,Tier 4,Email (Merchant),Mauritius,Mauritius,9,0,9
FUNDS and FEES,Balance,Standard,Tier 4,Email (Merchant),NORAM,UK,1,0,1
FUNDS and FEES,Balance,Standard,Tier 4,Email (Merchant),Southern Europe,EEA,1,0,1
FUNDS and FEES,Balance,Standard,Tier 4,Email (Merchant),Southern Europe,WW,1,0,1
FUNDS and FEES,Balance,Standard,Tier 4,Email (Merchant),UAE,MENA,7,0,7
FUNDS and FEES,Balance,Standard,Tier 4,Email (Merchant),UK,UK,5,0,5
FUNDS and FEES,Balance,Standard,Tier 4,Email (Merchant),Unknown,APAC,1,0,1
FUNDS and FEES,Balance,Standard,Tier 4,Email (Merchant),Unknown,NORAM,1,0,1
FUNDS and FEES,Balance,Standard,Tier 4,Email (Merchant),Unknown,UK,1,0,1
FUNDS and FEES,Balance,Standard,Tier 4,Email (Merchant),WW,WW,1,0,1
FUNDS and FEES,Balance,Standard,Tier 4,Fin (Dashboard),Crypto,APAC,0,1,1
FUNDS and FEES,Balance,Standard,Tier 4,Fin (Dashboard),Crypto,Crypto,0,1,1
FUNDS and FEES,Balance,Standard,Tier 4,Fin (Dashboard),Issuing,UK,1,0,1
FUNDS and FEES,Balance,Standard,Tier 4,Fin (Dashboard),Mauritius,Mauritius,0,1,1
FUNDS and FEES,Balance,Standard,Tier 4,Fin (Dashboard),NORAM,Mauritius,0,2,2
FUNDS and FEES,Balance,Standard,Tier 4,Fin (Dashboard),NORAM,NORAM,4,1,5
FUNDS and FEES,Balance,Standard,Tier 4,Fin (Dashboard),NORAM,UK,0,1,1
FUNDS and FEES,Balance,Standard,Tier 4,Fin (Dashboard),UAE,MENA,0,3,3
FUNDS and FEES,Balance,Standard,Tier 4,Fin (Dashboard),UK,Mauritius,0,2,2
FUNDS and FEES,Balance,Standard,Tier 4,Fin (Dashboard),UK,UK,0,3,3
FUNDS and FEES,Balance,Standard,Tier 4,Fin (Dashboard),Unknown,APAC,1,1,2
FUNDS and FEES,Balance,Standard,Tier 4,Fin (Dashboard),Unknown,Mauritius,0,1,1
FUNDS and FEES,Balance,Standard,Tier 4,Fin (Dashboard),Unknown,UK,1,1,2
FUNDS and FEES,Balance,Standard,Tier 4,Fin (Dashboard),WW,MENA,0,1,1
FUNDS and FEES,Balance,Standard,Tier 4,Fin (Dashboard),WW,WW,0,1,1
FUNDS and FEES,Balance,Standard,Tier 4,Other,Mauritius,Mauritius,3,0,3
FUNDS and FEES,Balance,Standard,Tier 4,Other,NORAM,NORAM,1,0,1
FUNDS and FEES,Balance,Standard,Tier 4,Other,UAE,MENA,2,0,2
FUNDS and FEES,Balance,Standard,Tier 4,Other,UK,UK,8,0,8
FUNDS and FEES,Balance,Standard,Tier 4,Other,Unknown,NORAM,1,0,1
FUNDS and FEES,Balance,Standard,Tier 4,Other,Unknown,UK,3,0,3
FUNDS and FEES,Balance,Standard,Tier 4,Other,WW,WW,4,0,4
FUNDS and FEES,Balance,Standard,Tier 4,Webform & API,Crypto,APAC,5,0,5
FUNDS and FEES,Balance,Standard,Tier 4,Webform & API,GCR,APAC,1,0,1
FUNDS and FEES,Balance,Standard,Tier 4,Webform & API,Mauritius,Mauritius,6,0,6
FUNDS and FEES,Balance,Standard,Tier 4,Webform & API,NORAM,Mauritius,2,0,2
FUNDS and FEES,Balance,Standard,Tier 4,Webform & API,NORAM,NORAM,7,0,7
FUNDS and FEES,Balance,Standard,Tier 4,Webform & API,NORAM,UK,1,0,1
FUNDS and FEES,Balance,Standard,Tier 4,Webform & API,UAE,MENA,4,0,4
FUNDS and FEES,Balance,Standard,Tier 4,Webform & API,UK,Mauritius,2,0,2
FUNDS and FEES,Balance,Standard,Tier 4,Webform & API,UK,UK,3,0,3
FUNDS and FEES,Balance,Standard,Tier 4,Webform & API,Unknown,APAC,1,0,1
FUNDS and FEES,Balance,Standard,Tier 4,Webform & API,Unknown,UK,3,0,3
FUNDS and FEES,Balance,Standard,Tier 4,Webform & API,WW,WW,1,0,1
FUNDS and FEES,Balance,Unmapped,Unknown,Email (Internal),Unknown,Unknown,5,0,5
FUNDS and FEES,Balance,Unmapped,Unknown,Email (Merchant),Unknown,Unknown,18,0,18
FUNDS and FEES,Balance,Unmapped,Unknown,Fin (Dashboard),Unknown,Unknown,1,6,7
FUNDS and FEES,Balance,Unmapped,Unknown,Other,Unknown,Unknown,12,0,12
FUNDS and FEES,Balance,Unmapped,Unknown,Webform & API,Unknown,Unknown,6,0,6
FUNDS and FEES,Billing & Fees,Enterprise,Tier 1,Email (Internal),GCR,APAC,2,0,2
FUNDS and FEES,Billing & Fees,Enterprise,Tier 1,Email (Internal),NORAM,UK,1,0,1
FUNDS and FEES,Billing & Fees,Enterprise,Tier 1,Email (Internal),Northern Europe,EEA,2,0,2
FUNDS and FEES,Billing & Fees,Enterprise,Tier 1,Email (Internal),Southern Europe,EEA,1,0,1
FUNDS and FEES,Billing & Fees,Enterprise,Tier 1,Email (Internal),UAE,MENA,2,0,2
FUNDS and FEES,Billing & Fees,Enterprise,Tier 1,Email (Internal),UK,APAC,1,0,1
FUNDS and FEES,Billing & Fees,Enterprise,Tier 1,Email (Internal),UK,EEA,1,0,1
FUNDS and FEES,Billing & Fees,Enterprise,Tier 1,Email (Internal),Unknown,NORAM,1,0,1
FUNDS and FEES,Billing & Fees,Enterprise,Tier 1,Email (Internal),WW,MENA,2,0,2
FUNDS and FEES,Billing & Fees,Enterprise,Tier 1,Email (Internal),WW,Mauritius,1,0,1
FUNDS and FEES,Billing & Fees,Enterprise,Tier 1,Email (Internal),WW,UK,1,0,1
FUNDS and FEES,Billing & Fees,Enterprise,Tier 1,Email (Merchant),Crypto,Crypto,5,0,5
FUNDS and FEES,Billing & Fees,Enterprise,Tier 1,Email (Merchant),Crypto,EEA,1,0,1
FUNDS and FEES,Billing & Fees,Enterprise,Tier 1,Email (Merchant),GCR,APAC,1,0,1
FUNDS and FEES,Billing & Fees,Enterprise,Tier 1,Email (Merchant),UAE,MENA,6,0,6
FUNDS and FEES,Billing & Fees,Enterprise,Tier 1,Email (Merchant),UK,UK,6,0,6
FUNDS and FEES,Billing & Fees,Enterprise,Tier 1,Email (Merchant),WW,EEA,1,0,1
FUNDS and FEES,Billing & Fees,Enterprise,Tier 1,Fin (Dashboard),Crypto,Crypto,0,2,2
FUNDS and FEES,Billing & Fees,Enterprise,Tier 1,Fin (Dashboard),UK,Crypto,0,1,1
FUNDS and FEES,Billing & Fees,Enterprise,Tier 1,Fin (Dashboard),Unknown,NORAM,1,0,1
FUNDS and FEES,Billing & Fees,Enterprise,Tier 1,Fin (Dashboard),WW,APAC,0,1,1
FUNDS and FEES,Billing & Fees,Enterprise,Tier 1,Other,Crypto,EEA,1,0,1
FUNDS and FEES,Billing & Fees,Enterprise,Tier 1,Other,UK,UK,5,0,5
FUNDS and FEES,Billing & Fees,Enterprise,Tier 1,Webform & API,Crypto,EEA,1,0,1
FUNDS and FEES,Billing & Fees,Enterprise,Tier 1,Webform & API,GCR,APAC,1,0,1
FUNDS and FEES,Billing & Fees,Enterprise,Tier 1,Webform & API,WW,APAC,1,0,1
FUNDS and FEES,Billing & Fees,Enterprise,Tier 2,Email (Internal),Crypto,Crypto,1,0,1
FUNDS and FEES,Billing & Fees,Enterprise,Tier 2,Email (Internal),KSA,EEA,1,0,1
FUNDS and FEES,Billing & Fees,Enterprise,Tier 2,Email (Internal),NORAM,UK,2,0,2
FUNDS and FEES,Billing & Fees,Enterprise,Tier 2,Email (Internal),Northern Europe,EEA,3,0,3
FUNDS and FEES,Billing & Fees,Enterprise,Tier 2,Email (Internal),Singapore/ANZ,APAC,3,0,3
FUNDS and FEES,Billing & Fees,Enterprise,Tier 2,Email (Internal),UAE,MENA,2,0,2
FUNDS and FEES,Billing & Fees,Enterprise,Tier 2,Email (Internal),UK,UK,2,0,2
FUNDS and FEES,Billing & Fees,Enterprise,Tier 2,Email (Internal),Unknown,NORAM,1,0,1
FUNDS and FEES,Billing & Fees,Enterprise,Tier 2,Email (Internal),Unknown,UK,1,0,1
FUNDS and FEES,Billing & Fees,Enterprise,Tier 2,Email (Merchant),Central Europe,EEA,2,0,2
FUNDS and FEES,Billing & Fees,Enterprise,Tier 2,Email (Merchant),Crypto,Crypto,4,0,4
FUNDS and FEES,Billing & Fees,Enterprise,Tier 2,Email (Merchant),GCR,APAC,6,0,6
FUNDS and FEES,Billing & Fees,Enterprise,Tier 2,Email (Merchant),NORAM,NORAM,1,0,1
FUNDS and FEES,Billing & Fees,Enterprise,Tier 2,Email (Merchant),NORAM,UK,1,0,1
FUNDS and FEES,Billing & Fees,Enterprise,Tier 2,Email (Merchant),NORAM,Unknown,1,0,1
FUNDS and FEES,Billing & Fees,Enterprise,Tier 2,Email (Merchant),Singapore/ANZ,APAC,1,0,1
FUNDS and FEES,Billing & Fees,Enterprise,Tier 2,Email (Merchant),Southern Europe,EEA,2,0,2
FUNDS and FEES,Billing & Fees,Enterprise,Tier 2,Email (Merchant),UAE,MENA,2,0,2
FUNDS and FEES,Billing & Fees,Enterprise,Tier 2,Email (Merchant),UK,UK,2,0,2
FUNDS and FEES,Billing & Fees,Enterprise,Tier 2,Email (Merchant),Unknown,NORAM,1,0,1
FUNDS and FEES,Billing & Fees,Enterprise,Tier 2,Email (Merchant),Unknown,UK,1,0,1
FUNDS and FEES,Billing & Fees,Enterprise,Tier 2,Email (Merchant),WW,MENA,1,0,1
FUNDS and FEES,Billing & Fees,Enterprise,Tier 2,Email (Merchant),WW,Mauritius,1,0,1
FUNDS and FEES,Billing & Fees,Enterprise,Tier 2,Fin (Dashboard),Crypto,Crypto,0,1,1
FUNDS and FEES,Billing & Fees,Enterprise,Tier 2,Fin (Dashboard),GCR,APAC,0,4,4
FUNDS and FEES,Billing & Fees,Enterprise,Tier 2,Fin (Dashboard),KSA,MENA,0,1,1
FUNDS and FEES,Billing & Fees,Enterprise,Tier 2,Fin (Dashboard),NORAM,NORAM,0,1,1
FUNDS and FEES,Billing & Fees,Enterprise,Tier 2,Fin (Dashboard),UK,UK,0,2,2
FUNDS and FEES,Billing & Fees,Enterprise,Tier 2,Other,UAE,MENA,1,0,1
FUNDS and FEES,Billing & Fees,Enterprise,Tier 2,Webform & API,Central Europe,EEA,1,0,1
FUNDS and FEES,Billing & Fees,Enterprise,Tier 2,Webform & API,UAE,MENA,1,0,1
FUNDS and FEES,Billing & Fees,Enterprise,Tier 2,Webform & API,UK,UK,18,0,18
FUNDS and FEES,Billing & Fees,Enterprise,Tier 3,Email (Internal),Central Europe,EEA,1,0,1
FUNDS and FEES,Billing & Fees,Enterprise,Tier 3,Email (Merchant),Northern Europe,EEA,1,0,1
FUNDS and FEES,Billing & Fees,Enterprise,Tier 3,Email (Merchant),UAE,MENA,5,0,5
FUNDS and FEES,Billing & Fees,Enterprise,Tier 3,Fin (Dashboard),UAE,MENA,0,1,1
FUNDS and FEES,Billing & Fees,Enterprise,Tier 3,Other,UAE,MENA,2,0,2
FUNDS and FEES,Billing & Fees,Enterprise,Unknown,Email (Internal),Northern Europe,EEA,2,0,2
FUNDS and FEES,Billing & Fees,Enterprise,Unknown,Email (Merchant),NORAM,UK,1,0,1
FUNDS and FEES,Billing & Fees,Enterprise,Unknown,Webform & API,NORAM,UK,1,0,1
FUNDS and FEES,Billing & Fees,Premium,Tier 1,Email (Internal),Crypto,Crypto,1,0,1
FUNDS and FEES,Billing & Fees,Premium,Tier 1,Email (Internal),GCR,APAC,4,0,4
FUNDS and FEES,Billing & Fees,Premium,Tier 1,Email (Internal),NORAM,Israel,1,0,1
FUNDS and FEES,Billing & Fees,Premium,Tier 1,Email (Internal),Southern Europe,EEA,1,0,1
FUNDS and FEES,Billing & Fees,Premium,Tier 1,Email (Internal),UAE,MENA,3,0,3
FUNDS and FEES,Billing & Fees,Premium,Tier 1,Email (Internal),Unknown,Crypto,2,0,2
FUNDS and FEES,Billing & Fees,Premium,Tier 1,Email (Internal),Unknown,UK,4,0,4
FUNDS and FEES,Billing & Fees,Premium,Tier 1,Email (Internal),WW,APAC,1,0,1
FUNDS and FEES,Billing & Fees,Premium,Tier 1,Email (Internal),WW,EEA,3,0,3
FUNDS and FEES,Billing & Fees,Premium,Tier 1,Email (Internal),WW,MENA,1,0,1
FUNDS and FEES,Billing & Fees,Premium,Tier 1,Email (Internal),WW,UK,1,0,1
FUNDS and FEES,Billing & Fees,Premium,Tier 1,Email (Internal),WW,WW,1,0,1
FUNDS and FEES,Billing & Fees,Premium,Tier 1,Email (Merchant),Crypto,Crypto,2,0,2
FUNDS and FEES,Billing & Fees,Premium,Tier 1,Email (Merchant),GCR,APAC,9,0,9
FUNDS and FEES,Billing & Fees,Premium,Tier 1,Email (Merchant),NORAM,UK,1,0,1
FUNDS and FEES,Billing & Fees,Premium,Tier 1,Email (Merchant),Singapore/ANZ,APAC,3,0,3
FUNDS and FEES,Billing & Fees,Premium,Tier 1,Email (Merchant),UAE,MENA,1,0,1
FUNDS and FEES,Billing & Fees,Premium,Tier 1,Email (Merchant),UK,EEA,2,0,2
FUNDS and FEES,Billing & Fees,Premium,Tier 1,Email (Merchant),UK,UK,5,0,5
FUNDS and FEES,Billing & Fees,Premium,Tier 1,Email (Merchant),WW,APAC,15,0,15
FUNDS and FEES,Billing & Fees,Premium,Tier 1,Fin (Dashboard),Crypto,Crypto,0,1,1
FUNDS and FEES,Billing & Fees,Premium,Tier 1,Other,GCR,APAC,1,0,1
FUNDS and FEES,Billing & Fees,Premium,Tier 1,Other,NORAM,UK,1,0,1
FUNDS and FEES,Billing & Fees,Premium,Tier 1,Other,WW,APAC,1,0,1
FUNDS and FEES,Billing & Fees,Premium,Tier 1,Webform & API,GCR,APAC,1,0,1
FUNDS and FEES,Billing & Fees,Premium,Tier 1,Webform & API,UK,EEA,2,0,2
FUNDS and FEES,Billing & Fees,Standard,Tier 2,Email (Internal),WW,WW,2,0,2
FUNDS and FEES,Billing & Fees,Standard,Tier 2,Email (Merchant),Crypto,Crypto,1,0,1
FUNDS and FEES,Billing & Fees,Standard,Tier 2,Email (Merchant),GCR,APAC,1,0,1
FUNDS and FEES,Billing & Fees,Standard,Tier 2,Email (Merchant),UK,UK,1,0,1
FUNDS and FEES,Billing & Fees,Standard,Tier 2,Fin (Dashboard),Crypto,Crypto,0,1,1
FUNDS and FEES,Billing & Fees,Standard,Tier 3,Email (Internal),Central Europe,EEA,1,0,1
FUNDS and FEES,Billing & Fees,Standard,Tier 3,Email (Internal),Crypto,Crypto,1,0,1
FUNDS and FEES,Billing & Fees,Standard,Tier 3,Email (Internal),EU,EEA,2,0,2
FUNDS and FEES,Billing & Fees,Standard,Tier 3,Email (Internal),GCR,APAC,1,0,1
FUNDS and FEES,Billing & Fees,Standard,Tier 3,Email (Internal),NORAM,Israel,1,0,1
FUNDS and FEES,Billing & Fees,Standard,Tier 3,Email (Internal),NORAM,NORAM,2,0,2
FUNDS and FEES,Billing & Fees,Standard,Tier 3,Email (Internal),Northern Europe,EEA,1,0,1
FUNDS and FEES,Billing & Fees,Standard,Tier 3,Email (Internal),Singapore/ANZ,APAC,3,0,3
FUNDS and FEES,Billing & Fees,Standard,Tier 3,Email (Internal),Singapore/ANZ,Unknown,1,0,1
FUNDS and FEES,Billing & Fees,Standard,Tier 3,Email (Internal),Southern Europe,EEA,1,0,1
FUNDS and FEES,Billing & Fees,Standard,Tier 3,Email (Internal),Southern Europe,Mauritius,1,0,1
FUNDS and FEES,Billing & Fees,Standard,Tier 3,Email (Internal),UAE,MENA,6,0,6
FUNDS and FEES,Billing & Fees,Standard,Tier 3,Email (Internal),UAE,Mauritius,2,0,2
FUNDS and FEES,Billing & Fees,Standard,Tier 3,Email (Internal),UK,Crypto,1,0,1
FUNDS and FEES,Billing & Fees,Standard,Tier 3,Email (Merchant),Central Europe,EEA,1,0,1
FUNDS and FEES,Billing & Fees,Standard,Tier 3,Email (Merchant),Crypto,Crypto,3,0,3
FUNDS and FEES,Billing & Fees,Standard,Tier 3,Email (Merchant),GCR,APAC,1,0,1
FUNDS and FEES,Billing & Fees,Standard,Tier 3,Email (Merchant),Northern Europe,EEA,2,0,2
FUNDS and FEES,Billing & Fees,Standard,Tier 3,Email (Merchant),Singapore/ANZ,APAC,2,0,2
FUNDS and FEES,Billing & Fees,Standard,Tier 3,Email (Merchant),UAE,MENA,13,0,13
FUNDS and FEES,Billing & Fees,Standard,Tier 3,Email (Merchant),UK,UK,3,0,3
FUNDS and FEES,Billing & Fees,Standard,Tier 3,Email (Merchant),Unknown,APAC,2,0,2
FUNDS and FEES,Billing & Fees,Standard,Tier 3,Email (Merchant),Unknown,Crypto,1,0,1
FUNDS and FEES,Billing & Fees,Standard,Tier 3,Email (Merchant),Unknown,EEA,2,0,2
FUNDS and FEES,Billing & Fees,Standard,Tier 3,Email (Merchant),Unknown,UK,1,0,1
FUNDS and FEES,Billing & Fees,Standard,Tier 3,Email (Merchant),WW,MENA,4,0,4
FUNDS and FEES,Billing & Fees,Standard,Tier 3,Fin (Dashboard),Central Europe,EEA,0,1,1
FUNDS and FEES,Billing & Fees,Standard,Tier 3,Fin (Dashboard),Crypto,Crypto,0,1,1
FUNDS and FEES,Billing & Fees,Standard,Tier 3,Fin (Dashboard),NORAM,EEA,0,1,1
FUNDS and FEES,Billing & Fees,Standard,Tier 3,Fin (Dashboard),NORAM,NORAM,1,0,1
FUNDS and FEES,Billing & Fees,Standard,Tier 3,Fin (Dashboard),Singapore/ANZ,APAC,0,1,1
FUNDS and FEES,Billing & Fees,Standard,Tier 3,Fin (Dashboard),Southern Europe,EEA,1,3,4
FUNDS and FEES,Billing & Fees,Standard,Tier 3,Fin (Dashboard),UAE,MENA,0,4,4
FUNDS and FEES,Billing & Fees,Standard,Tier 3,Fin (Dashboard),UAE,Mauritius,0,1,1
FUNDS and FEES,Billing & Fees,Standard,Tier 3,Fin (Dashboard),UAE,Unknown,0,1,1
FUNDS and FEES,Billing & Fees,Standard,Tier 3,Fin (Dashboard),UK,UK,0,2,2
FUNDS and FEES,Billing & Fees,Standard,Tier 3,Fin (Dashboard),Unknown,NORAM,0,1,1
FUNDS and FEES,Billing & Fees,Standard,Tier 3,Fin (Dashboard),Unknown,UK,0,1,1
FUNDS and FEES,Billing & Fees,Standard,Tier 3,Other,Central Europe,EEA,10,0,10
FUNDS and FEES,Billing & Fees,Standard,Tier 3,Other,Crypto,Crypto,2,0,2
FUNDS and FEES,Billing & Fees,Standard,Tier 3,Other,NORAM,NORAM,1,0,1
FUNDS and FEES,Billing & Fees,Standard,Tier 3,Webform & API,Central Europe,EEA,2,0,2
FUNDS and FEES,Billing & Fees,Standard,Tier 3,Webform & API,GCR,APAC,1,0,1
FUNDS and FEES,Billing & Fees,Standard,Tier 3,Webform & API,NORAM,NORAM,2,0,2
FUNDS and FEES,Billing & Fees,Standard,Tier 3,Webform & API,Northern Europe,EEA,3,0,3
FUNDS and FEES,Billing & Fees,Standard,Tier 3,Webform & API,Singapore/ANZ,APAC,1,0,1
FUNDS and FEES,Billing & Fees,Standard,Tier 3,Webform & API,Southern Europe,EEA,1,0,1
FUNDS and FEES,Billing & Fees,Standard,Tier 3,Webform & API,UAE,MENA,4,0,4
FUNDS and FEES,Billing & Fees,Standard,Tier 3,Webform & API,UAE,Mauritius,1,0,1
FUNDS and FEES,Billing & Fees,Standard,Tier 3,Webform & API,UAE,Unknown,1,0,1
FUNDS and FEES,Billing & Fees,Standard,Tier 3,Webform & API,UK,UK,5,0,5
FUNDS and FEES,Billing & Fees,Standard,Tier 3,Webform & API,Unknown,APAC,1,0,1
FUNDS and FEES,Billing & Fees,Standard,Tier 4,Email (Internal),GCR,APAC,1,0,1
FUNDS and FEES,Billing & Fees,Standard,Tier 4,Email (Internal),Mauritius,Mauritius,1,0,1
FUNDS and FEES,Billing & Fees,Standard,Tier 4,Email (Internal),NORAM,NORAM,2,0,2
FUNDS and FEES,Billing & Fees,Standard,Tier 4,Email (Internal),NORAM,UK,2,0,2
FUNDS and FEES,Billing & Fees,Standard,Tier 4,Email (Internal),Southern Europe,EEA,1,0,1
FUNDS and FEES,Billing & Fees,Standard,Tier 4,Email (Internal),UAE,MENA,4,0,4
FUNDS and FEES,Billing & Fees,Standard,Tier 4,Email (Internal),UAE,Mauritius,1,0,1
FUNDS and FEES,Billing & Fees,Standard,Tier 4,Email (Internal),UK,Mauritius,1,0,1
FUNDS and FEES,Billing & Fees,Standard,Tier 4,Email (Internal),UK,UK,1,0,1
FUNDS and FEES,Billing & Fees,Standard,Tier 4,Email (Internal),Unknown,Crypto,1,0,1
FUNDS and FEES,Billing & Fees,Standard,Tier 4,Email (Internal),Unknown,MENA,1,0,1
FUNDS and FEES,Billing & Fees,Standard,Tier 4,Email (Internal),WW,WW,1,0,1
FUNDS and FEES,Billing & Fees,Standard,Tier 4,Email (Merchant),Mauritius,Mauritius,1,0,1
FUNDS and FEES,Billing & Fees,Standard,Tier 4,Email (Merchant),NORAM,NORAM,1,0,1
FUNDS and FEES,Billing & Fees,Standard,Tier 4,Email (Merchant),Northern Europe,Mauritius,1,0,1
FUNDS and FEES,Billing & Fees,Standard,Tier 4,Email (Merchant),Singapore/ANZ,APAC,1,0,1
FUNDS and FEES,Billing & Fees,Standard,Tier 4,Email (Merchant),UAE,MENA,18,0,18
FUNDS and FEES,Billing & Fees,Standard,Tier 4,Email (Merchant),UK,Crypto,1,0,1
FUNDS and FEES,Billing & Fees,Standard,Tier 4,Email (Merchant),UK,Mauritius,1,0,1
FUNDS and FEES,Billing & Fees,Standard,Tier 4,Email (Merchant),UK,UK,3,0,3
FUNDS and FEES,Billing & Fees,Standard,Tier 4,Email (Merchant),Unknown,APAC,1,0,1
FUNDS and FEES,Billing & Fees,Standard,Tier 4,Email (Merchant),Unknown,Crypto,2,0,2
FUNDS and FEES,Billing & Fees,Standard,Tier 4,Email (Merchant),Unknown,EEA,1,0,1
FUNDS and FEES,Billing & Fees,Standard,Tier 4,Email (Merchant),Unknown,Mauritius,1,0,1
FUNDS and FEES,Billing & Fees,Standard,Tier 4,Email (Merchant),Unknown,Unknown,1,0,1
FUNDS and FEES,Billing & Fees,Standard,Tier 4,Email (Merchant),WW,MENA,1,0,1
FUNDS and FEES,Billing & Fees,Standard,Tier 4,Email (Merchant),WW,WW,3,0,3
FUNDS and FEES,Billing & Fees,Standard,Tier 4,Fin (Dashboard),Crypto,APAC,1,0,1
FUNDS and FEES,Billing & Fees,Standard,Tier 4,Fin (Dashboard),Crypto,Crypto,0,1,1
FUNDS and FEES,Billing & Fees,Standard,Tier 4,Fin (Dashboard),GCR,APAC,0,3,3
FUNDS and FEES,Billing & Fees,Standard,Tier 4,Fin (Dashboard),Mauritius,Mauritius,1,1,2
FUNDS and FEES,Billing & Fees,Standard,Tier 4,Fin (Dashboard),NORAM,NORAM,0,3,3
FUNDS and FEES,Billing & Fees,Standard,Tier 4,Fin (Dashboard),NORAM,UK,0,4,4
FUNDS and FEES,Billing & Fees,Standard,Tier 4,Fin (Dashboard),Southern Europe,EEA,0,2,2
FUNDS and FEES,Billing & Fees,Standard,Tier 4,Fin (Dashboard),UAE,MENA,1,4,5
FUNDS and FEES,Billing & Fees,Standard,Tier 4,Fin (Dashboard),UK,APAC,0,1,1
FUNDS and FEES,Billing & Fees,Standard,Tier 4,Fin (Dashboard),UK,UK,1,2,3
FUNDS and FEES,Billing & Fees,Standard,Tier 4,Fin (Dashboard),Unknown,APAC,0,2,2
FUNDS and FEES,Billing & Fees,Standard,Tier 4,Fin (Dashboard),Unknown,EEA,0,3,3
FUNDS and FEES,Billing & Fees,Standard,Tier 4,Fin (Dashboard),Unknown,UK,0,1,1
FUNDS and FEES,Billing & Fees,Standard,Tier 4,Fin (Dashboard),Unknown,WW,0,1,1
FUNDS and FEES,Billing & Fees,Standard,Tier 4,Other,Issuing,UK,1,0,1
FUNDS and FEES,Billing & Fees,Standard,Tier 4,Other,Mauritius,Mauritius,4,0,4
FUNDS and FEES,Billing & Fees,Standard,Tier 4,Other,Northern Europe,EEA,2,0,2
FUNDS and FEES,Billing & Fees,Standard,Tier 4,Other,UAE,MENA,6,0,6
FUNDS and FEES,Billing & Fees,Standard,Tier 4,Other,UAE,Mauritius,1,0,1
FUNDS and FEES,Billing & Fees,Standard,Tier 4,Other,UK,UK,1,0,1
FUNDS and FEES,Billing & Fees,Standard,Tier 4,Other,Unknown,Crypto,2,0,2
FUNDS and FEES,Billing & Fees,Standard,Tier 4,Other,WW,WW,1,0,1
FUNDS and FEES,Billing & Fees,Standard,Tier 4,Webform & API,KSA,MENA,1,0,1
FUNDS and FEES,Billing & Fees,Standard,Tier 4,Webform & API,NORAM,NORAM,4,0,4
FUNDS and FEES,Billing & Fees,Standard,Tier 4,Webform & API,NORAM,UK,1,0,1
FUNDS and FEES,Billing & Fees,Standard,Tier 4,Webform & API,Singapore/ANZ,APAC,1,0,1
FUNDS and FEES,Billing & Fees,Standard,Tier 4,Webform & API,UAE,MENA,6,0,6
FUNDS and FEES,Billing & Fees,Standard,Tier 4,Webform & API,UK,Crypto,1,0,1
FUNDS and FEES,Billing & Fees,Standard,Tier 4,Webform & API,UK,Mauritius,1,0,1
FUNDS and FEES,Billing & Fees,Standard,Tier 4,Webform & API,UK,UK,3,0,3
FUNDS and FEES,Billing & Fees,Standard,Tier 4,Webform & API,Unknown,APAC,2,0,2
FUNDS and FEES,Billing & Fees,Standard,Tier 4,Webform & API,Unknown,Crypto,1,0,1
FUNDS and FEES,Billing & Fees,Standard,Tier 4,Webform & API,Unknown,EEA,3,0,3
FUNDS and FEES,Billing & Fees,Standard,Tier 4,Webform & API,Unknown,MENA,2,0,2
FUNDS and FEES,Billing & Fees,Standard,Tier 4,Webform & API,Unknown,Mauritius,1,0,1
FUNDS and FEES,Billing & Fees,Standard,Tier 4,Webform & API,Unknown,WW,1,0,1
FUNDS and FEES,Billing & Fees,Standard,Tier 4,Webform & API,WW,MENA,2,0,2
FUNDS and FEES,Billing & Fees,Standard,Tier 4,Webform & API,WW,WW,1,0,1
FUNDS and FEES,Billing & Fees,Standard,Unknown,Other,Mauritius,Mauritius,1,0,1
FUNDS and FEES,Billing & Fees,Unmapped,Unknown,Email (Internal),Unknown,Unknown,9,0,9
FUNDS and FEES,Billing & Fees,Unmapped,Unknown,Email (Merchant),Unknown,Unknown,15,0,15
FUNDS and FEES,Billing & Fees,Unmapped,Unknown,Fin (Dashboard),Unknown,Unknown,0,6,6
FUNDS and FEES,Billing & Fees,Unmapped,Unknown,Other,Unknown,Unknown,4,0,4
FUNDS and FEES,Billing & Fees,Unmapped,Unknown,Webform & API,Unknown,Unknown,1,0,1
FUNDS and FEES,Settlements,Enterprise,Tier 1,Email (Internal),Crypto,Crypto,4,0,4
FUNDS and FEES,Settlements,Enterprise,Tier 1,Email (Internal),NORAM,UK,2,0,2
FUNDS and FEES,Settlements,Enterprise,Tier 1,Email (Internal),UAE,MENA,1,0,1
FUNDS and FEES,Settlements,Enterprise,Tier 1,Email (Internal),UK,APAC,1,0,1
FUNDS and FEES,Settlements,Enterprise,Tier 1,Email (Internal),UK,EEA,3,0,3
FUNDS and FEES,Settlements,Enterprise,Tier 1,Email (Internal),UK,UK,2,0,2
FUNDS and FEES,Settlements,Enterprise,Tier 1,Email (Internal),Unknown,NORAM,1,0,1
FUNDS and FEES,Settlements,Enterprise,Tier 1,Email (Internal),Unknown,UK,1,0,1
FUNDS and FEES,Settlements,Enterprise,Tier 1,Email (Internal),WW,Mauritius,1,0,1
FUNDS and FEES,Settlements,Enterprise,Tier 1,Email (Internal),WW,UK,1,0,1
FUNDS and FEES,Settlements,Enterprise,Tier 1,Email (Merchant),Crypto,Crypto,6,0,6
FUNDS and FEES,Settlements,Enterprise,Tier 1,Email (Merchant),GCR,APAC,1,0,1
FUNDS and FEES,Settlements,Enterprise,Tier 1,Email (Merchant),UAE,MENA,5,0,5
FUNDS and FEES,Settlements,Enterprise,Tier 1,Email (Merchant),UK,Crypto,1,0,1
FUNDS and FEES,Settlements,Enterprise,Tier 1,Email (Merchant),UK,UK,9,0,9
FUNDS and FEES,Settlements,Enterprise,Tier 1,Email (Merchant),Unknown,NORAM,1,0,1
FUNDS and FEES,Settlements,Enterprise,Tier 1,Email (Merchant),Unknown,UK,1,0,1
FUNDS and FEES,Settlements,Enterprise,Tier 1,Email (Merchant),WW,Mauritius,1,0,1
FUNDS and FEES,Settlements,Enterprise,Tier 1,Email (Merchant),WW,UK,1,0,1
FUNDS and FEES,Settlements,Enterprise,Tier 1,Fin (Dashboard),Crypto,Crypto,1,0,1
FUNDS and FEES,Settlements,Enterprise,Tier 1,Fin (Dashboard),NORAM,Crypto,1,0,1
FUNDS and FEES,Settlements,Enterprise,Tier 1,Fin (Dashboard),NORAM,UK,0,1,1
FUNDS and FEES,Settlements,Enterprise,Tier 1,Fin (Dashboard),UAE,MENA,0,2,2
FUNDS and FEES,Settlements,Enterprise,Tier 1,Fin (Dashboard),UK,UK,1,0,1
FUNDS and FEES,Settlements,Enterprise,Tier 1,Fin (Dashboard),Unknown,NORAM,1,0,1
FUNDS and FEES,Settlements,Enterprise,Tier 1,Other,GCR,APAC,1,0,1
FUNDS and FEES,Settlements,Enterprise,Tier 1,Other,Southern Europe,EEA,1,0,1
FUNDS and FEES,Settlements,Enterprise,Tier 1,Other,UK,UK,4,0,4
FUNDS and FEES,Settlements,Enterprise,Tier 1,Other,Unknown,Crypto,4,0,4
FUNDS and FEES,Settlements,Enterprise,Tier 1,Other,Unknown,UK,1,0,1
FUNDS and FEES,Settlements,Enterprise,Tier 1,Webform & API,NORAM,Crypto,1,0,1
FUNDS and FEES,Settlements,Enterprise,Tier 1,Webform & API,UK,UK,2,0,2
FUNDS and FEES,Settlements,Enterprise,Tier 1,Webform & API,Unknown,Crypto,1,0,1
FUNDS and FEES,Settlements,Enterprise,Tier 2,Email (Internal),Central Europe,EEA,12,0,12
FUNDS and FEES,Settlements,Enterprise,Tier 2,Email (Internal),Crypto,APAC,1,0,1
FUNDS and FEES,Settlements,Enterprise,Tier 2,Email (Internal),Crypto,Crypto,1,0,1
FUNDS and FEES,Settlements,Enterprise,Tier 2,Email (Internal),EU,EEA,1,0,1
FUNDS and FEES,Settlements,Enterprise,Tier 2,Email (Internal),GCR,APAC,3,0,3
FUNDS and FEES,Settlements,Enterprise,Tier 2,Email (Internal),KSA,EEA,1,0,1
FUNDS and FEES,Settlements,Enterprise,Tier 2,Email (Internal),NORAM,EEA,2,0,2
FUNDS and FEES,Settlements,Enterprise,Tier 2,Email (Internal),NORAM,UK,3,0,3
FUNDS and FEES,Settlements,Enterprise,Tier 2,Email (Internal),Northern Europe,EEA,3,0,3
FUNDS and FEES,Settlements,Enterprise,Tier 2,Email (Internal),UAE,MENA,6,0,6
FUNDS and FEES,Settlements,Enterprise,Tier 2,Email (Internal),UK,UK,2,0,2
FUNDS and FEES,Settlements,Enterprise,Tier 2,Email (Internal),Unknown,UK,1,0,1
FUNDS and FEES,Settlements,Enterprise,Tier 2,Email (Merchant),Crypto,Crypto,3,0,3
FUNDS and FEES,Settlements,Enterprise,Tier 2,Email (Merchant),GCR,APAC,1,0,1
FUNDS and FEES,Settlements,Enterprise,Tier 2,Email (Merchant),Singapore/ANZ,APAC,2,0,2
FUNDS and FEES,Settlements,Enterprise,Tier 2,Email (Merchant),UAE,MENA,5,0,5
FUNDS and FEES,Settlements,Enterprise,Tier 2,Email (Merchant),UK,UK,6,0,6
FUNDS and FEES,Settlements,Enterprise,Tier 2,Email (Merchant),Unknown,NORAM,4,0,4
FUNDS and FEES,Settlements,Enterprise,Tier 2,Email (Merchant),WW,EEA,1,0,1
FUNDS and FEES,Settlements,Enterprise,Tier 2,Email (Merchant),WW,Mauritius,2,0,2
FUNDS and FEES,Settlements,Enterprise,Tier 2,Fin (Dashboard),Crypto,Crypto,0,1,1
FUNDS and FEES,Settlements,Enterprise,Tier 2,Fin (Dashboard),GCR,APAC,0,1,1
FUNDS and FEES,Settlements,Enterprise,Tier 2,Fin (Dashboard),NORAM,Crypto,0,1,1
FUNDS and FEES,Settlements,Enterprise,Tier 2,Fin (Dashboard),NORAM,NORAM,0,1,1
FUNDS and FEES,Settlements,Enterprise,Tier 2,Fin (Dashboard),NORAM,UK,0,1,1
FUNDS and FEES,Settlements,Enterprise,Tier 2,Fin (Dashboard),Northern Europe,EEA,1,0,1
FUNDS and FEES,Settlements,Enterprise,Tier 2,Fin (Dashboard),Singapore/ANZ,APAC,0,1,1
FUNDS and FEES,Settlements,Enterprise,Tier 2,Fin (Dashboard),UAE,MENA,1,1,2
FUNDS and FEES,Settlements,Enterprise,Tier 2,Fin (Dashboard),Unknown,Crypto,0,1,1
FUNDS and FEES,Settlements,Enterprise,Tier 2,Other,Crypto,Crypto,4,0,4
FUNDS and FEES,Settlements,Enterprise,Tier 2,Other,GCR,APAC,2,0,2
FUNDS and FEES,Settlements,Enterprise,Tier 2,Other,UAE,MENA,1,0,1
FUNDS and FEES,Settlements,Enterprise,Tier 2,Other,UK,Issuing,3,0,3
FUNDS and FEES,Settlements,Enterprise,Tier 2,Webform & API,Crypto,Crypto,1,0,1
FUNDS and FEES,Settlements,Enterprise,Tier 2,Webform & API,NORAM,Crypto,1,0,1
FUNDS and FEES,Settlements,Enterprise,Tier 2,Webform & API,NORAM,UK,1,0,1
FUNDS and FEES,Settlements,Enterprise,Tier 2,Webform & API,Northern Europe,EEA,1,0,1
FUNDS and FEES,Settlements,Enterprise,Tier 2,Webform & API,UAE,MENA,5,0,5
FUNDS and FEES,Settlements,Enterprise,Tier 2,Webform & API,UK,UK,7,0,7
FUNDS and FEES,Settlements,Enterprise,Tier 2,Webform & API,WW,EEA,3,0,3
FUNDS and FEES,Settlements,Enterprise,Tier 2,Webform & API,WW,MENA,1,0,1
FUNDS and FEES,Settlements,Enterprise,Tier 2,Webform & API,WW,Mauritius,1,0,1
FUNDS and FEES,Settlements,Enterprise,Tier 3,Email (Internal),GCR,APAC,1,0,1
FUNDS and FEES,Settlements,Enterprise,Tier 3,Email (Internal),Northern Europe,EEA,1,0,1
FUNDS and FEES,Settlements,Enterprise,Tier 3,Email (Merchant),UAE,MENA,3,0,3
FUNDS and FEES,Settlements,Enterprise,Tier 3,Email (Merchant),UK,UK,1,0,1
FUNDS and FEES,Settlements,Enterprise,Tier 3,Email (Merchant),WW,Israel,1,0,1
FUNDS and FEES,Settlements,Enterprise,Tier 3,Webform & API,Central Europe,EEA,1,0,1
FUNDS and FEES,Settlements,Enterprise,Tier 4,Email (Merchant),UK,UK,1,0,1
FUNDS and FEES,Settlements,Enterprise,Tier 4,Fin (Dashboard),UK,UK,0,1,1
FUNDS and FEES,Settlements,Enterprise,Unknown,Email (Merchant),NORAM,EEA,1,0,1
FUNDS and FEES,Settlements,Premium,Tier 1,Email (Internal),Crypto,Crypto,1,0,1
FUNDS and FEES,Settlements,Premium,Tier 1,Email (Internal),GCR,APAC,4,0,4
FUNDS and FEES,Settlements,Premium,Tier 1,Email (Internal),NORAM,Israel,1,0,1
FUNDS and FEES,Settlements,Premium,Tier 1,Email (Internal),NORAM,NORAM,2,0,2
FUNDS and FEES,Settlements,Premium,Tier 1,Email (Internal),NORAM,UK,3,0,3
FUNDS and FEES,Settlements,Premium,Tier 1,Email (Internal),SAT,NORAM,1,0,1
FUNDS and FEES,Settlements,Premium,Tier 1,Email (Internal),Singapore/ANZ,APAC,1,0,1
FUNDS and FEES,Settlements,Premium,Tier 1,Email (Internal),Singapore/ANZ,NORAM,1,0,1
FUNDS and FEES,Settlements,Premium,Tier 1,Email (Internal),UK,Crypto,2,0,2
FUNDS and FEES,Settlements,Premium,Tier 1,Email (Internal),UK,EEA,1,0,1
FUNDS and FEES,Settlements,Premium,Tier 1,Email (Internal),UK,UK,1,0,1
FUNDS and FEES,Settlements,Premium,Tier 1,Email (Internal),Unknown,UK,1,0,1
FUNDS and FEES,Settlements,Premium,Tier 1,Email (Internal),WW,EEA,2,0,2
FUNDS and FEES,Settlements,Premium,Tier 1,Email (Internal),WW,UK,1,0,1
FUNDS and FEES,Settlements,Premium,Tier 1,Email (Merchant),GCR,APAC,7,0,7
FUNDS and FEES,Settlements,Premium,Tier 1,Email (Merchant),NORAM,UK,3,0,3
FUNDS and FEES,Settlements,Premium,Tier 1,Email (Merchant),Singapore/ANZ,APAC,2,0,2
FUNDS and FEES,Settlements,Premium,Tier 1,Email (Merchant),Singapore/ANZ,NORAM,1,0,1
FUNDS and FEES,Settlements,Premium,Tier 1,Email (Merchant),UAE,MENA,9,0,9
FUNDS and FEES,Settlements,Premium,Tier 1,Email (Merchant),UK,EEA,7,0,7
FUNDS and FEES,Settlements,Premium,Tier 1,Email (Merchant),UK,UK,5,0,5
FUNDS and FEES,Settlements,Premium,Tier 1,Email (Merchant),Unknown,NORAM,1,0,1
FUNDS and FEES,Settlements,Premium,Tier 1,Email (Merchant),Unknown,UK,2,0,2
FUNDS and FEES,Settlements,Premium,Tier 1,Email (Merchant),WW,APAC,17,0,17
FUNDS and FEES,Settlements,Premium,Tier 1,Email (Merchant),WW,EEA,16,0,16
FUNDS and FEES,Settlements,Premium,Tier 1,Email (Merchant),WW,MENA,1,0,1
FUNDS and FEES,Settlements,Premium,Tier 1,Email (Merchant),WW,UK,19,0,19
FUNDS and FEES,Settlements,Premium,Tier 1,Fin (Dashboard),Crypto,Crypto,0,2,2
FUNDS and FEES,Settlements,Premium,Tier 1,Fin (Dashboard),UK,UK,2,1,3
FUNDS and FEES,Settlements,Premium,Tier 1,Fin (Dashboard),WW,EEA,0,1,1
FUNDS and FEES,Settlements,Premium,Tier 1,Fin (Dashboard),WW,UK,0,1,1
FUNDS and FEES,Settlements,Premium,Tier 1,Other,GCR,APAC,11,0,11
FUNDS and FEES,Settlements,Premium,Tier 1,Other,Singapore/ANZ,NORAM,1,0,1
FUNDS and FEES,Settlements,Premium,Tier 1,Other,UK,Crypto,1,0,1
FUNDS and FEES,Settlements,Premium,Tier 1,Other,UK,EEA,1,0,1
FUNDS and FEES,Settlements,Premium,Tier 1,Other,UK,UK,2,0,2
FUNDS and FEES,Settlements,Premium,Tier 1,Other,WW,EEA,4,0,4
FUNDS and FEES,Settlements,Premium,Tier 1,Webform & API,GCR,APAC,1,0,1
FUNDS and FEES,Settlements,Premium,Tier 1,Webform & API,Southern Europe,EEA,1,0,1
FUNDS and FEES,Settlements,Premium,Tier 1,Webform & API,UK,UK,1,0,1
FUNDS and FEES,Settlements,Premium,Tier 1,Webform & API,WW,EEA,1,0,1
FUNDS and FEES,Settlements,Standard,Tier 2,Email (Internal),GCR,APAC,1,0,1
FUNDS and FEES,Settlements,Standard,Tier 2,Email (Internal),UK,UK,2,0,2
FUNDS and FEES,Settlements,Standard,Tier 2,Email (Internal),WW,WW,1,0,1
FUNDS and FEES,Settlements,Standard,Tier 2,Email (Merchant),Crypto,Crypto,2,0,2
FUNDS and FEES,Settlements,Standard,Tier 2,Email (Merchant),GCR,Crypto,3,0,3
FUNDS and FEES,Settlements,Standard,Tier 2,Email (Merchant),NORAM,UK,1,0,1
FUNDS and FEES,Settlements,Standard,Tier 2,Fin (Dashboard),Crypto,Crypto,0,1,1
FUNDS and FEES,Settlements,Standard,Tier 2,Fin (Dashboard),Mauritius,NORAM,1,0,1
FUNDS and FEES,Settlements,Standard,Tier 2,Other,Crypto,Crypto,1,0,1
FUNDS and FEES,Settlements,Standard,Tier 2,Webform & API,Crypto,Crypto,1,0,1
FUNDS and FEES,Settlements,Standard,Tier 2,Webform & API,UK,UK,1,0,1
FUNDS and FEES,Settlements,Standard,Tier 3,Email (Internal),Central Europe,EEA,1,0,1
FUNDS and FEES,Settlements,Standard,Tier 3,Email (Internal),Crypto,Crypto,1,0,1
FUNDS and FEES,Settlements,Standard,Tier 3,Email (Internal),EU,EEA,1,0,1
FUNDS and FEES,Settlements,Standard,Tier 3,Email (Internal),GCR,APAC,4,0,4
FUNDS and FEES,Settlements,Standard,Tier 3,Email (Internal),NORAM,Israel,2,0,2
FUNDS and FEES,Settlements,Standard,Tier 3,Email (Internal),Northern Europe,EEA,5,0,5
FUNDS and FEES,Settlements,Standard,Tier 3,Email (Internal),Singapore/ANZ,APAC,1,0,1
FUNDS and FEES,Settlements,Standard,Tier 3,Email (Internal),Southern Europe,EEA,1,0,1
FUNDS and FEES,Settlements,Standard,Tier 3,Email (Internal),UAE,MENA,4,0,4
FUNDS and FEES,Settlements,Standard,Tier 3,Email (Internal),UK,EEA,2,0,2
FUNDS and FEES,Settlements,Standard,Tier 3,Email (Internal),UK,UK,2,0,2
FUNDS and FEES,Settlements,Standard,Tier 3,Email (Internal),Unknown,EEA,1,0,1
FUNDS and FEES,Settlements,Standard,Tier 3,Email (Internal),Unknown,UK,1,0,1
FUNDS and FEES,Settlements,Standard,Tier 3,Email (Internal),WW,MENA,1,0,1
FUNDS and FEES,Settlements,Standard,Tier 3,Email (Merchant),Central Europe,EEA,2,0,2
FUNDS and FEES,Settlements,Standard,Tier 3,Email (Merchant),Crypto,APAC,1,0,1
FUNDS and FEES,Settlements,Standard,Tier 3,Email (Merchant),EU,EEA,1,0,1
FUNDS and FEES,Settlements,Standard,Tier 3,Email (Merchant),GCR,APAC,3,0,3
FUNDS and FEES,Settlements,Standard,Tier 3,Email (Merchant),Issuing,EEA,1,0,1
FUNDS and FEES,Settlements,Standard,Tier 3,Email (Merchant),NORAM,Israel,2,0,2
FUNDS and FEES,Settlements,Standard,Tier 3,Email (Merchant),NORAM,NORAM,1,0,1
FUNDS and FEES,Settlements,Standard,Tier 3,Email (Merchant),Northern Europe,EEA,1,0,1
FUNDS and FEES,Settlements,Standard,Tier 3,Email (Merchant),Singapore/ANZ,APAC,1,0,1
FUNDS and FEES,Settlements,Standard,Tier 3,Email (Merchant),Southern Europe,EEA,1,0,1
FUNDS and FEES,Settlements,Standard,Tier 3,Email (Merchant),UAE,MENA,18,0,18
FUNDS and FEES,Settlements,Standard,Tier 3,Email (Merchant),UAE,Unknown,1,0,1
FUNDS and FEES,Settlements,Standard,Tier 3,Email (Merchant),UK,UK,8,0,8
FUNDS and FEES,Settlements,Standard,Tier 3,Email (Merchant),Ubble,EEA,1,0,1
FUNDS and FEES,Settlements,Standard,Tier 3,Email (Merchant),Unknown,EEA,3,0,3
FUNDS and FEES,Settlements,Standard,Tier 3,Fin (Dashboard),Crypto,Crypto,0,1,1
FUNDS and FEES,Settlements,Standard,Tier 3,Fin (Dashboard),GCR,APAC,0,2,2
FUNDS and FEES,Settlements,Standard,Tier 3,Fin (Dashboard),Southern Europe,EEA,1,3,4
FUNDS and FEES,Settlements,Standard,Tier 3,Fin (Dashboard),UAE,MENA,1,8,9
FUNDS and FEES,Settlements,Standard,Tier 3,Fin (Dashboard),UAE,Mauritius,1,0,1
FUNDS and FEES,Settlements,Standard,Tier 3,Fin (Dashboard),UK,UK,2,4,6
FUNDS and FEES,Settlements,Standard,Tier 3,Fin (Dashboard),Unknown,UK,1,0,1
FUNDS and FEES,Settlements,Standard,Tier 3,Other,Central Europe,EEA,1,0,1
FUNDS and FEES,Settlements,Standard,Tier 3,Other,Singapore/ANZ,NORAM,1,0,1
FUNDS and FEES,Settlements,Standard,Tier 3,Other,UAE,MENA,14,0,14
FUNDS and FEES,Settlements,Standard,Tier 3,Other,UK,UK,2,0,2
FUNDS and FEES,Settlements,Standard,Tier 3,Other,WW,MENA,2,0,2
FUNDS and FEES,Settlements,Standard,Tier 3,Webform & API,Crypto,Crypto,1,0,1
FUNDS and FEES,Settlements,Standard,Tier 3,Webform & API,EU,EEA,1,0,1
FUNDS and FEES,Settlements,Standard,Tier 3,Webform & API,Issuing,EEA,1,0,1
FUNDS and FEES,Settlements,Standard,Tier 3,Webform & API,NORAM,Crypto,1,0,1
FUNDS and FEES,Settlements,Standard,Tier 3,Webform & API,NORAM,EEA,1,0,1
FUNDS and FEES,Settlements,Standard,Tier 3,Webform & API,NORAM,NORAM,1,0,1
FUNDS and FEES,Settlements,Standard,Tier 3,Webform & API,Singapore/ANZ,APAC,1,0,1
FUNDS and FEES,Settlements,Standard,Tier 3,Webform & API,Singapore/ANZ,NORAM,1,0,1
FUNDS and FEES,Settlements,Standard,Tier 3,Webform & API,Southern Europe,EEA,1,0,1
FUNDS and FEES,Settlements,Standard,Tier 3,Webform & API,UAE,APAC,1,0,1
FUNDS and FEES,Settlements,Standard,Tier 3,Webform & API,UAE,MENA,11,0,11
FUNDS and FEES,Settlements,Standard,Tier 3,Webform & API,UK,Crypto,1,0,1
FUNDS and FEES,Settlements,Standard,Tier 3,Webform & API,UK,UK,5,0,5
FUNDS and FEES,Settlements,Standard,Tier 3,Webform & API,Unknown,APAC,3,0,3
FUNDS and FEES,Settlements,Standard,Tier 3,Webform & API,Unknown,MENA,1,0,1
FUNDS and FEES,Settlements,Standard,Tier 4,Email (Internal),Central Europe,EEA,1,0,1
FUNDS and FEES,Settlements,Standard,Tier 4,Email (Internal),EU,Mauritius,1,0,1
FUNDS and FEES,Settlements,Standard,Tier 4,Email (Internal),GCR,APAC,1,0,1
FUNDS and FEES,Settlements,Standard,Tier 4,Email (Internal),Mauritius,Mauritius,5,0,5
FUNDS and FEES,Settlements,Standard,Tier 4,Email (Internal),UAE,MENA,7,0,7
FUNDS and FEES,Settlements,Standard,Tier 4,Email (Internal),UK,Mauritius,2,0,2
FUNDS and FEES,Settlements,Standard,Tier 4,Email (Internal),UK,UK,2,0,2
FUNDS and FEES,Settlements,Standard,Tier 4,Email (Internal),Unknown,NORAM,1,0,1
FUNDS and FEES,Settlements,Standard,Tier 4,Email (Merchant),Central Europe,EEA,1,0,1
FUNDS and FEES,Settlements,Standard,Tier 4,Email (Merchant),Central Europe,Mauritius,4,0,4
FUNDS and FEES,Settlements,Standard,Tier 4,Email (Merchant),EU,Mauritius,1,0,1
FUNDS and FEES,Settlements,Standard,Tier 4,Email (Merchant),GCR,APAC,3,0,3
FUNDS and FEES,Settlements,Standard,Tier 4,Email (Merchant),Mauritius,Mauritius,2,0,2
FUNDS and FEES,Settlements,Standard,Tier 4,Email (Merchant),NORAM,Mauritius,4,0,4
FUNDS and FEES,Settlements,Standard,Tier 4,Email (Merchant),NORAM,NORAM,1,0,1
FUNDS and FEES,Settlements,Standard,Tier 4,Email (Merchant),NORAM,UK,2,0,2
FUNDS and FEES,Settlements,Standard,Tier 4,Email (Merchant),Northern Europe,Mauritius,1,0,1
FUNDS and FEES,Settlements,Standard,Tier 4,Email (Merchant),UAE,MENA,20,0,20
FUNDS and FEES,Settlements,Standard,Tier 4,Email (Merchant),UK,Mauritius,1,0,1
FUNDS and FEES,Settlements,Standard,Tier 4,Email (Merchant),UK,UK,4,0,4
FUNDS and FEES,Settlements,Standard,Tier 4,Email (Merchant),Unknown,APAC,1,0,1
FUNDS and FEES,Settlements,Standard,Tier 4,Email (Merchant),WW,WW,2,0,2
FUNDS and FEES,Settlements,Standard,Tier 4,Fin (Dashboard),Central Europe,EEA,0,1,1
FUNDS and FEES,Settlements,Standard,Tier 4,Fin (Dashboard),Central Europe,Mauritius,1,1,2
FUNDS and FEES,Settlements,Standard,Tier 4,Fin (Dashboard),Issuing,Mauritius,0,1,1
FUNDS and FEES,Settlements,Standard,Tier 4,Fin (Dashboard),KSA,EEA,0,1,1
FUNDS and FEES,Settlements,Standard,Tier 4,Fin (Dashboard),Mauritius,Mauritius,1,3,4
FUNDS and FEES,Settlements,Standard,Tier 4,Fin (Dashboard),NORAM,Mauritius,0,1,1
FUNDS and FEES,Settlements,Standard,Tier 4,Fin (Dashboard),NORAM,NORAM,2,2,4
FUNDS and FEES,Settlements,Standard,Tier 4,Fin (Dashboard),NORAM,UK,0,3,3
FUNDS and FEES,Settlements,Standard,Tier 4,Fin (Dashboard),UAE,MENA,1,8,9
FUNDS and FEES,Settlements,Standard,Tier 4,Fin (Dashboard),UAE,Unknown,0,1,1
FUNDS and FEES,Settlements,Standard,Tier 4,Fin (Dashboard),UK,APAC,0,1,1
FUNDS and FEES,Settlements,Standard,Tier 4,Fin (Dashboard),UK,Mauritius,0,1,1
FUNDS and FEES,Settlements,Standard,Tier 4,Fin (Dashboard),UK,UK,1,6,7
FUNDS and FEES,Settlements,Standard,Tier 4,Fin (Dashboard),Unknown,APAC,0,1,1
FUNDS and FEES,Settlements,Standard,Tier 4,Fin (Dashboard),Unknown,EEA,0,2,2
FUNDS and FEES,Settlements,Standard,Tier 4,Fin (Dashboard),Unknown,Unknown,0,2,2
FUNDS and FEES,Settlements,Standard,Tier 4,Other,Central Europe,EEA,1,0,1
FUNDS and FEES,Settlements,Standard,Tier 4,Other,Crypto,Crypto,1,0,1
FUNDS and FEES,Settlements,Standard,Tier 4,Other,GCR,APAC,1,0,1
FUNDS and FEES,Settlements,Standard,Tier 4,Other,Mauritius,Mauritius,2,0,2
FUNDS and FEES,Settlements,Standard,Tier 4,Other,NORAM,UK,1,0,1
FUNDS and FEES,Settlements,Standard,Tier 4,Other,UAE,MENA,16,0,16
FUNDS and FEES,Settlements,Standard,Tier 4,Other,UAE,Unknown,1,0,1
FUNDS and FEES,Settlements,Standard,Tier 4,Other,UK,APAC,1,0,1
FUNDS and FEES,Settlements,Standard,Tier 4,Other,UK,UK,7,0,7
FUNDS and FEES,Settlements,Standard,Tier 4,Other,Unknown,EEA,2,0,2
FUNDS and FEES,Settlements,Standard,Tier 4,Other,Unknown,MENA,1,0,1
FUNDS and FEES,Settlements,Standard,Tier 4,Other,WW,UK,1,0,1
FUNDS and FEES,Settlements,Standard,Tier 4,Webform & API,Central Europe,EEA,5,0,5
FUNDS and FEES,Settlements,Standard,Tier 4,Webform & API,Central Europe,Mauritius,1,0,1
FUNDS and FEES,Settlements,Standard,Tier 4,Webform & API,Crypto,Crypto,2,0,2
FUNDS and FEES,Settlements,Standard,Tier 4,Webform & API,EU,EEA,1,0,1
FUNDS and FEES,Settlements,Standard,Tier 4,Webform & API,GCR,WW,2,0,2
FUNDS and FEES,Settlements,Standard,Tier 4,Webform & API,Mauritius,Mauritius,4,0,4
FUNDS and FEES,Settlements,Standard,Tier 4,Webform & API,NORAM,Mauritius,1,0,1
FUNDS and FEES,Settlements,Standard,Tier 4,Webform & API,NORAM,NORAM,3,0,3
FUNDS and FEES,Settlements,Standard,Tier 4,Webform & API,NORAM,UK,4,0,4
FUNDS and FEES,Settlements,Standard,Tier 4,Webform & API,Northern Europe,Mauritius,1,0,1
FUNDS and FEES,Settlements,Standard,Tier 4,Webform & API,Singapore/ANZ,APAC,1,0,1
FUNDS and FEES,Settlements,Standard,Tier 4,Webform & API,Singapore/ANZ,NORAM,1,0,1
FUNDS and FEES,Settlements,Standard,Tier 4,Webform & API,Southern Europe,EEA,1,0,1
FUNDS and FEES,Settlements,Standard,Tier 4,Webform & API,Southern Europe,WW,1,0,1
FUNDS and FEES,Settlements,Standard,Tier 4,Webform & API,UAE,MENA,19,0,19
FUNDS and FEES,Settlements,Standard,Tier 4,Webform & API,UAE,Mauritius,1,0,1
FUNDS and FEES,Settlements,Standard,Tier 4,Webform & API,UK,APAC,1,0,1
FUNDS and FEES,Settlements,Standard,Tier 4,Webform & API,UK,Mauritius,2,0,2
FUNDS and FEES,Settlements,Standard,Tier 4,Webform & API,UK,UK,15,0,15
FUNDS and FEES,Settlements,Standard,Tier 4,Webform & API,Unknown,APAC,3,0,3
FUNDS and FEES,Settlements,Standard,Tier 4,Webform & API,Unknown,Crypto,1,0,1
FUNDS and FEES,Settlements,Standard,Tier 4,Webform & API,Unknown,EEA,1,0,1
FUNDS and FEES,Settlements,Standard,Tier 4,Webform & API,Unknown,MENA,2,0,2
FUNDS and FEES,Settlements,Standard,Tier 4,Webform & API,Unknown,UK,4,0,4
FUNDS and FEES,Settlements,Standard,Tier 4,Webform & API,WW,WW,12,0,12
FUNDS and FEES,Settlements,Unmapped,Unknown,Email (Internal),Unknown,Unknown,19,0,19
FUNDS and FEES,Settlements,Unmapped,Unknown,Email (Merchant),Unknown,Unknown,59,0,59
FUNDS and FEES,Settlements,Unmapped,Unknown,Fin (Dashboard),Unknown,Unknown,3,10,13
FUNDS and FEES,Settlements,Unmapped,Unknown,Other,Unknown,Unknown,20,0,20
FUNDS and FEES,Settlements,Unmapped,Unknown,Webform & API,Unknown,Unknown,33,0,33
GENERAL,Inquiries,Enterprise,Tier 1,Email (Merchant),Crypto,Crypto,2,0,2
GENERAL,Inquiries,Enterprise,Tier 1,Email (Merchant),UAE,MENA,3,0,3
GENERAL,Inquiries,Enterprise,Tier 1,Email (Merchant),UK,Crypto,1,0,1
GENERAL,Inquiries,Enterprise,Tier 1,Email (Merchant),UK,UK,2,0,2
GENERAL,Inquiries,Enterprise,Tier 1,Fin (Dashboard),Crypto,Crypto,0,2,2
GENERAL,Inquiries,Enterprise,Tier 1,Fin (Dashboard),GCR,APAC,3,0,3
GENERAL,Inquiries,Enterprise,Tier 1,Fin (Dashboard),NORAM,NORAM,0,2,2
GENERAL,Inquiries,Enterprise,Tier 1,Fin (Dashboard),UK,EEA,1,0,1
GENERAL,Inquiries,Enterprise,Tier 1,Other,Crypto,Crypto,2,0,2
GENERAL,Inquiries,Enterprise,Tier 1,Other,GCR,APAC,1,0,1
GENERAL,Inquiries,Enterprise,Tier 1,Other,NORAM,UK,2,0,2
GENERAL,Inquiries,Enterprise,Tier 1,Other,UAE,MENA,3,0,3
GENERAL,Inquiries,Enterprise,Tier 1,Other,UK,APAC,1,0,1
GENERAL,Inquiries,Enterprise,Tier 1,Other,UK,UK,8,0,8
GENERAL,Inquiries,Enterprise,Tier 1,Other,WW,MENA,1,0,1
GENERAL,Inquiries,Enterprise,Tier 1,Other,WW,Mauritius,1,0,1
GENERAL,Inquiries,Enterprise,Tier 1,Other,WW,UK,1,0,1
GENERAL,Inquiries,Enterprise,Tier 1,Webform & API,Crypto,Crypto,1,0,1
GENERAL,Inquiries,Enterprise,Tier 1,Webform & API,Mauritius,UK,1,0,1
GENERAL,Inquiries,Enterprise,Tier 2,Email (Merchant),Central Europe,EEA,1,0,1
GENERAL,Inquiries,Enterprise,Tier 2,Email (Merchant),Crypto,Crypto,4,0,4
GENERAL,Inquiries,Enterprise,Tier 2,Email (Merchant),EU,EEA,1,0,1
GENERAL,Inquiries,Enterprise,Tier 2,Email (Merchant),NORAM,UK,2,0,2
GENERAL,Inquiries,Enterprise,Tier 2,Email (Merchant),Singapore/ANZ,APAC,1,0,1
GENERAL,Inquiries,Enterprise,Tier 2,Email (Merchant),UAE,MENA,3,0,3
GENERAL,Inquiries,Enterprise,Tier 2,Email (Merchant),UK,UK,142,0,142
GENERAL,Inquiries,Enterprise,Tier 2,Fin (Dashboard),Central Europe,EEA,0,1,1
GENERAL,Inquiries,Enterprise,Tier 2,Fin (Dashboard),NORAM,Crypto,1,0,1
GENERAL,Inquiries,Enterprise,Tier 2,Fin (Dashboard),NORAM,UK,0,2,2
GENERAL,Inquiries,Enterprise,Tier 2,Fin (Dashboard),UAE,MENA,1,3,4
GENERAL,Inquiries,Enterprise,Tier 2,Fin (Dashboard),UK,UK,0,1,1
GENERAL,Inquiries,Enterprise,Tier 2,Other,Crypto,Crypto,2,0,2
GENERAL,Inquiries,Enterprise,Tier 2,Other,UAE,MENA,2,0,2
GENERAL,Inquiries,Enterprise,Tier 2,Other,UK,UK,2,0,2
GENERAL,Inquiries,Enterprise,Tier 2,Webform & API,UAE,MENA,2,0,2
GENERAL,Inquiries,Enterprise,Tier 2,Webform & API,UK,UK,1,0,1
GENERAL,Inquiries,Enterprise,Tier 4,Email (Merchant),UAE,MENA,2,0,2
GENERAL,Inquiries,Enterprise,Tier 4,Other,UAE,MENA,1,0,1
GENERAL,Inquiries,Premium,Tier 1,Email (Internal),SAT,SAT,1,0,1
GENERAL,Inquiries,Premium,Tier 1,Email (Internal),WW,EEA,1,0,1
GENERAL,Inquiries,Premium,Tier 1,Email (Merchant),Crypto,Crypto,1,0,1
GENERAL,Inquiries,Premium,Tier 1,Email (Merchant),GCR,APAC,1,0,1
GENERAL,Inquiries,Premium,Tier 1,Email (Merchant),NORAM,UK,3,0,3
GENERAL,Inquiries,Premium,Tier 1,Email (Merchant),SAT,SAT,1,0,1
GENERAL,Inquiries,Premium,Tier 1,Email (Merchant),Southern Europe,EEA,1,0,1
GENERAL,Inquiries,Premium,Tier 1,Email (Merchant),UAE,MENA,1,0,1
GENERAL,Inquiries,Premium,Tier 1,Email (Merchant),UK,EEA,4,0,4
GENERAL,Inquiries,Premium,Tier 1,Email (Merchant),Unknown,UK,1,0,1
GENERAL,Inquiries,Premium,Tier 1,Email (Merchant),WW,APAC,7,0,7
GENERAL,Inquiries,Premium,Tier 1,Email (Merchant),WW,UK,1,0,1
GENERAL,Inquiries,Premium,Tier 1,Fin (Dashboard),Crypto,Crypto,0,2,2
GENERAL,Inquiries,Premium,Tier 1,Fin (Dashboard),GCR,APAC,0,1,1
GENERAL,Inquiries,Premium,Tier 1,Fin (Dashboard),UAE,MENA,0,2,2
GENERAL,Inquiries,Premium,Tier 1,Fin (Dashboard),UK,UK,0,2,2
GENERAL,Inquiries,Premium,Tier 1,Fin (Dashboard),WW,EEA,2,2,4
GENERAL,Inquiries,Premium,Tier 1,Other,Crypto,Crypto,1,0,1
GENERAL,Inquiries,Premium,Tier 1,Other,GCR,APAC,2,0,2
GENERAL,Inquiries,Premium,Tier 1,Other,NORAM,UK,3,0,3
GENERAL,Inquiries,Premium,Tier 1,Other,Singapore/ANZ,NORAM,2,0,2
GENERAL,Inquiries,Premium,Tier 1,Other,UAE,MENA,2,0,2
GENERAL,Inquiries,Premium,Tier 1,Other,UK,UK,3,0,3
GENERAL,Inquiries,Premium,Tier 1,Other,WW,EEA,1,0,1
GENERAL,Inquiries,Premium,Tier 1,Webform & API,UAE,MENA,1,0,1
GENERAL,Inquiries,Standard,Tier 2,Email (Merchant),UK,UK,1,0,1
GENERAL,Inquiries,Standard,Tier 2,Email (Merchant),Unknown,APAC,1,0,1
GENERAL,Inquiries,Standard,Tier 2,Fin (Dashboard),Crypto,Crypto,0,1,1
GENERAL,Inquiries,Standard,Tier 2,Fin (Dashboard),Singapore/ANZ,APAC,0,1,1
GENERAL,Inquiries,Standard,Tier 2,Other,Crypto,Crypto,1,0,1
GENERAL,Inquiries,Standard,Tier 3,Email (Merchant),NORAM,MENA,1,0,1
GENERAL,Inquiries,Standard,Tier 3,Email (Merchant),NORAM,NORAM,1,0,1
GENERAL,Inquiries,Standard,Tier 3,Email (Merchant),Unknown,UK,1,0,1
GENERAL,Inquiries,Standard,Tier 3,Email (Merchant),WW,MENA,1,0,1
GENERAL,Inquiries,Standard,Tier 3,Email (Merchant),WW,NORAM,1,0,1
GENERAL,Inquiries,Standard,Tier 3,Fin (Dashboard),Central Europe,EEA,0,1,1
GENERAL,Inquiries,Standard,Tier 3,Fin (Dashboard),GCR,APAC,1,0,1
GENERAL,Inquiries,Standard,Tier 3,Fin (Dashboard),NORAM,EEA,0,1,1
GENERAL,Inquiries,Standard,Tier 3,Fin (Dashboard),NORAM,Israel,0,1,1
GENERAL,Inquiries,Standard,Tier 3,Fin (Dashboard),Southern Europe,EEA,0,1,1
GENERAL,Inquiries,Standard,Tier 3,Fin (Dashboard),UAE,MENA,2,6,8
GENERAL,Inquiries,Standard,Tier 3,Fin (Dashboard),UAE,Mauritius,0,1,1
GENERAL,Inquiries,Standard,Tier 3,Fin (Dashboard),UK,UK,1,2,3
GENERAL,Inquiries,Standard,Tier 3,Fin (Dashboard),Unknown,Crypto,1,1,2
GENERAL,Inquiries,Standard,Tier 3,Fin (Dashboard),Unknown,NORAM,0,1,1
GENERAL,Inquiries,Standard,Tier 3,Other,Central Europe,EEA,1,0,1
GENERAL,Inquiries,Standard,Tier 3,Other,GCR,APAC,1,0,1
GENERAL,Inquiries,Standard,Tier 3,Other,Singapore/ANZ,APAC,1,0,1
GENERAL,Inquiries,Standard,Tier 3,Other,Singapore/ANZ,NORAM,1,0,1
GENERAL,Inquiries,Standard,Tier 3,Other,UAE,MENA,4,0,4
GENERAL,Inquiries,Standard,Tier 3,Webform & API,Crypto,Crypto,1,0,1
GENERAL,Inquiries,Standard,Tier 3,Webform & API,EU,EEA,1,0,1
GENERAL,Inquiries,Standard,Tier 3,Webform & API,GCR,APAC,2,0,2
GENERAL,Inquiries,Standard,Tier 3,Webform & API,UAE,Mauritius,1,0,1
GENERAL,Inquiries,Standard,Tier 3,Webform & API,UK,UK,1,0,1
GENERAL,Inquiries,Standard,Tier 4,Email (Internal),UAE,MENA,1,0,1
GENERAL,Inquiries,Standard,Tier 4,Email (Merchant),GCR,APAC,1,0,1
GENERAL,Inquiries,Standard,Tier 4,Email (Merchant),NORAM,NORAM,1,0,1
GENERAL,Inquiries,Standard,Tier 4,Email (Merchant),Northern Europe,Mauritius,1,0,1
GENERAL,Inquiries,Standard,Tier 4,Email (Merchant),UAE,MENA,5,0,5
GENERAL,Inquiries,Standard,Tier 4,Email (Merchant),UK,Mauritius,1,0,1
GENERAL,Inquiries,Standard,Tier 4,Email (Merchant),UK,UK,3,0,3
GENERAL,Inquiries,Standard,Tier 4,Email (Merchant),Unknown,Crypto,10,0,10
GENERAL,Inquiries,Standard,Tier 4,Email (Merchant),Unknown,MENA,5,0,5
GENERAL,Inquiries,Standard,Tier 4,Email (Merchant),Unknown,NORAM,2,0,2
GENERAL,Inquiries,Standard,Tier 4,Email (Merchant),WW,WW,17,0,17
GENERAL,Inquiries,Standard,Tier 4,Fin (Dashboard),Central Europe,EEA,1,1,2
GENERAL,Inquiries,Standard,Tier 4,Fin (Dashboard),Crypto,APAC,0,1,1
GENERAL,Inquiries,Standard,Tier 4,Fin (Dashboard),Crypto,Crypto,0,1,1
GENERAL,Inquiries,Standard,Tier 4,Fin (Dashboard),GCR,APAC,2,2,4
GENERAL,Inquiries,Standard,Tier 4,Fin (Dashboard),Issuing,UK,0,2,2
GENERAL,Inquiries,Standard,Tier 4,Fin (Dashboard),Mauritius,Mauritius,1,5,6
GENERAL,Inquiries,Standard,Tier 4,Fin (Dashboard),NORAM,Mauritius,0,2,2
GENERAL,Inquiries,Standard,Tier 4,Fin (Dashboard),NORAM,NORAM,0,7,7
GENERAL,Inquiries,Standard,Tier 4,Fin (Dashboard),UAE,MENA,2,10,12
GENERAL,Inquiries,Standard,Tier 4,Fin (Dashboard),UK,Mauritius,0,3,3
GENERAL,Inquiries,Standard,Tier 4,Fin (Dashboard),UK,UK,1,2,3
GENERAL,Inquiries,Standard,Tier 4,Fin (Dashboard),Unknown,APAC,1,4,5
GENERAL,Inquiries,Standard,Tier 4,Fin (Dashboard),Unknown,EEA,0,1,1
GENERAL,Inquiries,Standard,Tier 4,Fin (Dashboard),Unknown,MENA,0,1,1
GENERAL,Inquiries,Standard,Tier 4,Fin (Dashboard),Unknown,Mauritius,0,1,1
GENERAL,Inquiries,Standard,Tier 4,Fin (Dashboard),Unknown,NORAM,1,0,1
GENERAL,Inquiries,Standard,Tier 4,Fin (Dashboard),Unknown,UK,0,2,2
GENERAL,Inquiries,Standard,Tier 4,Fin (Dashboard),WW,WW,0,1,1
GENERAL,Inquiries,Standard,Tier 4,Other,Crypto,APAC,1,0,1
GENERAL,Inquiries,Standard,Tier 4,Other,Crypto,Crypto,1,0,1
GENERAL,Inquiries,Standard,Tier 4,Other,GCR,APAC,2,0,2
GENERAL,Inquiries,Standard,Tier 4,Other,Issuing,UK,1,0,1
GENERAL,Inquiries,Standard,Tier 4,Other,Mauritius,Mauritius,2,0,2
GENERAL,Inquiries,Standard,Tier 4,Other,NORAM,NORAM,2,0,2
GENERAL,Inquiries,Standard,Tier 4,Other,NORAM,UK,1,0,1
GENERAL,Inquiries,Standard,Tier 4,Other,Southern Europe,EEA,1,0,1
GENERAL,Inquiries,Standard,Tier 4,Other,UAE,MENA,15,0,15
GENERAL,Inquiries,Standard,Tier 4,Other,UAE,Mauritius,1,0,1
GENERAL,Inquiries,Standard,Tier 4,Other,UAE,WW,2,0,2
GENERAL,Inquiries,Standard,Tier 4,Other,UK,UK,5,0,5
GENERAL,Inquiries,Standard,Tier 4,Other,Unknown,APAC,3,0,3
GENERAL,Inquiries,Standard,Tier 4,Other,Unknown,EEA,1,0,1
GENERAL,Inquiries,Standard,Tier 4,Other,Unknown,MENA,4,0,4
GENERAL,Inquiries,Standard,Tier 4,Other,Unknown,Mauritius,1,0,1
GENERAL,Inquiries,Standard,Tier 4,Other,Unknown,NORAM,2,0,2
GENERAL,Inquiries,Standard,Tier 4,Other,Unknown,UK,2,0,2
GENERAL,Inquiries,Standard,Tier 4,Other,WW,MENA,1,0,1
GENERAL,Inquiries,Standard,Tier 4,Other,WW,WW,2,0,2
GENERAL,Inquiries,Standard,Tier 4,Webform & API,EU,EEA,1,0,1
GENERAL,Inquiries,Standard,Tier 4,Webform & API,Mauritius,Mauritius,5,0,5
GENERAL,Inquiries,Standard,Tier 4,Webform & API,NORAM,UK,1,0,1
GENERAL,Inquiries,Standard,Tier 4,Webform & API,Northern Europe,Mauritius,1,0,1
GENERAL,Inquiries,Standard,Tier 4,Webform & API,UAE,MENA,2,0,2
GENERAL,Inquiries,Standard,Tier 4,Webform & API,UK,Mauritius,1,0,1
GENERAL,Inquiries,Standard,Tier 4,Webform & API,UK,UK,1,0,1
GENERAL,Inquiries,Standard,Unknown,Other,Northern Europe,EEA,1,0,1
GENERAL,Inquiries,Unmapped,Unknown,Email (Internal),Unknown,Unknown,24,0,24
GENERAL,Inquiries,Unmapped,Unknown,Email (Merchant),Unknown,Unknown,956,0,956
GENERAL,Inquiries,Unmapped,Unknown,Fin (Dashboard),Unknown,Unknown,1,10,11
GENERAL,Inquiries,Unmapped,Unknown,Other,Unknown,Unknown,325,0,325
GENERAL,Inquiries,Unmapped,Unknown,Webform & API,Unknown,Unknown,15,0,15
IDENTITY VERIFICATION,"Security, Privacy and Compliance",Unmapped,Unknown,Email (Merchant),Unknown,Unknown,1,0,1
IDENTITY VERIFICATION,Verification and technical support,Enterprise,Tier 2,Fin (Dashboard),Unknown,UK,0,1,1
IDENTITY VERIFICATION,Verification and technical support,Premium,Tier 1,Other,UAE,MENA,1,0,1
IDENTITY VERIFICATION,Verification and technical support,Standard,Tier 2,Fin (Dashboard),UK,UK,0,1,1
IDENTITY VERIFICATION,Verification and technical support,Standard,Tier 3,Fin (Dashboard),Central Europe,EEA,0,2,2
IDENTITY VERIFICATION,Verification and technical support,Standard,Tier 4,Webform & API,NORAM,UK,1,0,1
IDENTITY VERIFICATION,Verification and technical support,Unmapped,Unknown,Email (Merchant),Unknown,Unknown,12,0,12
IDENTITY VERIFICATION,Verification and technical support,Unmapped,Unknown,Other,Unknown,Unknown,6,0,6
ISSUING,Card Management,Enterprise,Tier 2,Email (Internal),NORAM,UK,1,0,1
ISSUING,Card Management,Enterprise,Tier 2,Email (Merchant),UK,UK,1,0,1
ISSUING,Card Management,Enterprise,Tier 2,Fin (Dashboard),NORAM,NORAM,0,1,1
ISSUING,Card Management,Enterprise,Tier 2,Fin (Dashboard),NORAM,UK,0,1,1
ISSUING,Card Management,Enterprise,Tier 2,Other,UK,UK,1,0,1
ISSUING,Card Management,Enterprise,Tier 2,Webform & API,UK,UK,2,0,2
ISSUING,Card Management,Premium,Tier 1,Webform & API,Singapore/ANZ,APAC,1,0,1
ISSUING,Card Management,Standard,Tier 3,Fin (Dashboard),Northern Europe,EEA,0,1,1
ISSUING,Card Management,Standard,Tier 4,Fin (Dashboard),Mauritius,Mauritius,0,1,1
ISSUING,Card Management,Standard,Tier 4,Fin (Dashboard),NORAM,UK,0,1,1
ISSUING,Card Management,Standard,Tier 4,Fin (Dashboard),Unknown,APAC,0,1,1
ISSUING,Card Management,Unmapped,Unknown,Email (Internal),Unknown,Unknown,1,0,1
ISSUING,Card Management,Unmapped,Unknown,Email (Merchant),Unknown,Unknown,1,0,1
ISSUING,Card Management,Unmapped,Unknown,Fin (Dashboard),Unknown,Unknown,0,1,1
ISSUING,Issuing Digital Wallets,Enterprise,Tier 2,Email (Internal),NORAM,UK,1,0,1
ISSUING,Issuing Digital Wallets,Enterprise,Tier 2,Webform & API,NORAM,UK,1,0,1
ISSUING,Issuing Digital Wallets,Standard,Tier 3,Email (Merchant),UK,UK,1,0,1
ISSUING,Issuing Digital Wallets,Standard,Tier 3,Other,UK,UK,2,0,2
ISSUING,Issuing Digital Wallets,Standard,Tier 3,Webform & API,UK,UK,1,0,1
ISSUING,Issuing Digital Wallets,Standard,Tier 4,Email (Internal),NORAM,Mauritius,1,0,1
ISSUING,Issuing Digital Wallets,Standard,Tier 4,Email (Merchant),NORAM,Mauritius,1,0,1
ISSUING,Issuing Digital Wallets,Standard,Tier 4,Webform & API,NORAM,Mauritius,1,0,1
ISSUING,"Issuing Transactions, Money & Reports",Enterprise,Tier 1,Email (Internal),UAE,MENA,1,0,1
ISSUING,"Issuing Transactions, Money & Reports",Enterprise,Tier 1,Email (Internal),WW,MENA,1,0,1
ISSUING,"Issuing Transactions, Money & Reports",Enterprise,Tier 2,Email (Internal),NORAM,UK,2,0,2
ISSUING,"Issuing Transactions, Money & Reports",Enterprise,Tier 2,Email (Internal),UK,UK,1,0,1
ISSUING,"Issuing Transactions, Money & Reports",Enterprise,Tier 2,Email (Merchant),Southern Europe,EEA,1,0,1
ISSUING,"Issuing Transactions, Money & Reports",Enterprise,Tier 2,Email (Merchant),UAE,MENA,1,0,1
ISSUING,"Issuing Transactions, Money & Reports",Enterprise,Tier 2,Email (Merchant),UK,UK,13,0,13
ISSUING,"Issuing Transactions, Money & Reports",Enterprise,Tier 2,Other,UK,UK,2,0,2
ISSUING,"Issuing Transactions, Money & Reports",Enterprise,Tier 2,Webform & API,NORAM,UK,7,0,7
ISSUING,"Issuing Transactions, Money & Reports",Enterprise,Tier 2,Webform & API,UK,UK,10,0,10
ISSUING,"Issuing Transactions, Money & Reports",Standard,Tier 3,Email (Internal),Central Europe,EEA,1,0,1
ISSUING,"Issuing Transactions, Money & Reports",Standard,Tier 3,Fin (Dashboard),Northern Europe,EEA,0,2,2
ISSUING,"Issuing Transactions, Money & Reports",Standard,Tier 3,Fin (Dashboard),UAE,MENA,0,1,1
ISSUING,"Issuing Transactions, Money & Reports",Standard,Tier 3,Fin (Dashboard),UK,UK,0,1,1
ISSUING,"Issuing Transactions, Money & Reports",Standard,Tier 3,Webform & API,UK,UK,1,0,1
ISSUING,"Issuing Transactions, Money & Reports",Standard,Tier 4,Email (Internal),NORAM,Mauritius,2,0,2
ISSUING,"Issuing Transactions, Money & Reports",Standard,Tier 4,Email (Merchant),Central Europe,EEA,2,0,2
ISSUING,"Issuing Transactions, Money & Reports",Standard,Tier 4,Email (Merchant),NORAM,Mauritius,2,0,2
ISSUING,"Issuing Transactions, Money & Reports",Standard,Tier 4,Email (Merchant),UAE,MENA,1,0,1
ISSUING,"Issuing Transactions, Money & Reports",Standard,Tier 4,Fin (Dashboard),Central Europe,EEA,0,1,1
ISSUING,"Issuing Transactions, Money & Reports",Standard,Tier 4,Webform & API,NORAM,Mauritius,4,0,4
ISSUING,"Issuing Transactions, Money & Reports",Unmapped,Unknown,Fin (Dashboard),Unknown,Unknown,0,1,1
ISSUING,Logistics,Enterprise,Tier 2,Email (Merchant),UK,UK,2,0,2
ISSUING,Logistics,Enterprise,Tier 2,Webform & API,UK,UK,2,0,2
ISSUING,Mobile App / SDK,Enterprise,Tier 2,Email (Merchant),UK,UK,1,0,1
ISSUING,Mobile App / SDK,Unmapped,Unknown,Email (Merchant),Unknown,Unknown,1,0,1
NON MERCHANT REQUESTS,New issue type/s,Enterprise,Tier 1,Email (Internal),UK,EEA,1,0,1
NON MERCHANT REQUESTS,New issue type/s,Enterprise,Tier 1,Email (Merchant),UK,EEA,3,0,3
NON MERCHANT REQUESTS,New issue type/s,Enterprise,Tier 1,Email (Merchant),UK,UK,1,0,1
NON MERCHANT REQUESTS,New issue type/s,Enterprise,Tier 2,Email (Internal),Crypto,Crypto,1,0,1
NON MERCHANT REQUESTS,New issue type/s,Enterprise,Tier 2,Email (Internal),Northern Europe,EEA,1,0,1
NON MERCHANT REQUESTS,New issue type/s,Enterprise,Tier 2,Email (Merchant),UK,APAC,1,0,1
NON MERCHANT REQUESTS,New issue type/s,Enterprise,Tier 3,Email (Internal),Central Europe,EEA,1,0,1
NON MERCHANT REQUESTS,New issue type/s,Enterprise,Unknown,Email (Internal),Unknown,Unknown,1,0,1
NON MERCHANT REQUESTS,New issue type/s,Premium,Tier 1,Email (Internal),GCR,APAC,1,0,1
NON MERCHANT REQUESTS,New issue type/s,Premium,Tier 1,Email (Internal),NORAM,EEA,1,0,1
NON MERCHANT REQUESTS,New issue type/s,Premium,Tier 1,Email (Internal),NORAM,UK,1,0,1
NON MERCHANT REQUESTS,New issue type/s,Premium,Tier 1,Email (Internal),Singapore/ANZ,NORAM,1,0,1
NON MERCHANT REQUESTS,New issue type/s,Premium,Tier 1,Email (Internal),WW,UK,1,0,1
NON MERCHANT REQUESTS,New issue type/s,Premium,Tier 1,Email (Merchant),Crypto,Crypto,1,0,1
NON MERCHANT REQUESTS,New issue type/s,Premium,Tier 1,Email (Merchant),Singapore/ANZ,APAC,1,0,1
NON MERCHANT REQUESTS,New issue type/s,Premium,Tier 1,Email (Merchant),UK,UK,2,0,2
NON MERCHANT REQUESTS,New issue type/s,Premium,Tier 1,Other,Unknown,UK,1,0,1
NON MERCHANT REQUESTS,New issue type/s,Premium,Tier 1,Other,WW,APAC,1,0,1
NON MERCHANT REQUESTS,New issue type/s,Standard,Tier 3,Email (Internal),Singapore/ANZ,APAC,1,0,1
NON MERCHANT REQUESTS,New issue type/s,Standard,Tier 3,Email (Internal),Southern Europe,EEA,1,0,1
NON MERCHANT REQUESTS,New issue type/s,Standard,Tier 3,Email (Internal),UAE,MENA,1,0,1
NON MERCHANT REQUESTS,New issue type/s,Standard,Tier 3,Email (Merchant),Northern Europe,EEA,1,0,1
NON MERCHANT REQUESTS,New issue type/s,Standard,Tier 3,Email (Merchant),UAE,Mauritius,2,0,2
NON MERCHANT REQUESTS,New issue type/s,Standard,Tier 3,Email (Merchant),UK,UK,1,0,1
NON MERCHANT REQUESTS,New issue type/s,Standard,Tier 3,Fin (Dashboard),Central Europe,EEA,0,1,1
NON MERCHANT REQUESTS,New issue type/s,Standard,Tier 3,Other,UK,EEA,1,0,1
NON MERCHANT REQUESTS,New issue type/s,Standard,Tier 3,Other,UK,UK,1,0,1
NON MERCHANT REQUESTS,New issue type/s,Standard,Tier 4,Email (Internal),Northern Europe,Mauritius,1,0,1
NON MERCHANT REQUESTS,New issue type/s,Standard,Tier 4,Email (Internal),Unknown,UK,1,0,1
NON MERCHANT REQUESTS,New issue type/s,Standard,Tier 4,Email (Merchant),EU,Mauritius,1,0,1
NON MERCHANT REQUESTS,New issue type/s,Standard,Tier 4,Email (Merchant),Northern Europe,Mauritius,1,0,1
NON MERCHANT REQUESTS,New issue type/s,Standard,Tier 4,Email (Merchant),UAE,MENA,1,0,1
NON MERCHANT REQUESTS,New issue type/s,Standard,Tier 4,Email (Merchant),UK,UK,2,0,2
NON MERCHANT REQUESTS,New issue type/s,Standard,Tier 4,Email (Merchant),Unknown,Crypto,1,0,1
NON MERCHANT REQUESTS,New issue type/s,Standard,Tier 4,Email (Merchant),WW,WW,2,0,2
NON MERCHANT REQUESTS,New issue type/s,Standard,Tier 4,Other,UAE,MENA,1,0,1
NON MERCHANT REQUESTS,New issue type/s,Standard,Tier 4,Other,UK,UK,2,0,2
NON MERCHANT REQUESTS,New issue type/s,Unmapped,Unknown,Email (Internal),Unknown,Unknown,22,0,22
NON MERCHANT REQUESTS,New issue type/s,Unmapped,Unknown,Email (Merchant),Unknown,Unknown,253,0,253
NON MERCHANT REQUESTS,New issue type/s,Unmapped,Unknown,Other,Unknown,Unknown,31,0,31
PAYMENTS (IN),Authentication (3DS),Enterprise,Tier 1,Email (Internal),Crypto,Crypto,9,0,9
PAYMENTS (IN),Authentication (3DS),Enterprise,Tier 1,Email (Internal),GCR,APAC,1,0,1
PAYMENTS (IN),Authentication (3DS),Enterprise,Tier 1,Email (Internal),NORAM,UK,2,0,2
PAYMENTS (IN),Authentication (3DS),Enterprise,Tier 1,Email (Internal),UAE,MENA,1,0,1
PAYMENTS (IN),Authentication (3DS),Enterprise,Tier 1,Email (Internal),UK,UK,1,0,1
PAYMENTS (IN),Authentication (3DS),Enterprise,Tier 1,Email (Internal),WW,EEA,1,0,1
PAYMENTS (IN),Authentication (3DS),Enterprise,Tier 1,Email (Internal),WW,MENA,1,0,1
PAYMENTS (IN),Authentication (3DS),Enterprise,Tier 1,Email (Merchant),Crypto,Crypto,8,0,8
PAYMENTS (IN),Authentication (3DS),Enterprise,Tier 1,Email (Merchant),NORAM,UK,3,0,3
PAYMENTS (IN),Authentication (3DS),Enterprise,Tier 1,Email (Merchant),UAE,MENA,6,0,6
PAYMENTS (IN),Authentication (3DS),Enterprise,Tier 1,Email (Merchant),UK,APAC,1,0,1
PAYMENTS (IN),Authentication (3DS),Enterprise,Tier 1,Email (Merchant),UK,UK,11,0,11
PAYMENTS (IN),Authentication (3DS),Enterprise,Tier 1,Email (Merchant),Unknown,UK,1,0,1
PAYMENTS (IN),Authentication (3DS),Enterprise,Tier 1,Email (Merchant),WW,EEA,1,0,1
PAYMENTS (IN),Authentication (3DS),Enterprise,Tier 1,Fin (Dashboard),Unknown,NORAM,0,1,1
PAYMENTS (IN),Authentication (3DS),Enterprise,Tier 1,Fin (Dashboard),WW,UK,1,0,1
PAYMENTS (IN),Authentication (3DS),Enterprise,Tier 1,Webform & API,Crypto,EEA,4,0,4
PAYMENTS (IN),Authentication (3DS),Enterprise,Tier 1,Webform & API,UAE,MENA,1,0,1
PAYMENTS (IN),Authentication (3DS),Enterprise,Tier 1,Webform & API,UK,Crypto,1,0,1
PAYMENTS (IN),Authentication (3DS),Enterprise,Tier 1,Webform & API,UK,UK,3,0,3
PAYMENTS (IN),Authentication (3DS),Enterprise,Tier 1,Webform & API,Unknown,NORAM,1,0,1
PAYMENTS (IN),Authentication (3DS),Enterprise,Tier 2,Email (Internal),Central Europe,EEA,2,0,2
PAYMENTS (IN),Authentication (3DS),Enterprise,Tier 2,Email (Internal),Crypto,Crypto,1,0,1
PAYMENTS (IN),Authentication (3DS),Enterprise,Tier 2,Email (Internal),EU,EEA,2,0,2
PAYMENTS (IN),Authentication (3DS),Enterprise,Tier 2,Email (Internal),KSA,EEA,4,0,4
PAYMENTS (IN),Authentication (3DS),Enterprise,Tier 2,Email (Internal),KSA,Unknown,2,0,2
PAYMENTS (IN),Authentication (3DS),Enterprise,Tier 2,Email (Internal),NORAM,NORAM,3,0,3
PAYMENTS (IN),Authentication (3DS),Enterprise,Tier 2,Email (Internal),NORAM,UK,1,0,1
PAYMENTS (IN),Authentication (3DS),Enterprise,Tier 2,Email (Internal),Northern Europe,EEA,2,0,2
PAYMENTS (IN),Authentication (3DS),Enterprise,Tier 2,Email (Internal),Singapore/ANZ,APAC,1,0,1
PAYMENTS (IN),Authentication (3DS),Enterprise,Tier 2,Email (Internal),UAE,MENA,4,0,4
PAYMENTS (IN),Authentication (3DS),Enterprise,Tier 2,Email (Internal),UK,EEA,1,0,1
PAYMENTS (IN),Authentication (3DS),Enterprise,Tier 2,Email (Internal),UK,UK,6,0,6
PAYMENTS (IN),Authentication (3DS),Enterprise,Tier 2,Email (Internal),Unknown,MENA,1,0,1
PAYMENTS (IN),Authentication (3DS),Enterprise,Tier 2,Email (Internal),WW,MENA,1,0,1
PAYMENTS (IN),Authentication (3DS),Enterprise,Tier 2,Email (Internal),WW,UK,1,0,1
PAYMENTS (IN),Authentication (3DS),Enterprise,Tier 2,Email (Merchant),Crypto,Crypto,12,0,12
PAYMENTS (IN),Authentication (3DS),Enterprise,Tier 2,Email (Merchant),GCR,APAC,1,0,1
PAYMENTS (IN),Authentication (3DS),Enterprise,Tier 2,Email (Merchant),NORAM,UK,1,0,1
PAYMENTS (IN),Authentication (3DS),Enterprise,Tier 2,Email (Merchant),Singapore/ANZ,APAC,1,0,1
PAYMENTS (IN),Authentication (3DS),Enterprise,Tier 2,Email (Merchant),Southern Europe,EEA,1,0,1
PAYMENTS (IN),Authentication (3DS),Enterprise,Tier 2,Email (Merchant),UAE,MENA,17,0,17
PAYMENTS (IN),Authentication (3DS),Enterprise,Tier 2,Email (Merchant),UK,EEA,2,0,2
PAYMENTS (IN),Authentication (3DS),Enterprise,Tier 2,Email (Merchant),UK,UK,7,0,7
PAYMENTS (IN),Authentication (3DS),Enterprise,Tier 2,Email (Merchant),Unknown,MENA,1,0,1
PAYMENTS (IN),Authentication (3DS),Enterprise,Tier 2,Email (Merchant),Unknown,NORAM,1,0,1
PAYMENTS (IN),Authentication (3DS),Enterprise,Tier 2,Email (Merchant),WW,MENA,3,0,3
PAYMENTS (IN),Authentication (3DS),Enterprise,Tier 2,Fin (Dashboard),GCR,APAC,0,1,1
PAYMENTS (IN),Authentication (3DS),Enterprise,Tier 2,Fin (Dashboard),NORAM,Crypto,0,1,1
PAYMENTS (IN),Authentication (3DS),Enterprise,Tier 2,Fin (Dashboard),UK,UK,1,1,2
PAYMENTS (IN),Authentication (3DS),Enterprise,Tier 2,Other,Central Europe,EEA,1,0,1
PAYMENTS (IN),Authentication (3DS),Enterprise,Tier 2,Other,NORAM,UK,2,0,2
PAYMENTS (IN),Authentication (3DS),Enterprise,Tier 2,Other,UAE,MENA,2,0,2
PAYMENTS (IN),Authentication (3DS),Enterprise,Tier 2,Other,UK,UK,8,0,8
PAYMENTS (IN),Authentication (3DS),Enterprise,Tier 2,Other,Unknown,MENA,3,0,3
PAYMENTS (IN),Authentication (3DS),Enterprise,Tier 2,Other,WW,EEA,2,0,2
PAYMENTS (IN),Authentication (3DS),Enterprise,Tier 2,Webform & API,Crypto,Crypto,7,0,7
PAYMENTS (IN),Authentication (3DS),Enterprise,Tier 2,Webform & API,Issuing,UK,1,0,1
PAYMENTS (IN),Authentication (3DS),Enterprise,Tier 2,Webform & API,NORAM,UK,1,0,1
PAYMENTS (IN),Authentication (3DS),Enterprise,Tier 2,Webform & API,Singapore/ANZ,APAC,2,0,2
PAYMENTS (IN),Authentication (3DS),Enterprise,Tier 2,Webform & API,Southern Europe,EEA,1,0,1
PAYMENTS (IN),Authentication (3DS),Enterprise,Tier 2,Webform & API,UAE,MENA,3,0,3
PAYMENTS (IN),Authentication (3DS),Enterprise,Tier 2,Webform & API,UK,EEA,1,0,1
PAYMENTS (IN),Authentication (3DS),Enterprise,Tier 2,Webform & API,UK,UK,6,0,6
PAYMENTS (IN),Authentication (3DS),Enterprise,Tier 2,Webform & API,WW,EEA,2,0,2
PAYMENTS (IN),Authentication (3DS),Enterprise,Tier 3,Email (Internal),Northern Europe,EEA,1,0,1
PAYMENTS (IN),Authentication (3DS),Enterprise,Tier 3,Email (Internal),UAE,MENA,1,0,1
PAYMENTS (IN),Authentication (3DS),Enterprise,Tier 3,Email (Internal),UK,UK,1,0,1
PAYMENTS (IN),Authentication (3DS),Enterprise,Tier 3,Email (Merchant),Singapore/ANZ,APAC,1,0,1
PAYMENTS (IN),Authentication (3DS),Enterprise,Tier 3,Email (Merchant),UAE,MENA,2,0,2
PAYMENTS (IN),Authentication (3DS),Enterprise,Tier 4,Email (Internal),UAE,MENA,1,0,1
PAYMENTS (IN),Authentication (3DS),Enterprise,Tier 4,Webform & API,UAE,MENA,1,0,1
PAYMENTS (IN),Authentication (3DS),Premium,Tier 1,Email (Internal),Crypto,Crypto,3,0,3
PAYMENTS (IN),Authentication (3DS),Premium,Tier 1,Email (Internal),GCR,APAC,6,0,6
PAYMENTS (IN),Authentication (3DS),Premium,Tier 1,Email (Internal),NORAM,UK,1,0,1
PAYMENTS (IN),Authentication (3DS),Premium,Tier 1,Email (Internal),UAE,MENA,5,0,5
PAYMENTS (IN),Authentication (3DS),Premium,Tier 1,Email (Internal),UK,UK,3,0,3
PAYMENTS (IN),Authentication (3DS),Premium,Tier 1,Email (Internal),WW,APAC,4,0,4
PAYMENTS (IN),Authentication (3DS),Premium,Tier 1,Email (Internal),WW,EEA,3,0,3
PAYMENTS (IN),Authentication (3DS),Premium,Tier 1,Email (Internal),WW,MENA,1,0,1
PAYMENTS (IN),Authentication (3DS),Premium,Tier 1,Email (Internal),WW,UK,1,0,1
PAYMENTS (IN),Authentication (3DS),Premium,Tier 1,Email (Merchant),Crypto,Crypto,1,0,1
PAYMENTS (IN),Authentication (3DS),Premium,Tier 1,Email (Merchant),GCR,APAC,4,0,4
PAYMENTS (IN),Authentication (3DS),Premium,Tier 1,Email (Merchant),NORAM,NORAM,1,0,1
PAYMENTS (IN),Authentication (3DS),Premium,Tier 1,Email (Merchant),NORAM,UK,3,0,3
PAYMENTS (IN),Authentication (3DS),Premium,Tier 1,Email (Merchant),UAE,MENA,12,0,12
PAYMENTS (IN),Authentication (3DS),Premium,Tier 1,Email (Merchant),UK,Crypto,3,0,3
PAYMENTS (IN),Authentication (3DS),Premium,Tier 1,Email (Merchant),UK,EEA,1,0,1
PAYMENTS (IN),Authentication (3DS),Premium,Tier 1,Email (Merchant),UK,UK,2,0,2
PAYMENTS (IN),Authentication (3DS),Premium,Tier 1,Email (Merchant),WW,APAC,3,0,3
PAYMENTS (IN),Authentication (3DS),Premium,Tier 1,Email (Merchant),WW,EEA,1,0,1
PAYMENTS (IN),Authentication (3DS),Premium,Tier 1,Email (Merchant),WW,UK,5,0,5
PAYMENTS (IN),Authentication (3DS),Premium,Tier 1,Email (Merchant),WW,WW,1,0,1
PAYMENTS (IN),Authentication (3DS),Premium,Tier 1,Fin (Dashboard),Crypto,Crypto,1,0,1
PAYMENTS (IN),Authentication (3DS),Premium,Tier 1,Fin (Dashboard),NORAM,EEA,0,1,1
PAYMENTS (IN),Authentication (3DS),Premium,Tier 1,Fin (Dashboard),NORAM,UK,0,1,1
PAYMENTS (IN),Authentication (3DS),Premium,Tier 1,Fin (Dashboard),UAE,MENA,0,1,1
PAYMENTS (IN),Authentication (3DS),Premium,Tier 1,Fin (Dashboard),UK,Crypto,0,2,2
PAYMENTS (IN),Authentication (3DS),Premium,Tier 1,Fin (Dashboard),UK,UK,0,5,5
PAYMENTS (IN),Authentication (3DS),Premium,Tier 1,Fin (Dashboard),Unknown,UK,0,1,1
PAYMENTS (IN),Authentication (3DS),Premium,Tier 1,Fin (Dashboard),WW,EEA,0,1,1
PAYMENTS (IN),Authentication (3DS),Premium,Tier 1,Fin (Dashboard),WW,UK,0,1,1
PAYMENTS (IN),Authentication (3DS),Premium,Tier 1,Other,WW,EEA,1,0,1
PAYMENTS (IN),Authentication (3DS),Premium,Tier 1,Webform & API,Crypto,Crypto,1,0,1
PAYMENTS (IN),Authentication (3DS),Premium,Tier 1,Webform & API,NORAM,Israel,1,0,1
PAYMENTS (IN),Authentication (3DS),Premium,Tier 1,Webform & API,UAE,MENA,5,0,5
PAYMENTS (IN),Authentication (3DS),Premium,Tier 1,Webform & API,UK,EEA,3,0,3
PAYMENTS (IN),Authentication (3DS),Premium,Tier 1,Webform & API,UK,UK,24,0,24
PAYMENTS (IN),Authentication (3DS),Premium,Tier 1,Webform & API,WW,EEA,1,0,1
PAYMENTS (IN),Authentication (3DS),Standard,Tier 2,Email (Internal),UK,UK,1,0,1
PAYMENTS (IN),Authentication (3DS),Standard,Tier 2,Email (Merchant),NORAM,UK,1,0,1
PAYMENTS (IN),Authentication (3DS),Standard,Tier 2,Email (Merchant),Unknown,APAC,1,0,1
PAYMENTS (IN),Authentication (3DS),Standard,Tier 2,Email (Merchant),WW,UK,1,0,1
PAYMENTS (IN),Authentication (3DS),Standard,Tier 2,Fin (Dashboard),Crypto,Crypto,0,3,3
PAYMENTS (IN),Authentication (3DS),Standard,Tier 2,Fin (Dashboard),UK,UK,0,1,1
PAYMENTS (IN),Authentication (3DS),Standard,Tier 2,Other,Crypto,Crypto,2,0,2
PAYMENTS (IN),Authentication (3DS),Standard,Tier 2,Other,GCR,Crypto,1,0,1
PAYMENTS (IN),Authentication (3DS),Standard,Tier 2,Webform & API,Crypto,Crypto,1,0,1
PAYMENTS (IN),Authentication (3DS),Standard,Tier 2,Webform & API,GCR,Crypto,1,0,1
PAYMENTS (IN),Authentication (3DS),Standard,Tier 2,Webform & API,UK,UK,2,0,2
PAYMENTS (IN),Authentication (3DS),Standard,Tier 3,Email (Internal),Central Europe,EEA,3,0,3
PAYMENTS (IN),Authentication (3DS),Standard,Tier 3,Email (Internal),Crypto,Crypto,3,0,3
PAYMENTS (IN),Authentication (3DS),Standard,Tier 3,Email (Internal),GCR,APAC,1,0,1
PAYMENTS (IN),Authentication (3DS),Standard,Tier 3,Email (Internal),NORAM,Israel,1,0,1
PAYMENTS (IN),Authentication (3DS),Standard,Tier 3,Email (Internal),NORAM,NORAM,1,0,1
PAYMENTS (IN),Authentication (3DS),Standard,Tier 3,Email (Internal),Northern Europe,EEA,4,0,4
PAYMENTS (IN),Authentication (3DS),Standard,Tier 3,Email (Internal),Singapore/ANZ,APAC,2,0,2
PAYMENTS (IN),Authentication (3DS),Standard,Tier 3,Email (Internal),Southern Europe,EEA,1,0,1
PAYMENTS (IN),Authentication (3DS),Standard,Tier 3,Email (Internal),UAE,MENA,4,0,4
PAYMENTS (IN),Authentication (3DS),Standard,Tier 3,Email (Internal),UK,EEA,2,0,2
PAYMENTS (IN),Authentication (3DS),Standard,Tier 3,Email (Internal),UK,UK,1,0,1
PAYMENTS (IN),Authentication (3DS),Standard,Tier 3,Email (Internal),Unknown,EEA,1,0,1
PAYMENTS (IN),Authentication (3DS),Standard,Tier 3,Email (Internal),WW,MENA,1,0,1
PAYMENTS (IN),Authentication (3DS),Standard,Tier 3,Email (Merchant),Crypto,Crypto,3,0,3
PAYMENTS (IN),Authentication (3DS),Standard,Tier 3,Email (Merchant),GCR,APAC,1,0,1
PAYMENTS (IN),Authentication (3DS),Standard,Tier 3,Email (Merchant),NORAM,MENA,1,0,1
PAYMENTS (IN),Authentication (3DS),Standard,Tier 3,Email (Merchant),Southern Europe,EEA,1,0,1
PAYMENTS (IN),Authentication (3DS),Standard,Tier 3,Email (Merchant),UAE,MENA,12,0,12
PAYMENTS (IN),Authentication (3DS),Standard,Tier 3,Email (Merchant),UK,NORAM,2,0,2
PAYMENTS (IN),Authentication (3DS),Standard,Tier 3,Email (Merchant),UK,UK,4,0,4
PAYMENTS (IN),Authentication (3DS),Standard,Tier 3,Email (Merchant),Unknown,Crypto,1,0,1
PAYMENTS (IN),Authentication (3DS),Standard,Tier 3,Email (Merchant),Unknown,MENA,2,0,2
PAYMENTS (IN),Authentication (3DS),Standard,Tier 3,Email (Merchant),Unknown,UK,1,0,1
PAYMENTS (IN),Authentication (3DS),Standard,Tier 3,Email (Merchant),WW,MENA,1,0,1
PAYMENTS (IN),Authentication (3DS),Standard,Tier 3,Fin (Dashboard),Central Europe,EEA,0,1,1
PAYMENTS (IN),Authentication (3DS),Standard,Tier 3,Fin (Dashboard),Crypto,Crypto,0,1,1
PAYMENTS (IN),Authentication (3DS),Standard,Tier 3,Fin (Dashboard),GCR,APAC,1,0,1
PAYMENTS (IN),Authentication (3DS),Standard,Tier 3,Fin (Dashboard),Northern Europe,EEA,0,2,2
PAYMENTS (IN),Authentication (3DS),Standard,Tier 3,Fin (Dashboard),Southern Europe,EEA,0,1,1
PAYMENTS (IN),Authentication (3DS),Standard,Tier 3,Fin (Dashboard),UAE,MENA,1,6,7
PAYMENTS (IN),Authentication (3DS),Standard,Tier 3,Fin (Dashboard),UK,NORAM,0,2,2
PAYMENTS (IN),Authentication (3DS),Standard,Tier 3,Fin (Dashboard),UK,UK,1,2,3
PAYMENTS (IN),Authentication (3DS),Standard,Tier 3,Fin (Dashboard),Unknown,UK,0,1,1
PAYMENTS (IN),Authentication (3DS),Standard,Tier 3,Fin (Dashboard),WW,MENA,0,1,1
PAYMENTS (IN),Authentication (3DS),Standard,Tier 3,Other,Central Europe,EEA,1,0,1
PAYMENTS (IN),Authentication (3DS),Standard,Tier 3,Other,Unknown,MENA,1,0,1
PAYMENTS (IN),Authentication (3DS),Standard,Tier 3,Webform & API,Central Europe,EEA,4,0,4
PAYMENTS (IN),Authentication (3DS),Standard,Tier 3,Webform & API,Crypto,Crypto,1,0,1
PAYMENTS (IN),Authentication (3DS),Standard,Tier 3,Webform & API,EU,EEA,2,0,2
PAYMENTS (IN),Authentication (3DS),Standard,Tier 3,Webform & API,GCR,APAC,1,0,1
PAYMENTS (IN),Authentication (3DS),Standard,Tier 3,Webform & API,KSA,MENA,1,0,1
PAYMENTS (IN),Authentication (3DS),Standard,Tier 3,Webform & API,NORAM,Israel,1,0,1
PAYMENTS (IN),Authentication (3DS),Standard,Tier 3,Webform & API,NORAM,NORAM,2,0,2
PAYMENTS (IN),Authentication (3DS),Standard,Tier 3,Webform & API,Southern Europe,Crypto,3,0,3
PAYMENTS (IN),Authentication (3DS),Standard,Tier 3,Webform & API,Southern Europe,EEA,2,0,2
PAYMENTS (IN),Authentication (3DS),Standard,Tier 3,Webform & API,UAE,MENA,9,0,9
PAYMENTS (IN),Authentication (3DS),Standard,Tier 3,Webform & API,UK,NORAM,1,0,1
PAYMENTS (IN),Authentication (3DS),Standard,Tier 3,Webform & API,UK,UK,6,0,6
PAYMENTS (IN),Authentication (3DS),Standard,Tier 3,Webform & API,Ubble,EEA,2,0,2
PAYMENTS (IN),Authentication (3DS),Standard,Tier 3,Webform & API,Unknown,Crypto,2,0,2
PAYMENTS (IN),Authentication (3DS),Standard,Tier 3,Webform & API,WW,MENA,1,0,1
PAYMENTS (IN),Authentication (3DS),Standard,Tier 3,Webform & API,WW,Mauritius,1,0,1
PAYMENTS (IN),Authentication (3DS),Standard,Tier 3,Webform & API,WW,WW,1,0,1
PAYMENTS (IN),Authentication (3DS),Standard,Tier 4,Email (Internal),Central Europe,EEA,1,0,1
PAYMENTS (IN),Authentication (3DS),Standard,Tier 4,Email (Internal),Central Europe,Mauritius,1,0,1
PAYMENTS (IN),Authentication (3DS),Standard,Tier 4,Email (Internal),NORAM,Mauritius,2,0,2
PAYMENTS (IN),Authentication (3DS),Standard,Tier 4,Email (Internal),Singapore/ANZ,APAC,1,0,1
PAYMENTS (IN),Authentication (3DS),Standard,Tier 4,Email (Internal),UAE,MENA,3,0,3
PAYMENTS (IN),Authentication (3DS),Standard,Tier 4,Email (Internal),UK,Mauritius,2,0,2
PAYMENTS (IN),Authentication (3DS),Standard,Tier 4,Email (Internal),UK,UK,2,0,2
PAYMENTS (IN),Authentication (3DS),Standard,Tier 4,Email (Internal),WW,Mauritius,1,0,1
PAYMENTS (IN),Authentication (3DS),Standard,Tier 4,Email (Merchant),Crypto,Crypto,2,0,2
PAYMENTS (IN),Authentication (3DS),Standard,Tier 4,Email (Merchant),Mauritius,Mauritius,2,0,2
PAYMENTS (IN),Authentication (3DS),Standard,Tier 4,Email (Merchant),NORAM,NORAM,1,0,1
PAYMENTS (IN),Authentication (3DS),Standard,Tier 4,Email (Merchant),UAE,MENA,8,0,8
PAYMENTS (IN),Authentication (3DS),Standard,Tier 4,Email (Merchant),UK,UK,2,0,2
PAYMENTS (IN),Authentication (3DS),Standard,Tier 4,Email (Merchant),Unknown,APAC,1,0,1
PAYMENTS (IN),Authentication (3DS),Standard,Tier 4,Email (Merchant),WW,WW,1,0,1
PAYMENTS (IN),Authentication (3DS),Standard,Tier 4,Fin (Dashboard),Crypto,Crypto,1,0,1
PAYMENTS (IN),Authentication (3DS),Standard,Tier 4,Fin (Dashboard),Mauritius,Mauritius,0,1,1
PAYMENTS (IN),Authentication (3DS),Standard,Tier 4,Fin (Dashboard),NORAM,NORAM,0,2,2
PAYMENTS (IN),Authentication (3DS),Standard,Tier 4,Fin (Dashboard),UAE,MENA,0,4,4
PAYMENTS (IN),Authentication (3DS),Standard,Tier 4,Fin (Dashboard),UAE,Mauritius,2,0,2
PAYMENTS (IN),Authentication (3DS),Standard,Tier 4,Fin (Dashboard),UK,Mauritius,0,1,1
PAYMENTS (IN),Authentication (3DS),Standard,Tier 4,Fin (Dashboard),UK,UK,1,2,3
PAYMENTS (IN),Authentication (3DS),Standard,Tier 4,Fin (Dashboard),Unknown,APAC,0,1,1
PAYMENTS (IN),Authentication (3DS),Standard,Tier 4,Fin (Dashboard),Unknown,Crypto,0,1,1
PAYMENTS (IN),Authentication (3DS),Standard,Tier 4,Fin (Dashboard),Unknown,MENA,0,1,1
PAYMENTS (IN),Authentication (3DS),Standard,Tier 4,Fin (Dashboard),Unknown,UK,0,2,2
PAYMENTS (IN),Authentication (3DS),Standard,Tier 4,Fin (Dashboard),Unknown,Unknown,0,1,1
PAYMENTS (IN),Authentication (3DS),Standard,Tier 4,Other,Central Europe,Mauritius,1,0,1
PAYMENTS (IN),Authentication (3DS),Standard,Tier 4,Other,NORAM,Mauritius,2,0,2
PAYMENTS (IN),Authentication (3DS),Standard,Tier 4,Other,UAE,MENA,10,0,10
PAYMENTS (IN),Authentication (3DS),Standard,Tier 4,Other,UK,Mauritius,1,0,1
PAYMENTS (IN),Authentication (3DS),Standard,Tier 4,Other,UK,UK,1,0,1
PAYMENTS (IN),Authentication (3DS),Standard,Tier 4,Other,Unknown,UK,2,0,2
PAYMENTS (IN),Authentication (3DS),Standard,Tier 4,Webform & API,Central Europe,EEA,1,0,1
PAYMENTS (IN),Authentication (3DS),Standard,Tier 4,Webform & API,Central Europe,Mauritius,1,0,1
PAYMENTS (IN),Authentication (3DS),Standard,Tier 4,Webform & API,Crypto,Crypto,2,0,2
PAYMENTS (IN),Authentication (3DS),Standard,Tier 4,Webform & API,EU,EEA,1,0,1
PAYMENTS (IN),Authentication (3DS),Standard,Tier 4,Webform & API,GCR,APAC,1,0,1
PAYMENTS (IN),Authentication (3DS),Standard,Tier 4,Webform & API,Issuing,UK,1,0,1
PAYMENTS (IN),Authentication (3DS),Standard,Tier 4,Webform & API,KSA,EEA,1,0,1
PAYMENTS (IN),Authentication (3DS),Standard,Tier 4,Webform & API,Mauritius,Mauritius,1,0,1
PAYMENTS (IN),Authentication (3DS),Standard,Tier 4,Webform & API,NORAM,Mauritius,4,0,4
PAYMENTS (IN),Authentication (3DS),Standard,Tier 4,Webform & API,NORAM,NORAM,2,0,2
PAYMENTS (IN),Authentication (3DS),Standard,Tier 4,Webform & API,NORAM,UK,3,0,3
PAYMENTS (IN),Authentication (3DS),Standard,Tier 4,Webform & API,Southern Europe,EEA,2,0,2
PAYMENTS (IN),Authentication (3DS),Standard,Tier 4,Webform & API,UAE,MENA,13,0,13
PAYMENTS (IN),Authentication (3DS),Standard,Tier 4,Webform & API,UAE,Mauritius,1,0,1
PAYMENTS (IN),Authentication (3DS),Standard,Tier 4,Webform & API,UK,Mauritius,4,0,4
PAYMENTS (IN),Authentication (3DS),Standard,Tier 4,Webform & API,UK,UK,6,0,6
PAYMENTS (IN),Authentication (3DS),Standard,Tier 4,Webform & API,Unknown,MENA,1,0,1
PAYMENTS (IN),Authentication (3DS),Standard,Tier 4,Webform & API,Unknown,UK,3,0,3
PAYMENTS (IN),Authentication (3DS),Standard,Tier 4,Webform & API,WW,EEA,2,0,2
PAYMENTS (IN),Authentication (3DS),Standard,Tier 4,Webform & API,WW,MENA,1,0,1
PAYMENTS (IN),Authentication (3DS),Standard,Tier 4,Webform & API,WW,WW,4,0,4
PAYMENTS (IN),Authentication (3DS),Standard,Unknown,Webform & API,Unknown,NORAM,3,0,3
PAYMENTS (IN),Authentication (3DS),Unmapped,Unknown,Email (Internal),Unknown,Unknown,9,0,9
PAYMENTS (IN),Authentication (3DS),Unmapped,Unknown,Email (Merchant),Unknown,Unknown,7,0,7
PAYMENTS (IN),Authentication (3DS),Unmapped,Unknown,Fin (Dashboard),Unknown,Unknown,1,0,1
PAYMENTS (IN),Authentication (3DS),Unmapped,Unknown,Other,Unknown,Unknown,6,0,6
PAYMENTS (IN),Authentication (3DS),Unmapped,Unknown,Webform & API,Unknown,Unknown,6,0,6
PAYMENTS (IN),Disputes/Chargebacks,Enterprise,Tier 1,Email (Internal),UK,Mauritius,1,0,1
PAYMENTS (IN),Disputes/Chargebacks,Enterprise,Tier 1,Email (Internal),Unknown,UK,1,0,1
PAYMENTS (IN),Disputes/Chargebacks,Enterprise,Tier 1,Email (Merchant),Crypto,Crypto,3,0,3
PAYMENTS (IN),Disputes/Chargebacks,Enterprise,Tier 1,Email (Merchant),GCR,APAC,2,0,2
PAYMENTS (IN),Disputes/Chargebacks,Enterprise,Tier 1,Email (Merchant),Mauritius,UK,1,0,1
PAYMENTS (IN),Disputes/Chargebacks,Enterprise,Tier 1,Email (Merchant),NORAM,NORAM,2,0,2
PAYMENTS (IN),Disputes/Chargebacks,Enterprise,Tier 1,Email (Merchant),Singapore/ANZ,APAC,1,0,1
PAYMENTS (IN),Disputes/Chargebacks,Enterprise,Tier 1,Email (Merchant),UAE,MENA,7,0,7
PAYMENTS (IN),Disputes/Chargebacks,Enterprise,Tier 1,Email (Merchant),UK,Mauritius,1,0,1
PAYMENTS (IN),Disputes/Chargebacks,Enterprise,Tier 1,Email (Merchant),UK,UK,6,0,6
PAYMENTS (IN),Disputes/Chargebacks,Enterprise,Tier 1,Email (Merchant),Unknown,NORAM,2,0,2
PAYMENTS (IN),Disputes/Chargebacks,Enterprise,Tier 1,Email (Merchant),Unknown,UK,1,0,1
PAYMENTS (IN),Disputes/Chargebacks,Enterprise,Tier 1,Email (Merchant),WW,EEA,1,0,1
PAYMENTS (IN),Disputes/Chargebacks,Enterprise,Tier 1,Email (Merchant),WW,MENA,1,0,1
PAYMENTS (IN),Disputes/Chargebacks,Enterprise,Tier 1,Fin (Dashboard),Crypto,Crypto,0,1,1
PAYMENTS (IN),Disputes/Chargebacks,Enterprise,Tier 1,Fin (Dashboard),GCR,APAC,4,1,5
PAYMENTS (IN),Disputes/Chargebacks,Enterprise,Tier 1,Fin (Dashboard),UAE,MENA,0,1,1
PAYMENTS (IN),Disputes/Chargebacks,Enterprise,Tier 1,Fin (Dashboard),UK,EEA,1,0,1
PAYMENTS (IN),Disputes/Chargebacks,Enterprise,Tier 1,Fin (Dashboard),Unknown,NORAM,1,1,2
PAYMENTS (IN),Disputes/Chargebacks,Enterprise,Tier 1,Other,Singapore/ANZ,APAC,1,0,1
PAYMENTS (IN),Disputes/Chargebacks,Enterprise,Tier 1,Webform & API,Crypto,Crypto,1,0,1
PAYMENTS (IN),Disputes/Chargebacks,Enterprise,Tier 1,Webform & API,Crypto,EEA,2,0,2
PAYMENTS (IN),Disputes/Chargebacks,Enterprise,Tier 1,Webform & API,GCR,APAC,7,0,7
PAYMENTS (IN),Disputes/Chargebacks,Enterprise,Tier 1,Webform & API,NORAM,Crypto,3,0,3
PAYMENTS (IN),Disputes/Chargebacks,Enterprise,Tier 1,Webform & API,NORAM,NORAM,4,0,4
PAYMENTS (IN),Disputes/Chargebacks,Enterprise,Tier 1,Webform & API,UAE,MENA,4,0,4
PAYMENTS (IN),Disputes/Chargebacks,Enterprise,Tier 1,Webform & API,Unknown,NORAM,2,0,2
PAYMENTS (IN),Disputes/Chargebacks,Enterprise,Tier 1,Webform & API,WW,MENA,3,0,3
PAYMENTS (IN),Disputes/Chargebacks,Enterprise,Tier 1,Webform & API,WW,UK,1,0,1
PAYMENTS (IN),Disputes/Chargebacks,Enterprise,Tier 2,Email (Internal),Crypto,Crypto,1,0,1
PAYMENTS (IN),Disputes/Chargebacks,Enterprise,Tier 2,Email (Internal),GCR,APAC,1,0,1
PAYMENTS (IN),Disputes/Chargebacks,Enterprise,Tier 2,Email (Internal),NORAM,Israel,1,0,1
PAYMENTS (IN),Disputes/Chargebacks,Enterprise,Tier 2,Email (Internal),Southern Europe,EEA,2,0,2
PAYMENTS (IN),Disputes/Chargebacks,Enterprise,Tier 2,Email (Internal),UAE,MENA,2,0,2
PAYMENTS (IN),Disputes/Chargebacks,Enterprise,Tier 2,Email (Internal),UK,UK,1,0,1
PAYMENTS (IN),Disputes/Chargebacks,Enterprise,Tier 2,Email (Internal),Unknown,EEA,1,0,1
PAYMENTS (IN),Disputes/Chargebacks,Enterprise,Tier 2,Email (Merchant),Central Europe,EEA,2,0,2
PAYMENTS (IN),Disputes/Chargebacks,Enterprise,Tier 2,Email (Merchant),Crypto,Crypto,11,0,11
PAYMENTS (IN),Disputes/Chargebacks,Enterprise,Tier 2,Email (Merchant),GCR,APAC,2,0,2
PAYMENTS (IN),Disputes/Chargebacks,Enterprise,Tier 2,Email (Merchant),NORAM,NORAM,2,0,2
PAYMENTS (IN),Disputes/Chargebacks,Enterprise,Tier 2,Email (Merchant),NORAM,UK,1,0,1
PAYMENTS (IN),Disputes/Chargebacks,Enterprise,Tier 2,Email (Merchant),UAE,MENA,1,0,1
PAYMENTS (IN),Disputes/Chargebacks,Enterprise,Tier 2,Email (Merchant),UK,UK,3,0,3
PAYMENTS (IN),Disputes/Chargebacks,Enterprise,Tier 2,Fin (Dashboard),Central Europe,EEA,0,1,1
PAYMENTS (IN),Disputes/Chargebacks,Enterprise,Tier 2,Fin (Dashboard),Crypto,Crypto,1,0,1
PAYMENTS (IN),Disputes/Chargebacks,Enterprise,Tier 2,Fin (Dashboard),NORAM,Crypto,0,1,1
PAYMENTS (IN),Disputes/Chargebacks,Enterprise,Tier 2,Fin (Dashboard),NORAM,UK,0,1,1
PAYMENTS (IN),Disputes/Chargebacks,Enterprise,Tier 2,Fin (Dashboard),Northern Europe,EEA,0,1,1
PAYMENTS (IN),Disputes/Chargebacks,Enterprise,Tier 2,Fin (Dashboard),Singapore/ANZ,APAC,1,0,1
PAYMENTS (IN),Disputes/Chargebacks,Enterprise,Tier 2,Fin (Dashboard),UAE,MENA,0,4,4
PAYMENTS (IN),Disputes/Chargebacks,Enterprise,Tier 2,Fin (Dashboard),UK,UK,0,2,2
PAYMENTS (IN),Disputes/Chargebacks,Enterprise,Tier 2,Fin (Dashboard),Unknown,NORAM,0,2,2
PAYMENTS (IN),Disputes/Chargebacks,Enterprise,Tier 2,Other,UAE,MENA,1,0,1
PAYMENTS (IN),Disputes/Chargebacks,Enterprise,Tier 2,Webform & API,Central Europe,EEA,4,0,4
PAYMENTS (IN),Disputes/Chargebacks,Enterprise,Tier 2,Webform & API,Crypto,Crypto,2,0,2
PAYMENTS (IN),Disputes/Chargebacks,Enterprise,Tier 2,Webform & API,EU,EEA,1,0,1
PAYMENTS (IN),Disputes/Chargebacks,Enterprise,Tier 2,Webform & API,Issuing,UK,1,0,1
PAYMENTS (IN),Disputes/Chargebacks,Enterprise,Tier 2,Webform & API,KSA,MENA,16,0,16
PAYMENTS (IN),Disputes/Chargebacks,Enterprise,Tier 2,Webform & API,NORAM,NORAM,1,0,1
PAYMENTS (IN),Disputes/Chargebacks,Enterprise,Tier 2,Webform & API,NORAM,UK,2,0,2
PAYMENTS (IN),Disputes/Chargebacks,Enterprise,Tier 2,Webform & API,Singapore/ANZ,APAC,6,0,6
PAYMENTS (IN),Disputes/Chargebacks,Enterprise,Tier 2,Webform & API,Southern Europe,EEA,2,0,2
PAYMENTS (IN),Disputes/Chargebacks,Enterprise,Tier 2,Webform & API,UAE,MENA,3,0,3
PAYMENTS (IN),Disputes/Chargebacks,Enterprise,Tier 2,Webform & API,UK,UK,10,0,10
PAYMENTS (IN),Disputes/Chargebacks,Enterprise,Tier 2,Webform & API,Unknown,NORAM,4,0,4
PAYMENTS (IN),Disputes/Chargebacks,Enterprise,Tier 2,Webform & API,WW,EEA,2,0,2
PAYMENTS (IN),Disputes/Chargebacks,Enterprise,Tier 3,Email (Merchant),UAE,MENA,3,0,3
PAYMENTS (IN),Disputes/Chargebacks,Enterprise,Tier 3,Email (Merchant),WW,Israel,1,0,1
PAYMENTS (IN),Disputes/Chargebacks,Enterprise,Tier 3,Other,UAE,MENA,2,0,2
PAYMENTS (IN),Disputes/Chargebacks,Enterprise,Tier 3,Webform & API,NORAM,MENA,1,0,1
PAYMENTS (IN),Disputes/Chargebacks,Enterprise,Tier 3,Webform & API,Northern Europe,EEA,1,0,1
PAYMENTS (IN),Disputes/Chargebacks,Enterprise,Tier 3,Webform & API,UK,UK,3,0,3
PAYMENTS (IN),Disputes/Chargebacks,Premium,Tier 1,Email (Internal),SAT,SAT,23,0,23
PAYMENTS (IN),Disputes/Chargebacks,Premium,Tier 1,Email (Internal),Singapore/ANZ,NORAM,2,0,2
PAYMENTS (IN),Disputes/Chargebacks,Premium,Tier 1,Email (Internal),UAE,MENA,2,0,2
PAYMENTS (IN),Disputes/Chargebacks,Premium,Tier 1,Email (Internal),UK,NORAM,1,0,1
PAYMENTS (IN),Disputes/Chargebacks,Premium,Tier 1,Email (Internal),UK,UK,1,0,1
PAYMENTS (IN),Disputes/Chargebacks,Premium,Tier 1,Email (Internal),Unknown,UK,2,0,2
PAYMENTS (IN),Disputes/Chargebacks,Premium,Tier 1,Email (Internal),WW,APAC,1,0,1
PAYMENTS (IN),Disputes/Chargebacks,Premium,Tier 1,Email (Internal),WW,EEA,5,0,5
PAYMENTS (IN),Disputes/Chargebacks,Premium,Tier 1,Email (Merchant),Crypto,Crypto,3,0,3
PAYMENTS (IN),Disputes/Chargebacks,Premium,Tier 1,Email (Merchant),GCR,APAC,10,0,10
PAYMENTS (IN),Disputes/Chargebacks,Premium,Tier 1,Email (Merchant),NORAM,NORAM,1,0,1
PAYMENTS (IN),Disputes/Chargebacks,Premium,Tier 1,Email (Merchant),NORAM,UK,8,0,8
PAYMENTS (IN),Disputes/Chargebacks,Premium,Tier 1,Email (Merchant),SAT,SAT,2,0,2
PAYMENTS (IN),Disputes/Chargebacks,Premium,Tier 1,Email (Merchant),Singapore/ANZ,APAC,1,0,1
PAYMENTS (IN),Disputes/Chargebacks,Premium,Tier 1,Email (Merchant),Singapore/ANZ,NORAM,1,0,1
PAYMENTS (IN),Disputes/Chargebacks,Premium,Tier 1,Email (Merchant),UAE,MENA,2,0,2
PAYMENTS (IN),Disputes/Chargebacks,Premium,Tier 1,Email (Merchant),Unknown,UK,2,0,2
PAYMENTS (IN),Disputes/Chargebacks,Premium,Tier 1,Email (Merchant),WW,APAC,1,0,1
PAYMENTS (IN),Disputes/Chargebacks,Premium,Tier 1,Email (Merchant),WW,EEA,4,0,4
PAYMENTS (IN),Disputes/Chargebacks,Premium,Tier 1,Email (Merchant),WW,UK,1,0,1
PAYMENTS (IN),Disputes/Chargebacks,Premium,Tier 1,Fin (Dashboard),Crypto,Crypto,0,1,1
PAYMENTS (IN),Disputes/Chargebacks,Premium,Tier 1,Fin (Dashboard),GCR,APAC,0,1,1
PAYMENTS (IN),Disputes/Chargebacks,Premium,Tier 1,Fin (Dashboard),NORAM,UK,0,1,1
PAYMENTS (IN),Disputes/Chargebacks,Premium,Tier 1,Fin (Dashboard),Singapore/ANZ,APAC,0,1,1
PAYMENTS (IN),Disputes/Chargebacks,Premium,Tier 1,Fin (Dashboard),Singapore/ANZ,NORAM,1,0,1
PAYMENTS (IN),Disputes/Chargebacks,Premium,Tier 1,Fin (Dashboard),UAE,MENA,0,2,2
PAYMENTS (IN),Disputes/Chargebacks,Premium,Tier 1,Fin (Dashboard),UK,UK,1,4,5
PAYMENTS (IN),Disputes/Chargebacks,Premium,Tier 1,Fin (Dashboard),Unknown,UK,0,1,1
PAYMENTS (IN),Disputes/Chargebacks,Premium,Tier 1,Fin (Dashboard),WW,APAC,0,2,2
PAYMENTS (IN),Disputes/Chargebacks,Premium,Tier 1,Other,NORAM,UK,2,0,2
PAYMENTS (IN),Disputes/Chargebacks,Premium,Tier 1,Other,SAT,SAT,1,0,1
PAYMENTS (IN),Disputes/Chargebacks,Premium,Tier 1,Other,Singapore/ANZ,NORAM,2,0,2
PAYMENTS (IN),Disputes/Chargebacks,Premium,Tier 1,Other,UK,UK,2,0,2
PAYMENTS (IN),Disputes/Chargebacks,Premium,Tier 1,Webform & API,GCR,APAC,1,0,1
PAYMENTS (IN),Disputes/Chargebacks,Premium,Tier 1,Webform & API,NORAM,NORAM,4,0,4
PAYMENTS (IN),Disputes/Chargebacks,Premium,Tier 1,Webform & API,NORAM,UK,1,0,1
PAYMENTS (IN),Disputes/Chargebacks,Premium,Tier 1,Webform & API,Singapore/ANZ,APAC,1,0,1
PAYMENTS (IN),Disputes/Chargebacks,Premium,Tier 1,Webform & API,Singapore/ANZ,NORAM,2,0,2
PAYMENTS (IN),Disputes/Chargebacks,Premium,Tier 1,Webform & API,UAE,MENA,1,0,1
PAYMENTS (IN),Disputes/Chargebacks,Premium,Tier 1,Webform & API,UK,EEA,1,0,1
PAYMENTS (IN),Disputes/Chargebacks,Premium,Tier 1,Webform & API,UK,UK,5,0,5
PAYMENTS (IN),Disputes/Chargebacks,Premium,Tier 1,Webform & API,Unknown,Crypto,1,0,1
PAYMENTS (IN),Disputes/Chargebacks,Premium,Tier 1,Webform & API,Unknown,UK,3,0,3
PAYMENTS (IN),Disputes/Chargebacks,Premium,Tier 1,Webform & API,WW,EEA,130,0,130
PAYMENTS (IN),Disputes/Chargebacks,Premium,Tier 1,Webform & API,WW,UK,1,0,1
PAYMENTS (IN),Disputes/Chargebacks,Standard,Tier 2,Email (Internal),Singapore/ANZ,APAC,1,0,1
PAYMENTS (IN),Disputes/Chargebacks,Standard,Tier 2,Email (Merchant),Singapore/ANZ,APAC,2,0,2
PAYMENTS (IN),Disputes/Chargebacks,Standard,Tier 2,Email (Merchant),UK,UK,2,0,2
PAYMENTS (IN),Disputes/Chargebacks,Standard,Tier 2,Email (Merchant),Unknown,APAC,2,0,2
PAYMENTS (IN),Disputes/Chargebacks,Standard,Tier 2,Fin (Dashboard),GCR,APAC,0,1,1
PAYMENTS (IN),Disputes/Chargebacks,Standard,Tier 2,Fin (Dashboard),UK,UK,0,1,1
PAYMENTS (IN),Disputes/Chargebacks,Standard,Tier 2,Webform & API,Northern Europe,EEA,2,0,2
PAYMENTS (IN),Disputes/Chargebacks,Standard,Tier 2,Webform & API,Singapore/ANZ,APAC,2,0,2
PAYMENTS (IN),Disputes/Chargebacks,Standard,Tier 3,Email (Internal),GCR,APAC,1,0,1
PAYMENTS (IN),Disputes/Chargebacks,Standard,Tier 3,Email (Internal),Southern Europe,EEA,1,0,1
PAYMENTS (IN),Disputes/Chargebacks,Standard,Tier 3,Email (Internal),Unknown,EEA,1,0,1
PAYMENTS (IN),Disputes/Chargebacks,Standard,Tier 3,Email (Merchant),NORAM,Israel,2,0,2
PAYMENTS (IN),Disputes/Chargebacks,Standard,Tier 3,Email (Merchant),Northern Europe,EEA,1,0,1
PAYMENTS (IN),Disputes/Chargebacks,Standard,Tier 3,Email (Merchant),Southern Europe,EEA,1,0,1
PAYMENTS (IN),Disputes/Chargebacks,Standard,Tier 3,Email (Merchant),UAE,MENA,6,0,6
PAYMENTS (IN),Disputes/Chargebacks,Standard,Tier 3,Email (Merchant),UK,UK,3,0,3
PAYMENTS (IN),Disputes/Chargebacks,Standard,Tier 3,Email (Merchant),Unknown,EEA,1,0,1
PAYMENTS (IN),Disputes/Chargebacks,Standard,Tier 3,Email (Merchant),Unknown,UK,3,0,3
PAYMENTS (IN),Disputes/Chargebacks,Standard,Tier 3,Fin (Dashboard),Crypto,Crypto,0,2,2
PAYMENTS (IN),Disputes/Chargebacks,Standard,Tier 3,Fin (Dashboard),GCR,APAC,1,3,4
PAYMENTS (IN),Disputes/Chargebacks,Standard,Tier 3,Fin (Dashboard),NORAM,NORAM,0,1,1
PAYMENTS (IN),Disputes/Chargebacks,Standard,Tier 3,Fin (Dashboard),Northern Europe,EEA,1,1,2
PAYMENTS (IN),Disputes/Chargebacks,Standard,Tier 3,Fin (Dashboard),UAE,MENA,0,6,6
PAYMENTS (IN),Disputes/Chargebacks,Standard,Tier 3,Fin (Dashboard),UK,UK,1,1,2
PAYMENTS (IN),Disputes/Chargebacks,Standard,Tier 3,Fin (Dashboard),Unknown,Crypto,3,0,3
PAYMENTS (IN),Disputes/Chargebacks,Standard,Tier 3,Fin (Dashboard),Unknown,NORAM,0,1,1
PAYMENTS (IN),Disputes/Chargebacks,Standard,Tier 3,Fin (Dashboard),WW,Mauritius,0,2,2
PAYMENTS (IN),Disputes/Chargebacks,Standard,Tier 3,Other,GCR,APAC,1,0,1
PAYMENTS (IN),Disputes/Chargebacks,Standard,Tier 3,Webform & API,GCR,APAC,1,0,1
PAYMENTS (IN),Disputes/Chargebacks,Standard,Tier 3,Webform & API,NORAM,Crypto,1,0,1
PAYMENTS (IN),Disputes/Chargebacks,Standard,Tier 3,Webform & API,NORAM,EEA,1,0,1
PAYMENTS (IN),Disputes/Chargebacks,Standard,Tier 3,Webform & API,NORAM,NORAM,21,0,21
PAYMENTS (IN),Disputes/Chargebacks,Standard,Tier 3,Webform & API,Northern Europe,EEA,6,0,6
PAYMENTS (IN),Disputes/Chargebacks,Standard,Tier 3,Webform & API,Singapore/ANZ,APAC,2,0,2
PAYMENTS (IN),Disputes/Chargebacks,Standard,Tier 3,Webform & API,Singapore/ANZ,NORAM,1,0,1
PAYMENTS (IN),Disputes/Chargebacks,Standard,Tier 3,Webform & API,Southern Europe,Crypto,1,0,1
PAYMENTS (IN),Disputes/Chargebacks,Standard,Tier 3,Webform & API,Southern Europe,EEA,1,0,1
PAYMENTS (IN),Disputes/Chargebacks,Standard,Tier 3,Webform & API,UAE,MENA,5,0,5
PAYMENTS (IN),Disputes/Chargebacks,Standard,Tier 3,Webform & API,UAE,Mauritius,1,0,1
PAYMENTS (IN),Disputes/Chargebacks,Standard,Tier 3,Webform & API,UK,UK,8,0,8
PAYMENTS (IN),Disputes/Chargebacks,Standard,Tier 3,Webform & API,Unknown,Crypto,2,0,2
PAYMENTS (IN),Disputes/Chargebacks,Standard,Tier 3,Webform & API,Unknown,EEA,5,0,5
PAYMENTS (IN),Disputes/Chargebacks,Standard,Tier 3,Webform & API,Unknown,MENA,1,0,1
PAYMENTS (IN),Disputes/Chargebacks,Standard,Tier 3,Webform & API,Unknown,NORAM,1,0,1
PAYMENTS (IN),Disputes/Chargebacks,Standard,Tier 3,Webform & API,WW,Mauritius,8,0,8
PAYMENTS (IN),Disputes/Chargebacks,Standard,Tier 4,Email (Internal),NORAM,NORAM,1,0,1
PAYMENTS (IN),Disputes/Chargebacks,Standard,Tier 4,Email (Internal),UAE,MENA,1,0,1
PAYMENTS (IN),Disputes/Chargebacks,Standard,Tier 4,Email (Internal),UK,UK,1,0,1
PAYMENTS (IN),Disputes/Chargebacks,Standard,Tier 4,Email (Merchant),Crypto,APAC,2,0,2
PAYMENTS (IN),Disputes/Chargebacks,Standard,Tier 4,Email (Merchant),Mauritius,Mauritius,1,0,1
PAYMENTS (IN),Disputes/Chargebacks,Standard,Tier 4,Email (Merchant),UAE,MENA,2,0,2
PAYMENTS (IN),Disputes/Chargebacks,Standard,Tier 4,Email (Merchant),UK,Mauritius,1,0,1
PAYMENTS (IN),Disputes/Chargebacks,Standard,Tier 4,Email (Merchant),Unknown,APAC,2,0,2
PAYMENTS (IN),Disputes/Chargebacks,Standard,Tier 4,Email (Merchant),Unknown,Crypto,1,0,1
PAYMENTS (IN),Disputes/Chargebacks,Standard,Tier 4,Email (Merchant),Unknown,EEA,1,0,1
PAYMENTS (IN),Disputes/Chargebacks,Standard,Tier 4,Email (Merchant),WW,EEA,1,0,1
PAYMENTS (IN),Disputes/Chargebacks,Standard,Tier 4,Email (Merchant),WW,WW,2,0,2
PAYMENTS (IN),Disputes/Chargebacks,Standard,Tier 4,Fin (Dashboard),Crypto,Crypto,0,1,1
PAYMENTS (IN),Disputes/Chargebacks,Standard,Tier 4,Fin (Dashboard),GCR,APAC,4,1,5
PAYMENTS (IN),Disputes/Chargebacks,Standard,Tier 4,Fin (Dashboard),Mauritius,Mauritius,0,2,2
PAYMENTS (IN),Disputes/Chargebacks,Standard,Tier 4,Fin (Dashboard),NORAM,Mauritius,0,3,3
PAYMENTS (IN),Disputes/Chargebacks,Standard,Tier 4,Fin (Dashboard),NORAM,NORAM,2,2,4
PAYMENTS (IN),Disputes/Chargebacks,Standard,Tier 4,Fin (Dashboard),Singapore/ANZ,APAC,0,1,1
PAYMENTS (IN),Disputes/Chargebacks,Standard,Tier 4,Fin (Dashboard),UAE,MENA,0,1,1
PAYMENTS (IN),Disputes/Chargebacks,Standard,Tier 4,Fin (Dashboard),UK,Mauritius,0,3,3
PAYMENTS (IN),Disputes/Chargebacks,Standard,Tier 4,Fin (Dashboard),UK,UK,1,1,2
PAYMENTS (IN),Disputes/Chargebacks,Standard,Tier 4,Fin (Dashboard),Unknown,APAC,0,2,2
PAYMENTS (IN),Disputes/Chargebacks,Standard,Tier 4,Fin (Dashboard),Unknown,Mauritius,0,1,1
PAYMENTS (IN),Disputes/Chargebacks,Standard,Tier 4,Fin (Dashboard),Unknown,UK,0,1,1
PAYMENTS (IN),Disputes/Chargebacks,Standard,Tier 4,Other,KSA,EEA,1,0,1
PAYMENTS (IN),Disputes/Chargebacks,Standard,Tier 4,Other,Mauritius,Mauritius,1,0,1
PAYMENTS (IN),Disputes/Chargebacks,Standard,Tier 4,Other,NORAM,UK,1,0,1
PAYMENTS (IN),Disputes/Chargebacks,Standard,Tier 4,Other,UAE,MENA,5,0,5
PAYMENTS (IN),Disputes/Chargebacks,Standard,Tier 4,Other,Unknown,WW,1,0,1
PAYMENTS (IN),Disputes/Chargebacks,Standard,Tier 4,Other,WW,EEA,1,0,1
PAYMENTS (IN),Disputes/Chargebacks,Standard,Tier 4,Other,WW,WW,2,0,2
PAYMENTS (IN),Disputes/Chargebacks,Standard,Tier 4,Webform & API,Central Europe,EEA,2,0,2
PAYMENTS (IN),Disputes/Chargebacks,Standard,Tier 4,Webform & API,Central Europe,Mauritius,1,0,1
PAYMENTS (IN),Disputes/Chargebacks,Standard,Tier 4,Webform & API,Crypto,APAC,1,0,1
PAYMENTS (IN),Disputes/Chargebacks,Standard,Tier 4,Webform & API,Crypto,Crypto,1,0,1
PAYMENTS (IN),Disputes/Chargebacks,Standard,Tier 4,Webform & API,EU,Mauritius,1,0,1
PAYMENTS (IN),Disputes/Chargebacks,Standard,Tier 4,Webform & API,GCR,APAC,2,0,2
PAYMENTS (IN),Disputes/Chargebacks,Standard,Tier 4,Webform & API,KSA,EEA,1,0,1
PAYMENTS (IN),Disputes/Chargebacks,Standard,Tier 4,Webform & API,Mauritius,Mauritius,3,0,3
PAYMENTS (IN),Disputes/Chargebacks,Standard,Tier 4,Webform & API,NORAM,Mauritius,4,0,4
PAYMENTS (IN),Disputes/Chargebacks,Standard,Tier 4,Webform & API,NORAM,NORAM,8,0,8
PAYMENTS (IN),Disputes/Chargebacks,Standard,Tier 4,Webform & API,NORAM,UK,1,0,1
PAYMENTS (IN),Disputes/Chargebacks,Standard,Tier 4,Webform & API,Singapore/ANZ,NORAM,4,0,4
PAYMENTS (IN),Disputes/Chargebacks,Standard,Tier 4,Webform & API,Southern Europe,WW,1,0,1
PAYMENTS (IN),Disputes/Chargebacks,Standard,Tier 4,Webform & API,UAE,MENA,10,0,10
PAYMENTS (IN),Disputes/Chargebacks,Standard,Tier 4,Webform & API,UAE,Mauritius,2,0,2
PAYMENTS (IN),Disputes/Chargebacks,Standard,Tier 4,Webform & API,UK,Mauritius,4,0,4
PAYMENTS (IN),Disputes/Chargebacks,Standard,Tier 4,Webform & API,UK,UK,4,0,4
PAYMENTS (IN),Disputes/Chargebacks,Standard,Tier 4,Webform & API,Unknown,APAC,12,0,12
PAYMENTS (IN),Disputes/Chargebacks,Standard,Tier 4,Webform & API,Unknown,Crypto,2,0,2
PAYMENTS (IN),Disputes/Chargebacks,Standard,Tier 4,Webform & API,Unknown,Mauritius,2,0,2
PAYMENTS (IN),Disputes/Chargebacks,Standard,Tier 4,Webform & API,Unknown,NORAM,1,0,1
PAYMENTS (IN),Disputes/Chargebacks,Standard,Tier 4,Webform & API,Unknown,UK,2,0,2
PAYMENTS (IN),Disputes/Chargebacks,Standard,Tier 4,Webform & API,WW,WW,2,0,2
PAYMENTS (IN),Disputes/Chargebacks,Standard,Unknown,Webform & API,Northern Europe,EEA,2,0,2
PAYMENTS (IN),Disputes/Chargebacks,Unmapped,Unknown,Email (Internal),Unknown,Unknown,15,0,15
PAYMENTS (IN),Disputes/Chargebacks,Unmapped,Unknown,Email (Merchant),Unknown,Unknown,31,0,31
PAYMENTS (IN),Disputes/Chargebacks,Unmapped,Unknown,Fin (Dashboard),Unknown,Unknown,0,9,9
PAYMENTS (IN),Disputes/Chargebacks,Unmapped,Unknown,Other,Unknown,Unknown,4,0,4
PAYMENTS (IN),Disputes/Chargebacks,Unmapped,Unknown,Webform & API,Unknown,Unknown,11,0,11
PAYMENTS (IN),Fraud & Risk Controls,Enterprise,Tier 1,Email (Internal),EU,EEA,2,0,2
PAYMENTS (IN),Fraud & Risk Controls,Enterprise,Tier 1,Email (Internal),GCR,APAC,1,0,1
PAYMENTS (IN),Fraud & Risk Controls,Enterprise,Tier 1,Email (Internal),NORAM,Crypto,1,0,1
PAYMENTS (IN),Fraud & Risk Controls,Enterprise,Tier 1,Email (Internal),Singapore/ANZ,APAC,1,0,1
PAYMENTS (IN),Fraud & Risk Controls,Enterprise,Tier 1,Email (Internal),UK,Crypto,1,0,1
PAYMENTS (IN),Fraud & Risk Controls,Enterprise,Tier 1,Email (Internal),UK,UK,2,0,2
PAYMENTS (IN),Fraud & Risk Controls,Enterprise,Tier 1,Email (Internal),Unknown,NORAM,1,0,1
PAYMENTS (IN),Fraud & Risk Controls,Enterprise,Tier 1,Email (Internal),WW,Mauritius,1,0,1
PAYMENTS (IN),Fraud & Risk Controls,Enterprise,Tier 1,Email (Merchant),Crypto,Crypto,3,0,3
PAYMENTS (IN),Fraud & Risk Controls,Enterprise,Tier 1,Email (Merchant),UAE,MENA,3,0,3
PAYMENTS (IN),Fraud & Risk Controls,Enterprise,Tier 1,Email (Merchant),UK,UK,3,0,3
PAYMENTS (IN),Fraud & Risk Controls,Enterprise,Tier 1,Fin (Dashboard),Northern Europe,EEA,0,1,1
PAYMENTS (IN),Fraud & Risk Controls,Enterprise,Tier 1,Fin (Dashboard),UAE,MENA,0,1,1
PAYMENTS (IN),Fraud & Risk Controls,Enterprise,Tier 1,Fin (Dashboard),UK,Crypto,0,1,1
PAYMENTS (IN),Fraud & Risk Controls,Enterprise,Tier 1,Fin (Dashboard),Unknown,NORAM,1,0,1
PAYMENTS (IN),Fraud & Risk Controls,Enterprise,Tier 1,Other,Crypto,EEA,1,0,1
PAYMENTS (IN),Fraud & Risk Controls,Enterprise,Tier 1,Other,GCR,APAC,1,0,1
PAYMENTS (IN),Fraud & Risk Controls,Enterprise,Tier 1,Other,UAE,MENA,6,0,6
PAYMENTS (IN),Fraud & Risk Controls,Enterprise,Tier 1,Webform & API,Crypto,EEA,3,0,3
PAYMENTS (IN),Fraud & Risk Controls,Enterprise,Tier 1,Webform & API,NORAM,Crypto,1,0,1
PAYMENTS (IN),Fraud & Risk Controls,Enterprise,Tier 1,Webform & API,NORAM,UK,1,0,1
PAYMENTS (IN),Fraud & Risk Controls,Enterprise,Tier 1,Webform & API,UK,UK,2,0,2
PAYMENTS (IN),Fraud & Risk Controls,Enterprise,Tier 1,Webform & API,Unknown,NORAM,2,0,2
PAYMENTS (IN),Fraud & Risk Controls,Enterprise,Tier 1,Webform & API,Unknown,UK,1,0,1
PAYMENTS (IN),Fraud & Risk Controls,Enterprise,Tier 2,Email (Internal),Central Europe,EEA,2,0,2
PAYMENTS (IN),Fraud & Risk Controls,Enterprise,Tier 2,Email (Internal),GCR,APAC,3,0,3
PAYMENTS (IN),Fraud & Risk Controls,Enterprise,Tier 2,Email (Internal),NORAM,UK,1,0,1
PAYMENTS (IN),Fraud & Risk Controls,Enterprise,Tier 2,Email (Internal),Southern Europe,EEA,2,0,2
PAYMENTS (IN),Fraud & Risk Controls,Enterprise,Tier 2,Email (Internal),UAE,MENA,6,0,6
PAYMENTS (IN),Fraud & Risk Controls,Enterprise,Tier 2,Email (Internal),UK,EEA,1,0,1
PAYMENTS (IN),Fraud & Risk Controls,Enterprise,Tier 2,Email (Internal),UK,UK,3,0,3
PAYMENTS (IN),Fraud & Risk Controls,Enterprise,Tier 2,Email (Merchant),Central Europe,EEA,1,0,1
PAYMENTS (IN),Fraud & Risk Controls,Enterprise,Tier 2,Email (Merchant),Crypto,Crypto,3,0,3
PAYMENTS (IN),Fraud & Risk Controls,Enterprise,Tier 2,Email (Merchant),NORAM,UK,4,0,4
PAYMENTS (IN),Fraud & Risk Controls,Enterprise,Tier 2,Email (Merchant),Singapore/ANZ,APAC,1,0,1
PAYMENTS (IN),Fraud & Risk Controls,Enterprise,Tier 2,Email (Merchant),UAE,MENA,6,0,6
PAYMENTS (IN),Fraud & Risk Controls,Enterprise,Tier 2,Email (Merchant),UK,EEA,1,0,1
PAYMENTS (IN),Fraud & Risk Controls,Enterprise,Tier 2,Email (Merchant),UK,UK,7,0,7
PAYMENTS (IN),Fraud & Risk Controls,Enterprise,Tier 2,Email (Merchant),Unknown,UK,1,0,1
PAYMENTS (IN),Fraud & Risk Controls,Enterprise,Tier 2,Email (Merchant),WW,MENA,1,0,1
PAYMENTS (IN),Fraud & Risk Controls,Enterprise,Tier 2,Fin (Dashboard),GCR,APAC,0,1,1
PAYMENTS (IN),Fraud & Risk Controls,Enterprise,Tier 2,Fin (Dashboard),Issuing,UK,0,1,1
PAYMENTS (IN),Fraud & Risk Controls,Enterprise,Tier 2,Fin (Dashboard),NORAM,EEA,0,2,2
PAYMENTS (IN),Fraud & Risk Controls,Enterprise,Tier 2,Fin (Dashboard),NORAM,NORAM,0,1,1
PAYMENTS (IN),Fraud & Risk Controls,Enterprise,Tier 2,Fin (Dashboard),UK,UK,0,2,2
PAYMENTS (IN),Fraud & Risk Controls,Enterprise,Tier 2,Other,UAE,MENA,1,0,1
PAYMENTS (IN),Fraud & Risk Controls,Enterprise,Tier 2,Webform & API,Central Europe,EEA,1,0,1
PAYMENTS (IN),Fraud & Risk Controls,Enterprise,Tier 2,Webform & API,Crypto,Crypto,3,0,3
PAYMENTS (IN),Fraud & Risk Controls,Enterprise,Tier 2,Webform & API,NORAM,EEA,1,0,1
PAYMENTS (IN),Fraud & Risk Controls,Enterprise,Tier 2,Webform & API,NORAM,Israel,1,0,1
PAYMENTS (IN),Fraud & Risk Controls,Enterprise,Tier 2,Webform & API,NORAM,NORAM,1,0,1
PAYMENTS (IN),Fraud & Risk Controls,Enterprise,Tier 2,Webform & API,NORAM,UK,1,0,1
PAYMENTS (IN),Fraud & Risk Controls,Enterprise,Tier 2,Webform & API,UAE,MENA,6,0,6
PAYMENTS (IN),Fraud & Risk Controls,Enterprise,Tier 2,Webform & API,UK,UK,5,0,5
PAYMENTS (IN),Fraud & Risk Controls,Enterprise,Tier 2,Webform & API,Unknown,EEA,1,0,1
PAYMENTS (IN),Fraud & Risk Controls,Enterprise,Tier 2,Webform & API,WW,EEA,2,0,2
PAYMENTS (IN),Fraud & Risk Controls,Enterprise,Tier 3,Email (Internal),WW,Israel,1,0,1
PAYMENTS (IN),Fraud & Risk Controls,Enterprise,Tier 3,Email (Merchant),UAE,MENA,8,0,8
PAYMENTS (IN),Fraud & Risk Controls,Enterprise,Tier 3,Fin (Dashboard),UAE,MENA,2,1,3
PAYMENTS (IN),Fraud & Risk Controls,Enterprise,Tier 3,Webform & API,UAE,MENA,1,0,1
PAYMENTS (IN),Fraud & Risk Controls,Enterprise,Tier 4,Email (Merchant),UAE,MENA,2,0,2
PAYMENTS (IN),Fraud & Risk Controls,Enterprise,Tier 4,Other,UAE,MENA,1,0,1
PAYMENTS (IN),Fraud & Risk Controls,Premium,Tier 1,Email (Internal),GCR,APAC,2,0,2
PAYMENTS (IN),Fraud & Risk Controls,Premium,Tier 1,Email (Internal),NORAM,UK,2,0,2
PAYMENTS (IN),Fraud & Risk Controls,Premium,Tier 1,Email (Internal),Northern Europe,EEA,1,0,1
PAYMENTS (IN),Fraud & Risk Controls,Premium,Tier 1,Email (Internal),UAE,MENA,4,0,4
PAYMENTS (IN),Fraud & Risk Controls,Premium,Tier 1,Email (Internal),UK,EEA,1,0,1
PAYMENTS (IN),Fraud & Risk Controls,Premium,Tier 1,Email (Internal),Unknown,UK,1,0,1
PAYMENTS (IN),Fraud & Risk Controls,Premium,Tier 1,Email (Internal),WW,APAC,1,0,1
PAYMENTS (IN),Fraud & Risk Controls,Premium,Tier 1,Email (Merchant),GCR,APAC,1,0,1
PAYMENTS (IN),Fraud & Risk Controls,Premium,Tier 1,Email (Merchant),NORAM,EEA,1,0,1
PAYMENTS (IN),Fraud & Risk Controls,Premium,Tier 1,Email (Merchant),NORAM,UK,1,0,1
PAYMENTS (IN),Fraud & Risk Controls,Premium,Tier 1,Email (Merchant),SAT,SAT,1,0,1
PAYMENTS (IN),Fraud & Risk Controls,Premium,Tier 1,Email (Merchant),UAE,MENA,4,0,4
PAYMENTS (IN),Fraud & Risk Controls,Premium,Tier 1,Email (Merchant),UK,NORAM,2,0,2
PAYMENTS (IN),Fraud & Risk Controls,Premium,Tier 1,Email (Merchant),UK,UK,1,0,1
PAYMENTS (IN),Fraud & Risk Controls,Premium,Tier 1,Email (Merchant),WW,APAC,1,0,1
PAYMENTS (IN),Fraud & Risk Controls,Premium,Tier 1,Email (Merchant),WW,UK,1,0,1
PAYMENTS (IN),Fraud & Risk Controls,Premium,Tier 1,Fin (Dashboard),Crypto,Crypto,0,1,1
PAYMENTS (IN),Fraud & Risk Controls,Premium,Tier 1,Fin (Dashboard),UK,UK,0,1,1
PAYMENTS (IN),Fraud & Risk Controls,Premium,Tier 1,Fin (Dashboard),WW,MENA,0,1,1
PAYMENTS (IN),Fraud & Risk Controls,Premium,Tier 1,Fin (Dashboard),WW,UK,0,1,1
PAYMENTS (IN),Fraud & Risk Controls,Premium,Tier 1,Other,GCR,APAC,2,0,2
PAYMENTS (IN),Fraud & Risk Controls,Premium,Tier 1,Other,UAE,MENA,1,0,1
PAYMENTS (IN),Fraud & Risk Controls,Premium,Tier 1,Webform & API,NORAM,Israel,1,0,1
PAYMENTS (IN),Fraud & Risk Controls,Premium,Tier 1,Webform & API,NORAM,NORAM,2,0,2
PAYMENTS (IN),Fraud & Risk Controls,Premium,Tier 1,Webform & API,Northern Europe,EEA,1,0,1
PAYMENTS (IN),Fraud & Risk Controls,Premium,Tier 1,Webform & API,UAE,MENA,4,0,4
PAYMENTS (IN),Fraud & Risk Controls,Premium,Tier 1,Webform & API,UK,NORAM,1,0,1
PAYMENTS (IN),Fraud & Risk Controls,Premium,Tier 1,Webform & API,Unknown,Crypto,1,0,1
PAYMENTS (IN),Fraud & Risk Controls,Standard,Tier 2,Email (Internal),Central Europe,EEA,1,0,1
PAYMENTS (IN),Fraud & Risk Controls,Standard,Tier 2,Email (Internal),GCR,APAC,2,0,2
PAYMENTS (IN),Fraud & Risk Controls,Standard,Tier 2,Email (Internal),NORAM,UK,1,0,1
PAYMENTS (IN),Fraud & Risk Controls,Standard,Tier 2,Email (Internal),Northern Europe,EEA,1,0,1
PAYMENTS (IN),Fraud & Risk Controls,Standard,Tier 2,Email (Internal),Singapore/ANZ,APAC,1,0,1
PAYMENTS (IN),Fraud & Risk Controls,Standard,Tier 2,Email (Merchant),NORAM,UK,1,0,1
PAYMENTS (IN),Fraud & Risk Controls,Standard,Tier 2,Email (Merchant),Singapore/ANZ,APAC,1,0,1
PAYMENTS (IN),Fraud & Risk Controls,Standard,Tier 2,Email (Merchant),UK,UK,1,0,1
PAYMENTS (IN),Fraud & Risk Controls,Standard,Tier 2,Email (Merchant),Unknown,APAC,1,0,1
PAYMENTS (IN),Fraud & Risk Controls,Standard,Tier 2,Fin (Dashboard),Crypto,Crypto,0,4,4
PAYMENTS (IN),Fraud & Risk Controls,Standard,Tier 2,Fin (Dashboard),GCR,APAC,0,1,1
PAYMENTS (IN),Fraud & Risk Controls,Standard,Tier 2,Fin (Dashboard),NORAM,UK,0,1,1
PAYMENTS (IN),Fraud & Risk Controls,Standard,Tier 2,Fin (Dashboard),UK,UK,0,1,1
PAYMENTS (IN),Fraud & Risk Controls,Standard,Tier 2,Webform & API,Crypto,Crypto,2,0,2
PAYMENTS (IN),Fraud & Risk Controls,Standard,Tier 2,Webform & API,NORAM,NORAM,1,0,1
PAYMENTS (IN),Fraud & Risk Controls,Standard,Tier 2,Webform & API,Singapore/ANZ,APAC,2,0,2
PAYMENTS (IN),Fraud & Risk Controls,Standard,Tier 2,Webform & API,UK,UK,1,0,1
PAYMENTS (IN),Fraud & Risk Controls,Standard,Tier 3,Email (Internal),Crypto,Crypto,7,0,7
PAYMENTS (IN),Fraud & Risk Controls,Standard,Tier 3,Email (Internal),GCR,APAC,1,0,1
PAYMENTS (IN),Fraud & Risk Controls,Standard,Tier 3,Email (Internal),Northern Europe,EEA,1,0,1
PAYMENTS (IN),Fraud & Risk Controls,Standard,Tier 3,Email (Internal),Singapore/ANZ,APAC,1,0,1
PAYMENTS (IN),Fraud & Risk Controls,Standard,Tier 3,Email (Internal),Southern Europe,EEA,1,0,1
PAYMENTS (IN),Fraud & Risk Controls,Standard,Tier 3,Email (Internal),UAE,MENA,2,0,2
PAYMENTS (IN),Fraud & Risk Controls,Standard,Tier 3,Email (Internal),UK,UK,1,0,1
PAYMENTS (IN),Fraud & Risk Controls,Standard,Tier 3,Email (Internal),Unknown,EEA,3,0,3
PAYMENTS (IN),Fraud & Risk Controls,Standard,Tier 3,Email (Internal),Unknown,UK,3,0,3
PAYMENTS (IN),Fraud & Risk Controls,Standard,Tier 3,Email (Merchant),Central Europe,EEA,3,0,3
PAYMENTS (IN),Fraud & Risk Controls,Standard,Tier 3,Email (Merchant),Crypto,Crypto,2,0,2
PAYMENTS (IN),Fraud & Risk Controls,Standard,Tier 3,Email (Merchant),NORAM,UK,1,0,1
PAYMENTS (IN),Fraud & Risk Controls,Standard,Tier 3,Email (Merchant),UAE,MENA,5,0,5
PAYMENTS (IN),Fraud & Risk Controls,Standard,Tier 3,Email (Merchant),UAE,Mauritius,2,0,2
PAYMENTS (IN),Fraud & Risk Controls,Standard,Tier 3,Email (Merchant),UK,Mauritius,1,0,1
PAYMENTS (IN),Fraud & Risk Controls,Standard,Tier 3,Email (Merchant),UK,NORAM,1,0,1
PAYMENTS (IN),Fraud & Risk Controls,Standard,Tier 3,Email (Merchant),UK,UK,2,0,2
PAYMENTS (IN),Fraud & Risk Controls,Standard,Tier 3,Email (Merchant),Ubble,EEA,1,0,1
PAYMENTS (IN),Fraud & Risk Controls,Standard,Tier 3,Email (Merchant),Unknown,Crypto,1,0,1
PAYMENTS (IN),Fraud & Risk Controls,Standard,Tier 3,Email (Merchant),Unknown,EEA,2,0,2
PAYMENTS (IN),Fraud & Risk Controls,Standard,Tier 3,Email (Merchant),Unknown,UK,1,0,1
PAYMENTS (IN),Fraud & Risk Controls,Standard,Tier 3,Fin (Dashboard),Central Europe,EEA,0,1,1
PAYMENTS (IN),Fraud & Risk Controls,Standard,Tier 3,Fin (Dashboard),Crypto,Crypto,0,1,1
PAYMENTS (IN),Fraud & Risk Controls,Standard,Tier 3,Fin (Dashboard),GCR,APAC,0,1,1
PAYMENTS (IN),Fraud & Risk Controls,Standard,Tier 3,Fin (Dashboard),NORAM,UK,0,1,1
PAYMENTS (IN),Fraud & Risk Controls,Standard,Tier 3,Fin (Dashboard),UAE,MENA,1,1,2
PAYMENTS (IN),Fraud & Risk Controls,Standard,Tier 3,Fin (Dashboard),UAE,Mauritius,2,0,2
PAYMENTS (IN),Fraud & Risk Controls,Standard,Tier 3,Fin (Dashboard),UK,Mauritius,0,1,1
PAYMENTS (IN),Fraud & Risk Controls,Standard,Tier 3,Fin (Dashboard),UK,UK,1,1,2
PAYMENTS (IN),Fraud & Risk Controls,Standard,Tier 3,Fin (Dashboard),Unknown,Crypto,0,1,1
PAYMENTS (IN),Fraud & Risk Controls,Standard,Tier 3,Fin (Dashboard),Unknown,EEA,2,2,4
PAYMENTS (IN),Fraud & Risk Controls,Standard,Tier 3,Fin (Dashboard),WW,MENA,1,0,1
PAYMENTS (IN),Fraud & Risk Controls,Standard,Tier 3,Other,NORAM,NORAM,1,0,1
PAYMENTS (IN),Fraud & Risk Controls,Standard,Tier 3,Other,UAE,MENA,1,0,1
PAYMENTS (IN),Fraud & Risk Controls,Standard,Tier 3,Other,Ubble,EEA,1,0,1
PAYMENTS (IN),Fraud & Risk Controls,Standard,Tier 3,Webform & API,Crypto,Crypto,6,0,6
PAYMENTS (IN),Fraud & Risk Controls,Standard,Tier 3,Webform & API,KSA,MENA,1,0,1
PAYMENTS (IN),Fraud & Risk Controls,Standard,Tier 3,Webform & API,NORAM,NORAM,3,0,3
PAYMENTS (IN),Fraud & Risk Controls,Standard,Tier 3,Webform & API,NORAM,UK,1,0,1
PAYMENTS (IN),Fraud & Risk Controls,Standard,Tier 3,Webform & API,Northern Europe,EEA,2,0,2
PAYMENTS (IN),Fraud & Risk Controls,Standard,Tier 3,Webform & API,Southern Europe,Crypto,1,0,1
PAYMENTS (IN),Fraud & Risk Controls,Standard,Tier 3,Webform & API,Southern Europe,EEA,1,0,1
PAYMENTS (IN),Fraud & Risk Controls,Standard,Tier 3,Webform & API,UAE,MENA,11,0,11
PAYMENTS (IN),Fraud & Risk Controls,Standard,Tier 3,Webform & API,UAE,Mauritius,2,0,2
PAYMENTS (IN),Fraud & Risk Controls,Standard,Tier 3,Webform & API,UK,UK,1,0,1
PAYMENTS (IN),Fraud & Risk Controls,Standard,Tier 3,Webform & API,Ubble,EEA,3,0,3
PAYMENTS (IN),Fraud & Risk Controls,Standard,Tier 3,Webform & API,Unknown,EEA,12,0,12
PAYMENTS (IN),Fraud & Risk Controls,Standard,Tier 3,Webform & API,WW,MENA,1,0,1
PAYMENTS (IN),Fraud & Risk Controls,Standard,Tier 4,Email (Internal),Crypto,APAC,1,0,1
PAYMENTS (IN),Fraud & Risk Controls,Standard,Tier 4,Email (Internal),Mauritius,Mauritius,1,0,1
PAYMENTS (IN),Fraud & Risk Controls,Standard,Tier 4,Email (Internal),NORAM,Mauritius,4,0,4
PAYMENTS (IN),Fraud & Risk Controls,Standard,Tier 4,Email (Internal),NORAM,UK,2,0,2
PAYMENTS (IN),Fraud & Risk Controls,Standard,Tier 4,Email (Internal),UAE,MENA,5,0,5
PAYMENTS (IN),Fraud & Risk Controls,Standard,Tier 4,Email (Internal),UK,Mauritius,1,0,1
PAYMENTS (IN),Fraud & Risk Controls,Standard,Tier 4,Email (Internal),Unknown,EEA,2,0,2
PAYMENTS (IN),Fraud & Risk Controls,Standard,Tier 4,Email (Internal),Unknown,MENA,1,0,1
PAYMENTS (IN),Fraud & Risk Controls,Standard,Tier 4,Email (Internal),Unknown,Mauritius,1,0,1
PAYMENTS (IN),Fraud & Risk Controls,Standard,Tier 4,Email (Merchant),GCR,APAC,2,0,2
PAYMENTS (IN),Fraud & Risk Controls,Standard,Tier 4,Email (Merchant),NORAM,Mauritius,1,0,1
PAYMENTS (IN),Fraud & Risk Controls,Standard,Tier 4,Email (Merchant),NORAM,NORAM,3,0,3
PAYMENTS (IN),Fraud & Risk Controls,Standard,Tier 4,Email (Merchant),UAE,MENA,9,0,9
PAYMENTS (IN),Fraud & Risk Controls,Standard,Tier 4,Email (Merchant),UK,Mauritius,2,0,2
PAYMENTS (IN),Fraud & Risk Controls,Standard,Tier 4,Email (Merchant),Unknown,APAC,2,0,2
PAYMENTS (IN),Fraud & Risk Controls,Standard,Tier 4,Email (Merchant),Unknown,Crypto,1,0,1
PAYMENTS (IN),Fraud & Risk Controls,Standard,Tier 4,Email (Merchant),Unknown,MENA,2,0,2
PAYMENTS (IN),Fraud & Risk Controls,Standard,Tier 4,Email (Merchant),Unknown,Mauritius,1,0,1
PAYMENTS (IN),Fraud & Risk Controls,Standard,Tier 4,Email (Merchant),Unknown,Unknown,1,0,1
PAYMENTS (IN),Fraud & Risk Controls,Standard,Tier 4,Email (Merchant),WW,UK,1,0,1
PAYMENTS (IN),Fraud & Risk Controls,Standard,Tier 4,Fin (Dashboard),GCR,APAC,1,1,2
PAYMENTS (IN),Fraud & Risk Controls,Standard,Tier 4,Fin (Dashboard),KSA,EEA,1,1,2
PAYMENTS (IN),Fraud & Risk Controls,Standard,Tier 4,Fin (Dashboard),Mauritius,Mauritius,0,1,1
PAYMENTS (IN),Fraud & Risk Controls,Standard,Tier 4,Fin (Dashboard),NORAM,Mauritius,0,1,1
PAYMENTS (IN),Fraud & Risk Controls,Standard,Tier 4,Fin (Dashboard),NORAM,NORAM,0,5,5
PAYMENTS (IN),Fraud & Risk Controls,Standard,Tier 4,Fin (Dashboard),NORAM,UK,0,1,1
PAYMENTS (IN),Fraud & Risk Controls,Standard,Tier 4,Fin (Dashboard),Singapore/ANZ,APAC,0,2,2
PAYMENTS (IN),Fraud & Risk Controls,Standard,Tier 4,Fin (Dashboard),UAE,MENA,0,9,9
PAYMENTS (IN),Fraud & Risk Controls,Standard,Tier 4,Fin (Dashboard),UAE,Mauritius,0,2,2
PAYMENTS (IN),Fraud & Risk Controls,Standard,Tier 4,Fin (Dashboard),UK,Mauritius,0,3,3
PAYMENTS (IN),Fraud & Risk Controls,Standard,Tier 4,Fin (Dashboard),UK,UK,1,2,3
PAYMENTS (IN),Fraud & Risk Controls,Standard,Tier 4,Fin (Dashboard),Unknown,APAC,0,3,3
PAYMENTS (IN),Fraud & Risk Controls,Standard,Tier 4,Fin (Dashboard),Unknown,Crypto,0,2,2
PAYMENTS (IN),Fraud & Risk Controls,Standard,Tier 4,Fin (Dashboard),Unknown,EEA,0,2,2
PAYMENTS (IN),Fraud & Risk Controls,Standard,Tier 4,Fin (Dashboard),Unknown,NORAM,0,2,2
PAYMENTS (IN),Fraud & Risk Controls,Standard,Tier 4,Fin (Dashboard),Unknown,UK,0,1,1
PAYMENTS (IN),Fraud & Risk Controls,Standard,Tier 4,Other,Crypto,Crypto,1,0,1
PAYMENTS (IN),Fraud & Risk Controls,Standard,Tier 4,Other,NORAM,Mauritius,2,0,2
PAYMENTS (IN),Fraud & Risk Controls,Standard,Tier 4,Other,NORAM,NORAM,2,0,2
PAYMENTS (IN),Fraud & Risk Controls,Standard,Tier 4,Other,UAE,MENA,1,0,1
PAYMENTS (IN),Fraud & Risk Controls,Standard,Tier 4,Other,UAE,Mauritius,2,0,2
PAYMENTS (IN),Fraud & Risk Controls,Standard,Tier 4,Other,UK,Mauritius,1,0,1
PAYMENTS (IN),Fraud & Risk Controls,Standard,Tier 4,Other,UK,UK,4,0,4
PAYMENTS (IN),Fraud & Risk Controls,Standard,Tier 4,Other,Unknown,NORAM,2,0,2
PAYMENTS (IN),Fraud & Risk Controls,Standard,Tier 4,Other,WW,WW,1,0,1
PAYMENTS (IN),Fraud & Risk Controls,Standard,Tier 4,Webform & API,Central Europe,EEA,1,0,1
PAYMENTS (IN),Fraud & Risk Controls,Standard,Tier 4,Webform & API,Crypto,Crypto,3,0,3
PAYMENTS (IN),Fraud & Risk Controls,Standard,Tier 4,Webform & API,EU,Mauritius,3,0,3
PAYMENTS (IN),Fraud & Risk Controls,Standard,Tier 4,Webform & API,GCR,APAC,4,0,4
PAYMENTS (IN),Fraud & Risk Controls,Standard,Tier 4,Webform & API,GCR,UK,1,0,1
PAYMENTS (IN),Fraud & Risk Controls,Standard,Tier 4,Webform & API,KSA,EEA,1,0,1
PAYMENTS (IN),Fraud & Risk Controls,Standard,Tier 4,Webform & API,Mauritius,Mauritius,1,0,1
PAYMENTS (IN),Fraud & Risk Controls,Standard,Tier 4,Webform & API,NORAM,Mauritius,1,0,1
PAYMENTS (IN),Fraud & Risk Controls,Standard,Tier 4,Webform & API,NORAM,NORAM,9,0,9
PAYMENTS (IN),Fraud & Risk Controls,Standard,Tier 4,Webform & API,NORAM,UK,1,0,1
PAYMENTS (IN),Fraud & Risk Controls,Standard,Tier 4,Webform & API,Singapore/ANZ,NORAM,2,0,2
PAYMENTS (IN),Fraud & Risk Controls,Standard,Tier 4,Webform & API,Southern Europe,EEA,1,0,1
PAYMENTS (IN),Fraud & Risk Controls,Standard,Tier 4,Webform & API,UAE,MENA,9,0,9
PAYMENTS (IN),Fraud & Risk Controls,Standard,Tier 4,Webform & API,UK,APAC,1,0,1
PAYMENTS (IN),Fraud & Risk Controls,Standard,Tier 4,Webform & API,UK,Mauritius,3,0,3
PAYMENTS (IN),Fraud & Risk Controls,Standard,Tier 4,Webform & API,UK,UK,8,0,8
PAYMENTS (IN),Fraud & Risk Controls,Standard,Tier 4,Webform & API,Unknown,APAC,1,0,1
PAYMENTS (IN),Fraud & Risk Controls,Standard,Tier 4,Webform & API,Unknown,Crypto,3,0,3
PAYMENTS (IN),Fraud & Risk Controls,Standard,Tier 4,Webform & API,Unknown,MENA,2,0,2
PAYMENTS (IN),Fraud & Risk Controls,Standard,Tier 4,Webform & API,Unknown,Mauritius,1,0,1
PAYMENTS (IN),Fraud & Risk Controls,Standard,Tier 4,Webform & API,Unknown,NORAM,2,0,2
PAYMENTS (IN),Fraud & Risk Controls,Standard,Tier 4,Webform & API,Unknown,UK,1,0,1
PAYMENTS (IN),Fraud & Risk Controls,Standard,Tier 4,Webform & API,WW,MENA,2,0,2
PAYMENTS (IN),Fraud & Risk Controls,Standard,Tier 4,Webform & API,WW,Mauritius,1,0,1
PAYMENTS (IN),Fraud & Risk Controls,Standard,Tier 4,Webform & API,WW,WW,4,0,4
PAYMENTS (IN),Fraud & Risk Controls,Standard,Unknown,Webform & API,UK,UK,4,0,4
PAYMENTS (IN),Fraud & Risk Controls,Unmapped,Unknown,Email (Internal),Unknown,Unknown,7,0,7
PAYMENTS (IN),Fraud & Risk Controls,Unmapped,Unknown,Email (Merchant),Unknown,Unknown,37,0,37
PAYMENTS (IN),Fraud & Risk Controls,Unmapped,Unknown,Fin (Dashboard),Unknown,Unknown,0,6,6
PAYMENTS (IN),Fraud & Risk Controls,Unmapped,Unknown,Other,Unknown,Unknown,5,0,5
PAYMENTS (IN),Fraud & Risk Controls,Unmapped,Unknown,Webform & API,Unknown,Unknown,6,0,6
PAYMENTS (IN),Performance,Enterprise,Tier 1,Email (Internal),Crypto,Crypto,1,0,1
PAYMENTS (IN),Performance,Enterprise,Tier 1,Email (Internal),NORAM,Crypto,1,0,1
PAYMENTS (IN),Performance,Enterprise,Tier 1,Email (Internal),Singapore/ANZ,APAC,1,0,1
PAYMENTS (IN),Performance,Enterprise,Tier 1,Email (Internal),UAE,MENA,4,0,4
PAYMENTS (IN),Performance,Enterprise,Tier 1,Email (Internal),UK,EEA,1,0,1
PAYMENTS (IN),Performance,Enterprise,Tier 1,Email (Internal),Unknown,NORAM,1,0,1
PAYMENTS (IN),Performance,Enterprise,Tier 1,Email (Internal),WW,Mauritius,1,0,1
PAYMENTS (IN),Performance,Enterprise,Tier 1,Email (Internal),WW,UK,1,0,1
PAYMENTS (IN),Performance,Enterprise,Tier 1,Email (Merchant),NORAM,UK,4,0,4
PAYMENTS (IN),Performance,Enterprise,Tier 1,Email (Merchant),Singapore/ANZ,APAC,1,0,1
PAYMENTS (IN),Performance,Enterprise,Tier 1,Email (Merchant),UAE,MENA,17,0,17
PAYMENTS (IN),Performance,Enterprise,Tier 1,Email (Merchant),UK,UK,6,0,6
PAYMENTS (IN),Performance,Enterprise,Tier 1,Fin (Dashboard),WW,UK,0,1,1
PAYMENTS (IN),Performance,Enterprise,Tier 1,Other,UAE,MENA,3,0,3
PAYMENTS (IN),Performance,Enterprise,Tier 1,Other,UK,UK,2,0,2
PAYMENTS (IN),Performance,Enterprise,Tier 1,Webform & API,Unknown,UK,1,0,1
PAYMENTS (IN),Performance,Enterprise,Tier 1,Webform & API,WW,MENA,1,0,1
PAYMENTS (IN),Performance,Enterprise,Tier 2,Email (Internal),Central Europe,EEA,1,0,1
PAYMENTS (IN),Performance,Enterprise,Tier 2,Email (Internal),Crypto,Crypto,1,0,1
PAYMENTS (IN),Performance,Enterprise,Tier 2,Email (Internal),KSA,MENA,1,0,1
PAYMENTS (IN),Performance,Enterprise,Tier 2,Email (Internal),NORAM,EEA,1,0,1
PAYMENTS (IN),Performance,Enterprise,Tier 2,Email (Internal),NORAM,UK,4,0,4
PAYMENTS (IN),Performance,Enterprise,Tier 2,Email (Internal),UAE,MENA,10,0,10
PAYMENTS (IN),Performance,Enterprise,Tier 2,Email (Internal),UK,UK,2,0,2
PAYMENTS (IN),Performance,Enterprise,Tier 2,Email (Internal),Unknown,NORAM,1,0,1
PAYMENTS (IN),Performance,Enterprise,Tier 2,Email (Merchant),Central Europe,EEA,1,0,1
PAYMENTS (IN),Performance,Enterprise,Tier 2,Email (Merchant),Crypto,Crypto,1,0,1
PAYMENTS (IN),Performance,Enterprise,Tier 2,Email (Merchant),UAE,MENA,46,0,46
PAYMENTS (IN),Performance,Enterprise,Tier 2,Email (Merchant),UK,EEA,2,0,2
PAYMENTS (IN),Performance,Enterprise,Tier 2,Email (Merchant),UK,UK,1,0,1
PAYMENTS (IN),Performance,Enterprise,Tier 2,Email (Merchant),Unknown,EEA,2,0,2
PAYMENTS (IN),Performance,Enterprise,Tier 2,Email (Merchant),Unknown,MENA,1,0,1
PAYMENTS (IN),Performance,Enterprise,Tier 2,Email (Merchant),WW,MENA,1,0,1
PAYMENTS (IN),Performance,Enterprise,Tier 2,Fin (Dashboard),UK,UK,1,0,1
PAYMENTS (IN),Performance,Enterprise,Tier 2,Other,NORAM,NORAM,1,0,1
PAYMENTS (IN),Performance,Enterprise,Tier 2,Other,UAE,MENA,15,0,15
PAYMENTS (IN),Performance,Enterprise,Tier 2,Webform & API,UAE,MENA,2,0,2
PAYMENTS (IN),Performance,Enterprise,Tier 2,Webform & API,UK,UK,5,0,5
PAYMENTS (IN),Performance,Enterprise,Tier 2,Webform & API,Unknown,EEA,1,0,1
PAYMENTS (IN),Performance,Enterprise,Tier 2,Webform & API,Unknown,NORAM,1,0,1
PAYMENTS (IN),Performance,Enterprise,Tier 2,Webform & API,WW,Mauritius,2,0,2
PAYMENTS (IN),Performance,Enterprise,Tier 3,Email (Internal),GCR,APAC,1,0,1
PAYMENTS (IN),Performance,Enterprise,Tier 3,Email (Internal),WW,Israel,2,0,2
PAYMENTS (IN),Performance,Enterprise,Tier 3,Email (Merchant),UAE,MENA,5,0,5
PAYMENTS (IN),Performance,Enterprise,Tier 3,Fin (Dashboard),WW,EEA,0,1,1
PAYMENTS (IN),Performance,Enterprise,Tier 3,Other,UAE,MENA,7,0,7
PAYMENTS (IN),Performance,Enterprise,Tier 4,Email (Merchant),UAE,MENA,2,0,2
PAYMENTS (IN),Performance,Enterprise,Tier 4,Other,UAE,MENA,1,0,1
PAYMENTS (IN),Performance,Enterprise,Tier 4,Webform & API,UAE,MENA,1,0,1
PAYMENTS (IN),Performance,Premium,Tier 1,Email (Internal),GCR,APAC,1,0,1
PAYMENTS (IN),Performance,Premium,Tier 1,Email (Internal),NORAM,EEA,1,0,1
PAYMENTS (IN),Performance,Premium,Tier 1,Email (Internal),SAT,SAT,1,0,1
PAYMENTS (IN),Performance,Premium,Tier 1,Email (Internal),UAE,MENA,5,0,5
PAYMENTS (IN),Performance,Premium,Tier 1,Email (Internal),Unknown,UK,1,0,1
PAYMENTS (IN),Performance,Premium,Tier 1,Email (Internal),WW,APAC,2,0,2
PAYMENTS (IN),Performance,Premium,Tier 1,Email (Internal),WW,EEA,1,0,1
PAYMENTS (IN),Performance,Premium,Tier 1,Email (Merchant),GCR,APAC,1,0,1
PAYMENTS (IN),Performance,Premium,Tier 1,Email (Merchant),UAE,MENA,14,0,14
PAYMENTS (IN),Performance,Premium,Tier 1,Email (Merchant),UK,UK,13,0,13
PAYMENTS (IN),Performance,Premium,Tier 1,Email (Merchant),WW,APAC,1,0,1
PAYMENTS (IN),Performance,Premium,Tier 1,Email (Merchant),WW,UK,1,0,1
PAYMENTS (IN),Performance,Premium,Tier 1,Fin (Dashboard),NORAM,Israel,0,1,1
PAYMENTS (IN),Performance,Premium,Tier 1,Other,GCR,APAC,2,0,2
PAYMENTS (IN),Performance,Premium,Tier 1,Other,UK,UK,3,0,3
PAYMENTS (IN),Performance,Premium,Tier 1,Other,WW,APAC,1,0,1
PAYMENTS (IN),Performance,Premium,Tier 1,Webform & API,Crypto,Crypto,3,0,3
PAYMENTS (IN),Performance,Premium,Tier 1,Webform & API,UAE,MENA,1,0,1
PAYMENTS (IN),Performance,Premium,Tier 1,Webform & API,UK,EEA,1,0,1
PAYMENTS (IN),Performance,Premium,Tier 1,Webform & API,UK,UK,6,0,6
PAYMENTS (IN),Performance,Standard,Tier 2,Email (Internal),UK,UK,2,0,2
PAYMENTS (IN),Performance,Standard,Tier 2,Email (Internal),WW,UK,1,0,1
PAYMENTS (IN),Performance,Standard,Tier 2,Fin (Dashboard),Crypto,Crypto,0,1,1
PAYMENTS (IN),Performance,Standard,Tier 3,Email (Internal),Central Europe,EEA,1,0,1
PAYMENTS (IN),Performance,Standard,Tier 3,Email (Internal),Central Europe,Mauritius,1,0,1
PAYMENTS (IN),Performance,Standard,Tier 3,Email (Internal),Crypto,Crypto,1,0,1
PAYMENTS (IN),Performance,Standard,Tier 3,Email (Internal),GCR,APAC,2,0,2
PAYMENTS (IN),Performance,Standard,Tier 3,Email (Internal),KSA,MENA,1,0,1
PAYMENTS (IN),Performance,Standard,Tier 3,Email (Internal),Northern Europe,EEA,2,0,2
PAYMENTS (IN),Performance,Standard,Tier 3,Email (Internal),Southern Europe,Mauritius,1,0,1
PAYMENTS (IN),Performance,Standard,Tier 3,Email (Internal),UAE,MENA,4,0,4
PAYMENTS (IN),Performance,Standard,Tier 3,Email (Internal),Unknown,EEA,1,0,1
PAYMENTS (IN),Performance,Standard,Tier 3,Email (Internal),Unknown,UK,1,0,1
PAYMENTS (IN),Performance,Standard,Tier 3,Email (Merchant),Crypto,Crypto,1,0,1
PAYMENTS (IN),Performance,Standard,Tier 3,Email (Merchant),KSA,MENA,1,0,1
PAYMENTS (IN),Performance,Standard,Tier 3,Email (Merchant),NORAM,MENA,1,0,1
PAYMENTS (IN),Performance,Standard,Tier 3,Email (Merchant),UAE,MENA,11,0,11
PAYMENTS (IN),Performance,Standard,Tier 3,Email (Merchant),UK,UK,1,0,1
PAYMENTS (IN),Performance,Standard,Tier 3,Email (Merchant),Unknown,EEA,1,0,1
PAYMENTS (IN),Performance,Standard,Tier 3,Email (Merchant),Unknown,NORAM,1,0,1
PAYMENTS (IN),Performance,Standard,Tier 3,Email (Merchant),WW,MENA,2,0,2
PAYMENTS (IN),Performance,Standard,Tier 3,Fin (Dashboard),UAE,MENA,1,1,2
PAYMENTS (IN),Performance,Standard,Tier 3,Fin (Dashboard),WW,MENA,1,0,1
PAYMENTS (IN),Performance,Standard,Tier 3,Other,Crypto,Crypto,1,0,1
PAYMENTS (IN),Performance,Standard,Tier 3,Other,UAE,MENA,1,0,1
PAYMENTS (IN),Performance,Standard,Tier 3,Webform & API,Crypto,Crypto,2,0,2
PAYMENTS (IN),Performance,Standard,Tier 3,Webform & API,KSA,MENA,1,0,1
PAYMENTS (IN),Performance,Standard,Tier 3,Webform & API,NORAM,NORAM,4,0,4
PAYMENTS (IN),Performance,Standard,Tier 3,Webform & API,Southern Europe,EEA,1,0,1
PAYMENTS (IN),Performance,Standard,Tier 3,Webform & API,UAE,MENA,5,0,5
PAYMENTS (IN),Performance,Standard,Tier 3,Webform & API,UK,Crypto,1,0,1
PAYMENTS (IN),Performance,Standard,Tier 3,Webform & API,UK,UK,1,0,1
PAYMENTS (IN),Performance,Standard,Tier 3,Webform & API,Unknown,Crypto,1,0,1
PAYMENTS (IN),Performance,Standard,Tier 3,Webform & API,WW,WW,1,0,1
PAYMENTS (IN),Performance,Standard,Tier 4,Email (Internal),Central Europe,Mauritius,3,0,3
PAYMENTS (IN),Performance,Standard,Tier 4,Email (Internal),Mauritius,Mauritius,1,0,1
PAYMENTS (IN),Performance,Standard,Tier 4,Email (Internal),NORAM,Mauritius,3,0,3
PAYMENTS (IN),Performance,Standard,Tier 4,Email (Internal),UAE,MENA,3,0,3
PAYMENTS (IN),Performance,Standard,Tier 4,Email (Internal),UK,Mauritius,2,0,2
PAYMENTS (IN),Performance,Standard,Tier 4,Email (Internal),UK,UK,1,0,1
PAYMENTS (IN),Performance,Standard,Tier 4,Email (Internal),Unknown,EEA,1,0,1
PAYMENTS (IN),Performance,Standard,Tier 4,Email (Internal),Unknown,Mauritius,1,0,1
PAYMENTS (IN),Performance,Standard,Tier 4,Email (Merchant),Central Europe,Mauritius,2,0,2
PAYMENTS (IN),Performance,Standard,Tier 4,Email (Merchant),Crypto,Crypto,1,0,1
PAYMENTS (IN),Performance,Standard,Tier 4,Email (Merchant),GCR,APAC,1,0,1
PAYMENTS (IN),Performance,Standard,Tier 4,Email (Merchant),Issuing,UK,1,0,1
PAYMENTS (IN),Performance,Standard,Tier 4,Email (Merchant),Mauritius,Mauritius,1,0,1
PAYMENTS (IN),Performance,Standard,Tier 4,Email (Merchant),Mauritius,NORAM,1,0,1
PAYMENTS (IN),Performance,Standard,Tier 4,Email (Merchant),NORAM,Mauritius,3,0,3
PAYMENTS (IN),Performance,Standard,Tier 4,Email (Merchant),NORAM,UK,1,0,1
PAYMENTS (IN),Performance,Standard,Tier 4,Email (Merchant),UAE,MENA,3,0,3
PAYMENTS (IN),Performance,Standard,Tier 4,Email (Merchant),UK,Mauritius,1,0,1
PAYMENTS (IN),Performance,Standard,Tier 4,Email (Merchant),Unknown,EEA,1,0,1
PAYMENTS (IN),Performance,Standard,Tier 4,Email (Merchant),Unknown,UK,1,0,1
PAYMENTS (IN),Performance,Standard,Tier 4,Email (Merchant),WW,WW,1,0,1
PAYMENTS (IN),Performance,Standard,Tier 4,Fin (Dashboard),EU,Mauritius,0,1,1
PAYMENTS (IN),Performance,Standard,Tier 4,Fin (Dashboard),Singapore/ANZ,NORAM,1,0,1
PAYMENTS (IN),Performance,Standard,Tier 4,Fin (Dashboard),UAE,MENA,0,1,1
PAYMENTS (IN),Performance,Standard,Tier 4,Fin (Dashboard),UAE,Mauritius,1,0,1
PAYMENTS (IN),Performance,Standard,Tier 4,Fin (Dashboard),UK,UK,1,0,1
PAYMENTS (IN),Performance,Standard,Tier 4,Fin (Dashboard),Unknown,Crypto,0,1,1
PAYMENTS (IN),Performance,Standard,Tier 4,Fin (Dashboard),Unknown,Unknown,0,1,1
PAYMENTS (IN),Performance,Standard,Tier 4,Fin (Dashboard),WW,Mauritius,0,1,1
PAYMENTS (IN),Performance,Standard,Tier 4,Fin (Dashboard),WW,WW,0,1,1
PAYMENTS (IN),Performance,Standard,Tier 4,Other,Mauritius,Mauritius,2,0,2
PAYMENTS (IN),Performance,Standard,Tier 4,Other,NORAM,Mauritius,1,0,1
PAYMENTS (IN),Performance,Standard,Tier 4,Other,UAE,MENA,3,0,3
PAYMENTS (IN),Performance,Standard,Tier 4,Other,UAE,Mauritius,2,0,2
PAYMENTS (IN),Performance,Standard,Tier 4,Other,UK,UK,1,0,1
PAYMENTS (IN),Performance,Standard,Tier 4,Other,Unknown,Crypto,1,0,1
PAYMENTS (IN),Performance,Standard,Tier 4,Other,Unknown,MENA,1,0,1
PAYMENTS (IN),Performance,Standard,Tier 4,Other,Unknown,NORAM,1,0,1
PAYMENTS (IN),Performance,Standard,Tier 4,Webform & API,Central Europe,EEA,2,0,2
PAYMENTS (IN),Performance,Standard,Tier 4,Webform & API,Central Europe,Mauritius,1,0,1
PAYMENTS (IN),Performance,Standard,Tier 4,Webform & API,Crypto,Crypto,1,0,1
PAYMENTS (IN),Performance,Standard,Tier 4,Webform & API,EU,UK,1,0,1
PAYMENTS (IN),Performance,Standard,Tier 4,Webform & API,KSA,EEA,1,0,1
PAYMENTS (IN),Performance,Standard,Tier 4,Webform & API,NORAM,Mauritius,2,0,2
PAYMENTS (IN),Performance,Standard,Tier 4,Webform & API,NORAM,NORAM,2,0,2
PAYMENTS (IN),Performance,Standard,Tier 4,Webform & API,NORAM,UK,1,0,1
PAYMENTS (IN),Performance,Standard,Tier 4,Webform & API,Singapore/ANZ,NORAM,1,0,1
PAYMENTS (IN),Performance,Standard,Tier 4,Webform & API,UAE,MENA,6,0,6
PAYMENTS (IN),Performance,Standard,Tier 4,Webform & API,UK,UK,2,0,2
PAYMENTS (IN),Performance,Standard,Tier 4,Webform & API,Unknown,MENA,2,0,2
PAYMENTS (IN),Performance,Standard,Tier 4,Webform & API,Unknown,Mauritius,2,0,2
PAYMENTS (IN),Performance,Standard,Tier 4,Webform & API,Unknown,UK,1,0,1
PAYMENTS (IN),Performance,Standard,Tier 4,Webform & API,WW,MENA,1,0,1
PAYMENTS (IN),Performance,Standard,Tier 4,Webform & API,WW,Mauritius,1,0,1
PAYMENTS (IN),Performance,Standard,Tier 4,Webform & API,WW,WW,1,0,1
PAYMENTS (IN),Performance,Standard,Unknown,Fin (Dashboard),UK,UK,1,0,1
PAYMENTS (IN),Performance,Unmapped,Unknown,Email (Internal),Unknown,Unknown,1,0,1
PAYMENTS (IN),Performance,Unmapped,Unknown,Email (Merchant),Unknown,Unknown,3,0,3
PAYMENTS (IN),Performance,Unmapped,Unknown,Fin (Dashboard),Unknown,Unknown,0,3,3
PAYMENTS (IN),Performance,Unmapped,Unknown,Other,Unknown,Unknown,3,0,3
PAYMENTS (IN),Performance,Unmapped,Unknown,Webform & API,Unknown,Unknown,3,0,3
PAYMENTS (IN),Refunds,Enterprise,Tier 1,Email (Internal),GCR,APAC,1,0,1
PAYMENTS (IN),Refunds,Enterprise,Tier 1,Email (Internal),NORAM,UK,1,0,1
PAYMENTS (IN),Refunds,Enterprise,Tier 1,Email (Internal),Northern Europe,EEA,1,0,1
PAYMENTS (IN),Refunds,Enterprise,Tier 1,Email (Internal),Southern Europe,EEA,1,0,1
PAYMENTS (IN),Refunds,Enterprise,Tier 1,Email (Internal),UAE,MENA,9,0,9
PAYMENTS (IN),Refunds,Enterprise,Tier 1,Email (Internal),UK,Mauritius,1,0,1
PAYMENTS (IN),Refunds,Enterprise,Tier 1,Email (Internal),WW,UK,1,0,1
PAYMENTS (IN),Refunds,Enterprise,Tier 1,Email (Merchant),Crypto,Crypto,5,0,5
PAYMENTS (IN),Refunds,Enterprise,Tier 1,Email (Merchant),NORAM,NORAM,1,0,1
PAYMENTS (IN),Refunds,Enterprise,Tier 1,Email (Merchant),NORAM,UK,12,0,12
PAYMENTS (IN),Refunds,Enterprise,Tier 1,Email (Merchant),Singapore/ANZ,APAC,21,0,21
PAYMENTS (IN),Refunds,Enterprise,Tier 1,Email (Merchant),UAE,MENA,181,0,181
PAYMENTS (IN),Refunds,Enterprise,Tier 1,Email (Merchant),UK,Crypto,2,0,2
PAYMENTS (IN),Refunds,Enterprise,Tier 1,Email (Merchant),UK,Mauritius,3,0,3
PAYMENTS (IN),Refunds,Enterprise,Tier 1,Email (Merchant),UK,UK,127,0,127
PAYMENTS (IN),Refunds,Enterprise,Tier 1,Email (Merchant),Unknown,NORAM,2,0,2
PAYMENTS (IN),Refunds,Enterprise,Tier 1,Email (Merchant),Unknown,UK,12,0,12
PAYMENTS (IN),Refunds,Enterprise,Tier 1,Email (Merchant),WW,EEA,1,0,1
PAYMENTS (IN),Refunds,Enterprise,Tier 1,Fin (Dashboard),Crypto,Crypto,0,1,1
PAYMENTS (IN),Refunds,Enterprise,Tier 1,Fin (Dashboard),GCR,APAC,1,0,1
PAYMENTS (IN),Refunds,Enterprise,Tier 1,Fin (Dashboard),UAE,MENA,1,0,1
PAYMENTS (IN),Refunds,Enterprise,Tier 1,Fin (Dashboard),UK,EEA,0,1,1
PAYMENTS (IN),Refunds,Enterprise,Tier 1,Fin (Dashboard),UK,UK,1,0,1
PAYMENTS (IN),Refunds,Enterprise,Tier 1,Fin (Dashboard),Unknown,NORAM,1,0,1
PAYMENTS (IN),Refunds,Enterprise,Tier 1,Other,NORAM,UK,1,0,1
PAYMENTS (IN),Refunds,Enterprise,Tier 1,Other,Singapore/ANZ,APAC,2,0,2
PAYMENTS (IN),Refunds,Enterprise,Tier 1,Other,Southern Europe,EEA,1,0,1
PAYMENTS (IN),Refunds,Enterprise,Tier 1,Other,UAE,MENA,3,0,3
PAYMENTS (IN),Refunds,Enterprise,Tier 1,Other,UK,UK,4,0,4
PAYMENTS (IN),Refunds,Enterprise,Tier 1,Other,Unknown,UK,1,0,1
PAYMENTS (IN),Refunds,Enterprise,Tier 1,Other,WW,EEA,1,0,1
PAYMENTS (IN),Refunds,Enterprise,Tier 1,Webform & API,Crypto,Crypto,5,0,5
PAYMENTS (IN),Refunds,Enterprise,Tier 1,Webform & API,GCR,APAC,2,0,2
PAYMENTS (IN),Refunds,Enterprise,Tier 1,Webform & API,NORAM,NORAM,5,0,5
PAYMENTS (IN),Refunds,Enterprise,Tier 1,Webform & API,Southern Europe,EEA,2,0,2
PAYMENTS (IN),Refunds,Enterprise,Tier 1,Webform & API,UAE,MENA,71,0,71
PAYMENTS (IN),Refunds,Enterprise,Tier 1,Webform & API,UK,EEA,3,0,3
PAYMENTS (IN),Refunds,Enterprise,Tier 1,Webform & API,UK,UK,6,0,6
PAYMENTS (IN),Refunds,Enterprise,Tier 1,Webform & API,Unknown,NORAM,4,0,4
PAYMENTS (IN),Refunds,Enterprise,Tier 1,Webform & API,WW,EEA,1,0,1
PAYMENTS (IN),Refunds,Enterprise,Tier 1,Webform & API,WW,MENA,2,0,2
PAYMENTS (IN),Refunds,Enterprise,Tier 2,Email (Internal),Central Europe,EEA,2,0,2
PAYMENTS (IN),Refunds,Enterprise,Tier 2,Email (Internal),Crypto,APAC,3,0,3
PAYMENTS (IN),Refunds,Enterprise,Tier 2,Email (Internal),EU,EEA,1,0,1
PAYMENTS (IN),Refunds,Enterprise,Tier 2,Email (Internal),Southern Europe,EEA,4,0,4
PAYMENTS (IN),Refunds,Enterprise,Tier 2,Email (Internal),UAE,MENA,2,0,2
PAYMENTS (IN),Refunds,Enterprise,Tier 2,Email (Internal),UK,UK,2,0,2
PAYMENTS (IN),Refunds,Enterprise,Tier 2,Email (Internal),WW,EEA,2,0,2
PAYMENTS (IN),Refunds,Enterprise,Tier 2,Email (Merchant),Central Europe,EEA,14,0,14
PAYMENTS (IN),Refunds,Enterprise,Tier 2,Email (Merchant),Crypto,Crypto,2,0,2
PAYMENTS (IN),Refunds,Enterprise,Tier 2,Email (Merchant),GCR,APAC,14,0,14
PAYMENTS (IN),Refunds,Enterprise,Tier 2,Email (Merchant),NORAM,EEA,1,0,1
PAYMENTS (IN),Refunds,Enterprise,Tier 2,Email (Merchant),NORAM,UK,4,0,4
PAYMENTS (IN),Refunds,Enterprise,Tier 2,Email (Merchant),Singapore/ANZ,APAC,8,0,8
PAYMENTS (IN),Refunds,Enterprise,Tier 2,Email (Merchant),Southern Europe,EEA,2,0,2
PAYMENTS (IN),Refunds,Enterprise,Tier 2,Email (Merchant),UAE,MENA,410,0,410
PAYMENTS (IN),Refunds,Enterprise,Tier 2,Email (Merchant),UK,EEA,16,0,16
PAYMENTS (IN),Refunds,Enterprise,Tier 2,Email (Merchant),UK,UK,80,0,80
PAYMENTS (IN),Refunds,Enterprise,Tier 2,Email (Merchant),Unknown,NORAM,1,0,1
PAYMENTS (IN),Refunds,Enterprise,Tier 2,Email (Merchant),Unknown,UK,2,0,2
PAYMENTS (IN),Refunds,Enterprise,Tier 2,Email (Merchant),WW,EEA,18,0,18
PAYMENTS (IN),Refunds,Enterprise,Tier 2,Fin (Dashboard),Central Europe,EEA,1,0,1
PAYMENTS (IN),Refunds,Enterprise,Tier 2,Fin (Dashboard),NORAM,Crypto,2,0,2
PAYMENTS (IN),Refunds,Enterprise,Tier 2,Fin (Dashboard),NORAM,NORAM,0,1,1
PAYMENTS (IN),Refunds,Enterprise,Tier 2,Fin (Dashboard),NORAM,UK,0,1,1
PAYMENTS (IN),Refunds,Enterprise,Tier 2,Fin (Dashboard),Northern Europe,EEA,0,1,1
PAYMENTS (IN),Refunds,Enterprise,Tier 2,Fin (Dashboard),Southern Europe,EEA,0,1,1
PAYMENTS (IN),Refunds,Enterprise,Tier 2,Fin (Dashboard),UAE,MENA,0,2,2
PAYMENTS (IN),Refunds,Enterprise,Tier 2,Fin (Dashboard),UK,UK,2,0,2
PAYMENTS (IN),Refunds,Enterprise,Tier 2,Fin (Dashboard),WW,MENA,1,0,1
PAYMENTS (IN),Refunds,Enterprise,Tier 2,Other,Central Europe,EEA,2,0,2
PAYMENTS (IN),Refunds,Enterprise,Tier 2,Other,GCR,APAC,1,0,1
PAYMENTS (IN),Refunds,Enterprise,Tier 2,Other,KSA,EEA,1,0,1
PAYMENTS (IN),Refunds,Enterprise,Tier 2,Other,Southern Europe,EEA,24,0,24
PAYMENTS (IN),Refunds,Enterprise,Tier 2,Other,UAE,MENA,15,0,15
PAYMENTS (IN),Refunds,Enterprise,Tier 2,Other,UK,EEA,2,0,2
PAYMENTS (IN),Refunds,Enterprise,Tier 2,Other,UK,UK,6,0,6
PAYMENTS (IN),Refunds,Enterprise,Tier 2,Other,Unknown,EEA,5,0,5
PAYMENTS (IN),Refunds,Enterprise,Tier 2,Webform & API,Central Europe,EEA,10,0,10
PAYMENTS (IN),Refunds,Enterprise,Tier 2,Webform & API,Crypto,APAC,1,0,1
PAYMENTS (IN),Refunds,Enterprise,Tier 2,Webform & API,Crypto,Crypto,4,0,4
PAYMENTS (IN),Refunds,Enterprise,Tier 2,Webform & API,KSA,MENA,9,0,9
PAYMENTS (IN),Refunds,Enterprise,Tier 2,Webform & API,NORAM,Crypto,2,0,2
PAYMENTS (IN),Refunds,Enterprise,Tier 2,Webform & API,NORAM,EEA,4,0,4
PAYMENTS (IN),Refunds,Enterprise,Tier 2,Webform & API,NORAM,NORAM,4,0,4
PAYMENTS (IN),Refunds,Enterprise,Tier 2,Webform & API,NORAM,UK,13,0,13
PAYMENTS (IN),Refunds,Enterprise,Tier 2,Webform & API,Singapore/ANZ,APAC,15,0,15
PAYMENTS (IN),Refunds,Enterprise,Tier 2,Webform & API,Southern Europe,EEA,21,0,21
PAYMENTS (IN),Refunds,Enterprise,Tier 2,Webform & API,UAE,MENA,181,0,181
PAYMENTS (IN),Refunds,Enterprise,Tier 2,Webform & API,UK,EEA,15,0,15
PAYMENTS (IN),Refunds,Enterprise,Tier 2,Webform & API,UK,UK,14,0,14
PAYMENTS (IN),Refunds,Enterprise,Tier 2,Webform & API,Unknown,NORAM,3,0,3
PAYMENTS (IN),Refunds,Enterprise,Tier 2,Webform & API,Unknown,UK,1,0,1
PAYMENTS (IN),Refunds,Enterprise,Tier 2,Webform & API,WW,EEA,7,0,7
PAYMENTS (IN),Refunds,Enterprise,Tier 2,Webform & API,WW,MENA,18,0,18
PAYMENTS (IN),Refunds,Enterprise,Tier 3,Email (Internal),NORAM,MENA,1,0,1
PAYMENTS (IN),Refunds,Enterprise,Tier 3,Email (Internal),Unknown,EEA,2,0,2
PAYMENTS (IN),Refunds,Enterprise,Tier 3,Email (Merchant),GCR,APAC,3,0,3
PAYMENTS (IN),Refunds,Enterprise,Tier 3,Email (Merchant),UAE,MENA,36,0,36
PAYMENTS (IN),Refunds,Enterprise,Tier 3,Email (Merchant),UK,UK,6,0,6
PAYMENTS (IN),Refunds,Enterprise,Tier 3,Fin (Dashboard),GCR,APAC,1,0,1
PAYMENTS (IN),Refunds,Enterprise,Tier 3,Other,UAE,MENA,2,0,2
PAYMENTS (IN),Refunds,Enterprise,Tier 3,Other,Unknown,EEA,2,0,2
PAYMENTS (IN),Refunds,Enterprise,Tier 3,Webform & API,GCR,APAC,1,0,1
PAYMENTS (IN),Refunds,Enterprise,Tier 3,Webform & API,UAE,MENA,5,0,5
PAYMENTS (IN),Refunds,Enterprise,Tier 3,Webform & API,Unknown,EEA,8,0,8
PAYMENTS (IN),Refunds,Enterprise,Tier 4,Email (Internal),UAE,MENA,2,0,2
PAYMENTS (IN),Refunds,Enterprise,Tier 4,Email (Merchant),UAE,MENA,21,0,21
PAYMENTS (IN),Refunds,Enterprise,Tier 4,Fin (Dashboard),UAE,MENA,0,3,3
PAYMENTS (IN),Refunds,Enterprise,Tier 4,Other,UAE,MENA,12,0,12
PAYMENTS (IN),Refunds,Enterprise,Tier 4,Webform & API,UAE,MENA,4,0,4
PAYMENTS (IN),Refunds,Premium,Tier 1,Email (Internal),GCR,APAC,6,0,6
PAYMENTS (IN),Refunds,Premium,Tier 1,Email (Internal),NORAM,Israel,1,0,1
PAYMENTS (IN),Refunds,Premium,Tier 1,Email (Internal),NORAM,NORAM,4,0,4
PAYMENTS (IN),Refunds,Premium,Tier 1,Email (Internal),NORAM,UK,1,0,1
PAYMENTS (IN),Refunds,Premium,Tier 1,Email (Internal),Northern Europe,EEA,1,0,1
PAYMENTS (IN),Refunds,Premium,Tier 1,Email (Internal),SAT,SAT,1,0,1
PAYMENTS (IN),Refunds,Premium,Tier 1,Email (Internal),Southern Europe,EEA,2,0,2
PAYMENTS (IN),Refunds,Premium,Tier 1,Email (Internal),UAE,MENA,4,0,4
PAYMENTS (IN),Refunds,Premium,Tier 1,Email (Internal),UK,UK,2,0,2
PAYMENTS (IN),Refunds,Premium,Tier 1,Email (Internal),WW,EEA,5,0,5
PAYMENTS (IN),Refunds,Premium,Tier 1,Email (Internal),WW,MENA,9,0,9
PAYMENTS (IN),Refunds,Premium,Tier 1,Email (Internal),WW,UK,2,0,2
PAYMENTS (IN),Refunds,Premium,Tier 1,Email (Internal),WW,WW,1,0,1
PAYMENTS (IN),Refunds,Premium,Tier 1,Email (Merchant),Crypto,Crypto,6,0,6
PAYMENTS (IN),Refunds,Premium,Tier 1,Email (Merchant),GCR,APAC,63,0,63
PAYMENTS (IN),Refunds,Premium,Tier 1,Email (Merchant),NORAM,Crypto,4,0,4
PAYMENTS (IN),Refunds,Premium,Tier 1,Email (Merchant),NORAM,NORAM,1,0,1
PAYMENTS (IN),Refunds,Premium,Tier 1,Email (Merchant),NORAM,UK,66,0,66
PAYMENTS (IN),Refunds,Premium,Tier 1,Email (Merchant),SAT,NORAM,2,0,2
PAYMENTS (IN),Refunds,Premium,Tier 1,Email (Merchant),SAT,SAT,4,0,4
PAYMENTS (IN),Refunds,Premium,Tier 1,Email (Merchant),Singapore/ANZ,APAC,18,0,18
PAYMENTS (IN),Refunds,Premium,Tier 1,Email (Merchant),Singapore/ANZ,NORAM,3,0,3
PAYMENTS (IN),Refunds,Premium,Tier 1,Email (Merchant),Southern Europe,EEA,2,0,2
PAYMENTS (IN),Refunds,Premium,Tier 1,Email (Merchant),UAE,MENA,392,0,392
PAYMENTS (IN),Refunds,Premium,Tier 1,Email (Merchant),UK,EEA,5,0,5
PAYMENTS (IN),Refunds,Premium,Tier 1,Email (Merchant),UK,UK,10,0,10
PAYMENTS (IN),Refunds,Premium,Tier 1,Email (Merchant),WW,APAC,1,0,1
PAYMENTS (IN),Refunds,Premium,Tier 1,Email (Merchant),WW,EEA,73,0,73
PAYMENTS (IN),Refunds,Premium,Tier 1,Email (Merchant),WW,MENA,2,0,2
PAYMENTS (IN),Refunds,Premium,Tier 1,Email (Merchant),WW,UK,18,0,18
PAYMENTS (IN),Refunds,Premium,Tier 1,Email (Merchant),WW,WW,10,0,10
PAYMENTS (IN),Refunds,Premium,Tier 1,Fin (Dashboard),NORAM,UK,0,1,1
PAYMENTS (IN),Refunds,Premium,Tier 1,Fin (Dashboard),Northern Europe,EEA,0,1,1
PAYMENTS (IN),Refunds,Premium,Tier 1,Fin (Dashboard),SAT,NORAM,1,0,1
PAYMENTS (IN),Refunds,Premium,Tier 1,Fin (Dashboard),Singapore/ANZ,APAC,1,0,1
PAYMENTS (IN),Refunds,Premium,Tier 1,Fin (Dashboard),UK,EEA,1,0,1
PAYMENTS (IN),Refunds,Premium,Tier 1,Fin (Dashboard),UK,UK,0,1,1
PAYMENTS (IN),Refunds,Premium,Tier 1,Fin (Dashboard),WW,EEA,4,5,9
PAYMENTS (IN),Refunds,Premium,Tier 1,Fin (Dashboard),WW,MENA,0,1,1
PAYMENTS (IN),Refunds,Premium,Tier 1,Fin (Dashboard),WW,UK,0,2,2
PAYMENTS (IN),Refunds,Premium,Tier 1,Other,GCR,APAC,553,0,553
PAYMENTS (IN),Refunds,Premium,Tier 1,Other,NORAM,UK,5,0,5
PAYMENTS (IN),Refunds,Premium,Tier 1,Other,SAT,SAT,1,0,1
PAYMENTS (IN),Refunds,Premium,Tier 1,Other,UAE,MENA,18,0,18
PAYMENTS (IN),Refunds,Premium,Tier 1,Other,UAE,WW,1,0,1
PAYMENTS (IN),Refunds,Premium,Tier 1,Other,UK,UK,1,0,1
PAYMENTS (IN),Refunds,Premium,Tier 1,Other,WW,EEA,5,0,5
PAYMENTS (IN),Refunds,Premium,Tier 1,Webform & API,Crypto,Crypto,1,0,1
PAYMENTS (IN),Refunds,Premium,Tier 1,Webform & API,NORAM,Israel,2,0,2
PAYMENTS (IN),Refunds,Premium,Tier 1,Webform & API,NORAM,NORAM,12,0,12
PAYMENTS (IN),Refunds,Premium,Tier 1,Webform & API,NORAM,UK,3,0,3
PAYMENTS (IN),Refunds,Premium,Tier 1,Webform & API,Northern Europe,EEA,2,0,2
PAYMENTS (IN),Refunds,Premium,Tier 1,Webform & API,SAT,NORAM,2,0,2
PAYMENTS (IN),Refunds,Premium,Tier 1,Webform & API,Singapore/ANZ,APAC,5,0,5
PAYMENTS (IN),Refunds,Premium,Tier 1,Webform & API,Singapore/ANZ,NORAM,9,0,9
PAYMENTS (IN),Refunds,Premium,Tier 1,Webform & API,UAE,MENA,37,0,37
PAYMENTS (IN),Refunds,Premium,Tier 1,Webform & API,UK,EEA,2,0,2
PAYMENTS (IN),Refunds,Premium,Tier 1,Webform & API,UK,UK,36,0,36
PAYMENTS (IN),Refunds,Premium,Tier 1,Webform & API,Unknown,Crypto,2,0,2
PAYMENTS (IN),Refunds,Premium,Tier 1,Webform & API,Unknown,NORAM,1,0,1
PAYMENTS (IN),Refunds,Premium,Tier 1,Webform & API,Unknown,UK,2,0,2
PAYMENTS (IN),Refunds,Premium,Tier 1,Webform & API,WW,EEA,21,0,21
PAYMENTS (IN),Refunds,Premium,Tier 1,Webform & API,WW,MENA,3,0,3
PAYMENTS (IN),Refunds,Premium,Tier 1,Webform & API,WW,UK,3,0,3
PAYMENTS (IN),Refunds,Standard,Tier 2,Email (Merchant),Singapore/ANZ,APAC,1,0,1
PAYMENTS (IN),Refunds,Standard,Tier 2,Email (Merchant),UK,UK,15,0,15
PAYMENTS (IN),Refunds,Standard,Tier 2,Email (Merchant),WW,UK,1,0,1
PAYMENTS (IN),Refunds,Standard,Tier 2,Fin (Dashboard),NORAM,UK,0,1,1
PAYMENTS (IN),Refunds,Standard,Tier 2,Other,UK,UK,4,0,4
PAYMENTS (IN),Refunds,Standard,Tier 2,Webform & API,Crypto,Crypto,1,0,1
PAYMENTS (IN),Refunds,Standard,Tier 2,Webform & API,NORAM,UK,1,0,1
PAYMENTS (IN),Refunds,Standard,Tier 2,Webform & API,UK,UK,9,0,9
PAYMENTS (IN),Refunds,Standard,Tier 3,Email (Internal),GCR,APAC,1,0,1
PAYMENTS (IN),Refunds,Standard,Tier 3,Email (Internal),Mauritius,NORAM,1,0,1
PAYMENTS (IN),Refunds,Standard,Tier 3,Email (Internal),NORAM,APAC,1,0,1
PAYMENTS (IN),Refunds,Standard,Tier 3,Email (Internal),NORAM,EEA,4,0,4
PAYMENTS (IN),Refunds,Standard,Tier 3,Email (Internal),NORAM,UK,2,0,2
PAYMENTS (IN),Refunds,Standard,Tier 3,Email (Internal),Northern Europe,EEA,3,0,3
PAYMENTS (IN),Refunds,Standard,Tier 3,Email (Internal),Singapore/ANZ,NORAM,3,0,3
PAYMENTS (IN),Refunds,Standard,Tier 3,Email (Internal),Southern Europe,EEA,5,0,5
PAYMENTS (IN),Refunds,Standard,Tier 3,Email (Internal),UAE,MENA,7,0,7
PAYMENTS (IN),Refunds,Standard,Tier 3,Email (Internal),UAE,Mauritius,1,0,1
PAYMENTS (IN),Refunds,Standard,Tier 3,Email (Internal),UK,UK,1,0,1
PAYMENTS (IN),Refunds,Standard,Tier 3,Email (Internal),WW,APAC,1,0,1
PAYMENTS (IN),Refunds,Standard,Tier 3,Email (Merchant),Central Europe,EEA,2,0,2
PAYMENTS (IN),Refunds,Standard,Tier 3,Email (Merchant),Crypto,Crypto,1,0,1
PAYMENTS (IN),Refunds,Standard,Tier 3,Email (Merchant),EU,EEA,2,0,2
PAYMENTS (IN),Refunds,Standard,Tier 3,Email (Merchant),NORAM,MENA,1,0,1
PAYMENTS (IN),Refunds,Standard,Tier 3,Email (Merchant),NORAM,NORAM,1,0,1
PAYMENTS (IN),Refunds,Standard,Tier 3,Email (Merchant),Northern Europe,EEA,2,0,2
PAYMENTS (IN),Refunds,Standard,Tier 3,Email (Merchant),Singapore/ANZ,APAC,1,0,1
PAYMENTS (IN),Refunds,Standard,Tier 3,Email (Merchant),Singapore/ANZ,NORAM,1,0,1
PAYMENTS (IN),Refunds,Standard,Tier 3,Email (Merchant),Southern Europe,EEA,1,0,1
PAYMENTS (IN),Refunds,Standard,Tier 3,Email (Merchant),UAE,MENA,54,0,54
PAYMENTS (IN),Refunds,Standard,Tier 3,Email (Merchant),UK,UK,26,0,26
PAYMENTS (IN),Refunds,Standard,Tier 3,Email (Merchant),Unknown,EEA,3,0,3
PAYMENTS (IN),Refunds,Standard,Tier 3,Email (Merchant),Unknown,NORAM,1,0,1
PAYMENTS (IN),Refunds,Standard,Tier 3,Email (Merchant),Unknown,UK,6,0,6
PAYMENTS (IN),Refunds,Standard,Tier 3,Email (Merchant),WW,APAC,1,0,1
PAYMENTS (IN),Refunds,Standard,Tier 3,Email (Merchant),WW,MENA,11,0,11
PAYMENTS (IN),Refunds,Standard,Tier 3,Email (Merchant),WW,Mauritius,2,0,2
PAYMENTS (IN),Refunds,Standard,Tier 3,Fin (Dashboard),Central Europe,EEA,0,1,1
PAYMENTS (IN),Refunds,Standard,Tier 3,Fin (Dashboard),Crypto,Crypto,0,1,1
PAYMENTS (IN),Refunds,Standard,Tier 3,Fin (Dashboard),EU,EEA,1,0,1
PAYMENTS (IN),Refunds,Standard,Tier 3,Fin (Dashboard),GCR,APAC,1,1,2
PAYMENTS (IN),Refunds,Standard,Tier 3,Fin (Dashboard),NORAM,EEA,1,0,1
PAYMENTS (IN),Refunds,Standard,Tier 3,Fin (Dashboard),NORAM,MENA,1,0,1
PAYMENTS (IN),Refunds,Standard,Tier 3,Fin (Dashboard),Northern Europe,EEA,0,3,3
PAYMENTS (IN),Refunds,Standard,Tier 3,Fin (Dashboard),Singapore/ANZ,APAC,1,1,2
PAYMENTS (IN),Refunds,Standard,Tier 3,Fin (Dashboard),Singapore/ANZ,NORAM,0,1,1
PAYMENTS (IN),Refunds,Standard,Tier 3,Fin (Dashboard),Southern Europe,EEA,0,2,2
PAYMENTS (IN),Refunds,Standard,Tier 3,Fin (Dashboard),UAE,MENA,1,5,6
PAYMENTS (IN),Refunds,Standard,Tier 3,Fin (Dashboard),UK,UK,6,1,7
PAYMENTS (IN),Refunds,Standard,Tier 3,Fin (Dashboard),Unknown,NORAM,2,1,3
PAYMENTS (IN),Refunds,Standard,Tier 3,Fin (Dashboard),WW,MENA,0,1,1
PAYMENTS (IN),Refunds,Standard,Tier 3,Fin (Dashboard),WW,Mauritius,0,1,1
PAYMENTS (IN),Refunds,Standard,Tier 3,Other,NORAM,APAC,1,0,1
PAYMENTS (IN),Refunds,Standard,Tier 3,Other,Southern Europe,EEA,2,0,2
PAYMENTS (IN),Refunds,Standard,Tier 3,Other,UK,UK,3,0,3
PAYMENTS (IN),Refunds,Standard,Tier 3,Other,Unknown,UK,1,0,1
PAYMENTS (IN),Refunds,Standard,Tier 3,Webform & API,Central Europe,EEA,5,0,5
PAYMENTS (IN),Refunds,Standard,Tier 3,Webform & API,Crypto,Crypto,6,0,6
PAYMENTS (IN),Refunds,Standard,Tier 3,Webform & API,GCR,APAC,8,0,8
PAYMENTS (IN),Refunds,Standard,Tier 3,Webform & API,Issuing,EEA,1,0,1
PAYMENTS (IN),Refunds,Standard,Tier 3,Webform & API,NORAM,EEA,3,0,3
PAYMENTS (IN),Refunds,Standard,Tier 3,Webform & API,NORAM,Israel,3,0,3
PAYMENTS (IN),Refunds,Standard,Tier 3,Webform & API,NORAM,NORAM,3,0,3
PAYMENTS (IN),Refunds,Standard,Tier 3,Webform & API,Northern Europe,EEA,8,0,8
PAYMENTS (IN),Refunds,Standard,Tier 3,Webform & API,Singapore/ANZ,APAC,5,0,5
PAYMENTS (IN),Refunds,Standard,Tier 3,Webform & API,Singapore/ANZ,NORAM,1,0,1
PAYMENTS (IN),Refunds,Standard,Tier 3,Webform & API,UAE,MENA,112,0,112
PAYMENTS (IN),Refunds,Standard,Tier 3,Webform & API,UK,NORAM,3,0,3
PAYMENTS (IN),Refunds,Standard,Tier 3,Webform & API,UK,UK,20,0,20
PAYMENTS (IN),Refunds,Standard,Tier 3,Webform & API,Unknown,APAC,1,0,1
PAYMENTS (IN),Refunds,Standard,Tier 3,Webform & API,Unknown,Crypto,1,0,1
PAYMENTS (IN),Refunds,Standard,Tier 3,Webform & API,Unknown,EEA,5,0,5
PAYMENTS (IN),Refunds,Standard,Tier 3,Webform & API,Unknown,NORAM,10,0,10
PAYMENTS (IN),Refunds,Standard,Tier 3,Webform & API,Unknown,Unknown,1,0,1
PAYMENTS (IN),Refunds,Standard,Tier 3,Webform & API,WW,MENA,2,0,2
PAYMENTS (IN),Refunds,Standard,Tier 3,Webform & API,WW,Mauritius,3,0,3
PAYMENTS (IN),Refunds,Standard,Tier 4,Email (Internal),Mauritius,Mauritius,2,0,2
PAYMENTS (IN),Refunds,Standard,Tier 4,Email (Internal),UAE,MENA,8,0,8
PAYMENTS (IN),Refunds,Standard,Tier 4,Email (Internal),UK,Mauritius,1,0,1
PAYMENTS (IN),Refunds,Standard,Tier 4,Email (Internal),Unknown,Mauritius,1,0,1
PAYMENTS (IN),Refunds,Standard,Tier 4,Email (Merchant),Crypto,Crypto,1,0,1
PAYMENTS (IN),Refunds,Standard,Tier 4,Email (Merchant),GCR,APAC,6,0,6
PAYMENTS (IN),Refunds,Standard,Tier 4,Email (Merchant),Mauritius,Mauritius,3,0,3
PAYMENTS (IN),Refunds,Standard,Tier 4,Email (Merchant),NORAM,NORAM,2,0,2
PAYMENTS (IN),Refunds,Standard,Tier 4,Email (Merchant),Northern Europe,Mauritius,2,0,2
PAYMENTS (IN),Refunds,Standard,Tier 4,Email (Merchant),UAE,MENA,101,0,101
PAYMENTS (IN),Refunds,Standard,Tier 4,Email (Merchant),UAE,Mauritius,1,0,1
PAYMENTS (IN),Refunds,Standard,Tier 4,Email (Merchant),UK,Mauritius,1,0,1
PAYMENTS (IN),Refunds,Standard,Tier 4,Email (Merchant),UK,UK,4,0,4
PAYMENTS (IN),Refunds,Standard,Tier 4,Email (Merchant),Unknown,APAC,1,0,1
PAYMENTS (IN),Refunds,Standard,Tier 4,Email (Merchant),Unknown,MENA,1,0,1
PAYMENTS (IN),Refunds,Standard,Tier 4,Email (Merchant),WW,WW,1,0,1
PAYMENTS (IN),Refunds,Standard,Tier 4,Fin (Dashboard),Crypto,APAC,1,0,1
PAYMENTS (IN),Refunds,Standard,Tier 4,Fin (Dashboard),GCR,APAC,1,0,1
PAYMENTS (IN),Refunds,Standard,Tier 4,Fin (Dashboard),Mauritius,Mauritius,1,3,4
PAYMENTS (IN),Refunds,Standard,Tier 4,Fin (Dashboard),NORAM,Mauritius,0,1,1
PAYMENTS (IN),Refunds,Standard,Tier 4,Fin (Dashboard),NORAM,NORAM,0,1,1
PAYMENTS (IN),Refunds,Standard,Tier 4,Fin (Dashboard),NORAM,UK,0,1,1
PAYMENTS (IN),Refunds,Standard,Tier 4,Fin (Dashboard),Northern Europe,Mauritius,2,0,2
PAYMENTS (IN),Refunds,Standard,Tier 4,Fin (Dashboard),Singapore/ANZ,APAC,0,1,1
PAYMENTS (IN),Refunds,Standard,Tier 4,Fin (Dashboard),UAE,MENA,2,13,15
PAYMENTS (IN),Refunds,Standard,Tier 4,Fin (Dashboard),UK,Mauritius,0,2,2
PAYMENTS (IN),Refunds,Standard,Tier 4,Fin (Dashboard),UK,UK,0,3,3
PAYMENTS (IN),Refunds,Standard,Tier 4,Fin (Dashboard),Unknown,APAC,1,0,1
PAYMENTS (IN),Refunds,Standard,Tier 4,Fin (Dashboard),Unknown,EEA,0,1,1
PAYMENTS (IN),Refunds,Standard,Tier 4,Fin (Dashboard),Unknown,MENA,0,1,1
PAYMENTS (IN),Refunds,Standard,Tier 4,Fin (Dashboard),Unknown,Mauritius,2,0,2
PAYMENTS (IN),Refunds,Standard,Tier 4,Fin (Dashboard),Unknown,NORAM,1,0,1
PAYMENTS (IN),Refunds,Standard,Tier 4,Other,Central Europe,Mauritius,1,0,1
PAYMENTS (IN),Refunds,Standard,Tier 4,Other,GCR,APAC,2,0,2
PAYMENTS (IN),Refunds,Standard,Tier 4,Other,Issuing,Mauritius,1,0,1
PAYMENTS (IN),Refunds,Standard,Tier 4,Other,Mauritius,Mauritius,4,0,4
PAYMENTS (IN),Refunds,Standard,Tier 4,Other,NORAM,UK,1,0,1
PAYMENTS (IN),Refunds,Standard,Tier 4,Other,UAE,MENA,12,0,12
PAYMENTS (IN),Refunds,Standard,Tier 4,Other,UK,Mauritius,3,0,3
PAYMENTS (IN),Refunds,Standard,Tier 4,Other,UK,UK,2,0,2
PAYMENTS (IN),Refunds,Standard,Tier 4,Other,Unknown,MENA,1,0,1
PAYMENTS (IN),Refunds,Standard,Tier 4,Other,Unknown,Mauritius,2,0,2
PAYMENTS (IN),Refunds,Standard,Tier 4,Other,Unknown,UK,3,0,3
PAYMENTS (IN),Refunds,Standard,Tier 4,Other,WW,WW,2,0,2
PAYMENTS (IN),Refunds,Standard,Tier 4,Webform & API,Central Europe,EEA,3,0,3
PAYMENTS (IN),Refunds,Standard,Tier 4,Webform & API,Central Europe,Mauritius,1,0,1
PAYMENTS (IN),Refunds,Standard,Tier 4,Webform & API,Crypto,Crypto,1,0,1
PAYMENTS (IN),Refunds,Standard,Tier 4,Webform & API,EU,Mauritius,2,0,2
PAYMENTS (IN),Refunds,Standard,Tier 4,Webform & API,GCR,APAC,5,0,5
PAYMENTS (IN),Refunds,Standard,Tier 4,Webform & API,Issuing,Mauritius,1,0,1
PAYMENTS (IN),Refunds,Standard,Tier 4,Webform & API,Issuing,UK,1,0,1
PAYMENTS (IN),Refunds,Standard,Tier 4,Webform & API,KSA,EEA,1,0,1
PAYMENTS (IN),Refunds,Standard,Tier 4,Webform & API,Mauritius,Mauritius,12,0,12
PAYMENTS (IN),Refunds,Standard,Tier 4,Webform & API,NORAM,Mauritius,2,0,2
PAYMENTS (IN),Refunds,Standard,Tier 4,Webform & API,NORAM,NORAM,2,0,2
PAYMENTS (IN),Refunds,Standard,Tier 4,Webform & API,Northern Europe,EEA,1,0,1
PAYMENTS (IN),Refunds,Standard,Tier 4,Webform & API,Southern Europe,EEA,4,0,4
PAYMENTS (IN),Refunds,Standard,Tier 4,Webform & API,UAE,MENA,130,0,130
PAYMENTS (IN),Refunds,Standard,Tier 4,Webform & API,UAE,Mauritius,1,0,1
PAYMENTS (IN),Refunds,Standard,Tier 4,Webform & API,UK,APAC,1,0,1
PAYMENTS (IN),Refunds,Standard,Tier 4,Webform & API,UK,Mauritius,16,0,16
PAYMENTS (IN),Refunds,Standard,Tier 4,Webform & API,UK,UK,21,0,21
PAYMENTS (IN),Refunds,Standard,Tier 4,Webform & API,Unknown,APAC,3,0,3
PAYMENTS (IN),Refunds,Standard,Tier 4,Webform & API,Unknown,Crypto,1,0,1
PAYMENTS (IN),Refunds,Standard,Tier 4,Webform & API,Unknown,MENA,16,0,16
PAYMENTS (IN),Refunds,Standard,Tier 4,Webform & API,Unknown,Mauritius,7,0,7
PAYMENTS (IN),Refunds,Standard,Tier 4,Webform & API,Unknown,UK,2,0,2
PAYMENTS (IN),Refunds,Standard,Tier 4,Webform & API,WW,EEA,1,0,1
PAYMENTS (IN),Refunds,Standard,Tier 4,Webform & API,WW,WW,12,0,12
PAYMENTS (IN),Refunds,Unmapped,Unknown,Email (Internal),Unknown,Unknown,18,0,18
PAYMENTS (IN),Refunds,Unmapped,Unknown,Email (Merchant),Unknown,Unknown,118,0,118
PAYMENTS (IN),Refunds,Unmapped,Unknown,Fin (Dashboard),Unknown,Unknown,1,7,8
PAYMENTS (IN),Refunds,Unmapped,Unknown,Other,Unknown,Unknown,12,0,12
PAYMENTS (IN),Refunds,Unmapped,Unknown,Webform & API,Unknown,Unknown,30,0,30
PAYMENTS (IN),Transaction status (non 3DS & Refunds),Enterprise,Tier 1,Email (Internal),Crypto,Crypto,3,0,3
PAYMENTS (IN),Transaction status (non 3DS & Refunds),Enterprise,Tier 1,Email (Internal),EU,EEA,2,0,2
PAYMENTS (IN),Transaction status (non 3DS & Refunds),Enterprise,Tier 1,Email (Internal),GCR,APAC,1,0,1
PAYMENTS (IN),Transaction status (non 3DS & Refunds),Enterprise,Tier 1,Email (Internal),NORAM,UK,2,0,2
PAYMENTS (IN),Transaction status (non 3DS & Refunds),Enterprise,Tier 1,Email (Internal),Singapore/ANZ,APAC,2,0,2
PAYMENTS (IN),Transaction status (non 3DS & Refunds),Enterprise,Tier 1,Email (Internal),UAE,MENA,16,0,16
PAYMENTS (IN),Transaction status (non 3DS & Refunds),Enterprise,Tier 1,Email (Internal),UK,EEA,6,0,6
PAYMENTS (IN),Transaction status (non 3DS & Refunds),Enterprise,Tier 1,Email (Internal),UK,UK,1,0,1
PAYMENTS (IN),Transaction status (non 3DS & Refunds),Enterprise,Tier 1,Email (Internal),Unknown,NORAM,1,0,1
PAYMENTS (IN),Transaction status (non 3DS & Refunds),Enterprise,Tier 1,Email (Internal),WW,EEA,1,0,1
PAYMENTS (IN),Transaction status (non 3DS & Refunds),Enterprise,Tier 1,Email (Internal),WW,MENA,1,0,1
PAYMENTS (IN),Transaction status (non 3DS & Refunds),Enterprise,Tier 1,Email (Internal),WW,Mauritius,1,0,1
PAYMENTS (IN),Transaction status (non 3DS & Refunds),Enterprise,Tier 1,Email (Internal),WW,UK,1,0,1
PAYMENTS (IN),Transaction status (non 3DS & Refunds),Enterprise,Tier 1,Email (Merchant),Crypto,Crypto,29,0,29
PAYMENTS (IN),Transaction status (non 3DS & Refunds),Enterprise,Tier 1,Email (Merchant),NORAM,NORAM,1,0,1
PAYMENTS (IN),Transaction status (non 3DS & Refunds),Enterprise,Tier 1,Email (Merchant),NORAM,UK,14,0,14
PAYMENTS (IN),Transaction status (non 3DS & Refunds),Enterprise,Tier 1,Email (Merchant),Singapore/ANZ,APAC,2,0,2
PAYMENTS (IN),Transaction status (non 3DS & Refunds),Enterprise,Tier 1,Email (Merchant),UAE,MENA,217,0,217
PAYMENTS (IN),Transaction status (non 3DS & Refunds),Enterprise,Tier 1,Email (Merchant),UK,APAC,2,0,2
PAYMENTS (IN),Transaction status (non 3DS & Refunds),Enterprise,Tier 1,Email (Merchant),UK,Crypto,6,0,6
PAYMENTS (IN),Transaction status (non 3DS & Refunds),Enterprise,Tier 1,Email (Merchant),UK,Mauritius,2,0,2
PAYMENTS (IN),Transaction status (non 3DS & Refunds),Enterprise,Tier 1,Email (Merchant),UK,UK,123,0,123
PAYMENTS (IN),Transaction status (non 3DS & Refunds),Enterprise,Tier 1,Email (Merchant),Unknown,Crypto,3,0,3
PAYMENTS (IN),Transaction status (non 3DS & Refunds),Enterprise,Tier 1,Email (Merchant),Unknown,NORAM,1,0,1
PAYMENTS (IN),Transaction status (non 3DS & Refunds),Enterprise,Tier 1,Email (Merchant),Unknown,UK,3,0,3
PAYMENTS (IN),Transaction status (non 3DS & Refunds),Enterprise,Tier 1,Email (Merchant),WW,EEA,6,0,6
PAYMENTS (IN),Transaction status (non 3DS & Refunds),Enterprise,Tier 1,Email (Merchant),WW,MENA,2,0,2
PAYMENTS (IN),Transaction status (non 3DS & Refunds),Enterprise,Tier 1,Email (Merchant),WW,Mauritius,2,0,2
PAYMENTS (IN),Transaction status (non 3DS & Refunds),Enterprise,Tier 1,Email (Merchant),WW,UK,1,0,1
PAYMENTS (IN),Transaction status (non 3DS & Refunds),Enterprise,Tier 1,Fin (Dashboard),Crypto,Crypto,1,6,7
PAYMENTS (IN),Transaction status (non 3DS & Refunds),Enterprise,Tier 1,Fin (Dashboard),UAE,MENA,2,4,6
PAYMENTS (IN),Transaction status (non 3DS & Refunds),Enterprise,Tier 1,Fin (Dashboard),UK,EEA,2,1,3
PAYMENTS (IN),Transaction status (non 3DS & Refunds),Enterprise,Tier 1,Fin (Dashboard),UK,UK,0,1,1
PAYMENTS (IN),Transaction status (non 3DS & Refunds),Enterprise,Tier 1,Fin (Dashboard),Unknown,NORAM,0,2,2
PAYMENTS (IN),Transaction status (non 3DS & Refunds),Enterprise,Tier 1,Fin (Dashboard),WW,EEA,1,0,1
PAYMENTS (IN),Transaction status (non 3DS & Refunds),Enterprise,Tier 1,Other,Crypto,EEA,1,0,1
PAYMENTS (IN),Transaction status (non 3DS & Refunds),Enterprise,Tier 1,Other,GCR,APAC,3,0,3
PAYMENTS (IN),Transaction status (non 3DS & Refunds),Enterprise,Tier 1,Other,NORAM,UK,6,0,6
PAYMENTS (IN),Transaction status (non 3DS & Refunds),Enterprise,Tier 1,Other,Northern Europe,EEA,1,0,1
PAYMENTS (IN),Transaction status (non 3DS & Refunds),Enterprise,Tier 1,Other,UAE,MENA,2,0,2
PAYMENTS (IN),Transaction status (non 3DS & Refunds),Enterprise,Tier 1,Other,UK,APAC,1,0,1
PAYMENTS (IN),Transaction status (non 3DS & Refunds),Enterprise,Tier 1,Other,UK,EEA,1,0,1
PAYMENTS (IN),Transaction status (non 3DS & Refunds),Enterprise,Tier 1,Other,UK,UK,9,0,9
PAYMENTS (IN),Transaction status (non 3DS & Refunds),Enterprise,Tier 1,Other,WW,APAC,6,0,6
PAYMENTS (IN),Transaction status (non 3DS & Refunds),Enterprise,Tier 1,Webform & API,Crypto,Crypto,25,0,25
PAYMENTS (IN),Transaction status (non 3DS & Refunds),Enterprise,Tier 1,Webform & API,Crypto,EEA,1,0,1
PAYMENTS (IN),Transaction status (non 3DS & Refunds),Enterprise,Tier 1,Webform & API,NORAM,NORAM,1,0,1
PAYMENTS (IN),Transaction status (non 3DS & Refunds),Enterprise,Tier 1,Webform & API,NORAM,UK,2,0,2
PAYMENTS (IN),Transaction status (non 3DS & Refunds),Enterprise,Tier 1,Webform & API,UAE,MENA,16,0,16
PAYMENTS (IN),Transaction status (non 3DS & Refunds),Enterprise,Tier 1,Webform & API,UK,Crypto,5,0,5
PAYMENTS (IN),Transaction status (non 3DS & Refunds),Enterprise,Tier 1,Webform & API,UK,EEA,3,0,3
PAYMENTS (IN),Transaction status (non 3DS & Refunds),Enterprise,Tier 1,Webform & API,UK,UK,30,0,30
PAYMENTS (IN),Transaction status (non 3DS & Refunds),Enterprise,Tier 1,Webform & API,Unknown,NORAM,7,0,7
PAYMENTS (IN),Transaction status (non 3DS & Refunds),Enterprise,Tier 1,Webform & API,Unknown,UK,1,0,1
PAYMENTS (IN),Transaction status (non 3DS & Refunds),Enterprise,Tier 1,Webform & API,WW,MENA,1,0,1
PAYMENTS (IN),Transaction status (non 3DS & Refunds),Enterprise,Tier 2,Email (Internal),Central Europe,EEA,2,0,2
PAYMENTS (IN),Transaction status (non 3DS & Refunds),Enterprise,Tier 2,Email (Internal),Crypto,APAC,5,0,5
PAYMENTS (IN),Transaction status (non 3DS & Refunds),Enterprise,Tier 2,Email (Internal),Crypto,Crypto,5,0,5
PAYMENTS (IN),Transaction status (non 3DS & Refunds),Enterprise,Tier 2,Email (Internal),NORAM,Israel,1,0,1
PAYMENTS (IN),Transaction status (non 3DS & Refunds),Enterprise,Tier 2,Email (Internal),NORAM,NORAM,1,0,1
PAYMENTS (IN),Transaction status (non 3DS & Refunds),Enterprise,Tier 2,Email (Internal),NORAM,UK,2,0,2
PAYMENTS (IN),Transaction status (non 3DS & Refunds),Enterprise,Tier 2,Email (Internal),Singapore/ANZ,APAC,1,0,1
PAYMENTS (IN),Transaction status (non 3DS & Refunds),Enterprise,Tier 2,Email (Internal),Southern Europe,EEA,2,0,2
PAYMENTS (IN),Transaction status (non 3DS & Refunds),Enterprise,Tier 2,Email (Internal),UAE,MENA,6,0,6
PAYMENTS (IN),Transaction status (non 3DS & Refunds),Enterprise,Tier 2,Email (Internal),UK,UK,6,0,6
PAYMENTS (IN),Transaction status (non 3DS & Refunds),Enterprise,Tier 2,Email (Internal),Unknown,EEA,2,0,2
PAYMENTS (IN),Transaction status (non 3DS & Refunds),Enterprise,Tier 2,Email (Internal),WW,EEA,1,0,1
PAYMENTS (IN),Transaction status (non 3DS & Refunds),Enterprise,Tier 2,Email (Merchant),Central Europe,EEA,3,0,3
PAYMENTS (IN),Transaction status (non 3DS & Refunds),Enterprise,Tier 2,Email (Merchant),Crypto,APAC,1,0,1
PAYMENTS (IN),Transaction status (non 3DS & Refunds),Enterprise,Tier 2,Email (Merchant),Crypto,Crypto,9,0,9
PAYMENTS (IN),Transaction status (non 3DS & Refunds),Enterprise,Tier 2,Email (Merchant),GCR,APAC,15,0,15
PAYMENTS (IN),Transaction status (non 3DS & Refunds),Enterprise,Tier 2,Email (Merchant),KSA,EEA,1,0,1
PAYMENTS (IN),Transaction status (non 3DS & Refunds),Enterprise,Tier 2,Email (Merchant),NORAM,NORAM,1,0,1
PAYMENTS (IN),Transaction status (non 3DS & Refunds),Enterprise,Tier 2,Email (Merchant),NORAM,UK,7,0,7
PAYMENTS (IN),Transaction status (non 3DS & Refunds),Enterprise,Tier 2,Email (Merchant),Singapore/ANZ,APAC,4,0,4
PAYMENTS (IN),Transaction status (non 3DS & Refunds),Enterprise,Tier 2,Email (Merchant),Southern Europe,EEA,3,0,3
PAYMENTS (IN),Transaction status (non 3DS & Refunds),Enterprise,Tier 2,Email (Merchant),UAE,MENA,43,0,43
PAYMENTS (IN),Transaction status (non 3DS & Refunds),Enterprise,Tier 2,Email (Merchant),UK,EEA,2,0,2
PAYMENTS (IN),Transaction status (non 3DS & Refunds),Enterprise,Tier 2,Email (Merchant),UK,UK,54,0,54
PAYMENTS (IN),Transaction status (non 3DS & Refunds),Enterprise,Tier 2,Email (Merchant),Unknown,EEA,1,0,1
PAYMENTS (IN),Transaction status (non 3DS & Refunds),Enterprise,Tier 2,Email (Merchant),Unknown,MENA,1,0,1
PAYMENTS (IN),Transaction status (non 3DS & Refunds),Enterprise,Tier 2,Email (Merchant),Unknown,NORAM,7,0,7
PAYMENTS (IN),Transaction status (non 3DS & Refunds),Enterprise,Tier 2,Email (Merchant),WW,EEA,2,0,2
PAYMENTS (IN),Transaction status (non 3DS & Refunds),Enterprise,Tier 2,Email (Merchant),WW,MENA,1,0,1
PAYMENTS (IN),Transaction status (non 3DS & Refunds),Enterprise,Tier 2,Email (Merchant),WW,Mauritius,2,0,2
PAYMENTS (IN),Transaction status (non 3DS & Refunds),Enterprise,Tier 2,Fin (Dashboard),Central Europe,EEA,0,2,2
PAYMENTS (IN),Transaction status (non 3DS & Refunds),Enterprise,Tier 2,Fin (Dashboard),Crypto,APAC,2,1,3
PAYMENTS (IN),Transaction status (non 3DS & Refunds),Enterprise,Tier 2,Fin (Dashboard),GCR,APAC,1,0,1
PAYMENTS (IN),Transaction status (non 3DS & Refunds),Enterprise,Tier 2,Fin (Dashboard),NORAM,Israel,0,1,1
PAYMENTS (IN),Transaction status (non 3DS & Refunds),Enterprise,Tier 2,Fin (Dashboard),NORAM,UK,3,7,10
PAYMENTS (IN),Transaction status (non 3DS & Refunds),Enterprise,Tier 2,Fin (Dashboard),UAE,MENA,2,0,2
PAYMENTS (IN),Transaction status (non 3DS & Refunds),Enterprise,Tier 2,Fin (Dashboard),UK,UK,1,9,10
PAYMENTS (IN),Transaction status (non 3DS & Refunds),Enterprise,Tier 2,Fin (Dashboard),Unknown,NORAM,0,1,1
PAYMENTS (IN),Transaction status (non 3DS & Refunds),Enterprise,Tier 2,Fin (Dashboard),WW,EEA,1,0,1
PAYMENTS (IN),Transaction status (non 3DS & Refunds),Enterprise,Tier 2,Other,GCR,APAC,2,0,2
PAYMENTS (IN),Transaction status (non 3DS & Refunds),Enterprise,Tier 2,Other,NORAM,NORAM,1,0,1
PAYMENTS (IN),Transaction status (non 3DS & Refunds),Enterprise,Tier 2,Other,Southern Europe,EEA,2,0,2
PAYMENTS (IN),Transaction status (non 3DS & Refunds),Enterprise,Tier 2,Other,UAE,MENA,4,0,4
PAYMENTS (IN),Transaction status (non 3DS & Refunds),Enterprise,Tier 2,Other,UK,UK,4,0,4
PAYMENTS (IN),Transaction status (non 3DS & Refunds),Enterprise,Tier 2,Other,Unknown,NORAM,1,0,1
PAYMENTS (IN),Transaction status (non 3DS & Refunds),Enterprise,Tier 2,Other,WW,MENA,1,0,1
PAYMENTS (IN),Transaction status (non 3DS & Refunds),Enterprise,Tier 2,Webform & API,Central Europe,EEA,1,0,1
PAYMENTS (IN),Transaction status (non 3DS & Refunds),Enterprise,Tier 2,Webform & API,Crypto,Crypto,19,0,19
PAYMENTS (IN),Transaction status (non 3DS & Refunds),Enterprise,Tier 2,Webform & API,Issuing,UK,1,0,1
PAYMENTS (IN),Transaction status (non 3DS & Refunds),Enterprise,Tier 2,Webform & API,KSA,MENA,1,0,1
PAYMENTS (IN),Transaction status (non 3DS & Refunds),Enterprise,Tier 2,Webform & API,NORAM,Israel,1,0,1
PAYMENTS (IN),Transaction status (non 3DS & Refunds),Enterprise,Tier 2,Webform & API,NORAM,NORAM,7,0,7
PAYMENTS (IN),Transaction status (non 3DS & Refunds),Enterprise,Tier 2,Webform & API,NORAM,UK,7,0,7
PAYMENTS (IN),Transaction status (non 3DS & Refunds),Enterprise,Tier 2,Webform & API,Singapore/ANZ,APAC,4,0,4
PAYMENTS (IN),Transaction status (non 3DS & Refunds),Enterprise,Tier 2,Webform & API,Southern Europe,EEA,28,0,28
PAYMENTS (IN),Transaction status (non 3DS & Refunds),Enterprise,Tier 2,Webform & API,UAE,MENA,31,0,31
PAYMENTS (IN),Transaction status (non 3DS & Refunds),Enterprise,Tier 2,Webform & API,UK,APAC,1,0,1
PAYMENTS (IN),Transaction status (non 3DS & Refunds),Enterprise,Tier 2,Webform & API,UK,EEA,2,0,2
PAYMENTS (IN),Transaction status (non 3DS & Refunds),Enterprise,Tier 2,Webform & API,UK,UK,16,0,16
PAYMENTS (IN),Transaction status (non 3DS & Refunds),Enterprise,Tier 2,Webform & API,Unknown,NORAM,6,0,6
PAYMENTS (IN),Transaction status (non 3DS & Refunds),Enterprise,Tier 2,Webform & API,WW,EEA,4,0,4
PAYMENTS (IN),Transaction status (non 3DS & Refunds),Enterprise,Tier 2,Webform & API,WW,MENA,1,0,1
PAYMENTS (IN),Transaction status (non 3DS & Refunds),Enterprise,Tier 2,Webform & API,WW,Mauritius,3,0,3
PAYMENTS (IN),Transaction status (non 3DS & Refunds),Enterprise,Tier 3,Email (Internal),GCR,APAC,2,0,2
PAYMENTS (IN),Transaction status (non 3DS & Refunds),Enterprise,Tier 3,Email (Internal),NORAM,NORAM,1,0,1
PAYMENTS (IN),Transaction status (non 3DS & Refunds),Enterprise,Tier 3,Email (Internal),Northern Europe,EEA,1,0,1
PAYMENTS (IN),Transaction status (non 3DS & Refunds),Enterprise,Tier 3,Email (Internal),UAE,MENA,2,0,2
PAYMENTS (IN),Transaction status (non 3DS & Refunds),Enterprise,Tier 3,Email (Internal),Unknown,EEA,3,0,3
PAYMENTS (IN),Transaction status (non 3DS & Refunds),Enterprise,Tier 3,Email (Merchant),Central Europe,EEA,1,0,1
PAYMENTS (IN),Transaction status (non 3DS & Refunds),Enterprise,Tier 3,Email (Merchant),GCR,APAC,1,0,1
PAYMENTS (IN),Transaction status (non 3DS & Refunds),Enterprise,Tier 3,Email (Merchant),UAE,MENA,16,0,16
PAYMENTS (IN),Transaction status (non 3DS & Refunds),Enterprise,Tier 3,Email (Merchant),UK,UK,1,0,1
PAYMENTS (IN),Transaction status (non 3DS & Refunds),Enterprise,Tier 3,Email (Merchant),WW,EEA,1,0,1
PAYMENTS (IN),Transaction status (non 3DS & Refunds),Enterprise,Tier 3,Email (Merchant),WW,Israel,1,0,1
PAYMENTS (IN),Transaction status (non 3DS & Refunds),Enterprise,Tier 3,Fin (Dashboard),UAE,MENA,0,2,2
PAYMENTS (IN),Transaction status (non 3DS & Refunds),Enterprise,Tier 3,Fin (Dashboard),UK,UK,0,1,1
PAYMENTS (IN),Transaction status (non 3DS & Refunds),Enterprise,Tier 3,Fin (Dashboard),Unknown,EEA,0,1,1
PAYMENTS (IN),Transaction status (non 3DS & Refunds),Enterprise,Tier 3,Other,UAE,MENA,1,0,1
PAYMENTS (IN),Transaction status (non 3DS & Refunds),Enterprise,Tier 3,Other,WW,EEA,1,0,1
PAYMENTS (IN),Transaction status (non 3DS & Refunds),Enterprise,Tier 3,Webform & API,Central Europe,EEA,1,0,1
PAYMENTS (IN),Transaction status (non 3DS & Refunds),Enterprise,Tier 3,Webform & API,UAE,MENA,5,0,5
PAYMENTS (IN),Transaction status (non 3DS & Refunds),Enterprise,Tier 3,Webform & API,Unknown,EEA,7,0,7
PAYMENTS (IN),Transaction status (non 3DS & Refunds),Enterprise,Tier 4,Email (Merchant),UAE,MENA,4,0,4
PAYMENTS (IN),Transaction status (non 3DS & Refunds),Enterprise,Tier 4,Fin (Dashboard),UK,UK,0,2,2
PAYMENTS (IN),Transaction status (non 3DS & Refunds),Enterprise,Tier 4,Other,UAE,MENA,1,0,1
PAYMENTS (IN),Transaction status (non 3DS & Refunds),Enterprise,Tier 4,Webform & API,UAE,MENA,3,0,3
PAYMENTS (IN),Transaction status (non 3DS & Refunds),Enterprise,Tier 4,Webform & API,UK,UK,1,0,1
PAYMENTS (IN),Transaction status (non 3DS & Refunds),Enterprise,Unknown,Webform & API,NORAM,UK,1,0,1
PAYMENTS (IN),Transaction status (non 3DS & Refunds),Premium,Tier 1,Email (Internal),Crypto,Crypto,4,0,4
PAYMENTS (IN),Transaction status (non 3DS & Refunds),Premium,Tier 1,Email (Internal),GCR,APAC,2,0,2
PAYMENTS (IN),Transaction status (non 3DS & Refunds),Premium,Tier 1,Email (Internal),NORAM,NORAM,5,0,5
PAYMENTS (IN),Transaction status (non 3DS & Refunds),Premium,Tier 1,Email (Internal),NORAM,UK,7,0,7
PAYMENTS (IN),Transaction status (non 3DS & Refunds),Premium,Tier 1,Email (Internal),SAT,SAT,1,0,1
PAYMENTS (IN),Transaction status (non 3DS & Refunds),Premium,Tier 1,Email (Internal),Singapore/ANZ,APAC,2,0,2
PAYMENTS (IN),Transaction status (non 3DS & Refunds),Premium,Tier 1,Email (Internal),UAE,MENA,9,0,9
PAYMENTS (IN),Transaction status (non 3DS & Refunds),Premium,Tier 1,Email (Internal),UAE,WW,1,0,1
PAYMENTS (IN),Transaction status (non 3DS & Refunds),Premium,Tier 1,Email (Internal),UK,Crypto,1,0,1
PAYMENTS (IN),Transaction status (non 3DS & Refunds),Premium,Tier 1,Email (Internal),UK,UK,4,0,4
PAYMENTS (IN),Transaction status (non 3DS & Refunds),Premium,Tier 1,Email (Internal),Unknown,UK,1,0,1
PAYMENTS (IN),Transaction status (non 3DS & Refunds),Premium,Tier 1,Email (Internal),WW,APAC,2,0,2
PAYMENTS (IN),Transaction status (non 3DS & Refunds),Premium,Tier 1,Email (Internal),WW,EEA,2,0,2
PAYMENTS (IN),Transaction status (non 3DS & Refunds),Premium,Tier 1,Email (Internal),WW,UK,1,0,1
PAYMENTS (IN),Transaction status (non 3DS & Refunds),Premium,Tier 1,Email (Merchant),Crypto,Crypto,3,0,3
PAYMENTS (IN),Transaction status (non 3DS & Refunds),Premium,Tier 1,Email (Merchant),GCR,APAC,33,0,33
PAYMENTS (IN),Transaction status (non 3DS & Refunds),Premium,Tier 1,Email (Merchant),NORAM,UK,55,0,55
PAYMENTS (IN),Transaction status (non 3DS & Refunds),Premium,Tier 1,Email (Merchant),SAT,SAT,2,0,2
PAYMENTS (IN),Transaction status (non 3DS & Refunds),Premium,Tier 1,Email (Merchant),Singapore/ANZ,APAC,54,0,54
PAYMENTS (IN),Transaction status (non 3DS & Refunds),Premium,Tier 1,Email (Merchant),Singapore/ANZ,NORAM,1,0,1
PAYMENTS (IN),Transaction status (non 3DS & Refunds),Premium,Tier 1,Email (Merchant),UAE,MENA,669,0,669
PAYMENTS (IN),Transaction status (non 3DS & Refunds),Premium,Tier 1,Email (Merchant),UAE,WW,1,0,1
PAYMENTS (IN),Transaction status (non 3DS & Refunds),Premium,Tier 1,Email (Merchant),UK,EEA,11,0,11
PAYMENTS (IN),Transaction status (non 3DS & Refunds),Premium,Tier 1,Email (Merchant),UK,UK,24,0,24
PAYMENTS (IN),Transaction status (non 3DS & Refunds),Premium,Tier 1,Email (Merchant),Unknown,NORAM,1,0,1
PAYMENTS (IN),Transaction status (non 3DS & Refunds),Premium,Tier 1,Email (Merchant),WW,APAC,4,0,4
PAYMENTS (IN),Transaction status (non 3DS & Refunds),Premium,Tier 1,Email (Merchant),WW,EEA,4,0,4
PAYMENTS (IN),Transaction status (non 3DS & Refunds),Premium,Tier 1,Email (Merchant),WW,MENA,1,0,1
PAYMENTS (IN),Transaction status (non 3DS & Refunds),Premium,Tier 1,Email (Merchant),WW,UK,50,0,50
PAYMENTS (IN),Transaction status (non 3DS & Refunds),Premium,Tier 1,Fin (Dashboard),NORAM,UK,0,6,6
PAYMENTS (IN),Transaction status (non 3DS & Refunds),Premium,Tier 1,Fin (Dashboard),Singapore/ANZ,APAC,0,1,1
PAYMENTS (IN),Transaction status (non 3DS & Refunds),Premium,Tier 1,Fin (Dashboard),UAE,MENA,0,2,2
PAYMENTS (IN),Transaction status (non 3DS & Refunds),Premium,Tier 1,Fin (Dashboard),UK,EEA,0,3,3
PAYMENTS (IN),Transaction status (non 3DS & Refunds),Premium,Tier 1,Fin (Dashboard),UK,NORAM,0,1,1
PAYMENTS (IN),Transaction status (non 3DS & Refunds),Premium,Tier 1,Fin (Dashboard),UK,UK,0,12,12
PAYMENTS (IN),Transaction status (non 3DS & Refunds),Premium,Tier 1,Fin (Dashboard),WW,EEA,2,6,8
PAYMENTS (IN),Transaction status (non 3DS & Refunds),Premium,Tier 1,Other,Crypto,Crypto,1,0,1
PAYMENTS (IN),Transaction status (non 3DS & Refunds),Premium,Tier 1,Other,GCR,APAC,25,0,25
PAYMENTS (IN),Transaction status (non 3DS & Refunds),Premium,Tier 1,Other,NORAM,EEA,2,0,2
PAYMENTS (IN),Transaction status (non 3DS & Refunds),Premium,Tier 1,Other,NORAM,UK,2,0,2
PAYMENTS (IN),Transaction status (non 3DS & Refunds),Premium,Tier 1,Other,SAT,SAT,1,0,1
PAYMENTS (IN),Transaction status (non 3DS & Refunds),Premium,Tier 1,Other,UAE,MENA,15,0,15
PAYMENTS (IN),Transaction status (non 3DS & Refunds),Premium,Tier 1,Other,UK,EEA,2,0,2
PAYMENTS (IN),Transaction status (non 3DS & Refunds),Premium,Tier 1,Other,UK,UK,10,0,10
PAYMENTS (IN),Transaction status (non 3DS & Refunds),Premium,Tier 1,Other,WW,EEA,1,0,1
PAYMENTS (IN),Transaction status (non 3DS & Refunds),Premium,Tier 1,Other,WW,WW,1,0,1
PAYMENTS (IN),Transaction status (non 3DS & Refunds),Premium,Tier 1,Webform & API,Crypto,Crypto,3,0,3
PAYMENTS (IN),Transaction status (non 3DS & Refunds),Premium,Tier 1,Webform & API,NORAM,NORAM,4,0,4
PAYMENTS (IN),Transaction status (non 3DS & Refunds),Premium,Tier 1,Webform & API,NORAM,UK,2,0,2
PAYMENTS (IN),Transaction status (non 3DS & Refunds),Premium,Tier 1,Webform & API,Singapore/ANZ,NORAM,4,0,4
PAYMENTS (IN),Transaction status (non 3DS & Refunds),Premium,Tier 1,Webform & API,UAE,MENA,26,0,26
PAYMENTS (IN),Transaction status (non 3DS & Refunds),Premium,Tier 1,Webform & API,UK,Crypto,1,0,1
PAYMENTS (IN),Transaction status (non 3DS & Refunds),Premium,Tier 1,Webform & API,UK,EEA,3,0,3
PAYMENTS (IN),Transaction status (non 3DS & Refunds),Premium,Tier 1,Webform & API,UK,UK,260,0,260
PAYMENTS (IN),Transaction status (non 3DS & Refunds),Premium,Tier 1,Webform & API,Unknown,Crypto,1,0,1
PAYMENTS (IN),Transaction status (non 3DS & Refunds),Premium,Tier 1,Webform & API,Unknown,NORAM,1,0,1
PAYMENTS (IN),Transaction status (non 3DS & Refunds),Premium,Tier 1,Webform & API,Unknown,UK,2,0,2
PAYMENTS (IN),Transaction status (non 3DS & Refunds),Premium,Tier 1,Webform & API,WW,EEA,3,0,3
PAYMENTS (IN),Transaction status (non 3DS & Refunds),Premium,Tier 1,Webform & API,WW,UK,2,0,2
PAYMENTS (IN),Transaction status (non 3DS & Refunds),Standard,Tier 2,Email (Internal),Crypto,Crypto,1,0,1
PAYMENTS (IN),Transaction status (non 3DS & Refunds),Standard,Tier 2,Email (Internal),GCR,APAC,2,0,2
PAYMENTS (IN),Transaction status (non 3DS & Refunds),Standard,Tier 2,Email (Internal),UK,UK,2,0,2
PAYMENTS (IN),Transaction status (non 3DS & Refunds),Standard,Tier 2,Email (Merchant),Crypto,Crypto,5,0,5
PAYMENTS (IN),Transaction status (non 3DS & Refunds),Standard,Tier 2,Email (Merchant),GCR,Crypto,2,0,2
PAYMENTS (IN),Transaction status (non 3DS & Refunds),Standard,Tier 2,Email (Merchant),Singapore/ANZ,APAC,7,0,7
PAYMENTS (IN),Transaction status (non 3DS & Refunds),Standard,Tier 2,Email (Merchant),UK,UK,7,0,7
PAYMENTS (IN),Transaction status (non 3DS & Refunds),Standard,Tier 2,Email (Merchant),Unknown,APAC,11,0,11
PAYMENTS (IN),Transaction status (non 3DS & Refunds),Standard,Tier 2,Fin (Dashboard),Crypto,Crypto,1,5,6
PAYMENTS (IN),Transaction status (non 3DS & Refunds),Standard,Tier 2,Fin (Dashboard),NORAM,NORAM,1,2,3
PAYMENTS (IN),Transaction status (non 3DS & Refunds),Standard,Tier 2,Other,Crypto,Crypto,8,0,8
PAYMENTS (IN),Transaction status (non 3DS & Refunds),Standard,Tier 2,Webform & API,Crypto,Crypto,50,0,50
PAYMENTS (IN),Transaction status (non 3DS & Refunds),Standard,Tier 2,Webform & API,GCR,Crypto,3,0,3
PAYMENTS (IN),Transaction status (non 3DS & Refunds),Standard,Tier 2,Webform & API,NORAM,UK,1,0,1
PAYMENTS (IN),Transaction status (non 3DS & Refunds),Standard,Tier 2,Webform & API,Singapore/ANZ,APAC,10,0,10
PAYMENTS (IN),Transaction status (non 3DS & Refunds),Standard,Tier 3,Email (Internal),Central Europe,EEA,1,0,1
PAYMENTS (IN),Transaction status (non 3DS & Refunds),Standard,Tier 3,Email (Internal),Crypto,Crypto,5,0,5
PAYMENTS (IN),Transaction status (non 3DS & Refunds),Standard,Tier 3,Email (Internal),KSA,MENA,1,0,1
PAYMENTS (IN),Transaction status (non 3DS & Refunds),Standard,Tier 3,Email (Internal),Mauritius,NORAM,1,0,1
PAYMENTS (IN),Transaction status (non 3DS & Refunds),Standard,Tier 3,Email (Internal),NORAM,NORAM,4,0,4
PAYMENTS (IN),Transaction status (non 3DS & Refunds),Standard,Tier 3,Email (Internal),Northern Europe,EEA,10,0,10
PAYMENTS (IN),Transaction status (non 3DS & Refunds),Standard,Tier 3,Email (Internal),Singapore/ANZ,APAC,1,0,1
PAYMENTS (IN),Transaction status (non 3DS & Refunds),Standard,Tier 3,Email (Internal),Southern Europe,EEA,3,0,3
PAYMENTS (IN),Transaction status (non 3DS & Refunds),Standard,Tier 3,Email (Internal),UAE,MENA,14,0,14
PAYMENTS (IN),Transaction status (non 3DS & Refunds),Standard,Tier 3,Email (Internal),UAE,Mauritius,1,0,1
PAYMENTS (IN),Transaction status (non 3DS & Refunds),Standard,Tier 3,Email (Internal),UK,Israel,1,0,1
PAYMENTS (IN),Transaction status (non 3DS & Refunds),Standard,Tier 3,Email (Internal),UK,UK,2,0,2
PAYMENTS (IN),Transaction status (non 3DS & Refunds),Standard,Tier 3,Email (Internal),Unknown,EEA,3,0,3
PAYMENTS (IN),Transaction status (non 3DS & Refunds),Standard,Tier 3,Email (Internal),Unknown,UK,1,0,1
PAYMENTS (IN),Transaction status (non 3DS & Refunds),Standard,Tier 3,Email (Merchant),Central Europe,EEA,4,0,4
PAYMENTS (IN),Transaction status (non 3DS & Refunds),Standard,Tier 3,Email (Merchant),Crypto,Crypto,6,0,6
PAYMENTS (IN),Transaction status (non 3DS & Refunds),Standard,Tier 3,Email (Merchant),EU,EEA,6,0,6
PAYMENTS (IN),Transaction status (non 3DS & Refunds),Standard,Tier 3,Email (Merchant),GCR,APAC,1,0,1
PAYMENTS (IN),Transaction status (non 3DS & Refunds),Standard,Tier 3,Email (Merchant),Issuing,EEA,1,0,1
PAYMENTS (IN),Transaction status (non 3DS & Refunds),Standard,Tier 3,Email (Merchant),KSA,EEA,1,0,1
PAYMENTS (IN),Transaction status (non 3DS & Refunds),Standard,Tier 3,Email (Merchant),NORAM,Israel,5,0,5
PAYMENTS (IN),Transaction status (non 3DS & Refunds),Standard,Tier 3,Email (Merchant),NORAM,MENA,1,0,1
PAYMENTS (IN),Transaction status (non 3DS & Refunds),Standard,Tier 3,Email (Merchant),Northern Europe,EEA,1,0,1
PAYMENTS (IN),Transaction status (non 3DS & Refunds),Standard,Tier 3,Email (Merchant),Southern Europe,EEA,1,0,1
PAYMENTS (IN),Transaction status (non 3DS & Refunds),Standard,Tier 3,Email (Merchant),UAE,MENA,53,0,53
PAYMENTS (IN),Transaction status (non 3DS & Refunds),Standard,Tier 3,Email (Merchant),UAE,Mauritius,1,0,1
PAYMENTS (IN),Transaction status (non 3DS & Refunds),Standard,Tier 3,Email (Merchant),UK,NORAM,2,0,2
PAYMENTS (IN),Transaction status (non 3DS & Refunds),Standard,Tier 3,Email (Merchant),UK,UK,17,0,17
PAYMENTS (IN),Transaction status (non 3DS & Refunds),Standard,Tier 3,Email (Merchant),Unknown,Crypto,4,0,4
PAYMENTS (IN),Transaction status (non 3DS & Refunds),Standard,Tier 3,Email (Merchant),Unknown,EEA,8,0,8
PAYMENTS (IN),Transaction status (non 3DS & Refunds),Standard,Tier 3,Email (Merchant),Unknown,MENA,1,0,1
PAYMENTS (IN),Transaction status (non 3DS & Refunds),Standard,Tier 3,Email (Merchant),Unknown,UK,6,0,6
PAYMENTS (IN),Transaction status (non 3DS & Refunds),Standard,Tier 3,Email (Merchant),WW,APAC,1,0,1
PAYMENTS (IN),Transaction status (non 3DS & Refunds),Standard,Tier 3,Email (Merchant),WW,EEA,2,0,2
PAYMENTS (IN),Transaction status (non 3DS & Refunds),Standard,Tier 3,Email (Merchant),WW,MENA,3,0,3
PAYMENTS (IN),Transaction status (non 3DS & Refunds),Standard,Tier 3,Email (Merchant),WW,Mauritius,1,0,1
PAYMENTS (IN),Transaction status (non 3DS & Refunds),Standard,Tier 3,Email (Merchant),WW,WW,1,0,1
PAYMENTS (IN),Transaction status (non 3DS & Refunds),Standard,Tier 3,Fin (Dashboard),Central Europe,EEA,0,5,5
PAYMENTS (IN),Transaction status (non 3DS & Refunds),Standard,Tier 3,Fin (Dashboard),Crypto,Crypto,0,2,2
PAYMENTS (IN),Transaction status (non 3DS & Refunds),Standard,Tier 3,Fin (Dashboard),GCR,APAC,1,1,2
PAYMENTS (IN),Transaction status (non 3DS & Refunds),Standard,Tier 3,Fin (Dashboard),NORAM,Crypto,1,0,1
PAYMENTS (IN),Transaction status (non 3DS & Refunds),Standard,Tier 3,Fin (Dashboard),NORAM,EEA,0,1,1
PAYMENTS (IN),Transaction status (non 3DS & Refunds),Standard,Tier 3,Fin (Dashboard),NORAM,MENA,0,1,1
PAYMENTS (IN),Transaction status (non 3DS & Refunds),Standard,Tier 3,Fin (Dashboard),NORAM,NORAM,1,2,3
PAYMENTS (IN),Transaction status (non 3DS & Refunds),Standard,Tier 3,Fin (Dashboard),Northern Europe,EEA,1,3,4
PAYMENTS (IN),Transaction status (non 3DS & Refunds),Standard,Tier 3,Fin (Dashboard),Singapore/ANZ,NORAM,1,3,4
PAYMENTS (IN),Transaction status (non 3DS & Refunds),Standard,Tier 3,Fin (Dashboard),Southern Europe,EEA,2,0,2
PAYMENTS (IN),Transaction status (non 3DS & Refunds),Standard,Tier 3,Fin (Dashboard),UAE,APAC,1,0,1
PAYMENTS (IN),Transaction status (non 3DS & Refunds),Standard,Tier 3,Fin (Dashboard),UAE,MENA,2,20,22
PAYMENTS (IN),Transaction status (non 3DS & Refunds),Standard,Tier 3,Fin (Dashboard),UAE,Mauritius,0,1,1
PAYMENTS (IN),Transaction status (non 3DS & Refunds),Standard,Tier 3,Fin (Dashboard),UK,UK,2,6,8
PAYMENTS (IN),Transaction status (non 3DS & Refunds),Standard,Tier 3,Fin (Dashboard),Unknown,Crypto,1,0,1
PAYMENTS (IN),Transaction status (non 3DS & Refunds),Standard,Tier 3,Fin (Dashboard),Unknown,UK,1,0,1
PAYMENTS (IN),Transaction status (non 3DS & Refunds),Standard,Tier 3,Fin (Dashboard),WW,MENA,0,2,2
PAYMENTS (IN),Transaction status (non 3DS & Refunds),Standard,Tier 3,Other,Central Europe,EEA,2,0,2
PAYMENTS (IN),Transaction status (non 3DS & Refunds),Standard,Tier 3,Other,GCR,APAC,1,0,1
PAYMENTS (IN),Transaction status (non 3DS & Refunds),Standard,Tier 3,Other,NORAM,MENA,1,0,1
PAYMENTS (IN),Transaction status (non 3DS & Refunds),Standard,Tier 3,Other,NORAM,NORAM,2,0,2
PAYMENTS (IN),Transaction status (non 3DS & Refunds),Standard,Tier 3,Other,Northern Europe,EEA,1,0,1
PAYMENTS (IN),Transaction status (non 3DS & Refunds),Standard,Tier 3,Other,UAE,MENA,1,0,1
PAYMENTS (IN),Transaction status (non 3DS & Refunds),Standard,Tier 3,Other,UK,UK,2,0,2
PAYMENTS (IN),Transaction status (non 3DS & Refunds),Standard,Tier 3,Other,WW,EEA,1,0,1
PAYMENTS (IN),Transaction status (non 3DS & Refunds),Standard,Tier 3,Other,WW,MENA,1,0,1
PAYMENTS (IN),Transaction status (non 3DS & Refunds),Standard,Tier 3,Webform & API,Central Europe,EEA,6,0,6
PAYMENTS (IN),Transaction status (non 3DS & Refunds),Standard,Tier 3,Webform & API,Crypto,Crypto,32,0,32
PAYMENTS (IN),Transaction status (non 3DS & Refunds),Standard,Tier 3,Webform & API,EU,EEA,1,0,1
PAYMENTS (IN),Transaction status (non 3DS & Refunds),Standard,Tier 3,Webform & API,GCR,APAC,1,0,1
PAYMENTS (IN),Transaction status (non 3DS & Refunds),Standard,Tier 3,Webform & API,KSA,MENA,1,0,1
PAYMENTS (IN),Transaction status (non 3DS & Refunds),Standard,Tier 3,Webform & API,NORAM,EEA,1,0,1
PAYMENTS (IN),Transaction status (non 3DS & Refunds),Standard,Tier 3,Webform & API,NORAM,NORAM,43,0,43
PAYMENTS (IN),Transaction status (non 3DS & Refunds),Standard,Tier 3,Webform & API,NORAM,UK,1,0,1
PAYMENTS (IN),Transaction status (non 3DS & Refunds),Standard,Tier 3,Webform & API,Northern Europe,EEA,13,0,13
PAYMENTS (IN),Transaction status (non 3DS & Refunds),Standard,Tier 3,Webform & API,Singapore/ANZ,APAC,4,0,4
PAYMENTS (IN),Transaction status (non 3DS & Refunds),Standard,Tier 3,Webform & API,Singapore/ANZ,NORAM,2,0,2
PAYMENTS (IN),Transaction status (non 3DS & Refunds),Standard,Tier 3,Webform & API,Southern Europe,EEA,9,0,9
PAYMENTS (IN),Transaction status (non 3DS & Refunds),Standard,Tier 3,Webform & API,UAE,MENA,59,0,59
PAYMENTS (IN),Transaction status (non 3DS & Refunds),Standard,Tier 3,Webform & API,UAE,Mauritius,5,0,5
PAYMENTS (IN),Transaction status (non 3DS & Refunds),Standard,Tier 3,Webform & API,UAE,Unknown,3,0,3
PAYMENTS (IN),Transaction status (non 3DS & Refunds),Standard,Tier 3,Webform & API,UK,Crypto,4,0,4
PAYMENTS (IN),Transaction status (non 3DS & Refunds),Standard,Tier 3,Webform & API,UK,NORAM,1,0,1
PAYMENTS (IN),Transaction status (non 3DS & Refunds),Standard,Tier 3,Webform & API,UK,UK,66,0,66
PAYMENTS (IN),Transaction status (non 3DS & Refunds),Standard,Tier 3,Webform & API,Ubble,EEA,1,0,1
PAYMENTS (IN),Transaction status (non 3DS & Refunds),Standard,Tier 3,Webform & API,Unknown,Crypto,9,0,9
PAYMENTS (IN),Transaction status (non 3DS & Refunds),Standard,Tier 3,Webform & API,Unknown,EEA,6,0,6
PAYMENTS (IN),Transaction status (non 3DS & Refunds),Standard,Tier 3,Webform & API,WW,EEA,1,0,1
PAYMENTS (IN),Transaction status (non 3DS & Refunds),Standard,Tier 3,Webform & API,WW,MENA,1,0,1
PAYMENTS (IN),Transaction status (non 3DS & Refunds),Standard,Tier 3,Webform & API,WW,Mauritius,1,0,1
PAYMENTS (IN),Transaction status (non 3DS & Refunds),Standard,Tier 3,Webform & API,WW,WW,1,0,1
PAYMENTS (IN),Transaction status (non 3DS & Refunds),Standard,Tier 4,Email (Internal),Central Europe,EEA,1,0,1
PAYMENTS (IN),Transaction status (non 3DS & Refunds),Standard,Tier 4,Email (Internal),Central Europe,Mauritius,1,0,1
PAYMENTS (IN),Transaction status (non 3DS & Refunds),Standard,Tier 4,Email (Internal),Crypto,Crypto,1,0,1
PAYMENTS (IN),Transaction status (non 3DS & Refunds),Standard,Tier 4,Email (Internal),Mauritius,Mauritius,2,0,2
PAYMENTS (IN),Transaction status (non 3DS & Refunds),Standard,Tier 4,Email (Internal),NORAM,Mauritius,2,0,2
PAYMENTS (IN),Transaction status (non 3DS & Refunds),Standard,Tier 4,Email (Internal),Singapore/ANZ,APAC,1,0,1
PAYMENTS (IN),Transaction status (non 3DS & Refunds),Standard,Tier 4,Email (Internal),UAE,MENA,10,0,10
PAYMENTS (IN),Transaction status (non 3DS & Refunds),Standard,Tier 4,Email (Internal),UK,Mauritius,3,0,3
PAYMENTS (IN),Transaction status (non 3DS & Refunds),Standard,Tier 4,Email (Internal),UK,UK,1,0,1
PAYMENTS (IN),Transaction status (non 3DS & Refunds),Standard,Tier 4,Email (Internal),Unknown,MENA,1,0,1
PAYMENTS (IN),Transaction status (non 3DS & Refunds),Standard,Tier 4,Email (Internal),Unknown,Mauritius,1,0,1
PAYMENTS (IN),Transaction status (non 3DS & Refunds),Standard,Tier 4,Email (Internal),Unknown,Unknown,1,0,1
PAYMENTS (IN),Transaction status (non 3DS & Refunds),Standard,Tier 4,Email (Internal),WW,WW,1,0,1
PAYMENTS (IN),Transaction status (non 3DS & Refunds),Standard,Tier 4,Email (Merchant),Central Europe,Mauritius,1,0,1
PAYMENTS (IN),Transaction status (non 3DS & Refunds),Standard,Tier 4,Email (Merchant),Crypto,Crypto,5,0,5
PAYMENTS (IN),Transaction status (non 3DS & Refunds),Standard,Tier 4,Email (Merchant),GCR,APAC,5,0,5
PAYMENTS (IN),Transaction status (non 3DS & Refunds),Standard,Tier 4,Email (Merchant),Mauritius,Mauritius,8,0,8
PAYMENTS (IN),Transaction status (non 3DS & Refunds),Standard,Tier 4,Email (Merchant),NORAM,NORAM,3,0,3
PAYMENTS (IN),Transaction status (non 3DS & Refunds),Standard,Tier 4,Email (Merchant),NORAM,UK,1,0,1
PAYMENTS (IN),Transaction status (non 3DS & Refunds),Standard,Tier 4,Email (Merchant),Northern Europe,Mauritius,2,0,2
PAYMENTS (IN),Transaction status (non 3DS & Refunds),Standard,Tier 4,Email (Merchant),Singapore/ANZ,APAC,1,0,1
PAYMENTS (IN),Transaction status (non 3DS & Refunds),Standard,Tier 4,Email (Merchant),UAE,MENA,26,0,26
PAYMENTS (IN),Transaction status (non 3DS & Refunds),Standard,Tier 4,Email (Merchant),UAE,WW,1,0,1
PAYMENTS (IN),Transaction status (non 3DS & Refunds),Standard,Tier 4,Email (Merchant),UK,Mauritius,6,0,6
PAYMENTS (IN),Transaction status (non 3DS & Refunds),Standard,Tier 4,Email (Merchant),UK,UK,4,0,4
PAYMENTS (IN),Transaction status (non 3DS & Refunds),Standard,Tier 4,Email (Merchant),Unknown,APAC,1,0,1
PAYMENTS (IN),Transaction status (non 3DS & Refunds),Standard,Tier 4,Email (Merchant),Unknown,Crypto,1,0,1
PAYMENTS (IN),Transaction status (non 3DS & Refunds),Standard,Tier 4,Email (Merchant),Unknown,EEA,1,0,1
PAYMENTS (IN),Transaction status (non 3DS & Refunds),Standard,Tier 4,Email (Merchant),Unknown,Mauritius,1,0,1
PAYMENTS (IN),Transaction status (non 3DS & Refunds),Standard,Tier 4,Email (Merchant),Unknown,NORAM,1,0,1
PAYMENTS (IN),Transaction status (non 3DS & Refunds),Standard,Tier 4,Email (Merchant),Unknown,UK,2,0,2
PAYMENTS (IN),Transaction status (non 3DS & Refunds),Standard,Tier 4,Email (Merchant),WW,EEA,3,0,3
PAYMENTS (IN),Transaction status (non 3DS & Refunds),Standard,Tier 4,Email (Merchant),WW,WW,2,0,2
PAYMENTS (IN),Transaction status (non 3DS & Refunds),Standard,Tier 4,Fin (Dashboard),Central Europe,EEA,1,0,1
PAYMENTS (IN),Transaction status (non 3DS & Refunds),Standard,Tier 4,Fin (Dashboard),Central Europe,Mauritius,1,1,2
PAYMENTS (IN),Transaction status (non 3DS & Refunds),Standard,Tier 4,Fin (Dashboard),Crypto,Crypto,0,3,3
PAYMENTS (IN),Transaction status (non 3DS & Refunds),Standard,Tier 4,Fin (Dashboard),EU,Mauritius,0,2,2
PAYMENTS (IN),Transaction status (non 3DS & Refunds),Standard,Tier 4,Fin (Dashboard),Issuing,UK,0,2,2
PAYMENTS (IN),Transaction status (non 3DS & Refunds),Standard,Tier 4,Fin (Dashboard),Mauritius,Mauritius,2,6,8
PAYMENTS (IN),Transaction status (non 3DS & Refunds),Standard,Tier 4,Fin (Dashboard),NORAM,NORAM,2,4,6
PAYMENTS (IN),Transaction status (non 3DS & Refunds),Standard,Tier 4,Fin (Dashboard),NORAM,UK,0,2,2
PAYMENTS (IN),Transaction status (non 3DS & Refunds),Standard,Tier 4,Fin (Dashboard),Northern Europe,Mauritius,0,1,1
PAYMENTS (IN),Transaction status (non 3DS & Refunds),Standard,Tier 4,Fin (Dashboard),Singapore/ANZ,APAC,0,1,1
PAYMENTS (IN),Transaction status (non 3DS & Refunds),Standard,Tier 4,Fin (Dashboard),UAE,MENA,5,18,23
PAYMENTS (IN),Transaction status (non 3DS & Refunds),Standard,Tier 4,Fin (Dashboard),UAE,Mauritius,0,4,4
PAYMENTS (IN),Transaction status (non 3DS & Refunds),Standard,Tier 4,Fin (Dashboard),UAE,WW,0,1,1
PAYMENTS (IN),Transaction status (non 3DS & Refunds),Standard,Tier 4,Fin (Dashboard),UK,Mauritius,0,5,5
PAYMENTS (IN),Transaction status (non 3DS & Refunds),Standard,Tier 4,Fin (Dashboard),UK,UK,2,5,7
PAYMENTS (IN),Transaction status (non 3DS & Refunds),Standard,Tier 4,Fin (Dashboard),Unknown,APAC,0,3,3
PAYMENTS (IN),Transaction status (non 3DS & Refunds),Standard,Tier 4,Fin (Dashboard),Unknown,Crypto,0,1,1
PAYMENTS (IN),Transaction status (non 3DS & Refunds),Standard,Tier 4,Fin (Dashboard),Unknown,EEA,1,2,3
PAYMENTS (IN),Transaction status (non 3DS & Refunds),Standard,Tier 4,Fin (Dashboard),Unknown,MENA,0,1,1
PAYMENTS (IN),Transaction status (non 3DS & Refunds),Standard,Tier 4,Fin (Dashboard),Unknown,Mauritius,0,3,3
PAYMENTS (IN),Transaction status (non 3DS & Refunds),Standard,Tier 4,Fin (Dashboard),Unknown,NORAM,1,2,3
PAYMENTS (IN),Transaction status (non 3DS & Refunds),Standard,Tier 4,Fin (Dashboard),Unknown,UK,0,2,2
PAYMENTS (IN),Transaction status (non 3DS & Refunds),Standard,Tier 4,Fin (Dashboard),Unknown,Unknown,0,7,7
PAYMENTS (IN),Transaction status (non 3DS & Refunds),Standard,Tier 4,Fin (Dashboard),WW,WW,0,1,1
PAYMENTS (IN),Transaction status (non 3DS & Refunds),Standard,Tier 4,Other,Central Europe,Mauritius,3,0,3
PAYMENTS (IN),Transaction status (non 3DS & Refunds),Standard,Tier 4,Other,Crypto,Crypto,6,0,6
PAYMENTS (IN),Transaction status (non 3DS & Refunds),Standard,Tier 4,Other,GCR,APAC,1,0,1
PAYMENTS (IN),Transaction status (non 3DS & Refunds),Standard,Tier 4,Other,Mauritius,Mauritius,6,0,6
PAYMENTS (IN),Transaction status (non 3DS & Refunds),Standard,Tier 4,Other,NORAM,Mauritius,1,0,1
PAYMENTS (IN),Transaction status (non 3DS & Refunds),Standard,Tier 4,Other,NORAM,NORAM,4,0,4
PAYMENTS (IN),Transaction status (non 3DS & Refunds),Standard,Tier 4,Other,Northern Europe,Mauritius,2,0,2
PAYMENTS (IN),Transaction status (non 3DS & Refunds),Standard,Tier 4,Other,Southern Europe,EEA,1,0,1
PAYMENTS (IN),Transaction status (non 3DS & Refunds),Standard,Tier 4,Other,UAE,MENA,7,0,7
PAYMENTS (IN),Transaction status (non 3DS & Refunds),Standard,Tier 4,Other,UAE,Mauritius,3,0,3
PAYMENTS (IN),Transaction status (non 3DS & Refunds),Standard,Tier 4,Other,UK,Mauritius,8,0,8
PAYMENTS (IN),Transaction status (non 3DS & Refunds),Standard,Tier 4,Other,UK,UK,1,0,1
PAYMENTS (IN),Transaction status (non 3DS & Refunds),Standard,Tier 4,Other,Unknown,MENA,1,0,1
PAYMENTS (IN),Transaction status (non 3DS & Refunds),Standard,Tier 4,Other,Unknown,NORAM,1,0,1
PAYMENTS (IN),Transaction status (non 3DS & Refunds),Standard,Tier 4,Other,WW,WW,1,0,1
PAYMENTS (IN),Transaction status (non 3DS & Refunds),Standard,Tier 4,Webform & API,Central Europe,EEA,10,0,10
PAYMENTS (IN),Transaction status (non 3DS & Refunds),Standard,Tier 4,Webform & API,Central Europe,Mauritius,2,0,2
PAYMENTS (IN),Transaction status (non 3DS & Refunds),Standard,Tier 4,Webform & API,Crypto,Crypto,2,0,2
PAYMENTS (IN),Transaction status (non 3DS & Refunds),Standard,Tier 4,Webform & API,EU,EEA,1,0,1
PAYMENTS (IN),Transaction status (non 3DS & Refunds),Standard,Tier 4,Webform & API,EU,Mauritius,2,0,2
PAYMENTS (IN),Transaction status (non 3DS & Refunds),Standard,Tier 4,Webform & API,EU,UK,1,0,1
PAYMENTS (IN),Transaction status (non 3DS & Refunds),Standard,Tier 4,Webform & API,GCR,APAC,8,0,8
PAYMENTS (IN),Transaction status (non 3DS & Refunds),Standard,Tier 4,Webform & API,Issuing,UK,2,0,2
PAYMENTS (IN),Transaction status (non 3DS & Refunds),Standard,Tier 4,Webform & API,KSA,EEA,3,0,3
PAYMENTS (IN),Transaction status (non 3DS & Refunds),Standard,Tier 4,Webform & API,KSA,MENA,1,0,1
PAYMENTS (IN),Transaction status (non 3DS & Refunds),Standard,Tier 4,Webform & API,Mauritius,Mauritius,10,0,10
PAYMENTS (IN),Transaction status (non 3DS & Refunds),Standard,Tier 4,Webform & API,NORAM,Mauritius,5,0,5
PAYMENTS (IN),Transaction status (non 3DS & Refunds),Standard,Tier 4,Webform & API,NORAM,NORAM,22,0,22
PAYMENTS (IN),Transaction status (non 3DS & Refunds),Standard,Tier 4,Webform & API,NORAM,UK,2,0,2
PAYMENTS (IN),Transaction status (non 3DS & Refunds),Standard,Tier 4,Webform & API,Northern Europe,Mauritius,4,0,4
PAYMENTS (IN),Transaction status (non 3DS & Refunds),Standard,Tier 4,Webform & API,Singapore/ANZ,APAC,1,0,1
PAYMENTS (IN),Transaction status (non 3DS & Refunds),Standard,Tier 4,Webform & API,Singapore/ANZ,NORAM,2,0,2
PAYMENTS (IN),Transaction status (non 3DS & Refunds),Standard,Tier 4,Webform & API,Southern Europe,EEA,2,0,2
PAYMENTS (IN),Transaction status (non 3DS & Refunds),Standard,Tier 4,Webform & API,UAE,MENA,46,0,46
PAYMENTS (IN),Transaction status (non 3DS & Refunds),Standard,Tier 4,Webform & API,UAE,Mauritius,4,0,4
PAYMENTS (IN),Transaction status (non 3DS & Refunds),Standard,Tier 4,Webform & API,UK,APAC,1,0,1
PAYMENTS (IN),Transaction status (non 3DS & Refunds),Standard,Tier 4,Webform & API,UK,Mauritius,10,0,10
PAYMENTS (IN),Transaction status (non 3DS & Refunds),Standard,Tier 4,Webform & API,UK,UK,15,0,15
PAYMENTS (IN),Transaction status (non 3DS & Refunds),Standard,Tier 4,Webform & API,Unknown,APAC,2,0,2
PAYMENTS (IN),Transaction status (non 3DS & Refunds),Standard,Tier 4,Webform & API,Unknown,Crypto,7,0,7
PAYMENTS (IN),Transaction status (non 3DS & Refunds),Standard,Tier 4,Webform & API,Unknown,EEA,4,0,4
PAYMENTS (IN),Transaction status (non 3DS & Refunds),Standard,Tier 4,Webform & API,Unknown,MENA,9,0,9
PAYMENTS (IN),Transaction status (non 3DS & Refunds),Standard,Tier 4,Webform & API,Unknown,Mauritius,6,0,6
PAYMENTS (IN),Transaction status (non 3DS & Refunds),Standard,Tier 4,Webform & API,Unknown,NORAM,1,0,1
PAYMENTS (IN),Transaction status (non 3DS & Refunds),Standard,Tier 4,Webform & API,Unknown,UK,2,0,2
PAYMENTS (IN),Transaction status (non 3DS & Refunds),Standard,Tier 4,Webform & API,WW,EEA,2,0,2
PAYMENTS (IN),Transaction status (non 3DS & Refunds),Standard,Tier 4,Webform & API,WW,UK,1,0,1
PAYMENTS (IN),Transaction status (non 3DS & Refunds),Standard,Tier 4,Webform & API,WW,WW,6,0,6
PAYMENTS (IN),Transaction status (non 3DS & Refunds),Standard,Unknown,Email (Internal),Northern Europe,EEA,1,0,1
PAYMENTS (IN),Transaction status (non 3DS & Refunds),Standard,Unknown,Webform & API,Crypto,Crypto,2,0,2
PAYMENTS (IN),Transaction status (non 3DS & Refunds),Standard,Unknown,Webform & API,Northern Europe,EEA,1,0,1
PAYMENTS (IN),Transaction status (non 3DS & Refunds),Standard,Unknown,Webform & API,UK,UK,1,0,1
PAYMENTS (IN),Transaction status (non 3DS & Refunds),Unmapped,Unknown,Email (Internal),Unknown,Unknown,66,0,66
PAYMENTS (IN),Transaction status (non 3DS & Refunds),Unmapped,Unknown,Email (Merchant),Unknown,Unknown,82,0,82
PAYMENTS (IN),Transaction status (non 3DS & Refunds),Unmapped,Unknown,Fin (Dashboard),Unknown,Unknown,0,12,12
PAYMENTS (IN),Transaction status (non 3DS & Refunds),Unmapped,Unknown,Other,Unknown,Unknown,17,0,17
PAYMENTS (IN),Transaction status (non 3DS & Refunds),Unmapped,Unknown,Webform & API,Unknown,Unknown,39,0,39
PAYOUTS,Bank Payouts,Enterprise,Tier 1,Email (Internal),Southern Europe,EEA,1,0,1
PAYOUTS,Bank Payouts,Enterprise,Tier 1,Email (Internal),UK,APAC,1,0,1
PAYOUTS,Bank Payouts,Enterprise,Tier 1,Email (Internal),UK,UK,1,0,1
PAYOUTS,Bank Payouts,Enterprise,Tier 1,Email (Merchant),Crypto,Crypto,10,0,10
PAYOUTS,Bank Payouts,Enterprise,Tier 1,Email (Merchant),Crypto,EEA,10,0,10
PAYOUTS,Bank Payouts,Enterprise,Tier 1,Email (Merchant),GCR,APAC,1,0,1
PAYOUTS,Bank Payouts,Enterprise,Tier 1,Email (Merchant),UAE,MENA,1,0,1
PAYOUTS,Bank Payouts,Enterprise,Tier 1,Email (Merchant),UK,Crypto,4,0,4
PAYOUTS,Bank Payouts,Enterprise,Tier 1,Email (Merchant),UK,UK,134,0,134
PAYOUTS,Bank Payouts,Enterprise,Tier 1,Email (Merchant),WW,UK,2,0,2
PAYOUTS,Bank Payouts,Enterprise,Tier 1,Fin (Dashboard),Crypto,Crypto,1,3,4
PAYOUTS,Bank Payouts,Enterprise,Tier 1,Other,Crypto,EEA,1,0,1
PAYOUTS,Bank Payouts,Enterprise,Tier 1,Other,UAE,MENA,2,0,2
PAYOUTS,Bank Payouts,Enterprise,Tier 1,Other,UK,UK,4,0,4
PAYOUTS,Bank Payouts,Enterprise,Tier 1,Webform & API,Crypto,Crypto,9,0,9
PAYOUTS,Bank Payouts,Enterprise,Tier 1,Webform & API,NORAM,Crypto,1,0,1
PAYOUTS,Bank Payouts,Enterprise,Tier 1,Webform & API,UAE,MENA,9,0,9
PAYOUTS,Bank Payouts,Enterprise,Tier 1,Webform & API,UK,Crypto,8,0,8
PAYOUTS,Bank Payouts,Enterprise,Tier 1,Webform & API,UK,UK,25,0,25
PAYOUTS,Bank Payouts,Enterprise,Tier 2,Email (Internal),Northern Europe,EEA,1,0,1
PAYOUTS,Bank Payouts,Enterprise,Tier 2,Email (Internal),UK,UK,1,0,1
PAYOUTS,Bank Payouts,Enterprise,Tier 2,Email (Merchant),Crypto,Crypto,1,0,1
PAYOUTS,Bank Payouts,Enterprise,Tier 2,Email (Merchant),Singapore/ANZ,APAC,1,0,1
PAYOUTS,Bank Payouts,Enterprise,Tier 2,Email (Merchant),UK,UK,28,0,28
PAYOUTS,Bank Payouts,Enterprise,Tier 2,Fin (Dashboard),Northern Europe,EEA,1,0,1
PAYOUTS,Bank Payouts,Enterprise,Tier 2,Fin (Dashboard),Singapore/ANZ,APAC,1,0,1
PAYOUTS,Bank Payouts,Enterprise,Tier 2,Other,UK,UK,1,0,1
PAYOUTS,Bank Payouts,Enterprise,Tier 2,Webform & API,Crypto,Crypto,5,0,5
PAYOUTS,Bank Payouts,Enterprise,Tier 2,Webform & API,NORAM,NORAM,1,0,1
PAYOUTS,Bank Payouts,Enterprise,Tier 2,Webform & API,NORAM,UK,3,0,3
PAYOUTS,Bank Payouts,Enterprise,Tier 2,Webform & API,Northern Europe,EEA,1,0,1
PAYOUTS,Bank Payouts,Enterprise,Tier 2,Webform & API,UAE,MENA,3,0,3
PAYOUTS,Bank Payouts,Enterprise,Tier 2,Webform & API,UK,UK,3,0,3
PAYOUTS,Bank Payouts,Enterprise,Unknown,Webform & API,Unknown,EEA,1,0,1
PAYOUTS,Bank Payouts,Premium,Tier 1,Email (Internal),Crypto,Crypto,1,0,1
PAYOUTS,Bank Payouts,Premium,Tier 1,Email (Internal),NORAM,NORAM,1,0,1
PAYOUTS,Bank Payouts,Premium,Tier 1,Email (Merchant),Crypto,Crypto,14,0,14
PAYOUTS,Bank Payouts,Premium,Tier 1,Email (Merchant),GCR,APAC,11,0,11
PAYOUTS,Bank Payouts,Premium,Tier 1,Email (Merchant),NORAM,UK,15,0,15
PAYOUTS,Bank Payouts,Premium,Tier 1,Email (Merchant),UK,UK,23,0,23
PAYOUTS,Bank Payouts,Premium,Tier 1,Email (Merchant),Unknown,Crypto,1,0,1
PAYOUTS,Bank Payouts,Premium,Tier 1,Email (Merchant),WW,UK,45,0,45
PAYOUTS,Bank Payouts,Premium,Tier 1,Fin (Dashboard),NORAM,UK,2,7,9
PAYOUTS,Bank Payouts,Premium,Tier 1,Other,GCR,APAC,1,0,1
PAYOUTS,Bank Payouts,Premium,Tier 1,Other,UK,UK,1,0,1
PAYOUTS,Bank Payouts,Premium,Tier 1,Webform & API,Crypto,Crypto,3,0,3
PAYOUTS,Bank Payouts,Premium,Tier 1,Webform & API,UK,UK,5,0,5
PAYOUTS,Bank Payouts,Premium,Tier 1,Webform & API,Unknown,Crypto,5,0,5
PAYOUTS,Bank Payouts,Standard,Tier 2,Webform & API,Crypto,Crypto,2,0,2
PAYOUTS,Bank Payouts,Standard,Tier 2,Webform & API,Mauritius,NORAM,1,0,1
PAYOUTS,Bank Payouts,Standard,Tier 3,Email (Internal),UK,UK,1,0,1
PAYOUTS,Bank Payouts,Standard,Tier 3,Email (Internal),Unknown,EEA,1,0,1
PAYOUTS,Bank Payouts,Standard,Tier 3,Email (Merchant),Crypto,Crypto,1,0,1
PAYOUTS,Bank Payouts,Standard,Tier 3,Email (Merchant),NORAM,Israel,1,0,1
PAYOUTS,Bank Payouts,Standard,Tier 3,Email (Merchant),Singapore/ANZ,NORAM,1,0,1
PAYOUTS,Bank Payouts,Standard,Tier 3,Email (Merchant),Southern Europe,EEA,1,0,1
PAYOUTS,Bank Payouts,Standard,Tier 3,Email (Merchant),UK,UK,36,0,36
PAYOUTS,Bank Payouts,Standard,Tier 3,Email (Merchant),Unknown,Crypto,2,0,2
PAYOUTS,Bank Payouts,Standard,Tier 3,Email (Merchant),Unknown,EEA,62,0,62
PAYOUTS,Bank Payouts,Standard,Tier 3,Email (Merchant),WW,EEA,1,0,1
PAYOUTS,Bank Payouts,Standard,Tier 3,Fin (Dashboard),UK,UK,0,1,1
PAYOUTS,Bank Payouts,Standard,Tier 3,Fin (Dashboard),Unknown,Crypto,0,1,1
PAYOUTS,Bank Payouts,Standard,Tier 3,Fin (Dashboard),Unknown,UK,1,0,1
PAYOUTS,Bank Payouts,Standard,Tier 3,Webform & API,Crypto,Crypto,2,0,2
PAYOUTS,Bank Payouts,Standard,Tier 3,Webform & API,NORAM,Israel,1,0,1
PAYOUTS,Bank Payouts,Standard,Tier 3,Webform & API,NORAM,NORAM,1,0,1
PAYOUTS,Bank Payouts,Standard,Tier 3,Webform & API,UAE,UK,2,0,2
PAYOUTS,Bank Payouts,Standard,Tier 3,Webform & API,UK,Crypto,1,0,1
PAYOUTS,Bank Payouts,Standard,Tier 3,Webform & API,UK,UK,46,0,46
PAYOUTS,Bank Payouts,Standard,Tier 3,Webform & API,Unknown,Crypto,7,0,7
PAYOUTS,Bank Payouts,Standard,Tier 4,Email (Internal),KSA,MENA,1,0,1
PAYOUTS,Bank Payouts,Standard,Tier 4,Email (Internal),UAE,MENA,1,0,1
PAYOUTS,Bank Payouts,Standard,Tier 4,Email (Internal),WW,EEA,1,0,1
PAYOUTS,Bank Payouts,Standard,Tier 4,Email (Internal),WW,WW,1,0,1
PAYOUTS,Bank Payouts,Standard,Tier 4,Email (Merchant),GCR,APAC,1,0,1
PAYOUTS,Bank Payouts,Standard,Tier 4,Email (Merchant),UAE,MENA,1,0,1
PAYOUTS,Bank Payouts,Standard,Tier 4,Email (Merchant),WW,EEA,1,0,1
PAYOUTS,Bank Payouts,Standard,Tier 4,Fin (Dashboard),WW,EEA,0,1,1
PAYOUTS,Bank Payouts,Standard,Tier 4,Fin (Dashboard),WW,WW,0,1,1
PAYOUTS,Bank Payouts,Standard,Tier 4,Other,GCR,APAC,1,0,1
PAYOUTS,Bank Payouts,Standard,Tier 4,Other,UAE,MENA,2,0,2
PAYOUTS,Bank Payouts,Standard,Tier 4,Other,Unknown,UK,1,0,1
PAYOUTS,Bank Payouts,Standard,Tier 4,Webform & API,KSA,EEA,4,0,4
PAYOUTS,Bank Payouts,Standard,Tier 4,Webform & API,Mauritius,Mauritius,2,0,2
PAYOUTS,Bank Payouts,Standard,Tier 4,Webform & API,NORAM,NORAM,1,0,1
PAYOUTS,Bank Payouts,Standard,Tier 4,Webform & API,UAE,MENA,3,0,3
PAYOUTS,Bank Payouts,Standard,Tier 4,Webform & API,WW,WW,1,0,1
PAYOUTS,Bank Payouts,Unmapped,Unknown,Email (Internal),Unknown,Unknown,6,0,6
PAYOUTS,Bank Payouts,Unmapped,Unknown,Email (Merchant),Unknown,Unknown,19,0,19
PAYOUTS,Bank Payouts,Unmapped,Unknown,Webform & API,Unknown,Unknown,1,0,1
PAYOUTS,Card Payouts,Enterprise,Tier 1,Email (Internal),Crypto,Crypto,5,0,5
PAYOUTS,Card Payouts,Enterprise,Tier 1,Email (Internal),NORAM,UK,1,0,1
PAYOUTS,Card Payouts,Enterprise,Tier 1,Email (Internal),UK,Crypto,1,0,1
PAYOUTS,Card Payouts,Enterprise,Tier 1,Email (Internal),UK,UK,1,0,1
PAYOUTS,Card Payouts,Enterprise,Tier 1,Email (Internal),Unknown,NORAM,3,0,3
PAYOUTS,Card Payouts,Enterprise,Tier 1,Email (Merchant),Crypto,Crypto,84,0,84
PAYOUTS,Card Payouts,Enterprise,Tier 1,Email (Merchant),Crypto,EEA,41,0,41
PAYOUTS,Card Payouts,Enterprise,Tier 1,Email (Merchant),UAE,MENA,1,0,1
PAYOUTS,Card Payouts,Enterprise,Tier 1,Email (Merchant),UK,Crypto,50,0,50
PAYOUTS,Card Payouts,Enterprise,Tier 1,Email (Merchant),UK,UK,284,0,284
PAYOUTS,Card Payouts,Enterprise,Tier 1,Email (Merchant),Unknown,Crypto,2,0,2
PAYOUTS,Card Payouts,Enterprise,Tier 1,Email (Merchant),Unknown,NORAM,1,0,1
PAYOUTS,Card Payouts,Enterprise,Tier 1,Email (Merchant),Unknown,UK,1,0,1
PAYOUTS,Card Payouts,Enterprise,Tier 1,Email (Merchant),WW,UK,2,0,2
PAYOUTS,Card Payouts,Enterprise,Tier 1,Fin (Dashboard),Crypto,Crypto,2,5,7
PAYOUTS,Card Payouts,Enterprise,Tier 1,Fin (Dashboard),NORAM,Crypto,0,1,1
PAYOUTS,Card Payouts,Enterprise,Tier 1,Fin (Dashboard),UK,Crypto,0,1,1
PAYOUTS,Card Payouts,Enterprise,Tier 1,Fin (Dashboard),WW,UK,1,0,1
PAYOUTS,Card Payouts,Enterprise,Tier 1,Other,Crypto,Crypto,1,0,1
PAYOUTS,Card Payouts,Enterprise,Tier 1,Other,Crypto,EEA,1,0,1
PAYOUTS,Card Payouts,Enterprise,Tier 1,Other,UAE,MENA,1,0,1
PAYOUTS,Card Payouts,Enterprise,Tier 1,Other,UK,UK,21,0,21
PAYOUTS,Card Payouts,Enterprise,Tier 1,Other,Unknown,NORAM,1,0,1
PAYOUTS,Card Payouts,Enterprise,Tier 1,Webform & API,Crypto,Crypto,68,0,68
PAYOUTS,Card Payouts,Enterprise,Tier 1,Webform & API,NORAM,Crypto,9,0,9
PAYOUTS,Card Payouts,Enterprise,Tier 1,Webform & API,UAE,MENA,13,0,13
PAYOUTS,Card Payouts,Enterprise,Tier 1,Webform & API,UK,Crypto,18,0,18
PAYOUTS,Card Payouts,Enterprise,Tier 1,Webform & API,UK,UK,59,0,59
PAYOUTS,Card Payouts,Enterprise,Tier 2,Email (Internal),Crypto,Crypto,1,0,1
PAYOUTS,Card Payouts,Enterprise,Tier 2,Email (Internal),UK,UK,3,0,3
PAYOUTS,Card Payouts,Enterprise,Tier 2,Email (Merchant),GCR,APAC,3,0,3
PAYOUTS,Card Payouts,Enterprise,Tier 2,Email (Merchant),NORAM,Crypto,2,0,2
PAYOUTS,Card Payouts,Enterprise,Tier 2,Email (Merchant),NORAM,EEA,1,0,1
PAYOUTS,Card Payouts,Enterprise,Tier 2,Email (Merchant),NORAM,UK,5,0,5
PAYOUTS,Card Payouts,Enterprise,Tier 2,Email (Merchant),Singapore/ANZ,APAC,1,0,1
PAYOUTS,Card Payouts,Enterprise,Tier 2,Email (Merchant),UAE,MENA,5,0,5
PAYOUTS,Card Payouts,Enterprise,Tier 2,Email (Merchant),UK,UK,107,0,107
PAYOUTS,Card Payouts,Enterprise,Tier 2,Fin (Dashboard),NORAM,NORAM,0,1,1
PAYOUTS,Card Payouts,Enterprise,Tier 2,Fin (Dashboard),NORAM,UK,1,1,2
PAYOUTS,Card Payouts,Enterprise,Tier 2,Fin (Dashboard),UK,UK,0,2,2
PAYOUTS,Card Payouts,Enterprise,Tier 2,Other,UAE,MENA,1,0,1
PAYOUTS,Card Payouts,Enterprise,Tier 2,Other,UK,UK,5,0,5
PAYOUTS,Card Payouts,Enterprise,Tier 2,Webform & API,Crypto,Crypto,15,0,15
PAYOUTS,Card Payouts,Enterprise,Tier 2,Webform & API,NORAM,Crypto,1,0,1
PAYOUTS,Card Payouts,Enterprise,Tier 2,Webform & API,NORAM,NORAM,1,0,1
PAYOUTS,Card Payouts,Enterprise,Tier 2,Webform & API,NORAM,UK,15,0,15
PAYOUTS,Card Payouts,Enterprise,Tier 2,Webform & API,UAE,MENA,12,0,12
PAYOUTS,Card Payouts,Enterprise,Tier 2,Webform & API,UK,UK,3,0,3
PAYOUTS,Card Payouts,Enterprise,Tier 2,Webform & API,WW,EEA,1,0,1
PAYOUTS,Card Payouts,Enterprise,Tier 4,Email (Internal),UK,UK,1,0,1
PAYOUTS,Card Payouts,Premium,Tier 1,Email (Internal),Crypto,Crypto,4,0,4
PAYOUTS,Card Payouts,Premium,Tier 1,Email (Internal),GCR,APAC,3,0,3
PAYOUTS,Card Payouts,Premium,Tier 1,Email (Internal),NORAM,NORAM,1,0,1
PAYOUTS,Card Payouts,Premium,Tier 1,Email (Internal),NORAM,UK,13,0,13
PAYOUTS,Card Payouts,Premium,Tier 1,Email (Internal),UK,Crypto,1,0,1
PAYOUTS,Card Payouts,Premium,Tier 1,Email (Internal),UK,UK,3,0,3
PAYOUTS,Card Payouts,Premium,Tier 1,Email (Merchant),Crypto,Crypto,46,0,46
PAYOUTS,Card Payouts,Premium,Tier 1,Email (Merchant),GCR,APAC,182,0,182
PAYOUTS,Card Payouts,Premium,Tier 1,Email (Merchant),NORAM,UK,40,0,40
PAYOUTS,Card Payouts,Premium,Tier 1,Email (Merchant),UK,UK,90,0,90
PAYOUTS,Card Payouts,Premium,Tier 1,Email (Merchant),Unknown,Crypto,1,0,1
PAYOUTS,Card Payouts,Premium,Tier 1,Email (Merchant),WW,EEA,1,0,1
PAYOUTS,Card Payouts,Premium,Tier 1,Email (Merchant),WW,UK,107,0,107
PAYOUTS,Card Payouts,Premium,Tier 1,Fin (Dashboard),NORAM,UK,1,1,2
PAYOUTS,Card Payouts,Premium,Tier 1,Fin (Dashboard),UK,UK,0,1,1
PAYOUTS,Card Payouts,Premium,Tier 1,Other,Crypto,Crypto,6,0,6
PAYOUTS,Card Payouts,Premium,Tier 1,Other,GCR,APAC,5,0,5
PAYOUTS,Card Payouts,Premium,Tier 1,Other,NORAM,UK,3,0,3
PAYOUTS,Card Payouts,Premium,Tier 1,Other,UK,EEA,1,0,1
PAYOUTS,Card Payouts,Premium,Tier 1,Other,UK,UK,3,0,3
PAYOUTS,Card Payouts,Premium,Tier 1,Webform & API,Crypto,Crypto,8,0,8
PAYOUTS,Card Payouts,Premium,Tier 1,Webform & API,NORAM,UK,1,0,1
PAYOUTS,Card Payouts,Premium,Tier 1,Webform & API,Singapore/ANZ,NORAM,3,0,3
PAYOUTS,Card Payouts,Premium,Tier 1,Webform & API,UK,UK,1,0,1
PAYOUTS,Card Payouts,Premium,Tier 1,Webform & API,Unknown,Crypto,4,0,4
PAYOUTS,Card Payouts,Premium,Tier 1,Webform & API,WW,EEA,1,0,1
PAYOUTS,Card Payouts,Standard,Tier 2,Email (Merchant),Mauritius,NORAM,1,0,1
PAYOUTS,Card Payouts,Standard,Tier 2,Email (Merchant),Singapore/ANZ,APAC,1,0,1
PAYOUTS,Card Payouts,Standard,Tier 2,Email (Merchant),UK,UK,1,0,1
PAYOUTS,Card Payouts,Standard,Tier 2,Webform & API,Crypto,Crypto,6,0,6
PAYOUTS,Card Payouts,Standard,Tier 2,Webform & API,UK,UK,3,0,3
PAYOUTS,Card Payouts,Standard,Tier 3,Email (Internal),Central Europe,EEA,1,0,1
PAYOUTS,Card Payouts,Standard,Tier 3,Email (Internal),Crypto,Crypto,1,0,1
PAYOUTS,Card Payouts,Standard,Tier 3,Email (Internal),NORAM,EEA,1,0,1
PAYOUTS,Card Payouts,Standard,Tier 3,Email (Internal),NORAM,Israel,2,0,2
PAYOUTS,Card Payouts,Standard,Tier 3,Email (Internal),Northern Europe,EEA,2,0,2
PAYOUTS,Card Payouts,Standard,Tier 3,Email (Internal),UAE,MENA,2,0,2
PAYOUTS,Card Payouts,Standard,Tier 3,Email (Internal),UK,UK,7,0,7
PAYOUTS,Card Payouts,Standard,Tier 3,Email (Internal),Unknown,Crypto,1,0,1
PAYOUTS,Card Payouts,Standard,Tier 3,Email (Internal),Unknown,EEA,1,0,1
PAYOUTS,Card Payouts,Standard,Tier 3,Email (Internal),Unknown,UK,1,0,1
PAYOUTS,Card Payouts,Standard,Tier 3,Email (Merchant),Crypto,Crypto,2,0,2
PAYOUTS,Card Payouts,Standard,Tier 3,Email (Merchant),NORAM,Israel,2,0,2
PAYOUTS,Card Payouts,Standard,Tier 3,Email (Merchant),Southern Europe,EEA,6,0,6
PAYOUTS,Card Payouts,Standard,Tier 3,Email (Merchant),UAE,MENA,2,0,2
PAYOUTS,Card Payouts,Standard,Tier 3,Email (Merchant),UAE,Unknown,1,0,1
PAYOUTS,Card Payouts,Standard,Tier 3,Email (Merchant),UK,UK,32,0,32
PAYOUTS,Card Payouts,Standard,Tier 3,Email (Merchant),Unknown,Crypto,3,0,3
PAYOUTS,Card Payouts,Standard,Tier 3,Email (Merchant),Unknown,EEA,18,0,18
PAYOUTS,Card Payouts,Standard,Tier 3,Email (Merchant),WW,EEA,3,0,3
PAYOUTS,Card Payouts,Standard,Tier 3,Fin (Dashboard),NORAM,NORAM,1,0,1
PAYOUTS,Card Payouts,Standard,Tier 3,Fin (Dashboard),UK,UK,1,0,1
PAYOUTS,Card Payouts,Standard,Tier 3,Fin (Dashboard),Unknown,Crypto,1,0,1
PAYOUTS,Card Payouts,Standard,Tier 3,Other,UK,UK,1,0,1
PAYOUTS,Card Payouts,Standard,Tier 3,Webform & API,Crypto,Crypto,7,0,7
PAYOUTS,Card Payouts,Standard,Tier 3,Webform & API,NORAM,Israel,1,0,1
PAYOUTS,Card Payouts,Standard,Tier 3,Webform & API,NORAM,NORAM,3,0,3
PAYOUTS,Card Payouts,Standard,Tier 3,Webform & API,Northern Europe,EEA,1,0,1
PAYOUTS,Card Payouts,Standard,Tier 3,Webform & API,UAE,MENA,2,0,2
PAYOUTS,Card Payouts,Standard,Tier 3,Webform & API,UAE,Unknown,2,0,2
PAYOUTS,Card Payouts,Standard,Tier 3,Webform & API,UK,UK,56,0,56
PAYOUTS,Card Payouts,Standard,Tier 3,Webform & API,Unknown,Crypto,14,0,14
PAYOUTS,Card Payouts,Standard,Tier 3,Webform & API,Unknown,EEA,1,0,1
PAYOUTS,Card Payouts,Standard,Tier 3,Webform & API,WW,EEA,1,0,1
PAYOUTS,Card Payouts,Standard,Tier 4,Email (Internal),Mauritius,Mauritius,1,0,1
PAYOUTS,Card Payouts,Standard,Tier 4,Email (Merchant),GCR,APAC,6,0,6
PAYOUTS,Card Payouts,Standard,Tier 4,Email (Merchant),Mauritius,Mauritius,1,0,1
PAYOUTS,Card Payouts,Standard,Tier 4,Email (Merchant),UAE,MENA,1,0,1
PAYOUTS,Card Payouts,Standard,Tier 4,Email (Merchant),Unknown,MENA,1,0,1
PAYOUTS,Card Payouts,Standard,Tier 4,Email (Merchant),Unknown,UK,2,0,2
PAYOUTS,Card Payouts,Standard,Tier 4,Email (Merchant),WW,EEA,5,0,5
PAYOUTS,Card Payouts,Standard,Tier 4,Fin (Dashboard),Crypto,Crypto,0,1,1
PAYOUTS,Card Payouts,Standard,Tier 4,Fin (Dashboard),KSA,EEA,1,0,1
PAYOUTS,Card Payouts,Standard,Tier 4,Other,KSA,EEA,1,0,1
PAYOUTS,Card Payouts,Standard,Tier 4,Other,Mauritius,Mauritius,1,0,1
PAYOUTS,Card Payouts,Standard,Tier 4,Other,UAE,MENA,4,0,4
PAYOUTS,Card Payouts,Standard,Tier 4,Other,UK,UK,1,0,1
PAYOUTS,Card Payouts,Standard,Tier 4,Other,Unknown,MENA,1,0,1
PAYOUTS,Card Payouts,Standard,Tier 4,Other,Unknown,UK,5,0,5
PAYOUTS,Card Payouts,Standard,Tier 4,Webform & API,GCR,APAC,1,0,1
PAYOUTS,Card Payouts,Standard,Tier 4,Webform & API,KSA,EEA,16,0,16
PAYOUTS,Card Payouts,Standard,Tier 4,Webform & API,Mauritius,Mauritius,11,0,11
PAYOUTS,Card Payouts,Standard,Tier 4,Webform & API,NORAM,NORAM,9,0,9
PAYOUTS,Card Payouts,Standard,Tier 4,Webform & API,UK,UK,5,0,5
PAYOUTS,Card Payouts,Standard,Tier 4,Webform & API,Unknown,UK,3,0,3
PAYOUTS,Card Payouts,Standard,Tier 4,Webform & API,WW,EEA,1,0,1
PAYOUTS,Card Payouts,Standard,Unknown,Email (Internal),UK,UK,1,0,1
PAYOUTS,Card Payouts,Standard,Unknown,Webform & API,UK,UK,1,0,1
PAYOUTS,Card Payouts,Unmapped,Unknown,Email (Internal),Unknown,Unknown,5,0,5
PAYOUTS,Card Payouts,Unmapped,Unknown,Email (Merchant),Unknown,Unknown,26,0,26
PAYOUTS,Card Payouts,Unmapped,Unknown,Fin (Dashboard),Unknown,Unknown,0,2,2
PAYOUTS,Card Payouts,Unmapped,Unknown,Webform & API,Unknown,Unknown,4,0,4
PLATFORMS,Sub-Merchant onboarding,Enterprise,Tier 1,Email (Merchant),UAE,MENA,1,0,1
PLATFORMS,Sub-Merchant onboarding,Enterprise,Tier 1,Email (Merchant),WW,UK,1,0,1
PLATFORMS,Sub-Merchant onboarding,Enterprise,Tier 2,Email (Merchant),Central Europe,EEA,2,0,2
PLATFORMS,Sub-Merchant onboarding,Enterprise,Tier 3,Email (Internal),WW,EEA,1,0,1
PLATFORMS,Sub-Merchant onboarding,Enterprise,Tier 3,Fin (Dashboard),WW,EEA,0,1,1
PLATFORMS,Sub-Merchant onboarding,Premium,Tier 1,Fin (Dashboard),WW,EEA,0,1,1
PLATFORMS,Sub-Merchant onboarding,Standard,Tier 3,Email (Internal),GCR,APAC,1,0,1
PLATFORMS,Sub-Merchant onboarding,Standard,Tier 3,Email (Internal),NORAM,NORAM,1,0,1
PLATFORMS,Sub-Merchant onboarding,Standard,Tier 3,Email (Internal),UAE,MENA,2,0,2
PLATFORMS,Sub-Merchant onboarding,Standard,Tier 3,Email (Merchant),NORAM,Israel,8,0,8
PLATFORMS,Sub-Merchant onboarding,Standard,Tier 3,Email (Merchant),Unknown,UK,1,0,1
PLATFORMS,Sub-Merchant onboarding,Standard,Tier 3,Fin (Dashboard),NORAM,Israel,0,1,1
PLATFORMS,Sub-Merchant onboarding,Standard,Tier 3,Fin (Dashboard),NORAM,NORAM,2,4,6
PLATFORMS,Sub-Merchant onboarding,Standard,Tier 3,Fin (Dashboard),Northern Europe,EEA,0,1,1
PLATFORMS,Sub-Merchant onboarding,Standard,Tier 3,Fin (Dashboard),UAE,MENA,0,1,1
PLATFORMS,Sub-Merchant onboarding,Standard,Tier 3,Fin (Dashboard),Unknown,UK,0,1,1
PLATFORMS,Sub-Merchant onboarding,Standard,Tier 3,Webform & API,EU,EEA,1,0,1
PLATFORMS,Sub-Merchant onboarding,Standard,Tier 3,Webform & API,NORAM,Israel,3,0,3
PLATFORMS,Sub-Merchant onboarding,Standard,Tier 3,Webform & API,NORAM,NORAM,1,0,1
PLATFORMS,Sub-Merchant onboarding,Standard,Tier 3,Webform & API,Northern Europe,EEA,1,0,1
PLATFORMS,Sub-Merchant onboarding,Standard,Tier 3,Webform & API,UAE,MENA,2,0,2
PLATFORMS,Sub-Merchant onboarding,Standard,Tier 4,Email (Internal),NORAM,NORAM,1,0,1
PLATFORMS,Sub-Merchant onboarding,Standard,Tier 4,Email (Merchant),NORAM,NORAM,3,0,3
PLATFORMS,Sub-Merchant onboarding,Standard,Tier 4,Fin (Dashboard),NORAM,NORAM,1,0,1
PLATFORMS,Sub-Merchant onboarding,Standard,Tier 4,Fin (Dashboard),Unknown,APAC,0,1,1
PLATFORMS,Sub-Merchant onboarding,Standard,Tier 4,Fin (Dashboard),Unknown,NORAM,0,1,1
PLATFORMS,Sub-Merchant onboarding,Standard,Tier 4,Other,NORAM,NORAM,1,0,1
PLATFORMS,Sub-Merchant onboarding,Standard,Tier 4,Webform & API,NORAM,NORAM,12,0,12
PLATFORMS,Sub-Merchant onboarding,Unmapped,Unknown,Email (Internal),Unknown,Unknown,1,0,1
PLATFORMS,Sub-Merchant onboarding,Unmapped,Unknown,Email (Merchant),Unknown,Unknown,3,0,3
PLATFORMS,Sub-Merchant onboarding,Unmapped,Unknown,Fin (Dashboard),Unknown,Unknown,2,3,5
PLATFORMS,Sub-Merchant onboarding,Unmapped,Unknown,Other,Unknown,Unknown,1,0,1
PLATFORMS,Transfers & Splits,Enterprise,Tier 1,Email (Internal),UK,Mauritius,1,0,1
PLATFORMS,Transfers & Splits,Enterprise,Tier 1,Email (Internal),WW,UK,1,0,1
PLATFORMS,Transfers & Splits,Enterprise,Tier 1,Webform & API,Unknown,NORAM,1,0,1
PLATFORMS,Transfers & Splits,Enterprise,Tier 2,Fin (Dashboard),GCR,APAC,0,1,1
PLATFORMS,Transfers & Splits,Premium,Tier 1,Email (Merchant),NORAM,UK,1,0,1
PLATFORMS,Transfers & Splits,Premium,Tier 1,Email (Merchant),WW,APAC,1,0,1
PLATFORMS,Transfers & Splits,Standard,Tier 3,Email (Merchant),NORAM,Israel,2,0,2
PLATFORMS,Transfers & Splits,Standard,Tier 3,Email (Merchant),NORAM,NORAM,1,0,1
PLATFORMS,Transfers & Splits,Standard,Tier 3,Fin (Dashboard),NORAM,NORAM,0,1,1
PLATFORMS,Transfers & Splits,Standard,Tier 4,Email (Merchant),UAE,MENA,2,0,2
PLATFORMS,Transfers & Splits,Standard,Tier 4,Fin (Dashboard),Crypto,APAC,0,1,1
PLATFORMS,Transfers & Splits,Standard,Tier 4,Fin (Dashboard),WW,EEA,1,0,1
PLATFORMS,Transfers & Splits,Standard,Tier 4,Webform & API,Singapore/ANZ,APAC,1,0,1
PLATFORMS,Transfers & Splits,Standard,Tier 4,Webform & API,UAE,MENA,1,0,1
PLATFORMS,Transfers & Splits,Unmapped,Unknown,Email (Merchant),Unknown,Unknown,1,0,1
TECHNICAL ISSUE,API Credentials,Enterprise,Tier 1,Email (Internal),UAE,MENA,1,0,1
TECHNICAL ISSUE,API Credentials,Enterprise,Tier 1,Email (Merchant),Crypto,Crypto,4,0,4
TECHNICAL ISSUE,API Credentials,Enterprise,Tier 1,Email (Merchant),Crypto,EEA,1,0,1
TECHNICAL ISSUE,API Credentials,Enterprise,Tier 1,Email (Merchant),NORAM,Crypto,1,0,1
TECHNICAL ISSUE,API Credentials,Enterprise,Tier 1,Email (Merchant),UK,UK,1,0,1
TECHNICAL ISSUE,API Credentials,Enterprise,Tier 1,Webform & API,NORAM,Crypto,2,0,2
TECHNICAL ISSUE,API Credentials,Enterprise,Tier 1,Webform & API,UK,UK,1,0,1
TECHNICAL ISSUE,API Credentials,Enterprise,Tier 2,Email (Internal),Southern Europe,EEA,1,0,1
TECHNICAL ISSUE,API Credentials,Enterprise,Tier 2,Email (Merchant),Crypto,Crypto,5,0,5
TECHNICAL ISSUE,API Credentials,Enterprise,Tier 2,Email (Merchant),Singapore/ANZ,APAC,1,0,1
TECHNICAL ISSUE,API Credentials,Enterprise,Tier 2,Email (Merchant),UAE,MENA,1,0,1
TECHNICAL ISSUE,API Credentials,Enterprise,Tier 2,Email (Merchant),UK,UK,1,0,1
TECHNICAL ISSUE,API Credentials,Enterprise,Tier 2,Fin (Dashboard),Crypto,APAC,1,1,2
TECHNICAL ISSUE,API Credentials,Enterprise,Tier 2,Other,Crypto,Crypto,3,0,3
TECHNICAL ISSUE,API Credentials,Enterprise,Tier 3,Email (Merchant),UAE,MENA,1,0,1
TECHNICAL ISSUE,API Credentials,Enterprise,Tier 3,Fin (Dashboard),UAE,MENA,0,1,1
TECHNICAL ISSUE,API Credentials,Enterprise,Tier 3,Webform & API,UK,UK,1,0,1
TECHNICAL ISSUE,API Credentials,Enterprise,Tier 4,Email (Merchant),UK,UK,1,0,1
TECHNICAL ISSUE,API Credentials,Enterprise,Tier 4,Fin (Dashboard),UK,UK,0,1,1
TECHNICAL ISSUE,API Credentials,Enterprise,Tier 4,Other,UAE,MENA,1,0,1
TECHNICAL ISSUE,API Credentials,Enterprise,Tier 4,Webform & API,UAE,MENA,1,0,1
TECHNICAL ISSUE,API Credentials,Enterprise,Tier 4,Webform & API,UK,UK,1,0,1
TECHNICAL ISSUE,API Credentials,Premium,Tier 1,Email (Internal),Crypto,Crypto,1,0,1
TECHNICAL ISSUE,API Credentials,Premium,Tier 1,Email (Internal),NORAM,UK,1,0,1
TECHNICAL ISSUE,API Credentials,Premium,Tier 1,Email (Merchant),WW,APAC,1,0,1
TECHNICAL ISSUE,API Credentials,Premium,Tier 1,Fin (Dashboard),UAE,MENA,0,1,1
TECHNICAL ISSUE,API Credentials,Premium,Tier 1,Fin (Dashboard),WW,MENA,0,1,1
TECHNICAL ISSUE,API Credentials,Premium,Tier 1,Webform & API,NORAM,NORAM,1,0,1
TECHNICAL ISSUE,API Credentials,Standard,Tier 2,Email (Merchant),UAE,MENA,1,0,1
TECHNICAL ISSUE,API Credentials,Standard,Tier 3,Email (Internal),Issuing,Unknown,1,0,1
TECHNICAL ISSUE,API Credentials,Standard,Tier 3,Email (Internal),NORAM,MENA,1,0,1
TECHNICAL ISSUE,API Credentials,Standard,Tier 3,Email (Internal),Unknown,UK,1,0,1
TECHNICAL ISSUE,API Credentials,Standard,Tier 3,Email (Internal),WW,MENA,1,0,1
TECHNICAL ISSUE,API Credentials,Standard,Tier 3,Email (Internal),WW,NORAM,1,0,1
TECHNICAL ISSUE,API Credentials,Standard,Tier 3,Email (Merchant),Crypto,Crypto,1,0,1
TECHNICAL ISSUE,API Credentials,Standard,Tier 3,Email (Merchant),Northern Europe,EEA,2,0,2
TECHNICAL ISSUE,API Credentials,Standard,Tier 3,Email (Merchant),UAE,MENA,3,0,3
TECHNICAL ISSUE,API Credentials,Standard,Tier 3,Email (Merchant),Unknown,Crypto,1,0,1
TECHNICAL ISSUE,API Credentials,Standard,Tier 3,Email (Merchant),Unknown,EEA,1,0,1
TECHNICAL ISSUE,API Credentials,Standard,Tier 3,Email (Merchant),WW,MENA,1,0,1
TECHNICAL ISSUE,API Credentials,Standard,Tier 3,Email (Merchant),WW,NORAM,1,0,1
TECHNICAL ISSUE,API Credentials,Standard,Tier 3,Fin (Dashboard),NORAM,NORAM,1,0,1
TECHNICAL ISSUE,API Credentials,Standard,Tier 3,Fin (Dashboard),Singapore/ANZ,APAC,0,1,1
TECHNICAL ISSUE,API Credentials,Standard,Tier 3,Fin (Dashboard),Southern Europe,Mauritius,1,0,1
TECHNICAL ISSUE,API Credentials,Standard,Tier 3,Fin (Dashboard),UAE,MENA,0,3,3
TECHNICAL ISSUE,API Credentials,Standard,Tier 3,Fin (Dashboard),Ubble,EEA,0,1,1
TECHNICAL ISSUE,API Credentials,Standard,Tier 3,Fin (Dashboard),WW,NORAM,0,1,1
TECHNICAL ISSUE,API Credentials,Standard,Tier 3,Other,Unknown,UK,1,0,1
TECHNICAL ISSUE,API Credentials,Standard,Tier 4,Email (Internal),Mauritius,NORAM,1,0,1
TECHNICAL ISSUE,API Credentials,Standard,Tier 4,Email (Internal),UAE,MENA,2,0,2
TECHNICAL ISSUE,API Credentials,Standard,Tier 4,Email (Merchant),Central Europe,EEA,1,0,1
TECHNICAL ISSUE,API Credentials,Standard,Tier 4,Email (Merchant),EU,UK,1,0,1
TECHNICAL ISSUE,API Credentials,Standard,Tier 4,Email (Merchant),GCR,APAC,2,0,2
TECHNICAL ISSUE,API Credentials,Standard,Tier 4,Email (Merchant),Mauritius,Mauritius,1,0,1
TECHNICAL ISSUE,API Credentials,Standard,Tier 4,Email (Merchant),UAE,MENA,1,0,1
TECHNICAL ISSUE,API Credentials,Standard,Tier 4,Email (Merchant),UK,Mauritius,1,0,1
TECHNICAL ISSUE,API Credentials,Standard,Tier 4,Email (Merchant),Unknown,UK,1,0,1
TECHNICAL ISSUE,API Credentials,Standard,Tier 4,Fin (Dashboard),KSA,EEA,0,1,1
TECHNICAL ISSUE,API Credentials,Standard,Tier 4,Fin (Dashboard),UAE,MENA,0,1,1
TECHNICAL ISSUE,API Credentials,Standard,Tier 4,Fin (Dashboard),Unknown,EEA,0,1,1
TECHNICAL ISSUE,API Credentials,Standard,Tier 4,Fin (Dashboard),Unknown,MENA,0,1,1
TECHNICAL ISSUE,API Credentials,Standard,Tier 4,Fin (Dashboard),WW,Mauritius,0,1,1
TECHNICAL ISSUE,API Credentials,Standard,Tier 4,Other,Central Europe,EEA,1,0,1
TECHNICAL ISSUE,API Credentials,Standard,Tier 4,Other,Mauritius,Mauritius,8,0,8
TECHNICAL ISSUE,API Credentials,Standard,Tier 4,Other,UAE,MENA,5,0,5
TECHNICAL ISSUE,API Credentials,Standard,Tier 4,Other,Unknown,APAC,1,0,1
TECHNICAL ISSUE,API Credentials,Standard,Tier 4,Other,Unknown,Crypto,2,0,2
TECHNICAL ISSUE,API Credentials,Standard,Tier 4,Webform & API,Central Europe,EEA,1,0,1
TECHNICAL ISSUE,API Credentials,Standard,Tier 4,Webform & API,Crypto,Crypto,1,0,1
TECHNICAL ISSUE,API Credentials,Standard,Tier 4,Webform & API,EU,UK,1,0,1
TECHNICAL ISSUE,API Credentials,Standard,Tier 4,Webform & API,Mauritius,Mauritius,1,0,1
TECHNICAL ISSUE,API Credentials,Standard,Tier 4,Webform & API,NORAM,Mauritius,2,0,2
TECHNICAL ISSUE,API Credentials,Standard,Tier 4,Webform & API,NORAM,NORAM,1,0,1
TECHNICAL ISSUE,API Credentials,Standard,Tier 4,Webform & API,UAE,MENA,5,0,5
TECHNICAL ISSUE,API Credentials,Standard,Tier 4,Webform & API,UK,Mauritius,1,0,1
TECHNICAL ISSUE,API Credentials,Standard,Tier 4,Webform & API,Unknown,UK,1,0,1
TECHNICAL ISSUE,API Credentials,Unmapped,Unknown,Email (Internal),Unknown,Unknown,7,0,7
TECHNICAL ISSUE,API Credentials,Unmapped,Unknown,Email (Merchant),Unknown,Unknown,132,0,132
TECHNICAL ISSUE,API Credentials,Unmapped,Unknown,Fin (Dashboard),Unknown,Unknown,1,0,1
TECHNICAL ISSUE,API Credentials,Unmapped,Unknown,Other,Unknown,Unknown,1,0,1
TECHNICAL ISSUE,API Integration,Enterprise,Tier 1,Email (Internal),Crypto,Crypto,3,0,3
TECHNICAL ISSUE,API Integration,Enterprise,Tier 1,Email (Internal),NORAM,EEA,1,0,1
TECHNICAL ISSUE,API Integration,Enterprise,Tier 1,Email (Internal),UAE,MENA,4,0,4
TECHNICAL ISSUE,API Integration,Enterprise,Tier 1,Email (Internal),UK,EEA,1,0,1
TECHNICAL ISSUE,API Integration,Enterprise,Tier 1,Email (Internal),UK,UK,2,0,2
TECHNICAL ISSUE,API Integration,Enterprise,Tier 1,Email (Internal),Unknown,NORAM,1,0,1
TECHNICAL ISSUE,API Integration,Enterprise,Tier 1,Email (Internal),WW,APAC,1,0,1
TECHNICAL ISSUE,API Integration,Enterprise,Tier 1,Email (Internal),WW,EEA,2,0,2
TECHNICAL ISSUE,API Integration,Enterprise,Tier 1,Email (Internal),WW,MENA,2,0,2
TECHNICAL ISSUE,API Integration,Enterprise,Tier 1,Email (Merchant),Crypto,Crypto,1,0,1
TECHNICAL ISSUE,API Integration,Enterprise,Tier 1,Email (Merchant),GCR,APAC,1,0,1
TECHNICAL ISSUE,API Integration,Enterprise,Tier 1,Email (Merchant),NORAM,UK,5,0,5
TECHNICAL ISSUE,API Integration,Enterprise,Tier 1,Email (Merchant),UAE,MENA,2,0,2
TECHNICAL ISSUE,API Integration,Enterprise,Tier 1,Email (Merchant),UK,EEA,1,0,1
TECHNICAL ISSUE,API Integration,Enterprise,Tier 1,Email (Merchant),UK,UK,4,0,4
TECHNICAL ISSUE,API Integration,Enterprise,Tier 1,Email (Merchant),Unknown,Crypto,1,0,1
TECHNICAL ISSUE,API Integration,Enterprise,Tier 1,Email (Merchant),Unknown,UK,1,0,1
TECHNICAL ISSUE,API Integration,Enterprise,Tier 1,Email (Merchant),WW,MENA,3,0,3
TECHNICAL ISSUE,API Integration,Enterprise,Tier 1,Fin (Dashboard),Crypto,Crypto,1,0,1
TECHNICAL ISSUE,API Integration,Enterprise,Tier 1,Fin (Dashboard),UK,Crypto,0,1,1
TECHNICAL ISSUE,API Integration,Enterprise,Tier 1,Other,Crypto,EEA,1,0,1
TECHNICAL ISSUE,API Integration,Enterprise,Tier 1,Other,GCR,APAC,1,0,1
TECHNICAL ISSUE,API Integration,Enterprise,Tier 1,Webform & API,Crypto,Crypto,4,0,4
TECHNICAL ISSUE,API Integration,Enterprise,Tier 1,Webform & API,NORAM,NORAM,2,0,2
TECHNICAL ISSUE,API Integration,Enterprise,Tier 1,Webform & API,Unknown,UK,2,0,2
TECHNICAL ISSUE,API Integration,Enterprise,Tier 2,Email (Internal),Southern Europe,EEA,3,0,3
TECHNICAL ISSUE,API Integration,Enterprise,Tier 2,Email (Internal),UAE,MENA,2,0,2
TECHNICAL ISSUE,API Integration,Enterprise,Tier 2,Email (Internal),UK,UK,1,0,1
TECHNICAL ISSUE,API Integration,Enterprise,Tier 2,Email (Internal),Unknown,UK,1,0,1
TECHNICAL ISSUE,API Integration,Enterprise,Tier 2,Email (Internal),WW,EEA,1,0,1
TECHNICAL ISSUE,API Integration,Enterprise,Tier 2,Email (Merchant),Crypto,Crypto,7,0,7
TECHNICAL ISSUE,API Integration,Enterprise,Tier 2,Email (Merchant),NORAM,NORAM,1,0,1
TECHNICAL ISSUE,API Integration,Enterprise,Tier 2,Email (Merchant),NORAM,UK,2,0,2
TECHNICAL ISSUE,API Integration,Enterprise,Tier 2,Email (Merchant),UAE,MENA,14,0,14
TECHNICAL ISSUE,API Integration,Enterprise,Tier 2,Email (Merchant),UK,EEA,3,0,3
TECHNICAL ISSUE,API Integration,Enterprise,Tier 2,Email (Merchant),UK,UK,9,0,9
TECHNICAL ISSUE,API Integration,Enterprise,Tier 2,Email (Merchant),Unknown,NORAM,1,0,1
TECHNICAL ISSUE,API Integration,Enterprise,Tier 2,Email (Merchant),Unknown,UK,1,0,1
TECHNICAL ISSUE,API Integration,Enterprise,Tier 2,Email (Merchant),WW,UK,1,0,1
TECHNICAL ISSUE,API Integration,Enterprise,Tier 2,Fin (Dashboard),NORAM,UK,0,1,1
TECHNICAL ISSUE,API Integration,Enterprise,Tier 2,Fin (Dashboard),UAE,MENA,0,1,1
TECHNICAL ISSUE,API Integration,Enterprise,Tier 2,Fin (Dashboard),Unknown,EEA,1,0,1
TECHNICAL ISSUE,API Integration,Enterprise,Tier 2,Fin (Dashboard),WW,EEA,0,2,2
TECHNICAL ISSUE,API Integration,Enterprise,Tier 2,Other,Central Europe,EEA,1,0,1
TECHNICAL ISSUE,API Integration,Enterprise,Tier 2,Other,Crypto,Crypto,2,0,2
TECHNICAL ISSUE,API Integration,Enterprise,Tier 2,Other,NORAM,UK,1,0,1
TECHNICAL ISSUE,API Integration,Enterprise,Tier 2,Webform & API,Issuing,UK,3,0,3
TECHNICAL ISSUE,API Integration,Enterprise,Tier 2,Webform & API,NORAM,UK,1,0,1
TECHNICAL ISSUE,API Integration,Enterprise,Tier 2,Webform & API,Northern Europe,EEA,1,0,1
TECHNICAL ISSUE,API Integration,Enterprise,Tier 2,Webform & API,Southern Europe,EEA,1,0,1
TECHNICAL ISSUE,API Integration,Enterprise,Tier 2,Webform & API,UAE,MENA,4,0,4
TECHNICAL ISSUE,API Integration,Enterprise,Tier 2,Webform & API,UK,UK,2,0,2
TECHNICAL ISSUE,API Integration,Enterprise,Tier 2,Webform & API,WW,EEA,3,0,3
TECHNICAL ISSUE,API Integration,Enterprise,Tier 3,Email (Internal),GCR,APAC,3,0,3
TECHNICAL ISSUE,API Integration,Enterprise,Tier 3,Email (Internal),UAE,MENA,1,0,1
TECHNICAL ISSUE,API Integration,Enterprise,Tier 3,Email (Internal),WW,Israel,2,0,2
TECHNICAL ISSUE,API Integration,Enterprise,Tier 3,Email (Merchant),NORAM,NORAM,1,0,1
TECHNICAL ISSUE,API Integration,Enterprise,Tier 3,Email (Merchant),UAE,MENA,10,0,10
TECHNICAL ISSUE,API Integration,Enterprise,Tier 3,Email (Merchant),UK,UK,1,0,1
TECHNICAL ISSUE,API Integration,Enterprise,Tier 3,Fin (Dashboard),Unknown,EEA,1,0,1
TECHNICAL ISSUE,API Integration,Enterprise,Tier 3,Other,UAE,MENA,1,0,1
TECHNICAL ISSUE,API Integration,Enterprise,Tier 4,Email (Merchant),UAE,MENA,1,0,1
TECHNICAL ISSUE,API Integration,Premium,Tier 1,Email (Internal),Crypto,Crypto,2,0,2
TECHNICAL ISSUE,API Integration,Premium,Tier 1,Email (Internal),GCR,APAC,1,0,1
TECHNICAL ISSUE,API Integration,Premium,Tier 1,Email (Internal),NORAM,Crypto,1,0,1
TECHNICAL ISSUE,API Integration,Premium,Tier 1,Email (Internal),NORAM,UK,1,0,1
TECHNICAL ISSUE,API Integration,Premium,Tier 1,Email (Internal),SAT,SAT,1,0,1
TECHNICAL ISSUE,API Integration,Premium,Tier 1,Email (Internal),Singapore/ANZ,NORAM,1,0,1
TECHNICAL ISSUE,API Integration,Premium,Tier 1,Email (Internal),UAE,MENA,3,0,3
TECHNICAL ISSUE,API Integration,Premium,Tier 1,Email (Internal),WW,APAC,4,0,4
TECHNICAL ISSUE,API Integration,Premium,Tier 1,Email (Internal),WW,EEA,2,0,2
TECHNICAL ISSUE,API Integration,Premium,Tier 1,Email (Internal),WW,UK,3,0,3
TECHNICAL ISSUE,API Integration,Premium,Tier 1,Email (Merchant),Crypto,Crypto,2,0,2
TECHNICAL ISSUE,API Integration,Premium,Tier 1,Email (Merchant),GCR,APAC,7,0,7
TECHNICAL ISSUE,API Integration,Premium,Tier 1,Email (Merchant),NORAM,Israel,1,0,1
TECHNICAL ISSUE,API Integration,Premium,Tier 1,Email (Merchant),NORAM,NORAM,1,0,1
TECHNICAL ISSUE,API Integration,Premium,Tier 1,Email (Merchant),NORAM,UK,4,0,4
TECHNICAL ISSUE,API Integration,Premium,Tier 1,Email (Merchant),Singapore/ANZ,APAC,1,0,1
TECHNICAL ISSUE,API Integration,Premium,Tier 1,Email (Merchant),UAE,MENA,12,0,12
TECHNICAL ISSUE,API Integration,Premium,Tier 1,Email (Merchant),UK,EEA,2,0,2
TECHNICAL ISSUE,API Integration,Premium,Tier 1,Email (Merchant),Unknown,UK,1,0,1
TECHNICAL ISSUE,API Integration,Premium,Tier 1,Email (Merchant),WW,APAC,1,0,1
TECHNICAL ISSUE,API Integration,Premium,Tier 1,Email (Merchant),WW,EEA,4,0,4
TECHNICAL ISSUE,API Integration,Premium,Tier 1,Email (Merchant),WW,MENA,1,0,1
TECHNICAL ISSUE,API Integration,Premium,Tier 1,Fin (Dashboard),UK,UK,1,0,1
TECHNICAL ISSUE,API Integration,Premium,Tier 1,Other,GCR,APAC,3,0,3
TECHNICAL ISSUE,API Integration,Premium,Tier 1,Other,NORAM,EEA,1,0,1
TECHNICAL ISSUE,API Integration,Premium,Tier 1,Other,UAE,MENA,2,0,2
TECHNICAL ISSUE,API Integration,Premium,Tier 1,Other,Unknown,UK,1,0,1
TECHNICAL ISSUE,API Integration,Premium,Tier 1,Webform & API,GCR,APAC,1,0,1
TECHNICAL ISSUE,API Integration,Premium,Tier 1,Webform & API,UAE,MENA,1,0,1
TECHNICAL ISSUE,API Integration,Premium,Tier 1,Webform & API,WW,EEA,1,0,1
TECHNICAL ISSUE,API Integration,Premium,Tier 1,Webform & API,WW,MENA,1,0,1
TECHNICAL ISSUE,API Integration,Standard,Tier 2,Email (Merchant),Crypto,Crypto,1,0,1
TECHNICAL ISSUE,API Integration,Standard,Tier 2,Email (Merchant),UK,UK,2,0,2
TECHNICAL ISSUE,API Integration,Standard,Tier 2,Webform & API,Crypto,Crypto,1,0,1
TECHNICAL ISSUE,API Integration,Standard,Tier 3,Email (Internal),Central Europe,EEA,1,0,1
TECHNICAL ISSUE,API Integration,Standard,Tier 3,Email (Internal),Crypto,Crypto,2,0,2
TECHNICAL ISSUE,API Integration,Standard,Tier 3,Email (Internal),EU,EEA,1,0,1
TECHNICAL ISSUE,API Integration,Standard,Tier 3,Email (Internal),NORAM,APAC,1,0,1
TECHNICAL ISSUE,API Integration,Standard,Tier 3,Email (Internal),NORAM,NORAM,1,0,1
TECHNICAL ISSUE,API Integration,Standard,Tier 3,Email (Internal),Northern Europe,EEA,2,0,2
TECHNICAL ISSUE,API Integration,Standard,Tier 3,Email (Internal),Singapore/ANZ,NORAM,1,0,1
TECHNICAL ISSUE,API Integration,Standard,Tier 3,Email (Internal),UAE,MENA,1,0,1
TECHNICAL ISSUE,API Integration,Standard,Tier 3,Email (Internal),UAE,Mauritius,1,0,1
TECHNICAL ISSUE,API Integration,Standard,Tier 3,Email (Internal),UK,Israel,1,0,1
TECHNICAL ISSUE,API Integration,Standard,Tier 3,Email (Internal),Unknown,EEA,1,0,1
TECHNICAL ISSUE,API Integration,Standard,Tier 3,Email (Internal),Unknown,UK,1,0,1
TECHNICAL ISSUE,API Integration,Standard,Tier 3,Email (Internal),WW,MENA,1,0,1
TECHNICAL ISSUE,API Integration,Standard,Tier 3,Email (Merchant),Central Europe,Mauritius,1,0,1
TECHNICAL ISSUE,API Integration,Standard,Tier 3,Email (Merchant),Crypto,Crypto,6,0,6
TECHNICAL ISSUE,API Integration,Standard,Tier 3,Email (Merchant),GCR,APAC,1,0,1
TECHNICAL ISSUE,API Integration,Standard,Tier 3,Email (Merchant),NORAM,Israel,1,0,1
TECHNICAL ISSUE,API Integration,Standard,Tier 3,Email (Merchant),NORAM,MENA,1,0,1
TECHNICAL ISSUE,API Integration,Standard,Tier 3,Email (Merchant),Northern Europe,EEA,2,0,2
TECHNICAL ISSUE,API Integration,Standard,Tier 3,Email (Merchant),UAE,MENA,13,0,13
TECHNICAL ISSUE,API Integration,Standard,Tier 3,Email (Merchant),UK,UK,2,0,2
TECHNICAL ISSUE,API Integration,Standard,Tier 3,Email (Merchant),Unknown,EEA,3,0,3
TECHNICAL ISSUE,API Integration,Standard,Tier 3,Email (Merchant),Unknown,MENA,1,0,1
TECHNICAL ISSUE,API Integration,Standard,Tier 3,Email (Merchant),WW,MENA,3,0,3
TECHNICAL ISSUE,API Integration,Standard,Tier 3,Fin (Dashboard),GCR,APAC,0,1,1
TECHNICAL ISSUE,API Integration,Standard,Tier 3,Fin (Dashboard),KSA,MENA,1,1,2
TECHNICAL ISSUE,API Integration,Standard,Tier 3,Fin (Dashboard),Northern Europe,EEA,1,0,1
TECHNICAL ISSUE,API Integration,Standard,Tier 3,Fin (Dashboard),Southern Europe,EEA,0,2,2
TECHNICAL ISSUE,API Integration,Standard,Tier 3,Fin (Dashboard),UAE,MENA,0,1,1
TECHNICAL ISSUE,API Integration,Standard,Tier 3,Webform & API,Central Europe,EEA,2,0,2
TECHNICAL ISSUE,API Integration,Standard,Tier 3,Webform & API,Crypto,Crypto,2,0,2
TECHNICAL ISSUE,API Integration,Standard,Tier 3,Webform & API,EU,EEA,2,0,2
TECHNICAL ISSUE,API Integration,Standard,Tier 3,Webform & API,KSA,MENA,1,0,1
TECHNICAL ISSUE,API Integration,Standard,Tier 3,Webform & API,NORAM,NORAM,6,0,6
TECHNICAL ISSUE,API Integration,Standard,Tier 3,Webform & API,Southern Europe,EEA,2,0,2
TECHNICAL ISSUE,API Integration,Standard,Tier 3,Webform & API,UAE,MENA,6,0,6
TECHNICAL ISSUE,API Integration,Standard,Tier 3,Webform & API,UAE,Mauritius,1,0,1
TECHNICAL ISSUE,API Integration,Standard,Tier 3,Webform & API,UK,Crypto,1,0,1
TECHNICAL ISSUE,API Integration,Standard,Tier 3,Webform & API,UK,UK,1,0,1
TECHNICAL ISSUE,API Integration,Standard,Tier 4,Email (Internal),Central Europe,Mauritius,2,0,2
TECHNICAL ISSUE,API Integration,Standard,Tier 4,Email (Internal),Mauritius,Mauritius,1,0,1
TECHNICAL ISSUE,API Integration,Standard,Tier 4,Email (Internal),NORAM,Mauritius,3,0,3
TECHNICAL ISSUE,API Integration,Standard,Tier 4,Email (Internal),UAE,MENA,4,0,4
TECHNICAL ISSUE,API Integration,Standard,Tier 4,Email (Internal),UK,Mauritius,1,0,1
TECHNICAL ISSUE,API Integration,Standard,Tier 4,Email (Internal),UK,UK,1,0,1
TECHNICAL ISSUE,API Integration,Standard,Tier 4,Email (Internal),Unknown,UK,1,0,1
TECHNICAL ISSUE,API Integration,Standard,Tier 4,Email (Merchant),Central Europe,EEA,2,0,2
TECHNICAL ISSUE,API Integration,Standard,Tier 4,Email (Merchant),Crypto,Crypto,6,0,6
TECHNICAL ISSUE,API Integration,Standard,Tier 4,Email (Merchant),Crypto,Mauritius,1,0,1
TECHNICAL ISSUE,API Integration,Standard,Tier 4,Email (Merchant),GCR,APAC,1,0,1
TECHNICAL ISSUE,API Integration,Standard,Tier 4,Email (Merchant),Issuing,UK,1,0,1
TECHNICAL ISSUE,API Integration,Standard,Tier 4,Email (Merchant),Mauritius,Mauritius,3,0,3
TECHNICAL ISSUE,API Integration,Standard,Tier 4,Email (Merchant),NORAM,NORAM,2,0,2
TECHNICAL ISSUE,API Integration,Standard,Tier 4,Email (Merchant),NORAM,UK,2,0,2
TECHNICAL ISSUE,API Integration,Standard,Tier 4,Email (Merchant),Southern Europe,EEA,2,0,2
TECHNICAL ISSUE,API Integration,Standard,Tier 4,Email (Merchant),UAE,MENA,6,0,6
TECHNICAL ISSUE,API Integration,Standard,Tier 4,Email (Merchant),UAE,Mauritius,3,0,3
TECHNICAL ISSUE,API Integration,Standard,Tier 4,Email (Merchant),UK,Mauritius,2,0,2
TECHNICAL ISSUE,API Integration,Standard,Tier 4,Email (Merchant),UK,UK,1,0,1
TECHNICAL ISSUE,API Integration,Standard,Tier 4,Email (Merchant),WW,EEA,1,0,1
TECHNICAL ISSUE,API Integration,Standard,Tier 4,Email (Merchant),WW,WW,1,0,1
TECHNICAL ISSUE,API Integration,Standard,Tier 4,Fin (Dashboard),KSA,MENA,0,1,1
TECHNICAL ISSUE,API Integration,Standard,Tier 4,Fin (Dashboard),Mauritius,Mauritius,0,1,1
TECHNICAL ISSUE,API Integration,Standard,Tier 4,Fin (Dashboard),NORAM,NORAM,0,2,2
TECHNICAL ISSUE,API Integration,Standard,Tier 4,Fin (Dashboard),Southern Europe,EEA,0,1,1
TECHNICAL ISSUE,API Integration,Standard,Tier 4,Fin (Dashboard),UAE,MENA,0,2,2
TECHNICAL ISSUE,API Integration,Standard,Tier 4,Fin (Dashboard),UK,MENA,0,1,1
TECHNICAL ISSUE,API Integration,Standard,Tier 4,Fin (Dashboard),UK,UK,0,1,1
TECHNICAL ISSUE,API Integration,Standard,Tier 4,Fin (Dashboard),Unknown,APAC,0,1,1
TECHNICAL ISSUE,API Integration,Standard,Tier 4,Fin (Dashboard),Unknown,Crypto,1,1,2
TECHNICAL ISSUE,API Integration,Standard,Tier 4,Fin (Dashboard),Unknown,UK,1,1,2
TECHNICAL ISSUE,API Integration,Standard,Tier 4,Other,Crypto,Crypto,10,0,10
TECHNICAL ISSUE,API Integration,Standard,Tier 4,Other,EU,UK,1,0,1
TECHNICAL ISSUE,API Integration,Standard,Tier 4,Other,GCR,APAC,1,0,1
TECHNICAL ISSUE,API Integration,Standard,Tier 4,Other,Mauritius,Mauritius,2,0,2
TECHNICAL ISSUE,API Integration,Standard,Tier 4,Other,UAE,MENA,12,0,12
TECHNICAL ISSUE,API Integration,Standard,Tier 4,Other,UK,Mauritius,3,0,3
TECHNICAL ISSUE,API Integration,Standard,Tier 4,Other,UK,UK,2,0,2
TECHNICAL ISSUE,API Integration,Standard,Tier 4,Other,Unknown,APAC,2,0,2
TECHNICAL ISSUE,API Integration,Standard,Tier 4,Other,Unknown,MENA,1,0,1
TECHNICAL ISSUE,API Integration,Standard,Tier 4,Other,WW,EEA,1,0,1
TECHNICAL ISSUE,API Integration,Standard,Tier 4,Webform & API,Central Europe,EEA,3,0,3
TECHNICAL ISSUE,API Integration,Standard,Tier 4,Webform & API,Crypto,Crypto,3,0,3
TECHNICAL ISSUE,API Integration,Standard,Tier 4,Webform & API,EU,Mauritius,2,0,2
TECHNICAL ISSUE,API Integration,Standard,Tier 4,Webform & API,GCR,APAC,2,0,2
TECHNICAL ISSUE,API Integration,Standard,Tier 4,Webform & API,KSA,EEA,1,0,1
TECHNICAL ISSUE,API Integration,Standard,Tier 4,Webform & API,Mauritius,Mauritius,4,0,4
TECHNICAL ISSUE,API Integration,Standard,Tier 4,Webform & API,NORAM,Mauritius,1,0,1
TECHNICAL ISSUE,API Integration,Standard,Tier 4,Webform & API,NORAM,NORAM,5,0,5
TECHNICAL ISSUE,API Integration,Standard,Tier 4,Webform & API,NORAM,UK,1,0,1
TECHNICAL ISSUE,API Integration,Standard,Tier 4,Webform & API,Southern Europe,EEA,2,0,2
TECHNICAL ISSUE,API Integration,Standard,Tier 4,Webform & API,UAE,MENA,8,0,8
TECHNICAL ISSUE,API Integration,Standard,Tier 4,Webform & API,UAE,Mauritius,1,0,1
TECHNICAL ISSUE,API Integration,Standard,Tier 4,Webform & API,UK,Mauritius,2,0,2
TECHNICAL ISSUE,API Integration,Standard,Tier 4,Webform & API,UK,UK,7,0,7
TECHNICAL ISSUE,API Integration,Standard,Tier 4,Webform & API,Unknown,APAC,2,0,2
TECHNICAL ISSUE,API Integration,Standard,Tier 4,Webform & API,Unknown,Crypto,1,0,1
TECHNICAL ISSUE,API Integration,Standard,Tier 4,Webform & API,Unknown,UK,1,0,1
TECHNICAL ISSUE,API Integration,Standard,Tier 4,Webform & API,WW,EEA,1,0,1
TECHNICAL ISSUE,API Integration,Standard,Tier 4,Webform & API,WW,WW,2,0,2
TECHNICAL ISSUE,API Integration,Standard,Unknown,Fin (Dashboard),UK,UK,0,1,1
TECHNICAL ISSUE,API Integration,Unmapped,Unknown,Email (Internal),Unknown,Unknown,9,0,9
TECHNICAL ISSUE,API Integration,Unmapped,Unknown,Email (Merchant),Unknown,Unknown,16,0,16
TECHNICAL ISSUE,API Integration,Unmapped,Unknown,Fin (Dashboard),Unknown,Unknown,1,1,2
TECHNICAL ISSUE,API Integration,Unmapped,Unknown,Other,Unknown,Unknown,12,0,12
TECHNICAL ISSUE,Environment,Enterprise,Tier 1,Email (Internal),Crypto,Crypto,1,0,1
TECHNICAL ISSUE,Environment,Enterprise,Tier 1,Email (Internal),UAE,MENA,1,0,1
TECHNICAL ISSUE,Environment,Enterprise,Tier 1,Email (Internal),UK,UK,1,0,1
TECHNICAL ISSUE,Environment,Enterprise,Tier 1,Email (Internal),WW,EEA,1,0,1
TECHNICAL ISSUE,Environment,Enterprise,Tier 1,Email (Internal),WW,Mauritius,1,0,1
TECHNICAL ISSUE,Environment,Enterprise,Tier 1,Email (Merchant),Crypto,Crypto,1,0,1
TECHNICAL ISSUE,Environment,Enterprise,Tier 1,Email (Merchant),UK,UK,1,0,1
TECHNICAL ISSUE,Environment,Enterprise,Tier 1,Email (Merchant),WW,MENA,1,0,1
TECHNICAL ISSUE,Environment,Enterprise,Tier 1,Email (Merchant),WW,UK,2,0,2
TECHNICAL ISSUE,Environment,Enterprise,Tier 1,Fin (Dashboard),GCR,APAC,0,1,1
TECHNICAL ISSUE,Environment,Enterprise,Tier 1,Webform & API,NORAM,NORAM,1,0,1
TECHNICAL ISSUE,Environment,Enterprise,Tier 2,Email (Internal),Central Europe,EEA,1,0,1
TECHNICAL ISSUE,Environment,Enterprise,Tier 2,Email (Internal),KSA,EEA,2,0,2
TECHNICAL ISSUE,Environment,Enterprise,Tier 2,Email (Internal),UAE,MENA,1,0,1
TECHNICAL ISSUE,Environment,Enterprise,Tier 2,Email (Internal),UK,UK,1,0,1
TECHNICAL ISSUE,Environment,Enterprise,Tier 2,Email (Internal),Unknown,EEA,2,0,2
TECHNICAL ISSUE,Environment,Enterprise,Tier 2,Email (Merchant),Central Europe,EEA,1,0,1
TECHNICAL ISSUE,Environment,Enterprise,Tier 2,Email (Merchant),Crypto,Crypto,3,0,3
TECHNICAL ISSUE,Environment,Enterprise,Tier 2,Email (Merchant),UAE,MENA,5,0,5
TECHNICAL ISSUE,Environment,Enterprise,Tier 2,Email (Merchant),UK,UK,3,0,3
TECHNICAL ISSUE,Environment,Enterprise,Tier 2,Email (Merchant),Unknown,NORAM,3,0,3
TECHNICAL ISSUE,Environment,Enterprise,Tier 2,Webform & API,UAE,MENA,3,0,3
TECHNICAL ISSUE,Environment,Enterprise,Tier 2,Webform & API,UK,UK,2,0,2
TECHNICAL ISSUE,Environment,Enterprise,Tier 2,Webform & API,WW,EEA,2,0,2
TECHNICAL ISSUE,Environment,Enterprise,Tier 3,Email (Internal),UAE,MENA,1,0,1
TECHNICAL ISSUE,Environment,Enterprise,Tier 3,Email (Merchant),UAE,MENA,3,0,3
TECHNICAL ISSUE,Environment,Premium,Tier 1,Email (Internal),Crypto,Crypto,2,0,2
TECHNICAL ISSUE,Environment,Premium,Tier 1,Email (Internal),GCR,APAC,1,0,1
TECHNICAL ISSUE,Environment,Premium,Tier 1,Email (Internal),UAE,MENA,2,0,2
TECHNICAL ISSUE,Environment,Premium,Tier 1,Email (Internal),UK,Crypto,1,0,1
TECHNICAL ISSUE,Environment,Premium,Tier 1,Email (Internal),WW,WW,1,0,1
TECHNICAL ISSUE,Environment,Premium,Tier 1,Email (Merchant),NORAM,UK,2,0,2
TECHNICAL ISSUE,Environment,Premium,Tier 1,Email (Merchant),UAE,MENA,1,0,1
TECHNICAL ISSUE,Environment,Premium,Tier 1,Email (Merchant),WW,EEA,1,0,1
TECHNICAL ISSUE,Environment,Premium,Tier 1,Other,Southern Europe,EEA,1,0,1
TECHNICAL ISSUE,Environment,Standard,Tier 3,Email (Internal),GCR,APAC,2,0,2
TECHNICAL ISSUE,Environment,Standard,Tier 3,Email (Internal),Singapore/ANZ,NORAM,1,0,1
TECHNICAL ISSUE,Environment,Standard,Tier 3,Email (Internal),Unknown,EEA,1,0,1
TECHNICAL ISSUE,Environment,Standard,Tier 3,Email (Merchant),Crypto,Crypto,2,0,2
TECHNICAL ISSUE,Environment,Standard,Tier 3,Email (Merchant),NORAM,MENA,1,0,1
TECHNICAL ISSUE,Environment,Standard,Tier 3,Email (Merchant),UAE,MENA,5,0,5
TECHNICAL ISSUE,Environment,Standard,Tier 3,Email (Merchant),UAE,Unknown,1,0,1
TECHNICAL ISSUE,Environment,Standard,Tier 3,Email (Merchant),UK,UK,1,0,1
TECHNICAL ISSUE,Environment,Standard,Tier 3,Email (Merchant),Unknown,EEA,1,0,1
TECHNICAL ISSUE,Environment,Standard,Tier 3,Email (Merchant),WW,MENA,4,0,4
TECHNICAL ISSUE,Environment,Standard,Tier 3,Fin (Dashboard),UAE,MENA,0,2,2
TECHNICAL ISSUE,Environment,Standard,Tier 3,Fin (Dashboard),UK,UK,0,1,1
TECHNICAL ISSUE,Environment,Standard,Tier 3,Other,WW,MENA,1,0,1
TECHNICAL ISSUE,Environment,Standard,Tier 3,Webform & API,EU,EEA,1,0,1
TECHNICAL ISSUE,Environment,Standard,Tier 3,Webform & API,NORAM,Crypto,1,0,1
TECHNICAL ISSUE,Environment,Standard,Tier 3,Webform & API,NORAM,NORAM,1,0,1
TECHNICAL ISSUE,Environment,Standard,Tier 3,Webform & API,UAE,MENA,2,0,2
TECHNICAL ISSUE,Environment,Standard,Tier 3,Webform & API,UK,NORAM,1,0,1
TECHNICAL ISSUE,Environment,Standard,Tier 4,Email (Internal),Mauritius,Mauritius,1,0,1
TECHNICAL ISSUE,Environment,Standard,Tier 4,Email (Internal),NORAM,Mauritius,2,0,2
TECHNICAL ISSUE,Environment,Standard,Tier 4,Email (Internal),UAE,MENA,1,0,1
TECHNICAL ISSUE,Environment,Standard,Tier 4,Email (Internal),Unknown,Mauritius,1,0,1
TECHNICAL ISSUE,Environment,Standard,Tier 4,Email (Merchant),Crypto,APAC,1,0,1
TECHNICAL ISSUE,Environment,Standard,Tier 4,Email (Merchant),Crypto,Crypto,2,0,2
TECHNICAL ISSUE,Environment,Standard,Tier 4,Email (Merchant),EU,UK,1,0,1
TECHNICAL ISSUE,Environment,Standard,Tier 4,Email (Merchant),Mauritius,Mauritius,4,0,4
TECHNICAL ISSUE,Environment,Standard,Tier 4,Email (Merchant),NORAM,NORAM,1,0,1
TECHNICAL ISSUE,Environment,Standard,Tier 4,Email (Merchant),UAE,MENA,8,0,8
TECHNICAL ISSUE,Environment,Standard,Tier 4,Email (Merchant),Unknown,Crypto,1,0,1
TECHNICAL ISSUE,Environment,Standard,Tier 4,Email (Merchant),Unknown,EEA,1,0,1
TECHNICAL ISSUE,Environment,Standard,Tier 4,Email (Merchant),Unknown,MENA,1,0,1
TECHNICAL ISSUE,Environment,Standard,Tier 4,Email (Merchant),Unknown,Mauritius,1,0,1
TECHNICAL ISSUE,Environment,Standard,Tier 4,Email (Merchant),Unknown,NORAM,1,0,1
TECHNICAL ISSUE,Environment,Standard,Tier 4,Email (Merchant),WW,WW,1,0,1
TECHNICAL ISSUE,Environment,Standard,Tier 4,Fin (Dashboard),NORAM,NORAM,0,1,1
TECHNICAL ISSUE,Environment,Standard,Tier 4,Fin (Dashboard),UAE,MENA,0,1,1
TECHNICAL ISSUE,Environment,Standard,Tier 4,Fin (Dashboard),UK,Mauritius,0,1,1
TECHNICAL ISSUE,Environment,Standard,Tier 4,Fin (Dashboard),UK,UK,0,1,1
TECHNICAL ISSUE,Environment,Standard,Tier 4,Fin (Dashboard),Unknown,APAC,0,1,1
TECHNICAL ISSUE,Environment,Standard,Tier 4,Fin (Dashboard),Unknown,Crypto,2,1,3
TECHNICAL ISSUE,Environment,Standard,Tier 4,Fin (Dashboard),Unknown,UK,0,2,2
TECHNICAL ISSUE,Environment,Standard,Tier 4,Other,Crypto,Crypto,5,0,5
TECHNICAL ISSUE,Environment,Standard,Tier 4,Other,UAE,MENA,1,0,1
TECHNICAL ISSUE,Environment,Standard,Tier 4,Other,UK,UK,1,0,1
TECHNICAL ISSUE,Environment,Standard,Tier 4,Other,Unknown,Crypto,1,0,1
TECHNICAL ISSUE,Environment,Standard,Tier 4,Other,Unknown,Mauritius,2,0,2
TECHNICAL ISSUE,Environment,Standard,Tier 4,Webform & API,Crypto,APAC,2,0,2
TECHNICAL ISSUE,Environment,Standard,Tier 4,Webform & API,GCR,APAC,2,0,2
TECHNICAL ISSUE,Environment,Standard,Tier 4,Webform & API,Mauritius,Mauritius,1,0,1
TECHNICAL ISSUE,Environment,Standard,Tier 4,Webform & API,NORAM,Mauritius,2,0,2
TECHNICAL ISSUE,Environment,Standard,Tier 4,Webform & API,NORAM,UK,1,0,1
TECHNICAL ISSUE,Environment,Standard,Tier 4,Webform & API,UAE,MENA,6,0,6
TECHNICAL ISSUE,Environment,Standard,Tier 4,Webform & API,UK,Mauritius,1,0,1
TECHNICAL ISSUE,Environment,Standard,Tier 4,Webform & API,UK,UK,3,0,3
TECHNICAL ISSUE,Environment,Standard,Tier 4,Webform & API,Unknown,APAC,1,0,1
TECHNICAL ISSUE,Environment,Standard,Tier 4,Webform & API,Unknown,Crypto,1,0,1
TECHNICAL ISSUE,Environment,Standard,Tier 4,Webform & API,Unknown,EEA,1,0,1
TECHNICAL ISSUE,Environment,Standard,Tier 4,Webform & API,Unknown,MENA,1,0,1
TECHNICAL ISSUE,Environment,Standard,Tier 4,Webform & API,Unknown,UK,1,0,1
TECHNICAL ISSUE,Environment,Standard,Tier 4,Webform & API,WW,Mauritius,1,0,1
TECHNICAL ISSUE,Environment,Unmapped,Unknown,Email (Internal),Unknown,Unknown,8,0,8
TECHNICAL ISSUE,Environment,Unmapped,Unknown,Email (Merchant),Unknown,Unknown,16,0,16
TECHNICAL ISSUE,Environment,Unmapped,Unknown,Fin (Dashboard),Unknown,Unknown,0,1,1
TECHNICAL ISSUE,Environment,Unmapped,Unknown,Other,Unknown,Unknown,5,0,5
TECHNICAL ISSUE,Environment,Unmapped,Unknown,Webform & API,Unknown,Unknown,6,0,6
TECHNICAL ISSUE,Integration methods,Enterprise,Tier 1,Email (Internal),Crypto,Crypto,6,0,6
TECHNICAL ISSUE,Integration methods,Enterprise,Tier 1,Email (Internal),Crypto,EEA,1,0,1
TECHNICAL ISSUE,Integration methods,Enterprise,Tier 1,Email (Internal),NORAM,Crypto,1,0,1
TECHNICAL ISSUE,Integration methods,Enterprise,Tier 1,Email (Internal),NORAM,UK,1,0,1
TECHNICAL ISSUE,Integration methods,Enterprise,Tier 1,Email (Internal),Southern Europe,EEA,1,0,1
TECHNICAL ISSUE,Integration methods,Enterprise,Tier 1,Email (Internal),UAE,MENA,2,0,2
TECHNICAL ISSUE,Integration methods,Enterprise,Tier 1,Email (Internal),UK,APAC,1,0,1
TECHNICAL ISSUE,Integration methods,Enterprise,Tier 1,Email (Internal),UK,UK,1,0,1
TECHNICAL ISSUE,Integration methods,Enterprise,Tier 1,Email (Merchant),Crypto,Crypto,1,0,1
TECHNICAL ISSUE,Integration methods,Enterprise,Tier 1,Email (Merchant),NORAM,UK,1,0,1
TECHNICAL ISSUE,Integration methods,Enterprise,Tier 1,Email (Merchant),UAE,MENA,3,0,3
TECHNICAL ISSUE,Integration methods,Enterprise,Tier 1,Email (Merchant),UK,APAC,1,0,1
TECHNICAL ISSUE,Integration methods,Enterprise,Tier 1,Email (Merchant),UK,Crypto,1,0,1
TECHNICAL ISSUE,Integration methods,Enterprise,Tier 1,Email (Merchant),WW,MENA,5,0,5
TECHNICAL ISSUE,Integration methods,Enterprise,Tier 1,Email (Merchant),WW,UK,1,0,1
TECHNICAL ISSUE,Integration methods,Enterprise,Tier 1,Fin (Dashboard),UK,UK,0,1,1
TECHNICAL ISSUE,Integration methods,Enterprise,Tier 1,Other,Crypto,Crypto,1,0,1
TECHNICAL ISSUE,Integration methods,Enterprise,Tier 1,Webform & API,NORAM,NORAM,2,0,2
TECHNICAL ISSUE,Integration methods,Enterprise,Tier 1,Webform & API,UAE,MENA,2,0,2
TECHNICAL ISSUE,Integration methods,Enterprise,Tier 2,Email (Internal),Crypto,APAC,1,0,1
TECHNICAL ISSUE,Integration methods,Enterprise,Tier 2,Email (Internal),Crypto,Crypto,1,0,1
TECHNICAL ISSUE,Integration methods,Enterprise,Tier 2,Email (Internal),NORAM,EEA,1,0,1
TECHNICAL ISSUE,Integration methods,Enterprise,Tier 2,Email (Internal),NORAM,UK,2,0,2
TECHNICAL ISSUE,Integration methods,Enterprise,Tier 2,Email (Internal),Singapore/ANZ,APAC,1,0,1
TECHNICAL ISSUE,Integration methods,Enterprise,Tier 2,Email (Internal),Southern Europe,EEA,3,0,3
TECHNICAL ISSUE,Integration methods,Enterprise,Tier 2,Email (Internal),UAE,MENA,1,0,1
TECHNICAL ISSUE,Integration methods,Enterprise,Tier 2,Email (Internal),UK,UK,1,0,1
TECHNICAL ISSUE,Integration methods,Enterprise,Tier 2,Email (Internal),Unknown,EEA,1,0,1
TECHNICAL ISSUE,Integration methods,Enterprise,Tier 2,Email (Merchant),Central Europe,EEA,1,0,1
TECHNICAL ISSUE,Integration methods,Enterprise,Tier 2,Email (Merchant),Crypto,Crypto,2,0,2
TECHNICAL ISSUE,Integration methods,Enterprise,Tier 2,Email (Merchant),NORAM,Crypto,2,0,2
TECHNICAL ISSUE,Integration methods,Enterprise,Tier 2,Email (Merchant),UAE,MENA,7,0,7
TECHNICAL ISSUE,Integration methods,Enterprise,Tier 2,Email (Merchant),UK,UK,4,0,4
TECHNICAL ISSUE,Integration methods,Enterprise,Tier 2,Email (Merchant),Unknown,NORAM,5,0,5
TECHNICAL ISSUE,Integration methods,Enterprise,Tier 2,Email (Merchant),Unknown,UK,2,0,2
TECHNICAL ISSUE,Integration methods,Enterprise,Tier 2,Fin (Dashboard),Crypto,Crypto,0,1,1
TECHNICAL ISSUE,Integration methods,Enterprise,Tier 2,Fin (Dashboard),NORAM,UK,0,1,1
TECHNICAL ISSUE,Integration methods,Enterprise,Tier 2,Fin (Dashboard),Southern Europe,EEA,0,1,1
TECHNICAL ISSUE,Integration methods,Enterprise,Tier 2,Fin (Dashboard),UK,UK,0,1,1
TECHNICAL ISSUE,Integration methods,Enterprise,Tier 2,Other,Southern Europe,EEA,1,0,1
TECHNICAL ISSUE,Integration methods,Enterprise,Tier 2,Other,UAE,MENA,1,0,1
TECHNICAL ISSUE,Integration methods,Enterprise,Tier 2,Webform & API,Crypto,APAC,1,0,1
TECHNICAL ISSUE,Integration methods,Enterprise,Tier 2,Webform & API,NORAM,UK,1,0,1
TECHNICAL ISSUE,Integration methods,Enterprise,Tier 2,Webform & API,UAE,MENA,2,0,2
TECHNICAL ISSUE,Integration methods,Enterprise,Tier 2,Webform & API,WW,EEA,1,0,1
TECHNICAL ISSUE,Integration methods,Enterprise,Tier 3,Email (Internal),Central Europe,EEA,1,0,1
TECHNICAL ISSUE,Integration methods,Enterprise,Tier 3,Email (Internal),Central Europe,MENA,1,0,1
TECHNICAL ISSUE,Integration methods,Enterprise,Tier 3,Email (Internal),GCR,APAC,1,0,1
TECHNICAL ISSUE,Integration methods,Enterprise,Tier 3,Email (Internal),UAE,MENA,1,0,1
TECHNICAL ISSUE,Integration methods,Enterprise,Tier 3,Email (Merchant),GCR,APAC,2,0,2
TECHNICAL ISSUE,Integration methods,Enterprise,Tier 3,Email (Merchant),UAE,MENA,3,0,3
TECHNICAL ISSUE,Integration methods,Enterprise,Tier 3,Email (Merchant),UK,UK,1,0,1
TECHNICAL ISSUE,Integration methods,Enterprise,Tier 3,Email (Merchant),WW,EEA,1,0,1
TECHNICAL ISSUE,Integration methods,Enterprise,Tier 3,Fin (Dashboard),UAE,MENA,0,1,1
TECHNICAL ISSUE,Integration methods,Enterprise,Tier 3,Fin (Dashboard),UK,UK,1,0,1
TECHNICAL ISSUE,Integration methods,Enterprise,Tier 3,Other,UAE,MENA,2,0,2
TECHNICAL ISSUE,Integration methods,Enterprise,Tier 4,Email (Internal),UAE,MENA,1,0,1
TECHNICAL ISSUE,Integration methods,Enterprise,Tier 4,Email (Merchant),UAE,MENA,4,0,4
TECHNICAL ISSUE,Integration methods,Enterprise,Tier 4,Webform & API,UAE,MENA,1,0,1
TECHNICAL ISSUE,Integration methods,Enterprise,Unknown,Fin (Dashboard),Northern Europe,EEA,0,2,2
TECHNICAL ISSUE,Integration methods,Premium,Tier 1,Email (Internal),Crypto,Crypto,4,0,4
TECHNICAL ISSUE,Integration methods,Premium,Tier 1,Email (Internal),UAE,MENA,1,0,1
TECHNICAL ISSUE,Integration methods,Premium,Tier 1,Email (Internal),WW,MENA,1,0,1
TECHNICAL ISSUE,Integration methods,Premium,Tier 1,Email (Merchant),Crypto,Crypto,1,0,1
TECHNICAL ISSUE,Integration methods,Premium,Tier 1,Email (Merchant),NORAM,UK,3,0,3
TECHNICAL ISSUE,Integration methods,Premium,Tier 1,Other,GCR,APAC,1,0,1
TECHNICAL ISSUE,Integration methods,Premium,Tier 1,Webform & API,UAE,WW,1,0,1
TECHNICAL ISSUE,Integration methods,Premium,Tier 1,Webform & API,UK,UK,1,0,1
TECHNICAL ISSUE,Integration methods,Standard,Tier 2,Email (Internal),UK,UK,1,0,1
TECHNICAL ISSUE,Integration methods,Standard,Tier 2,Email (Merchant),NORAM,UK,2,0,2
TECHNICAL ISSUE,Integration methods,Standard,Tier 2,Webform & API,Crypto,Crypto,1,0,1
TECHNICAL ISSUE,Integration methods,Standard,Tier 2,Webform & API,UK,UK,1,0,1
TECHNICAL ISSUE,Integration methods,Standard,Tier 3,Email (Internal),Central Europe,EEA,3,0,3
TECHNICAL ISSUE,Integration methods,Standard,Tier 3,Email (Internal),Central Europe,Mauritius,1,0,1
TECHNICAL ISSUE,Integration methods,Standard,Tier 3,Email (Internal),Crypto,APAC,1,0,1
TECHNICAL ISSUE,Integration methods,Standard,Tier 3,Email (Internal),Crypto,Crypto,1,0,1
TECHNICAL ISSUE,Integration methods,Standard,Tier 3,Email (Internal),Northern Europe,EEA,4,0,4
TECHNICAL ISSUE,Integration methods,Standard,Tier 3,Email (Internal),Singapore/ANZ,APAC,1,0,1
TECHNICAL ISSUE,Integration methods,Standard,Tier 3,Email (Internal),Southern Europe,EEA,1,0,1
TECHNICAL ISSUE,Integration methods,Standard,Tier 3,Email (Internal),UAE,MENA,11,0,11
TECHNICAL ISSUE,Integration methods,Standard,Tier 3,Email (Internal),UAE,Mauritius,1,0,1
TECHNICAL ISSUE,Integration methods,Standard,Tier 3,Email (Internal),UK,UK,1,0,1
TECHNICAL ISSUE,Integration methods,Standard,Tier 3,Email (Internal),Unknown,Crypto,1,0,1
TECHNICAL ISSUE,Integration methods,Standard,Tier 3,Email (Internal),Unknown,EEA,2,0,2
TECHNICAL ISSUE,Integration methods,Standard,Tier 3,Email (Internal),Unknown,Mauritius,2,0,2
TECHNICAL ISSUE,Integration methods,Standard,Tier 3,Email (Internal),Unknown,UK,2,0,2
TECHNICAL ISSUE,Integration methods,Standard,Tier 3,Email (Merchant),Central Europe,EEA,3,0,3
TECHNICAL ISSUE,Integration methods,Standard,Tier 3,Email (Merchant),Crypto,Crypto,1,0,1
TECHNICAL ISSUE,Integration methods,Standard,Tier 3,Email (Merchant),GCR,APAC,6,0,6
TECHNICAL ISSUE,Integration methods,Standard,Tier 3,Email (Merchant),Northern Europe,EEA,3,0,3
TECHNICAL ISSUE,Integration methods,Standard,Tier 3,Email (Merchant),Southern Europe,EEA,1,0,1
TECHNICAL ISSUE,Integration methods,Standard,Tier 3,Email (Merchant),UAE,MENA,10,0,10
TECHNICAL ISSUE,Integration methods,Standard,Tier 3,Email (Merchant),UK,UK,2,0,2
TECHNICAL ISSUE,Integration methods,Standard,Tier 3,Email (Merchant),Unknown,Crypto,1,0,1
TECHNICAL ISSUE,Integration methods,Standard,Tier 3,Email (Merchant),Unknown,EEA,2,0,2
TECHNICAL ISSUE,Integration methods,Standard,Tier 3,Email (Merchant),Unknown,UK,1,0,1
TECHNICAL ISSUE,Integration methods,Standard,Tier 3,Email (Merchant),WW,MENA,11,0,11
TECHNICAL ISSUE,Integration methods,Standard,Tier 3,Fin (Dashboard),Central Europe,EEA,0,1,1
TECHNICAL ISSUE,Integration methods,Standard,Tier 3,Fin (Dashboard),GCR,APAC,1,0,1
TECHNICAL ISSUE,Integration methods,Standard,Tier 3,Fin (Dashboard),KSA,MENA,0,2,2
TECHNICAL ISSUE,Integration methods,Standard,Tier 3,Fin (Dashboard),Singapore/ANZ,NORAM,1,1,2
TECHNICAL ISSUE,Integration methods,Standard,Tier 3,Fin (Dashboard),Southern Europe,EEA,0,2,2
TECHNICAL ISSUE,Integration methods,Standard,Tier 3,Fin (Dashboard),UAE,MENA,0,1,1
TECHNICAL ISSUE,Integration methods,Standard,Tier 3,Fin (Dashboard),UAE,Mauritius,1,0,1
TECHNICAL ISSUE,Integration methods,Standard,Tier 3,Fin (Dashboard),Unknown,Crypto,1,0,1
TECHNICAL ISSUE,Integration methods,Standard,Tier 3,Other,Unknown,EEA,1,0,1
TECHNICAL ISSUE,Integration methods,Standard,Tier 3,Webform & API,Central Europe,EEA,1,0,1
TECHNICAL ISSUE,Integration methods,Standard,Tier 3,Webform & API,EU,EEA,1,0,1
TECHNICAL ISSUE,Integration methods,Standard,Tier 3,Webform & API,EU,UK,1,0,1
TECHNICAL ISSUE,Integration methods,Standard,Tier 3,Webform & API,GCR,APAC,1,0,1
TECHNICAL ISSUE,Integration methods,Standard,Tier 3,Webform & API,KSA,MENA,1,0,1
TECHNICAL ISSUE,Integration methods,Standard,Tier 3,Webform & API,NORAM,NORAM,2,0,2
TECHNICAL ISSUE,Integration methods,Standard,Tier 3,Webform & API,Northern Europe,EEA,1,0,1
TECHNICAL ISSUE,Integration methods,Standard,Tier 3,Webform & API,UAE,MENA,6,0,6
TECHNICAL ISSUE,Integration methods,Standard,Tier 3,Webform & API,UAE,Mauritius,1,0,1
TECHNICAL ISSUE,Integration methods,Standard,Tier 3,Webform & API,Ubble,EEA,1,0,1
TECHNICAL ISSUE,Integration methods,Standard,Tier 3,Webform & API,Unknown,NORAM,1,0,1
TECHNICAL ISSUE,Integration methods,Standard,Tier 4,Email (Internal),Central Europe,Mauritius,1,0,1
TECHNICAL ISSUE,Integration methods,Standard,Tier 4,Email (Internal),EU,Mauritius,1,0,1
TECHNICAL ISSUE,Integration methods,Standard,Tier 4,Email (Internal),Mauritius,Mauritius,2,0,2
TECHNICAL ISSUE,Integration methods,Standard,Tier 4,Email (Internal),NORAM,Mauritius,3,0,3
TECHNICAL ISSUE,Integration methods,Standard,Tier 4,Email (Internal),NORAM,NORAM,1,0,1
TECHNICAL ISSUE,Integration methods,Standard,Tier 4,Email (Internal),Northern Europe,Mauritius,1,0,1
TECHNICAL ISSUE,Integration methods,Standard,Tier 4,Email (Internal),Singapore/ANZ,APAC,1,0,1
TECHNICAL ISSUE,Integration methods,Standard,Tier 4,Email (Internal),UAE,MENA,5,0,5
TECHNICAL ISSUE,Integration methods,Standard,Tier 4,Email (Internal),UAE,Mauritius,1,0,1
TECHNICAL ISSUE,Integration methods,Standard,Tier 4,Email (Internal),UK,Mauritius,3,0,3
TECHNICAL ISSUE,Integration methods,Standard,Tier 4,Email (Internal),UK,UK,2,0,2
TECHNICAL ISSUE,Integration methods,Standard,Tier 4,Email (Internal),Unknown,EEA,1,0,1
TECHNICAL ISSUE,Integration methods,Standard,Tier 4,Email (Merchant),Central Europe,EEA,3,0,3
TECHNICAL ISSUE,Integration methods,Standard,Tier 4,Email (Merchant),Central Europe,Mauritius,1,0,1
TECHNICAL ISSUE,Integration methods,Standard,Tier 4,Email (Merchant),Crypto,APAC,1,0,1
TECHNICAL ISSUE,Integration methods,Standard,Tier 4,Email (Merchant),Crypto,Crypto,4,0,4
TECHNICAL ISSUE,Integration methods,Standard,Tier 4,Email (Merchant),Issuing,UK,1,0,1
TECHNICAL ISSUE,Integration methods,Standard,Tier 4,Email (Merchant),KSA,MENA,1,0,1
TECHNICAL ISSUE,Integration methods,Standard,Tier 4,Email (Merchant),Mauritius,Mauritius,3,0,3
TECHNICAL ISSUE,Integration methods,Standard,Tier 4,Email (Merchant),NORAM,Mauritius,2,0,2
TECHNICAL ISSUE,Integration methods,Standard,Tier 4,Email (Merchant),NORAM,UK,1,0,1
TECHNICAL ISSUE,Integration methods,Standard,Tier 4,Email (Merchant),Southern Europe,EEA,1,0,1
TECHNICAL ISSUE,Integration methods,Standard,Tier 4,Email (Merchant),UAE,MENA,17,0,17
TECHNICAL ISSUE,Integration methods,Standard,Tier 4,Email (Merchant),UK,Mauritius,1,0,1
TECHNICAL ISSUE,Integration methods,Standard,Tier 4,Email (Merchant),UK,UK,7,0,7
TECHNICAL ISSUE,Integration methods,Standard,Tier 4,Email (Merchant),Unknown,APAC,2,0,2
TECHNICAL ISSUE,Integration methods,Standard,Tier 4,Email (Merchant),Unknown,Crypto,2,0,2
TECHNICAL ISSUE,Integration methods,Standard,Tier 4,Email (Merchant),Unknown,EEA,1,0,1
TECHNICAL ISSUE,Integration methods,Standard,Tier 4,Email (Merchant),Unknown,MENA,2,0,2
TECHNICAL ISSUE,Integration methods,Standard,Tier 4,Email (Merchant),Unknown,UK,1,0,1
TECHNICAL ISSUE,Integration methods,Standard,Tier 4,Email (Merchant),WW,Mauritius,1,0,1
TECHNICAL ISSUE,Integration methods,Standard,Tier 4,Fin (Dashboard),Central Europe,EEA,0,1,1
TECHNICAL ISSUE,Integration methods,Standard,Tier 4,Fin (Dashboard),Crypto,Crypto,1,0,1
TECHNICAL ISSUE,Integration methods,Standard,Tier 4,Fin (Dashboard),GCR,APAC,0,1,1
TECHNICAL ISSUE,Integration methods,Standard,Tier 4,Fin (Dashboard),Mauritius,Mauritius,0,2,2
TECHNICAL ISSUE,Integration methods,Standard,Tier 4,Fin (Dashboard),NORAM,Mauritius,0,1,1
TECHNICAL ISSUE,Integration methods,Standard,Tier 4,Fin (Dashboard),UAE,MENA,1,12,13
TECHNICAL ISSUE,Integration methods,Standard,Tier 4,Fin (Dashboard),UK,APAC,0,1,1
TECHNICAL ISSUE,Integration methods,Standard,Tier 4,Fin (Dashboard),UK,Mauritius,0,1,1
TECHNICAL ISSUE,Integration methods,Standard,Tier 4,Fin (Dashboard),UK,UK,0,2,2
TECHNICAL ISSUE,Integration methods,Standard,Tier 4,Fin (Dashboard),Unknown,APAC,2,2,4
TECHNICAL ISSUE,Integration methods,Standard,Tier 4,Fin (Dashboard),Unknown,EEA,1,0,1
TECHNICAL ISSUE,Integration methods,Standard,Tier 4,Fin (Dashboard),Unknown,MENA,2,7,9
TECHNICAL ISSUE,Integration methods,Standard,Tier 4,Fin (Dashboard),Unknown,UK,0,1,1
TECHNICAL ISSUE,Integration methods,Standard,Tier 4,Fin (Dashboard),WW,WW,1,1,2
TECHNICAL ISSUE,Integration methods,Standard,Tier 4,Other,Central Europe,EEA,3,0,3
TECHNICAL ISSUE,Integration methods,Standard,Tier 4,Other,Central Europe,Mauritius,3,0,3
TECHNICAL ISSUE,Integration methods,Standard,Tier 4,Other,Crypto,APAC,1,0,1
TECHNICAL ISSUE,Integration methods,Standard,Tier 4,Other,EU,UK,1,0,1
TECHNICAL ISSUE,Integration methods,Standard,Tier 4,Other,GCR,APAC,1,0,1
TECHNICAL ISSUE,Integration methods,Standard,Tier 4,Other,Mauritius,Mauritius,2,0,2
TECHNICAL ISSUE,Integration methods,Standard,Tier 4,Other,NORAM,NORAM,3,0,3
TECHNICAL ISSUE,Integration methods,Standard,Tier 4,Other,NORAM,UK,5,0,5
TECHNICAL ISSUE,Integration methods,Standard,Tier 4,Other,UAE,MENA,18,0,18
TECHNICAL ISSUE,Integration methods,Standard,Tier 4,Other,UK,Mauritius,1,0,1
TECHNICAL ISSUE,Integration methods,Standard,Tier 4,Other,UK,UK,9,0,9
TECHNICAL ISSUE,Integration methods,Standard,Tier 4,Other,Unknown,APAC,4,0,4
TECHNICAL ISSUE,Integration methods,Standard,Tier 4,Other,Unknown,Crypto,5,0,5
TECHNICAL ISSUE,Integration methods,Standard,Tier 4,Other,Unknown,EEA,5,0,5
TECHNICAL ISSUE,Integration methods,Standard,Tier 4,Other,Unknown,MENA,4,0,4
TECHNICAL ISSUE,Integration methods,Standard,Tier 4,Other,Unknown,NORAM,1,0,1
TECHNICAL ISSUE,Integration methods,Standard,Tier 4,Other,Unknown,UK,1,0,1
TECHNICAL ISSUE,Integration methods,Standard,Tier 4,Other,WW,EEA,2,0,2
TECHNICAL ISSUE,Integration methods,Standard,Tier 4,Other,WW,WW,4,0,4
TECHNICAL ISSUE,Integration methods,Standard,Tier 4,Webform & API,Central Europe,EEA,4,0,4
TECHNICAL ISSUE,Integration methods,Standard,Tier 4,Webform & API,Central Europe,Mauritius,1,0,1
TECHNICAL ISSUE,Integration methods,Standard,Tier 4,Webform & API,Crypto,APAC,1,0,1
TECHNICAL ISSUE,Integration methods,Standard,Tier 4,Webform & API,Crypto,Crypto,1,0,1
TECHNICAL ISSUE,Integration methods,Standard,Tier 4,Webform & API,EU,EEA,1,0,1
TECHNICAL ISSUE,Integration methods,Standard,Tier 4,Webform & API,GCR,APAC,1,0,1
TECHNICAL ISSUE,Integration methods,Standard,Tier 4,Webform & API,Issuing,Mauritius,1,0,1
TECHNICAL ISSUE,Integration methods,Standard,Tier 4,Webform & API,KSA,EEA,1,0,1
TECHNICAL ISSUE,Integration methods,Standard,Tier 4,Webform & API,Mauritius,Mauritius,6,0,6
TECHNICAL ISSUE,Integration methods,Standard,Tier 4,Webform & API,NORAM,Mauritius,5,0,5
TECHNICAL ISSUE,Integration methods,Standard,Tier 4,Webform & API,NORAM,NORAM,6,0,6
TECHNICAL ISSUE,Integration methods,Standard,Tier 4,Webform & API,NORAM,UK,1,0,1
TECHNICAL ISSUE,Integration methods,Standard,Tier 4,Webform & API,Singapore/ANZ,APAC,1,0,1
TECHNICAL ISSUE,Integration methods,Standard,Tier 4,Webform & API,Southern Europe,EEA,1,0,1
TECHNICAL ISSUE,Integration methods,Standard,Tier 4,Webform & API,UAE,MENA,24,0,24
TECHNICAL ISSUE,Integration methods,Standard,Tier 4,Webform & API,UK,APAC,1,0,1
TECHNICAL ISSUE,Integration methods,Standard,Tier 4,Webform & API,UK,Mauritius,2,0,2
TECHNICAL ISSUE,Integration methods,Standard,Tier 4,Webform & API,UK,UK,8,0,8
TECHNICAL ISSUE,Integration methods,Standard,Tier 4,Webform & API,Unknown,APAC,2,0,2
TECHNICAL ISSUE,Integration methods,Standard,Tier 4,Webform & API,Unknown,Crypto,9,0,9
TECHNICAL ISSUE,Integration methods,Standard,Tier 4,Webform & API,Unknown,EEA,2,0,2
TECHNICAL ISSUE,Integration methods,Standard,Tier 4,Webform & API,Unknown,MENA,12,0,12
TECHNICAL ISSUE,Integration methods,Standard,Tier 4,Webform & API,Unknown,NORAM,1,0,1
TECHNICAL ISSUE,Integration methods,Standard,Tier 4,Webform & API,Unknown,UK,3,0,3
TECHNICAL ISSUE,Integration methods,Standard,Tier 4,Webform & API,WW,Mauritius,2,0,2
TECHNICAL ISSUE,Integration methods,Standard,Tier 4,Webform & API,WW,WW,4,0,4
TECHNICAL ISSUE,Integration methods,Standard,Unknown,Email (Merchant),UK,UK,1,0,1
TECHNICAL ISSUE,Integration methods,Standard,Unknown,Email (Merchant),Unknown,Unknown,1,0,1
TECHNICAL ISSUE,Integration methods,Standard,Unknown,Webform & API,UK,UK,2,0,2
TECHNICAL ISSUE,Integration methods,Standard,Unknown,Webform & API,Unknown,NORAM,1,0,1
TECHNICAL ISSUE,Integration methods,Unmapped,Unknown,Email (Internal),Unknown,Unknown,11,0,11
TECHNICAL ISSUE,Integration methods,Unmapped,Unknown,Email (Merchant),Unknown,Unknown,29,0,29
TECHNICAL ISSUE,Integration methods,Unmapped,Unknown,Fin (Dashboard),Unknown,Unknown,2,8,10
TECHNICAL ISSUE,Integration methods,Unmapped,Unknown,Other,Unknown,Unknown,16,0,16
TECHNICAL ISSUE,Integration methods,Unmapped,Unknown,Webform & API,Unknown,Unknown,11,0,11
TECHNICAL ISSUE,Tokens,Enterprise,Tier 1,Email (Internal),UAE,MENA,1,0,1
TECHNICAL ISSUE,Tokens,Enterprise,Tier 1,Email (Internal),WW,Mauritius,1,0,1
TECHNICAL ISSUE,Tokens,Enterprise,Tier 1,Email (Internal),WW,UK,1,0,1
TECHNICAL ISSUE,Tokens,Enterprise,Tier 1,Email (Merchant),Crypto,Crypto,1,0,1
TECHNICAL ISSUE,Tokens,Enterprise,Tier 1,Email (Merchant),NORAM,EEA,1,0,1
TECHNICAL ISSUE,Tokens,Enterprise,Tier 1,Email (Merchant),UK,UK,1,0,1
TECHNICAL ISSUE,Tokens,Enterprise,Tier 1,Other,GCR,APAC,2,0,2
TECHNICAL ISSUE,Tokens,Enterprise,Tier 1,Webform & API,Crypto,Crypto,1,0,1
TECHNICAL ISSUE,Tokens,Enterprise,Tier 1,Webform & API,UAE,MENA,1,0,1
TECHNICAL ISSUE,Tokens,Enterprise,Tier 2,Email (Internal),Crypto,Crypto,1,0,1
TECHNICAL ISSUE,Tokens,Enterprise,Tier 2,Email (Internal),EU,EEA,1,0,1
TECHNICAL ISSUE,Tokens,Enterprise,Tier 2,Email (Internal),Northern Europe,EEA,1,0,1
TECHNICAL ISSUE,Tokens,Enterprise,Tier 2,Email (Merchant),Singapore/ANZ,APAC,1,0,1
TECHNICAL ISSUE,Tokens,Enterprise,Tier 2,Email (Merchant),UAE,MENA,3,0,3
TECHNICAL ISSUE,Tokens,Enterprise,Tier 2,Email (Merchant),UK,UK,1,0,1
TECHNICAL ISSUE,Tokens,Enterprise,Tier 2,Email (Merchant),Unknown,NORAM,2,0,2
TECHNICAL ISSUE,Tokens,Enterprise,Tier 2,Other,Central Europe,EEA,1,0,1
TECHNICAL ISSUE,Tokens,Enterprise,Tier 2,Other,WW,UK,1,0,1
TECHNICAL ISSUE,Tokens,Enterprise,Tier 2,Webform & API,UK,UK,1,0,1
TECHNICAL ISSUE,Tokens,Enterprise,Tier 2,Webform & API,WW,EEA,2,0,2
TECHNICAL ISSUE,Tokens,Enterprise,Tier 2,Webform & API,WW,MENA,1,0,1
TECHNICAL ISSUE,Tokens,Enterprise,Tier 3,Email (Merchant),UAE,MENA,1,0,1
TECHNICAL ISSUE,Tokens,Premium,Tier 1,Email (Internal),GCR,APAC,3,0,3
TECHNICAL ISSUE,Tokens,Premium,Tier 1,Email (Internal),NORAM,NORAM,1,0,1
TECHNICAL ISSUE,Tokens,Premium,Tier 1,Email (Internal),UAE,MENA,5,0,5
TECHNICAL ISSUE,Tokens,Premium,Tier 1,Email (Internal),UK,NORAM,1,0,1
TECHNICAL ISSUE,Tokens,Premium,Tier 1,Other,GCR,APAC,1,0,1
TECHNICAL ISSUE,Tokens,Premium,Tier 1,Webform & API,UAE,MENA,1,0,1
TECHNICAL ISSUE,Tokens,Standard,Tier 2,Fin (Dashboard),Crypto,Crypto,0,1,1
TECHNICAL ISSUE,Tokens,Standard,Tier 3,Email (Internal),Crypto,Crypto,2,0,2
TECHNICAL ISSUE,Tokens,Standard,Tier 3,Email (Internal),GCR,APAC,2,0,2
TECHNICAL ISSUE,Tokens,Standard,Tier 3,Email (Internal),Northern Europe,EEA,1,0,1
TECHNICAL ISSUE,Tokens,Standard,Tier 3,Email (Internal),Southern Europe,EEA,2,0,2
TECHNICAL ISSUE,Tokens,Standard,Tier 3,Email (Internal),UAE,MENA,2,0,2
TECHNICAL ISSUE,Tokens,Standard,Tier 3,Email (Internal),Unknown,MENA,1,0,1
TECHNICAL ISSUE,Tokens,Standard,Tier 3,Email (Merchant),Crypto,Crypto,2,0,2
TECHNICAL ISSUE,Tokens,Standard,Tier 3,Email (Merchant),GCR,APAC,2,0,2
TECHNICAL ISSUE,Tokens,Standard,Tier 3,Email (Merchant),UAE,MENA,1,0,1
TECHNICAL ISSUE,Tokens,Standard,Tier 3,Email (Merchant),Unknown,EEA,1,0,1
TECHNICAL ISSUE,Tokens,Standard,Tier 3,Fin (Dashboard),Southern Europe,EEA,1,0,1
TECHNICAL ISSUE,Tokens,Standard,Tier 3,Fin (Dashboard),UAE,MENA,0,1,1
TECHNICAL ISSUE,Tokens,Standard,Tier 3,Webform & API,KSA,MENA,1,0,1
TECHNICAL ISSUE,Tokens,Standard,Tier 3,Webform & API,UAE,MENA,2,0,2
TECHNICAL ISSUE,Tokens,Standard,Tier 3,Webform & API,Unknown,EEA,1,0,1
TECHNICAL ISSUE,Tokens,Standard,Tier 3,Webform & API,Unknown,NORAM,1,0,1
TECHNICAL ISSUE,Tokens,Standard,Tier 4,Email (Internal),Central Europe,EEA,1,0,1
TECHNICAL ISSUE,Tokens,Standard,Tier 4,Email (Internal),Issuing,Mauritius,1,0,1
TECHNICAL ISSUE,Tokens,Standard,Tier 4,Email (Internal),Southern Europe,EEA,1,0,1
TECHNICAL ISSUE,Tokens,Standard,Tier 4,Email (Internal),UK,Mauritius,2,0,2
TECHNICAL ISSUE,Tokens,Standard,Tier 4,Email (Merchant),Central Europe,EEA,1,0,1
TECHNICAL ISSUE,Tokens,Standard,Tier 4,Email (Merchant),Central Europe,Mauritius,1,0,1
TECHNICAL ISSUE,Tokens,Standard,Tier 4,Email (Merchant),KSA,EEA,1,0,1
TECHNICAL ISSUE,Tokens,Standard,Tier 4,Email (Merchant),NORAM,NORAM,1,0,1
TECHNICAL ISSUE,Tokens,Standard,Tier 4,Email (Merchant),UAE,MENA,1,0,1
TECHNICAL ISSUE,Tokens,Standard,Tier 4,Email (Merchant),UK,UK,2,0,2
TECHNICAL ISSUE,Tokens,Standard,Tier 4,Fin (Dashboard),Issuing,Mauritius,0,1,1
TECHNICAL ISSUE,Tokens,Standard,Tier 4,Fin (Dashboard),WW,WW,0,1,1
TECHNICAL ISSUE,Tokens,Standard,Tier 4,Other,Central Europe,Mauritius,1,0,1
TECHNICAL ISSUE,Tokens,Standard,Tier 4,Other,Issuing,Mauritius,2,0,2
TECHNICAL ISSUE,Tokens,Standard,Tier 4,Other,Unknown,EEA,1,0,1
TECHNICAL ISSUE,Tokens,Standard,Tier 4,Other,Unknown,MENA,8,0,8
TECHNICAL ISSUE,Tokens,Standard,Tier 4,Webform & API,EU,UK,1,0,1
TECHNICAL ISSUE,Tokens,Standard,Tier 4,Webform & API,KSA,EEA,1,0,1
TECHNICAL ISSUE,Tokens,Standard,Tier 4,Webform & API,NORAM,NORAM,1,0,1
TECHNICAL ISSUE,Tokens,Standard,Tier 4,Webform & API,NORAM,UK,1,0,1
TECHNICAL ISSUE,Tokens,Standard,Tier 4,Webform & API,UAE,Mauritius,2,0,2
TECHNICAL ISSUE,Tokens,Standard,Tier 4,Webform & API,UK,UK,1,0,1
TECHNICAL ISSUE,Tokens,Standard,Tier 4,Webform & API,Unknown,MENA,6,0,6
TECHNICAL ISSUE,Tokens,Standard,Tier 4,Webform & API,Unknown,WW,1,0,1
TECHNICAL ISSUE,Tokens,Standard,Tier 4,Webform & API,WW,WW,2,0,2
TECHNICAL ISSUE,Tokens,Unmapped,Unknown,Email (Internal),Unknown,Unknown,5,0,5
TECHNICAL ISSUE,Tokens,Unmapped,Unknown,Email (Merchant),Unknown,Unknown,12,0,12
TECHNICAL ISSUE,Tokens,Unmapped,Unknown,Fin (Dashboard),Unknown,Unknown,1,1,2
TECHNICAL ISSUE,Tokens,Unmapped,Unknown,Other,Unknown,Unknown,4,0,4
TECHNICAL ISSUE,Tokens,Unmapped,Unknown,Webform & API,Unknown,Unknown,3,0,3
TECHNICAL ISSUE,Webhooks,Enterprise,Tier 1,Email (Internal),UAE,MENA,1,0,1
TECHNICAL ISSUE,Webhooks,Enterprise,Tier 1,Email (Internal),WW,APAC,1,0,1
TECHNICAL ISSUE,Webhooks,Enterprise,Tier 1,Email (Internal),WW,EEA,1,0,1
TECHNICAL ISSUE,Webhooks,Enterprise,Tier 1,Email (Merchant),Crypto,Crypto,3,0,3
TECHNICAL ISSUE,Webhooks,Enterprise,Tier 1,Email (Merchant),Mauritius,UK,1,0,1
TECHNICAL ISSUE,Webhooks,Enterprise,Tier 1,Email (Merchant),UK,Crypto,1,0,1
TECHNICAL ISSUE,Webhooks,Enterprise,Tier 1,Email (Merchant),UK,EEA,1,0,1
TECHNICAL ISSUE,Webhooks,Enterprise,Tier 1,Email (Merchant),UK,UK,1,0,1
TECHNICAL ISSUE,Webhooks,Enterprise,Tier 1,Email (Merchant),WW,MENA,1,0,1
TECHNICAL ISSUE,Webhooks,Enterprise,Tier 1,Fin (Dashboard),GCR,APAC,1,0,1
TECHNICAL ISSUE,Webhooks,Enterprise,Tier 1,Other,WW,APAC,2,0,2
TECHNICAL ISSUE,Webhooks,Enterprise,Tier 1,Other,WW,EEA,1,0,1
TECHNICAL ISSUE,Webhooks,Enterprise,Tier 1,Webform & API,UAE,MENA,2,0,2
TECHNICAL ISSUE,Webhooks,Enterprise,Tier 1,Webform & API,WW,MENA,2,0,2
TECHNICAL ISSUE,Webhooks,Enterprise,Tier 2,Email (Internal),Crypto,Crypto,1,0,1
TECHNICAL ISSUE,Webhooks,Enterprise,Tier 2,Email (Internal),KSA,EEA,1,0,1
TECHNICAL ISSUE,Webhooks,Enterprise,Tier 2,Email (Internal),NORAM,Crypto,2,0,2
TECHNICAL ISSUE,Webhooks,Enterprise,Tier 2,Email (Internal),NORAM,NORAM,1,0,1
TECHNICAL ISSUE,Webhooks,Enterprise,Tier 2,Email (Internal),Southern Europe,EEA,1,0,1
TECHNICAL ISSUE,Webhooks,Enterprise,Tier 2,Email (Internal),UAE,MENA,1,0,1
TECHNICAL ISSUE,Webhooks,Enterprise,Tier 2,Email (Merchant),Central Europe,EEA,3,0,3
TECHNICAL ISSUE,Webhooks,Enterprise,Tier 2,Email (Merchant),Crypto,Crypto,1,0,1
TECHNICAL ISSUE,Webhooks,Enterprise,Tier 2,Email (Merchant),NORAM,Crypto,2,0,2
TECHNICAL ISSUE,Webhooks,Enterprise,Tier 2,Email (Merchant),Singapore/ANZ,APAC,1,0,1
TECHNICAL ISSUE,Webhooks,Enterprise,Tier 2,Email (Merchant),UAE,MENA,1,0,1
TECHNICAL ISSUE,Webhooks,Enterprise,Tier 2,Email (Merchant),UK,UK,2,0,2
TECHNICAL ISSUE,Webhooks,Enterprise,Tier 2,Email (Merchant),Unknown,NORAM,5,0,5
TECHNICAL ISSUE,Webhooks,Enterprise,Tier 2,Fin (Dashboard),Southern Europe,EEA,0,1,1
TECHNICAL ISSUE,Webhooks,Enterprise,Tier 2,Fin (Dashboard),UK,UK,0,1,1
TECHNICAL ISSUE,Webhooks,Enterprise,Tier 2,Webform & API,Crypto,Crypto,3,0,3
TECHNICAL ISSUE,Webhooks,Enterprise,Tier 2,Webform & API,WW,EEA,1,0,1
TECHNICAL ISSUE,Webhooks,Enterprise,Tier 3,Email (Internal),Central Europe,EEA,1,0,1
TECHNICAL ISSUE,Webhooks,Enterprise,Tier 3,Email (Internal),GCR,APAC,1,0,1
TECHNICAL ISSUE,Webhooks,Enterprise,Tier 3,Email (Internal),UK,UK,1,0,1
TECHNICAL ISSUE,Webhooks,Enterprise,Tier 3,Email (Internal),WW,Israel,1,0,1
TECHNICAL ISSUE,Webhooks,Enterprise,Tier 3,Email (Merchant),UAE,MENA,5,0,5
TECHNICAL ISSUE,Webhooks,Enterprise,Tier 3,Email (Merchant),WW,Israel,1,0,1
TECHNICAL ISSUE,Webhooks,Enterprise,Tier 3,Webform & API,UAE,MENA,1,0,1
TECHNICAL ISSUE,Webhooks,Enterprise,Tier 4,Email (Merchant),UAE,MENA,1,0,1
TECHNICAL ISSUE,Webhooks,Enterprise,Unknown,Webform & API,UK,UK,1,0,1
TECHNICAL ISSUE,Webhooks,Premium,Tier 1,Email (Internal),NORAM,UK,1,0,1
TECHNICAL ISSUE,Webhooks,Premium,Tier 1,Email (Internal),UAE,MENA,2,0,2
TECHNICAL ISSUE,Webhooks,Premium,Tier 1,Email (Internal),WW,EEA,3,0,3
TECHNICAL ISSUE,Webhooks,Premium,Tier 1,Email (Internal),WW,UK,1,0,1
TECHNICAL ISSUE,Webhooks,Premium,Tier 1,Email (Merchant),Crypto,Crypto,1,0,1
TECHNICAL ISSUE,Webhooks,Premium,Tier 1,Email (Merchant),Singapore/ANZ,NORAM,1,0,1
TECHNICAL ISSUE,Webhooks,Premium,Tier 1,Email (Merchant),UAE,MENA,1,0,1
TECHNICAL ISSUE,Webhooks,Premium,Tier 1,Email (Merchant),Unknown,Crypto,1,0,1
TECHNICAL ISSUE,Webhooks,Premium,Tier 1,Email (Merchant),WW,EEA,2,0,2
TECHNICAL ISSUE,Webhooks,Premium,Tier 1,Email (Merchant),WW,WW,1,0,1
TECHNICAL ISSUE,Webhooks,Premium,Tier 1,Fin (Dashboard),NORAM,UK,1,0,1
TECHNICAL ISSUE,Webhooks,Premium,Tier 1,Fin (Dashboard),SAT,NORAM,0,1,1
TECHNICAL ISSUE,Webhooks,Premium,Tier 1,Other,GCR,APAC,1,0,1
TECHNICAL ISSUE,Webhooks,Premium,Tier 1,Other,WW,APAC,1,0,1
TECHNICAL ISSUE,Webhooks,Standard,Tier 2,Email (Internal),Crypto,Crypto,1,0,1
TECHNICAL ISSUE,Webhooks,Standard,Tier 2,Email (Merchant),Singapore/ANZ,APAC,1,0,1
TECHNICAL ISSUE,Webhooks,Standard,Tier 2,Fin (Dashboard),Singapore/ANZ,APAC,0,1,1
TECHNICAL ISSUE,Webhooks,Standard,Tier 3,Email (Internal),Central Europe,EEA,1,0,1
TECHNICAL ISSUE,Webhooks,Standard,Tier 3,Email (Internal),UAE,MENA,1,0,1
TECHNICAL ISSUE,Webhooks,Standard,Tier 3,Email (Internal),UK,EEA,1,0,1
TECHNICAL ISSUE,Webhooks,Standard,Tier 3,Email (Internal),UK,UK,1,0,1
TECHNICAL ISSUE,Webhooks,Standard,Tier 3,Email (Internal),Unknown,Crypto,2,0,2
TECHNICAL ISSUE,Webhooks,Standard,Tier 3,Email (Internal),Unknown,EEA,1,0,1
TECHNICAL ISSUE,Webhooks,Standard,Tier 3,Email (Merchant),Crypto,Crypto,1,0,1
TECHNICAL ISSUE,Webhooks,Standard,Tier 3,Email (Merchant),Southern Europe,EEA,1,0,1
TECHNICAL ISSUE,Webhooks,Standard,Tier 3,Email (Merchant),UAE,MENA,6,0,6
TECHNICAL ISSUE,Webhooks,Standard,Tier 3,Email (Merchant),Unknown,Crypto,1,0,1
TECHNICAL ISSUE,Webhooks,Standard,Tier 3,Email (Merchant),Unknown,EEA,1,0,1
TECHNICAL ISSUE,Webhooks,Standard,Tier 3,Email (Merchant),Unknown,MENA,1,0,1
TECHNICAL ISSUE,Webhooks,Standard,Tier 3,Email (Merchant),Unknown,UK,1,0,1
TECHNICAL ISSUE,Webhooks,Standard,Tier 3,Fin (Dashboard),GCR,APAC,0,1,1
TECHNICAL ISSUE,Webhooks,Standard,Tier 3,Fin (Dashboard),Southern Europe,EEA,0,1,1
TECHNICAL ISSUE,Webhooks,Standard,Tier 3,Fin (Dashboard),UAE,MENA,2,0,2
TECHNICAL ISSUE,Webhooks,Standard,Tier 3,Fin (Dashboard),UK,UK,0,2,2
TECHNICAL ISSUE,Webhooks,Standard,Tier 3,Webform & API,Central Europe,EEA,1,0,1
TECHNICAL ISSUE,Webhooks,Standard,Tier 3,Webform & API,Crypto,Crypto,2,0,2
TECHNICAL ISSUE,Webhooks,Standard,Tier 3,Webform & API,KSA,MENA,1,0,1
TECHNICAL ISSUE,Webhooks,Standard,Tier 3,Webform & API,Southern Europe,EEA,1,0,1
TECHNICAL ISSUE,Webhooks,Standard,Tier 3,Webform & API,UAE,MENA,3,0,3
TECHNICAL ISSUE,Webhooks,Standard,Tier 3,Webform & API,UAE,Mauritius,1,0,1
TECHNICAL ISSUE,Webhooks,Standard,Tier 3,Webform & API,UK,UK,2,0,2
TECHNICAL ISSUE,Webhooks,Standard,Tier 4,Email (Internal),Issuing,Mauritius,1,0,1
TECHNICAL ISSUE,Webhooks,Standard,Tier 4,Email (Internal),UK,Mauritius,1,0,1
TECHNICAL ISSUE,Webhooks,Standard,Tier 4,Email (Merchant),GCR,APAC,2,0,2
TECHNICAL ISSUE,Webhooks,Standard,Tier 4,Email (Merchant),Issuing,Mauritius,1,0,1
TECHNICAL ISSUE,Webhooks,Standard,Tier 4,Email (Merchant),Mauritius,Mauritius,1,0,1
TECHNICAL ISSUE,Webhooks,Standard,Tier 4,Email (Merchant),NORAM,Mauritius,1,0,1
TECHNICAL ISSUE,Webhooks,Standard,Tier 4,Email (Merchant),NORAM,NORAM,1,0,1
TECHNICAL ISSUE,Webhooks,Standard,Tier 4,Email (Merchant),UAE,MENA,5,0,5
TECHNICAL ISSUE,Webhooks,Standard,Tier 4,Email (Merchant),UAE,Mauritius,1,0,1
TECHNICAL ISSUE,Webhooks,Standard,Tier 4,Email (Merchant),Unknown,APAC,1,0,1
TECHNICAL ISSUE,Webhooks,Standard,Tier 4,Email (Merchant),Unknown,UK,2,0,2
TECHNICAL ISSUE,Webhooks,Standard,Tier 4,Fin (Dashboard),GCR,APAC,0,2,2
TECHNICAL ISSUE,Webhooks,Standard,Tier 4,Fin (Dashboard),NORAM,UK,1,0,1
TECHNICAL ISSUE,Webhooks,Standard,Tier 4,Fin (Dashboard),UK,APAC,0,1,1
TECHNICAL ISSUE,Webhooks,Standard,Tier 4,Fin (Dashboard),Unknown,MENA,0,1,1
TECHNICAL ISSUE,Webhooks,Standard,Tier 4,Fin (Dashboard),Unknown,UK,0,1,1
TECHNICAL ISSUE,Webhooks,Standard,Tier 4,Fin (Dashboard),Unknown,Unknown,0,1,1
TECHNICAL ISSUE,Webhooks,Standard,Tier 4,Fin (Dashboard),WW,Mauritius,0,1,1
TECHNICAL ISSUE,Webhooks,Standard,Tier 4,Other,Crypto,Crypto,1,0,1
TECHNICAL ISSUE,Webhooks,Standard,Tier 4,Other,UAE,Mauritius,2,0,2
TECHNICAL ISSUE,Webhooks,Standard,Tier 4,Other,UK,UK,1,0,1
TECHNICAL ISSUE,Webhooks,Standard,Tier 4,Other,Unknown,UK,6,0,6
TECHNICAL ISSUE,Webhooks,Standard,Tier 4,Webform & API,EU,UK,1,0,1
TECHNICAL ISSUE,Webhooks,Standard,Tier 4,Webform & API,GCR,APAC,3,0,3
TECHNICAL ISSUE,Webhooks,Standard,Tier 4,Webform & API,Mauritius,Mauritius,2,0,2
TECHNICAL ISSUE,Webhooks,Standard,Tier 4,Webform & API,Mauritius,NORAM,1,0,1
TECHNICAL ISSUE,Webhooks,Standard,Tier 4,Webform & API,NORAM,Mauritius,1,0,1
TECHNICAL ISSUE,Webhooks,Standard,Tier 4,Webform & API,NORAM,UK,1,0,1
TECHNICAL ISSUE,Webhooks,Standard,Tier 4,Webform & API,UAE,MENA,2,0,2
TECHNICAL ISSUE,Webhooks,Standard,Tier 4,Webform & API,UK,UK,4,0,4
TECHNICAL ISSUE,Webhooks,Standard,Tier 4,Webform & API,Unknown,APAC,3,0,3
TECHNICAL ISSUE,Webhooks,Standard,Tier 4,Webform & API,Unknown,MENA,3,0,3
TECHNICAL ISSUE,Webhooks,Standard,Tier 4,Webform & API,Unknown,UK,1,0,1
TECHNICAL ISSUE,Webhooks,Unmapped,Unknown,Email (Merchant),Unknown,Unknown,5,0,5
TECHNICAL ISSUE,Webhooks,Unmapped,Unknown,Fin (Dashboard),Unknown,Unknown,0,1,1
TECHNICAL ISSUE,Webhooks,Unmapped,Unknown,Webform & API,Unknown,Unknown,2,0,2
