case_type,issue_type,support_segment,zendesk_tier,channel,sales_territory,billing_region,zendesk_tickets,fin_only_resolved,support_contacts
ACCOUNT MANAGEMENT & ACCESS,Account changes,Enterprise,Tier 1,Email (Internal),Crypto,Crypto,7,0,7
ACCOUNT MANAGEMENT & ACCESS,Account changes,Enterprise,Tier 1,Email (Internal),Crypto,EEA,1,0,1
ACCOUNT MANAGEMENT & ACCESS,Account changes,Enterprise,Tier 1,Email (Internal),EU,EEA,1,0,1
ACCOUNT MANAGEMENT & ACCESS,Account changes,Enterprise,Tier 1,Email (Internal),GCR,APAC,1,0,1
ACCOUNT MANAGEMENT & ACCESS,Account changes,Enterprise,Tier 1,Email (Internal),NORAM,Crypto,1,0,1
ACCOUNT MANAGEMENT & ACCESS,Account changes,Enterprise,Tier 1,Email (Internal),NORAM,EEA,1,0,1
ACCOUNT MANAGEMENT & ACCESS,Account changes,Enterprise,Tier 1,Email (Internal),NORAM,UK,1,0,1
ACCOUNT MANAGEMENT & ACCESS,Account changes,Enterprise,Tier 1,Email (Internal),Northern Europe,EEA,1,0,1
ACCOUNT MANAGEMENT & ACCESS,Account changes,Enterprise,Tier 1,Email (Internal),Singapore/ANZ,APAC,4,0,4
ACCOUNT MANAGEMENT & ACCESS,Account changes,Enterprise,Tier 1,Email (Internal),UAE,MENA,10,0,10
ACCOUNT MANAGEMENT & ACCESS,Account changes,Enterprise,Tier 1,Email (Internal),UK,APAC,2,0,2
ACCOUNT MANAGEMENT & ACCESS,Account changes,Enterprise,Tier 1,Email (Internal),UK,EEA,6,0,6
ACCOUNT MANAGEMENT & ACCESS,Account changes,Enterprise,Tier 1,Email (Internal),UK,Mauritius,2,0,2
ACCOUNT MANAGEMENT & ACCESS,Account changes,Enterprise,Tier 1,Email (Internal),UK,UK,7,0,7
ACCOUNT MANAGEMENT & ACCESS,Account changes,Enterprise,Tier 1,Email (Internal),Unknown,NORAM,1,0,1
ACCOUNT MANAGEMENT & ACCESS,Account changes,Enterprise,Tier 1,Email (Internal),Unknown,UK,2,0,2
ACCOUNT MANAGEMENT & ACCESS,Account changes,Enterprise,Tier 1,Email (Internal),WW,MENA,1,0,1
ACCOUNT MANAGEMENT & ACCESS,Account changes,Enterprise,Tier 1,Email (Internal),WW,Mauritius,2,0,2
ACCOUNT MANAGEMENT & ACCESS,Account changes,Enterprise,Tier 1,Email (Internal),WW,UK,1,0,1
ACCOUNT MANAGEMENT & ACCESS,Account changes,Enterprise,Tier 1,Email (Merchant),Crypto,Crypto,12,0,12
ACCOUNT MANAGEMENT & ACCESS,Account changes,Enterprise,Tier 1,Email (Merchant),Crypto,EEA,1,0,1
ACCOUNT MANAGEMENT & ACCESS,Account changes,Enterprise,Tier 1,Email (Merchant),GCR,APAC,3,0,3
ACCOUNT MANAGEMENT & ACCESS,Account changes,Enterprise,Tier 1,Email (Merchant),NORAM,Crypto,1,0,1
ACCOUNT MANAGEMENT & ACCESS,Account changes,Enterprise,Tier 1,Email (Merchant),NORAM,NORAM,2,0,2
ACCOUNT MANAGEMENT & ACCESS,Account changes,Enterprise,Tier 1,Email (Merchant),NORAM,UK,11,0,11
ACCOUNT MANAGEMENT & ACCESS,Account changes,Enterprise,Tier 1,Email (Merchant),Northern Europe,EEA,1,0,1
ACCOUNT MANAGEMENT & ACCESS,Account changes,Enterprise,Tier 1,Email (Merchant),Singapore/ANZ,APAC,1,0,1
ACCOUNT MANAGEMENT & ACCESS,Account changes,Enterprise,Tier 1,Email (Merchant),UAE,MENA,19,0,19
ACCOUNT MANAGEMENT & ACCESS,Account changes,Enterprise,Tier 1,Email (Merchant),UK,UK,19,0,19
ACCOUNT MANAGEMENT & ACCESS,Account changes,Enterprise,Tier 1,Email (Merchant),Unknown,NORAM,1,0,1
ACCOUNT MANAGEMENT & ACCESS,Account changes,Enterprise,Tier 1,Email (Merchant),Unknown,UK,2,0,2
ACCOUNT MANAGEMENT & ACCESS,Account changes,Enterprise,Tier 1,Email (Merchant),WW,MENA,7,0,7
ACCOUNT MANAGEMENT & ACCESS,Account changes,Enterprise,Tier 1,Email (Merchant),WW,Mauritius,3,0,3
ACCOUNT MANAGEMENT & ACCESS,Account changes,Enterprise,Tier 1,Email (Merchant),WW,UK,1,0,1
ACCOUNT MANAGEMENT & ACCESS,Account changes,Enterprise,Tier 1,Fin (Dashboard),GCR,APAC,1,0,1
ACCOUNT MANAGEMENT & ACCESS,Account changes,Enterprise,Tier 1,Fin (Dashboard),Mauritius,UK,1,0,1
ACCOUNT MANAGEMENT & ACCESS,Account changes,Enterprise,Tier 1,Fin (Dashboard),Northern Europe,EEA,0,2,2
ACCOUNT MANAGEMENT & ACCESS,Account changes,Enterprise,Tier 1,Fin (Dashboard),Singapore/ANZ,APAC,1,0,1
ACCOUNT MANAGEMENT & ACCESS,Account changes,Enterprise,Tier 1,Fin (Dashboard),UAE,MENA,0,3,3
ACCOUNT MANAGEMENT & ACCESS,Account changes,Enterprise,Tier 1,Fin (Dashboard),UK,Crypto,0,3,3
ACCOUNT MANAGEMENT & ACCESS,Account changes,Enterprise,Tier 1,Fin (Dashboard),Unknown,NORAM,0,1,1
ACCOUNT MANAGEMENT & ACCESS,Account changes,Enterprise,Tier 1,Other,GCR,APAC,1,0,1
ACCOUNT MANAGEMENT & ACCESS,Account changes,Enterprise,Tier 1,Other,NORAM,UK,1,0,1
ACCOUNT MANAGEMENT & ACCESS,Account changes,Enterprise,Tier 1,Other,Singapore/ANZ,APAC,1,0,1
ACCOUNT MANAGEMENT & ACCESS,Account changes,Enterprise,Tier 1,Other,UAE,MENA,2,0,2
ACCOUNT MANAGEMENT & ACCESS,Account changes,Enterprise,Tier 1,Other,UK,UK,3,0,3
ACCOUNT MANAGEMENT & ACCESS,Account changes,Enterprise,Tier 1,Other,Unknown,UK,1,0,1
ACCOUNT MANAGEMENT & ACCESS,Account changes,Enterprise,Tier 1,Other,WW,MENA,1,0,1
ACCOUNT MANAGEMENT & ACCESS,Account changes,Enterprise,Tier 1,Other,WW,Mauritius,1,0,1
ACCOUNT MANAGEMENT & ACCESS,Account changes,Enterprise,Tier 1,Webform & API,Crypto,Crypto,7,0,7
ACCOUNT MANAGEMENT & ACCESS,Account changes,Enterprise,Tier 1,Webform & API,EU,EEA,1,0,1
ACCOUNT MANAGEMENT & ACCESS,Account changes,Enterprise,Tier 1,Webform & API,NORAM,Crypto,1,0,1
ACCOUNT MANAGEMENT & ACCESS,Account changes,Enterprise,Tier 1,Webform & API,NORAM,NORAM,3,0,3
ACCOUNT MANAGEMENT & ACCESS,Account changes,Enterprise,Tier 1,Webform & API,NORAM,UK,2,0,2
ACCOUNT MANAGEMENT & ACCESS,Account changes,Enterprise,Tier 1,Webform & API,UAE,MENA,6,0,6
ACCOUNT MANAGEMENT & ACCESS,Account changes,Enterprise,Tier 1,Webform & API,UK,UK,4,0,4
ACCOUNT MANAGEMENT & ACCESS,Account changes,Enterprise,Tier 1,Webform & API,WW,UK,1,0,1
ACCOUNT MANAGEMENT & ACCESS,Account changes,Enterprise,Tier 2,Email (Internal),Crypto,APAC,2,0,2
ACCOUNT MANAGEMENT & ACCESS,Account changes,Enterprise,Tier 2,Email (Internal),Crypto,Crypto,2,0,2
ACCOUNT MANAGEMENT & ACCESS,Account changes,Enterprise,Tier 2,Email (Internal),GCR,APAC,1,0,1
ACCOUNT MANAGEMENT & ACCESS,Account changes,Enterprise,Tier 2,Email (Internal),Issuing,UK,2,0,2
ACCOUNT MANAGEMENT & ACCESS,Account changes,Enterprise,Tier 2,Email (Internal),KSA,EEA,2,0,2
ACCOUNT MANAGEMENT & ACCESS,Account changes,Enterprise,Tier 2,Email (Internal),KSA,MENA,1,0,1
ACCOUNT MANAGEMENT & ACCESS,Account changes,Enterprise,Tier 2,Email (Internal),KSA,Unknown,1,0,1
ACCOUNT MANAGEMENT & ACCESS,Account changes,Enterprise,Tier 2,Email (Internal),NORAM,EEA,1,0,1
ACCOUNT MANAGEMENT & ACCESS,Account changes,Enterprise,Tier 2,Email (Internal),NORAM,Israel,2,0,2
ACCOUNT MANAGEMENT & ACCESS,Account changes,Enterprise,Tier 2,Email (Internal),NORAM,NORAM,1,0,1
ACCOUNT MANAGEMENT & ACCESS,Account changes,Enterprise,Tier 2,Email (Internal),NORAM,UK,4,0,4
ACCOUNT MANAGEMENT & ACCESS,Account changes,Enterprise,Tier 2,Email (Internal),Northern Europe,EEA,1,0,1
ACCOUNT MANAGEMENT & ACCESS,Account changes,Enterprise,Tier 2,Email (Internal),Singapore/ANZ,APAC,2,0,2
ACCOUNT MANAGEMENT & ACCESS,Account changes,Enterprise,Tier 2,Email (Internal),Southern Europe,EEA,9,0,9
ACCOUNT MANAGEMENT & ACCESS,Account changes,Enterprise,Tier 2,Email (Internal),UAE,MENA,12,0,12
ACCOUNT MANAGEMENT & ACCESS,Account changes,Enterprise,Tier 2,Email (Internal),UK,APAC,1,0,1
ACCOUNT MANAGEMENT & ACCESS,Account changes,Enterprise,Tier 2,Email (Internal),UK,EEA,5,0,5
ACCOUNT MANAGEMENT & ACCESS,Account changes,Enterprise,Tier 2,Email (Internal),UK,UK,12,0,12
ACCOUNT MANAGEMENT & ACCESS,Account changes,Enterprise,Tier 2,Email (Internal),Unknown,EEA,1,0,1
ACCOUNT MANAGEMENT & ACCESS,Account changes,Enterprise,Tier 2,Email (Internal),Unknown,UK,2,0,2
ACCOUNT MANAGEMENT & ACCESS,Account changes,Enterprise,Tier 2,Email (Internal),WW,EEA,1,0,1
ACCOUNT MANAGEMENT & ACCESS,Account changes,Enterprise,Tier 2,Email (Internal),WW,MENA,1,0,1
ACCOUNT MANAGEMENT & ACCESS,Account changes,Enterprise,Tier 2,Email (Internal),WW,UK,1,0,1
ACCOUNT MANAGEMENT & ACCESS,Account changes,Enterprise,Tier 2,Email (Merchant),Central Europe,EEA,2,0,2
ACCOUNT MANAGEMENT & ACCESS,Account changes,Enterprise,Tier 2,Email (Merchant),Crypto,APAC,2,0,2
ACCOUNT MANAGEMENT & ACCESS,Account changes,Enterprise,Tier 2,Email (Merchant),Crypto,Crypto,16,0,16
ACCOUNT MANAGEMENT & ACCESS,Account changes,Enterprise,Tier 2,Email (Merchant),GCR,APAC,2,0,2
ACCOUNT MANAGEMENT & ACCESS,Account changes,Enterprise,Tier 2,Email (Merchant),NORAM,Crypto,1,0,1
ACCOUNT MANAGEMENT & ACCESS,Account changes,Enterprise,Tier 2,Email (Merchant),NORAM,Israel,1,0,1
ACCOUNT MANAGEMENT & ACCESS,Account changes,Enterprise,Tier 2,Email (Merchant),NORAM,NORAM,5,0,5
ACCOUNT MANAGEMENT & ACCESS,Account changes,Enterprise,Tier 2,Email (Merchant),NORAM,UK,11,0,11
ACCOUNT MANAGEMENT & ACCESS,Account changes,Enterprise,Tier 2,Email (Merchant),Northern Europe,EEA,1,0,1
ACCOUNT MANAGEMENT & ACCESS,Account changes,Enterprise,Tier 2,Email (Merchant),Singapore/ANZ,APAC,5,0,5
ACCOUNT MANAGEMENT & ACCESS,Account changes,Enterprise,Tier 2,Email (Merchant),Southern Europe,EEA,6,0,6
ACCOUNT MANAGEMENT & ACCESS,Account changes,Enterprise,Tier 2,Email (Merchant),UAE,MENA,27,0,27
ACCOUNT MANAGEMENT & ACCESS,Account changes,Enterprise,Tier 2,Email (Merchant),UK,EEA,3,0,3
ACCOUNT MANAGEMENT & ACCESS,Account changes,Enterprise,Tier 2,Email (Merchant),UK,UK,15,0,15
ACCOUNT MANAGEMENT & ACCESS,Account changes,Enterprise,Tier 2,Email (Merchant),Unknown,EEA,1,0,1
ACCOUNT MANAGEMENT & ACCESS,Account changes,Enterprise,Tier 2,Email (Merchant),Unknown,NORAM,27,0,27
ACCOUNT MANAGEMENT & ACCESS,Account changes,Enterprise,Tier 2,Email (Merchant),Unknown,UK,1,0,1
ACCOUNT MANAGEMENT & ACCESS,Account changes,Enterprise,Tier 2,Email (Merchant),WW,EEA,3,0,3
ACCOUNT MANAGEMENT & ACCESS,Account changes,Enterprise,Tier 2,Email (Merchant),WW,MENA,1,0,1
ACCOUNT MANAGEMENT & ACCESS,Account changes,Enterprise,Tier 2,Email (Merchant),WW,Mauritius,1,0,1
ACCOUNT MANAGEMENT & ACCESS,Account changes,Enterprise,Tier 2,Fin (Dashboard),Central Europe,EEA,0,1,1
ACCOUNT MANAGEMENT & ACCESS,Account changes,Enterprise,Tier 2,Fin (Dashboard),GCR,APAC,0,1,1
ACCOUNT MANAGEMENT & ACCESS,Account changes,Enterprise,Tier 2,Fin (Dashboard),KSA,MENA,0,2,2
ACCOUNT MANAGEMENT & ACCESS,Account changes,Enterprise,Tier 2,Fin (Dashboard),NORAM,Crypto,0,1,1
ACCOUNT MANAGEMENT & ACCESS,Account changes,Enterprise,Tier 2,Fin (Dashboard),NORAM,NORAM,2,1,3
ACCOUNT MANAGEMENT & ACCESS,Account changes,Enterprise,Tier 2,Fin (Dashboard),NORAM,UK,0,1,1
ACCOUNT MANAGEMENT & ACCESS,Account changes,Enterprise,Tier 2,Fin (Dashboard),Northern Europe,EEA,0,1,1
ACCOUNT MANAGEMENT & ACCESS,Account changes,Enterprise,Tier 2,Fin (Dashboard),Southern Europe,EEA,0,1,1
ACCOUNT MANAGEMENT & ACCESS,Account changes,Enterprise,Tier 2,Fin (Dashboard),UAE,MENA,0,1,1
ACCOUNT MANAGEMENT & ACCESS,Account changes,Enterprise,Tier 2,Fin (Dashboard),UK,UK,1,1,2
ACCOUNT MANAGEMENT & ACCESS,Account changes,Enterprise,Tier 2,Fin (Dashboard),WW,EEA,1,0,1
ACCOUNT MANAGEMENT & ACCESS,Account changes,Enterprise,Tier 2,Other,Central Europe,EEA,2,0,2
ACCOUNT MANAGEMENT & ACCESS,Account changes,Enterprise,Tier 2,Other,Crypto,APAC,1,0,1
ACCOUNT MANAGEMENT & ACCESS,Account changes,Enterprise,Tier 2,Other,Crypto,Crypto,2,0,2
ACCOUNT MANAGEMENT & ACCESS,Account changes,Enterprise,Tier 2,Other,GCR,APAC,1,0,1
ACCOUNT MANAGEMENT & ACCESS,Account changes,Enterprise,Tier 2,Other,KSA,Unknown,1,0,1
ACCOUNT MANAGEMENT & ACCESS,Account changes,Enterprise,Tier 2,Other,NORAM,UK,1,0,1
ACCOUNT MANAGEMENT & ACCESS,Account changes,Enterprise,Tier 2,Other,Southern Europe,EEA,2,0,2
ACCOUNT MANAGEMENT & ACCESS,Account changes,Enterprise,Tier 2,Other,UAE,MENA,2,0,2
ACCOUNT MANAGEMENT & ACCESS,Account changes,Enterprise,Tier 2,Other,UK,EEA,2,0,2
ACCOUNT MANAGEMENT & ACCESS,Account changes,Enterprise,Tier 2,Other,UK,UK,2,0,2
ACCOUNT MANAGEMENT & ACCESS,Account changes,Enterprise,Tier 2,Other,WW,EEA,1,0,1
ACCOUNT MANAGEMENT & ACCESS,Account changes,Enterprise,Tier 2,Webform & API,Central Europe,EEA,1,0,1
ACCOUNT MANAGEMENT & ACCESS,Account changes,Enterprise,Tier 2,Webform & API,Crypto,APAC,3,0,3
ACCOUNT MANAGEMENT & ACCESS,Account changes,Enterprise,Tier 2,Webform & API,Crypto,Crypto,3,0,3
ACCOUNT MANAGEMENT & ACCESS,Account changes,Enterprise,Tier 2,Webform & API,Issuing,UK,4,0,4
ACCOUNT MANAGEMENT & ACCESS,Account changes,Enterprise,Tier 2,Webform & API,NORAM,Crypto,2,0,2
ACCOUNT MANAGEMENT & ACCESS,Account changes,Enterprise,Tier 2,Webform & API,NORAM,NORAM,7,0,7
ACCOUNT MANAGEMENT & ACCESS,Account changes,Enterprise,Tier 2,Webform & API,NORAM,UK,1,0,1
ACCOUNT MANAGEMENT & ACCESS,Account changes,Enterprise,Tier 2,Webform & API,Southern Europe,EEA,2,0,2
ACCOUNT MANAGEMENT & ACCESS,Account changes,Enterprise,Tier 2,Webform & API,UAE,MENA,6,0,6
ACCOUNT MANAGEMENT & ACCESS,Account changes,Enterprise,Tier 2,Webform & API,UK,EEA,1,0,1
ACCOUNT MANAGEMENT & ACCESS,Account changes,Enterprise,Tier 2,Webform & API,UK,UK,10,0,10
ACCOUNT MANAGEMENT & ACCESS,Account changes,Enterprise,Tier 2,Webform & API,Unknown,EEA,2,0,2
ACCOUNT MANAGEMENT & ACCESS,Account changes,Enterprise,Tier 2,Webform & API,WW,EEA,7,0,7
ACCOUNT MANAGEMENT & ACCESS,Account changes,Enterprise,Tier 2,Webform & API,WW,MENA,1,0,1
ACCOUNT MANAGEMENT & ACCESS,Account changes,Enterprise,Tier 3,Email (Internal),Central Europe,EEA,1,0,1
ACCOUNT MANAGEMENT & ACCESS,Account changes,Enterprise,Tier 3,Email (Internal),Central Europe,MENA,1,0,1
ACCOUNT MANAGEMENT & ACCESS,Account changes,Enterprise,Tier 3,Email (Internal),GCR,APAC,3,0,3
ACCOUNT MANAGEMENT & ACCESS,Account changes,Enterprise,Tier 3,Email (Internal),UAE,MENA,1,0,1
ACCOUNT MANAGEMENT & ACCESS,Account changes,Enterprise,Tier 3,Email (Internal),Unknown,EEA,2,0,2
ACCOUNT MANAGEMENT & ACCESS,Account changes,Enterprise,Tier 3,Email (Internal),WW,Israel,1,0,1
ACCOUNT MANAGEMENT & ACCESS,Account changes,Enterprise,Tier 3,Email (Merchant),Central Europe,EEA,1,0,1
ACCOUNT MANAGEMENT & ACCESS,Account changes,Enterprise,Tier 3,Email (Merchant),GCR,APAC,2,0,2
ACCOUNT MANAGEMENT & ACCESS,Account changes,Enterprise,Tier 3,Email (Merchant),UAE,MENA,11,0,11
ACCOUNT MANAGEMENT & ACCESS,Account changes,Enterprise,Tier 3,Email (Merchant),UK,UK,2,0,2
ACCOUNT MANAGEMENT & ACCESS,Account changes,Enterprise,Tier 3,Email (Merchant),Unknown,EEA,2,0,2
ACCOUNT MANAGEMENT & ACCESS,Account changes,Enterprise,Tier 3,Email (Merchant),WW,EEA,3,0,3
ACCOUNT MANAGEMENT & ACCESS,Account changes,Enterprise,Tier 3,Email (Merchant),WW,Israel,2,0,2
ACCOUNT MANAGEMENT & ACCESS,Account changes,Enterprise,Tier 3,Fin (Dashboard),Central Europe,MENA,0,1,1
ACCOUNT MANAGEMENT & ACCESS,Account changes,Enterprise,Tier 3,Fin (Dashboard),GCR,APAC,1,4,5
ACCOUNT MANAGEMENT & ACCESS,Account changes,Enterprise,Tier 3,Fin (Dashboard),UAE,MENA,0,2,2
ACCOUNT MANAGEMENT & ACCESS,Account changes,Enterprise,Tier 3,Fin (Dashboard),UK,UK,0,4,4
ACCOUNT MANAGEMENT & ACCESS,Account changes,Enterprise,Tier 3,Fin (Dashboard),WW,EEA,0,2,2
ACCOUNT MANAGEMENT & ACCESS,Account changes,Enterprise,Tier 3,Other,Central Europe,EEA,3,0,3
ACCOUNT MANAGEMENT & ACCESS,Account changes,Enterprise,Tier 3,Other,GCR,APAC,1,0,1
ACCOUNT MANAGEMENT & ACCESS,Account changes,Enterprise,Tier 3,Other,UAE,MENA,1,0,1
ACCOUNT MANAGEMENT & ACCESS,Account changes,Enterprise,Tier 3,Webform & API,UK,UK,1,0,1
ACCOUNT MANAGEMENT & ACCESS,Account changes,Enterprise,Tier 3,Webform & API,WW,Israel,1,0,1
ACCOUNT MANAGEMENT & ACCESS,Account changes,Enterprise,Tier 4,Email (Internal),UAE,MENA,1,0,1
ACCOUNT MANAGEMENT & ACCESS,Account changes,Enterprise,Tier 4,Email (Merchant),UAE,MENA,10,0,10
ACCOUNT MANAGEMENT & ACCESS,Account changes,Enterprise,Tier 4,Fin (Dashboard),UK,UK,0,1,1
ACCOUNT MANAGEMENT & ACCESS,Account changes,Enterprise,Tier 4,Other,KSA,MENA,1,0,1
ACCOUNT MANAGEMENT & ACCESS,Account changes,Enterprise,Tier 4,Other,UK,UK,3,0,3
ACCOUNT MANAGEMENT & ACCESS,Account changes,Enterprise,Tier 4,Webform & API,UAE,MENA,4,0,4
ACCOUNT MANAGEMENT & ACCESS,Account changes,Enterprise,Unknown,Email (Internal),UAE,MENA,1,0,1
ACCOUNT MANAGEMENT & ACCESS,Account changes,Enterprise,Unknown,Email (Merchant),GCR,APAC,1,0,1
ACCOUNT MANAGEMENT & ACCESS,Account changes,Enterprise,Unknown,Fin (Dashboard),NORAM,EEA,0,1,1
ACCOUNT MANAGEMENT & ACCESS,Account changes,Enterprise,Unknown,Other,NORAM,NORAM,1,0,1
ACCOUNT MANAGEMENT & ACCESS,Account changes,Enterprise,Unknown,Webform & API,NORAM,EEA,1,0,1
ACCOUNT MANAGEMENT & ACCESS,Account changes,Premium,Tier 1,Email (Internal),Crypto,Crypto,3,0,3
ACCOUNT MANAGEMENT & ACCESS,Account changes,Premium,Tier 1,Email (Internal),GCR,APAC,7,0,7
ACCOUNT MANAGEMENT & ACCESS,Account changes,Premium,Tier 1,Email (Internal),NORAM,Israel,1,0,1
ACCOUNT MANAGEMENT & ACCESS,Account changes,Premium,Tier 1,Email (Internal),NORAM,NORAM,1,0,1
ACCOUNT MANAGEMENT & ACCESS,Account changes,Premium,Tier 1,Email (Internal),NORAM,UK,1,0,1
ACCOUNT MANAGEMENT & ACCESS,Account changes,Premium,Tier 1,Email (Internal),SAT,NORAM,1,0,1
ACCOUNT MANAGEMENT & ACCESS,Account changes,Premium,Tier 1,Email (Internal),Singapore/ANZ,APAC,2,0,2
ACCOUNT MANAGEMENT & ACCESS,Account changes,Premium,Tier 1,Email (Internal),Southern Europe,EEA,3,0,3
ACCOUNT MANAGEMENT & ACCESS,Account changes,Premium,Tier 1,Email (Internal),UAE,MENA,4,0,4
ACCOUNT MANAGEMENT & ACCESS,Account changes,Premium,Tier 1,Email (Internal),UK,Crypto,2,0,2
ACCOUNT MANAGEMENT & ACCESS,Account changes,Premium,Tier 1,Email (Internal),UK,EEA,3,0,3
ACCOUNT MANAGEMENT & ACCESS,Account changes,Premium,Tier 1,Email (Internal),UK,UK,1,0,1
ACCOUNT MANAGEMENT & ACCESS,Account changes,Premium,Tier 1,Email (Internal),Unknown,Crypto,1,0,1
ACCOUNT MANAGEMENT & ACCESS,Account changes,Premium,Tier 1,Email (Internal),Unknown,UK,3,0,3
ACCOUNT MANAGEMENT & ACCESS,Account changes,Premium,Tier 1,Email (Internal),WW,APAC,3,0,3
ACCOUNT MANAGEMENT & ACCESS,Account changes,Premium,Tier 1,Email (Internal),WW,EEA,1,0,1
ACCOUNT MANAGEMENT & ACCESS,Account changes,Premium,Tier 1,Email (Internal),WW,UK,3,0,3
ACCOUNT MANAGEMENT & ACCESS,Account changes,Premium,Tier 1,Email (Merchant),Crypto,Crypto,6,0,6
ACCOUNT MANAGEMENT & ACCESS,Account changes,Premium,Tier 1,Email (Merchant),GCR,APAC,4,0,4
ACCOUNT MANAGEMENT & ACCESS,Account changes,Premium,Tier 1,Email (Merchant),NORAM,EEA,1,0,1
ACCOUNT MANAGEMENT & ACCESS,Account changes,Premium,Tier 1,Email (Merchant),NORAM,Israel,4,0,4
ACCOUNT MANAGEMENT & ACCESS,Account changes,Premium,Tier 1,Email (Merchant),NORAM,UK,2,0,2
ACCOUNT MANAGEMENT & ACCESS,Account changes,Premium,Tier 1,Email (Merchant),SAT,SAT,2,0,2
ACCOUNT MANAGEMENT & ACCESS,Account changes,Premium,Tier 1,Email (Merchant),Singapore/ANZ,APAC,1,0,1
ACCOUNT MANAGEMENT & ACCESS,Account changes,Premium,Tier 1,Email (Merchant),Singapore/ANZ,NORAM,1,0,1
ACCOUNT MANAGEMENT & ACCESS,Account changes,Premium,Tier 1,Email (Merchant),UAE,MENA,14,0,14
ACCOUNT MANAGEMENT & ACCESS,Account changes,Premium,Tier 1,Email (Merchant),UK,EEA,3,0,3
ACCOUNT MANAGEMENT & ACCESS,Account changes,Premium,Tier 1,Email (Merchant),UK,UK,6,0,6
ACCOUNT MANAGEMENT & ACCESS,Account changes,Premium,Tier 1,Email (Merchant),Unknown,NORAM,1,0,1
ACCOUNT MANAGEMENT & ACCESS,Account changes,Premium,Tier 1,Email (Merchant),Unknown,UK,3,0,3
ACCOUNT MANAGEMENT & ACCESS,Account changes,Premium,Tier 1,Email (Merchant),WW,APAC,4,0,4
ACCOUNT MANAGEMENT & ACCESS,Account changes,Premium,Tier 1,Email (Merchant),WW,EEA,7,0,7
ACCOUNT MANAGEMENT & ACCESS,Account changes,Premium,Tier 1,Email (Merchant),WW,MENA,1,0,1
ACCOUNT MANAGEMENT & ACCESS,Account changes,Premium,Tier 1,Email (Merchant),WW,UK,6,0,6
ACCOUNT MANAGEMENT & ACCESS,Account changes,Premium,Tier 1,Email (Merchant),WW,WW,1,0,1
ACCOUNT MANAGEMENT & ACCESS,Account changes,Premium,Tier 1,Fin (Dashboard),Crypto,Crypto,0,1,1
ACCOUNT MANAGEMENT & ACCESS,Account changes,Premium,Tier 1,Fin (Dashboard),NORAM,Israel,0,1,1
ACCOUNT MANAGEMENT & ACCESS,Account changes,Premium,Tier 1,Fin (Dashboard),NORAM,UK,0,3,3
ACCOUNT MANAGEMENT & ACCESS,Account changes,Premium,Tier 1,Fin (Dashboard),SAT,NORAM,0,2,2
ACCOUNT MANAGEMENT & ACCESS,Account changes,Premium,Tier 1,Fin (Dashboard),Singapore/ANZ,APAC,0,1,1
ACCOUNT MANAGEMENT & ACCESS,Account changes,Premium,Tier 1,Fin (Dashboard),UAE,MENA,1,3,4
ACCOUNT MANAGEMENT & ACCESS,Account changes,Premium,Tier 1,Fin (Dashboard),UK,Crypto,0,1,1
ACCOUNT MANAGEMENT & ACCESS,Account changes,Premium,Tier 1,Fin (Dashboard),UK,EEA,0,1,1
ACCOUNT MANAGEMENT & ACCESS,Account changes,Premium,Tier 1,Fin (Dashboard),UK,UK,0,1,1
ACCOUNT MANAGEMENT & ACCESS,Account changes,Premium,Tier 1,Fin (Dashboard),Unknown,UK,0,1,1
ACCOUNT MANAGEMENT & ACCESS,Account changes,Premium,Tier 1,Fin (Dashboard),WW,UK,1,0,1
ACCOUNT MANAGEMENT & ACCESS,Account changes,Premium,Tier 1,Other,GCR,APAC,2,0,2
ACCOUNT MANAGEMENT & ACCESS,Account changes,Premium,Tier 1,Other,SAT,SAT,1,0,1
ACCOUNT MANAGEMENT & ACCESS,Account changes,Premium,Tier 1,Other,Southern Europe,EEA,1,0,1
ACCOUNT MANAGEMENT & ACCESS,Account changes,Premium,Tier 1,Other,UK,EEA,2,0,2
ACCOUNT MANAGEMENT & ACCESS,Account changes,Premium,Tier 1,Other,UK,UK,2,0,2
ACCOUNT MANAGEMENT & ACCESS,Account changes,Premium,Tier 1,Other,WW,APAC,1,0,1
ACCOUNT MANAGEMENT & ACCESS,Account changes,Premium,Tier 1,Other,WW,UK,1,0,1
ACCOUNT MANAGEMENT & ACCESS,Account changes,Premium,Tier 1,Webform & API,Crypto,Crypto,3,0,3
ACCOUNT MANAGEMENT & ACCESS,Account changes,Premium,Tier 1,Webform & API,GCR,APAC,2,0,2
ACCOUNT MANAGEMENT & ACCESS,Account changes,Premium,Tier 1,Webform & API,NORAM,NORAM,1,0,1
ACCOUNT MANAGEMENT & ACCESS,Account changes,Premium,Tier 1,Webform & API,NORAM,UK,2,0,2
ACCOUNT MANAGEMENT & ACCESS,Account changes,Premium,Tier 1,Webform & API,Northern Europe,EEA,1,0,1
ACCOUNT MANAGEMENT & ACCESS,Account changes,Premium,Tier 1,Webform & API,SAT,SAT,1,0,1
ACCOUNT MANAGEMENT & ACCESS,Account changes,Premium,Tier 1,Webform & API,UAE,MENA,4,0,4
ACCOUNT MANAGEMENT & ACCESS,Account changes,Premium,Tier 1,Webform & API,UK,Crypto,3,0,3
ACCOUNT MANAGEMENT & ACCESS,Account changes,Premium,Tier 1,Webform & API,UK,EEA,2,0,2
ACCOUNT MANAGEMENT & ACCESS,Account changes,Premium,Tier 1,Webform & API,WW,EEA,2,0,2
ACCOUNT MANAGEMENT & ACCESS,Account changes,Premium,Tier 1,Webform & API,WW,UK,1,0,1
ACCOUNT MANAGEMENT & ACCESS,Account changes,Standard,Tier 2,Email (Internal),Central Europe,EEA,1,0,1
ACCOUNT MANAGEMENT & ACCESS,Account changes,Standard,Tier 2,Email (Internal),Crypto,Crypto,1,0,1
ACCOUNT MANAGEMENT & ACCESS,Account changes,Standard,Tier 2,Email (Internal),NORAM,NORAM,1,0,1
ACCOUNT MANAGEMENT & ACCESS,Account changes,Standard,Tier 2,Email (Internal),UAE,MENA,1,0,1
ACCOUNT MANAGEMENT & ACCESS,Account changes,Standard,Tier 2,Email (Merchant),Crypto,Crypto,8,0,8
ACCOUNT MANAGEMENT & ACCESS,Account changes,Standard,Tier 2,Email (Merchant),GCR,APAC,1,0,1
ACCOUNT MANAGEMENT & ACCESS,Account changes,Standard,Tier 2,Email (Merchant),Mauritius,NORAM,1,0,1
ACCOUNT MANAGEMENT & ACCESS,Account changes,Standard,Tier 2,Email (Merchant),UAE,MENA,2,0,2
ACCOUNT MANAGEMENT & ACCESS,Account changes,Standard,Tier 2,Email (Merchant),UK,UK,7,0,7
ACCOUNT MANAGEMENT & ACCESS,Account changes,Standard,Tier 2,Email (Merchant),Unknown,APAC,1,0,1
ACCOUNT MANAGEMENT & ACCESS,Account changes,Standard,Tier 2,Fin (Dashboard),Crypto,Crypto,0,1,1
ACCOUNT MANAGEMENT & ACCESS,Account changes,Standard,Tier 2,Fin (Dashboard),Singapore/ANZ,APAC,1,0,1
ACCOUNT MANAGEMENT & ACCESS,Account changes,Standard,Tier 2,Fin (Dashboard),UK,UK,0,2,2
ACCOUNT MANAGEMENT & ACCESS,Account changes,Standard,Tier 2,Other,GCR,APAC,2,0,2
ACCOUNT MANAGEMENT & ACCESS,Account changes,Standard,Tier 2,Webform & API,GCR,APAC,1,0,1
ACCOUNT MANAGEMENT & ACCESS,Account changes,Standard,Tier 2,Webform & API,Mauritius,NORAM,1,0,1
ACCOUNT MANAGEMENT & ACCESS,Account changes,Standard,Tier 2,Webform & API,UAE,MENA,3,0,3
ACCOUNT MANAGEMENT & ACCESS,Account changes,Standard,Tier 3,Email (Internal),Central Europe,EEA,6,0,6
ACCOUNT MANAGEMENT & ACCESS,Account changes,Standard,Tier 3,Email (Internal),Central Europe,Mauritius,1,0,1
ACCOUNT MANAGEMENT & ACCESS,Account changes,Standard,Tier 3,Email (Internal),Crypto,APAC,1,0,1
ACCOUNT MANAGEMENT & ACCESS,Account changes,Standard,Tier 3,Email (Internal),Crypto,Crypto,3,0,3
ACCOUNT MANAGEMENT & ACCESS,Account changes,Standard,Tier 3,Email (Internal),EU,EEA,1,0,1
ACCOUNT MANAGEMENT & ACCESS,Account changes,Standard,Tier 3,Email (Internal),GCR,APAC,9,0,9
ACCOUNT MANAGEMENT & ACCESS,Account changes,Standard,Tier 3,Email (Internal),Issuing,EEA,1,0,1
ACCOUNT MANAGEMENT & ACCESS,Account changes,Standard,Tier 3,Email (Internal),KSA,EEA,1,0,1
ACCOUNT MANAGEMENT & ACCESS,Account changes,Standard,Tier 3,Email (Internal),Mauritius,NORAM,1,0,1
ACCOUNT MANAGEMENT & ACCESS,Account changes,Standard,Tier 3,Email (Internal),NORAM,APAC,1,0,1
ACCOUNT MANAGEMENT & ACCESS,Account changes,Standard,Tier 3,Email (Internal),NORAM,Israel,1,0,1
ACCOUNT MANAGEMENT & ACCESS,Account changes,Standard,Tier 3,Email (Internal),NORAM,UK,1,0,1
ACCOUNT MANAGEMENT & ACCESS,Account changes,Standard,Tier 3,Email (Internal),Northern Europe,EEA,5,0,5
ACCOUNT MANAGEMENT & ACCESS,Account changes,Standard,Tier 3,Email (Internal),Singapore/ANZ,APAC,1,0,1
ACCOUNT MANAGEMENT & ACCESS,Account changes,Standard,Tier 3,Email (Internal),Singapore/ANZ,NORAM,1,0,1
ACCOUNT MANAGEMENT & ACCESS,Account changes,Standard,Tier 3,Email (Internal),Southern Europe,EEA,4,0,4
ACCOUNT MANAGEMENT & ACCESS,Account changes,Standard,Tier 3,Email (Internal),Southern Europe,Mauritius,1,0,1
ACCOUNT MANAGEMENT & ACCESS,Account changes,Standard,Tier 3,Email (Internal),UAE,MENA,15,0,15
ACCOUNT MANAGEMENT & ACCESS,Account changes,Standard,Tier 3,Email (Internal),UAE,Mauritius,3,0,3
ACCOUNT MANAGEMENT & ACCESS,Account changes,Standard,Tier 3,Email (Internal),UAE,Unknown,1,0,1
ACCOUNT MANAGEMENT & ACCESS,Account changes,Standard,Tier 3,Email (Internal),UK,EEA,2,0,2
ACCOUNT MANAGEMENT & ACCESS,Account changes,Standard,Tier 3,Email (Internal),UK,NORAM,1,0,1
ACCOUNT MANAGEMENT & ACCESS,Account changes,Standard,Tier 3,Email (Internal),UK,UK,10,0,10
ACCOUNT MANAGEMENT & ACCESS,Account changes,Standard,Tier 3,Email (Internal),Unknown,EEA,1,0,1
ACCOUNT MANAGEMENT & ACCESS,Account changes,Standard,Tier 3,Email (Internal),Unknown,MENA,2,0,2
ACCOUNT MANAGEMENT & ACCESS,Account changes,Standard,Tier 3,Email (Internal),Unknown,NORAM,2,0,2
ACCOUNT MANAGEMENT & ACCESS,Account changes,Standard,Tier 3,Email (Internal),Unknown,UK,5,0,5
ACCOUNT MANAGEMENT & ACCESS,Account changes,Standard,Tier 3,Email (Internal),WW,EEA,2,0,2
ACCOUNT MANAGEMENT & ACCESS,Account changes,Standard,Tier 3,Email (Internal),WW,MENA,3,0,3
ACCOUNT MANAGEMENT & ACCESS,Account changes,Standard,Tier 3,Email (Merchant),Central Europe,EEA,2,0,2
ACCOUNT MANAGEMENT & ACCESS,Account changes,Standard,Tier 3,Email (Merchant),Crypto,APAC,1,0,1
ACCOUNT MANAGEMENT & ACCESS,Account changes,Standard,Tier 3,Email (Merchant),Crypto,Crypto,9,0,9
ACCOUNT MANAGEMENT & ACCESS,Account changes,Standard,Tier 3,Email (Merchant),EU,EEA,1,0,1
ACCOUNT MANAGEMENT & ACCESS,Account changes,Standard,Tier 3,Email (Merchant),GCR,APAC,7,0,7
ACCOUNT MANAGEMENT & ACCESS,Account changes,Standard,Tier 3,Email (Merchant),Issuing,EEA,1,0,1
ACCOUNT MANAGEMENT & ACCESS,Account changes,Standard,Tier 3,Email (Merchant),KSA,EEA,2,0,2
ACCOUNT MANAGEMENT & ACCESS,Account changes,Standard,Tier 3,Email (Merchant),NORAM,Crypto,1,0,1
ACCOUNT MANAGEMENT & ACCESS,Account changes,Standard,Tier 3,Email (Merchant),NORAM,Israel,10,0,10
ACCOUNT MANAGEMENT & ACCESS,Account changes,Standard,Tier 3,Email (Merchant),NORAM,MENA,1,0,1
ACCOUNT MANAGEMENT & ACCESS,Account changes,Standard,Tier 3,Email (Merchant),NORAM,NORAM,6,0,6
ACCOUNT MANAGEMENT & ACCESS,Account changes,Standard,Tier 3,Email (Merchant),NORAM,UK,1,0,1
ACCOUNT MANAGEMENT & ACCESS,Account changes,Standard,Tier 3,Email (Merchant),Northern Europe,EEA,11,0,11
ACCOUNT MANAGEMENT & ACCESS,Account changes,Standard,Tier 3,Email (Merchant),Singapore/ANZ,APAC,6,0,6
ACCOUNT MANAGEMENT & ACCESS,Account changes,Standard,Tier 3,Email (Merchant),Singapore/ANZ,NORAM,4,0,4
ACCOUNT MANAGEMENT & ACCESS,Account changes,Standard,Tier 3,Email (Merchant),Southern Europe,EEA,7,0,7
ACCOUNT MANAGEMENT & ACCESS,Account changes,Standard,Tier 3,Email (Merchant),UAE,MENA,58,0,58
ACCOUNT MANAGEMENT & ACCESS,Account changes,Standard,Tier 3,Email (Merchant),UAE,Mauritius,3,0,3
ACCOUNT MANAGEMENT & ACCESS,Account changes,Standard,Tier 3,Email (Merchant),UAE,Unknown,3,0,3
ACCOUNT MANAGEMENT & ACCESS,Account changes,Standard,Tier 3,Email (Merchant),UK,NORAM,3,0,3
ACCOUNT MANAGEMENT & ACCESS,Account changes,Standard,Tier 3,Email (Merchant),UK,UK,19,0,19
ACCOUNT MANAGEMENT & ACCESS,Account changes,Standard,Tier 3,Email (Merchant),Ubble,EEA,2,0,2
ACCOUNT MANAGEMENT & ACCESS,Account changes,Standard,Tier 3,Email (Merchant),Unknown,Crypto,3,0,3
ACCOUNT MANAGEMENT & ACCESS,Account changes,Standard,Tier 3,Email (Merchant),Unknown,EEA,8,0,8
ACCOUNT MANAGEMENT & ACCESS,Account changes,Standard,Tier 3,Email (Merchant),Unknown,MENA,1,0,1
ACCOUNT MANAGEMENT & ACCESS,Account changes,Standard,Tier 3,Email (Merchant),Unknown,NORAM,5,0,5
ACCOUNT MANAGEMENT & ACCESS,Account changes,Standard,Tier 3,Email (Merchant),Unknown,UK,6,0,6
ACCOUNT MANAGEMENT & ACCESS,Account changes,Standard,Tier 3,Email (Merchant),Unknown,Unknown,1,0,1
ACCOUNT MANAGEMENT & ACCESS,Account changes,Standard,Tier 3,Email (Merchant),WW,Crypto,1,0,1
ACCOUNT MANAGEMENT & ACCESS,Account changes,Standard,Tier 3,Email (Merchant),WW,EEA,1,0,1
ACCOUNT MANAGEMENT & ACCESS,Account changes,Standard,Tier 3,Email (Merchant),WW,MENA,16,0,16
ACCOUNT MANAGEMENT & ACCESS,Account changes,Standard,Tier 3,Email (Merchant),WW,Mauritius,1,0,1
ACCOUNT MANAGEMENT & ACCESS,Account changes,Standard,Tier 3,Email (Merchant),WW,NORAM,1,0,1
ACCOUNT MANAGEMENT & ACCESS,Account changes,Standard,Tier 3,Fin (Dashboard),Central Europe,EEA,0,2,2
ACCOUNT MANAGEMENT & ACCESS,Account changes,Standard,Tier 3,Fin (Dashboard),Crypto,Crypto,0,2,2
ACCOUNT MANAGEMENT & ACCESS,Account changes,Standard,Tier 3,Fin (Dashboard),GCR,APAC,1,1,2
ACCOUNT MANAGEMENT & ACCESS,Account changes,Standard,Tier 3,Fin (Dashboard),NORAM,EEA,1,0,1
ACCOUNT MANAGEMENT & ACCESS,Account changes,Standard,Tier 3,Fin (Dashboard),NORAM,Israel,0,2,2
ACCOUNT MANAGEMENT & ACCESS,Account changes,Standard,Tier 3,Fin (Dashboard),NORAM,NORAM,1,2,3
ACCOUNT MANAGEMENT & ACCESS,Account changes,Standard,Tier 3,Fin (Dashboard),Northern Europe,EEA,1,2,3
ACCOUNT MANAGEMENT & ACCESS,Account changes,Standard,Tier 3,Fin (Dashboard),Singapore/ANZ,APAC,1,2,3
ACCOUNT MANAGEMENT & ACCESS,Account changes,Standard,Tier 3,Fin (Dashboard),Southern Europe,EEA,0,3,3
ACCOUNT MANAGEMENT & ACCESS,Account changes,Standard,Tier 3,Fin (Dashboard),Southern Europe,Mauritius,1,0,1
ACCOUNT MANAGEMENT & ACCESS,Account changes,Standard,Tier 3,Fin (Dashboard),UAE,MENA,2,11,13
ACCOUNT MANAGEMENT & ACCESS,Account changes,Standard,Tier 3,Fin (Dashboard),UAE,Mauritius,0,2,2
ACCOUNT MANAGEMENT & ACCESS,Account changes,Standard,Tier 3,Fin (Dashboard),UAE,Unknown,0,3,3
ACCOUNT MANAGEMENT & ACCESS,Account changes,Standard,Tier 3,Fin (Dashboard),UK,UK,3,6,9
ACCOUNT MANAGEMENT & ACCESS,Account changes,Standard,Tier 3,Fin (Dashboard),Ubble,EEA,0,1,1
ACCOUNT MANAGEMENT & ACCESS,Account changes,Standard,Tier 3,Fin (Dashboard),Unknown,MENA,0,1,1
ACCOUNT MANAGEMENT & ACCESS,Account changes,Standard,Tier 3,Fin (Dashboard),Unknown,NORAM,1,3,4
ACCOUNT MANAGEMENT & ACCESS,Account changes,Standard,Tier 3,Fin (Dashboard),Unknown,UK,0,1,1
ACCOUNT MANAGEMENT & ACCESS,Account changes,Standard,Tier 3,Fin (Dashboard),Unknown,Unknown,0,1,1
ACCOUNT MANAGEMENT & ACCESS,Account changes,Standard,Tier 3,Fin (Dashboard),WW,MENA,1,4,5
ACCOUNT MANAGEMENT & ACCESS,Account changes,Standard,Tier 3,Fin (Dashboard),WW,NORAM,0,1,1
ACCOUNT MANAGEMENT & ACCESS,Account changes,Standard,Tier 3,Other,Central Europe,EEA,4,0,4
ACCOUNT MANAGEMENT & ACCESS,Account changes,Standard,Tier 3,Other,Crypto,Crypto,1,0,1
ACCOUNT MANAGEMENT & ACCESS,Account changes,Standard,Tier 3,Other,GCR,APAC,2,0,2
ACCOUNT MANAGEMENT & ACCESS,Account changes,Standard,Tier 3,Other,NORAM,NORAM,1,0,1
ACCOUNT MANAGEMENT & ACCESS,Account changes,Standard,Tier 3,Other,NORAM,UK,1,0,1
ACCOUNT MANAGEMENT & ACCESS,Account changes,Standard,Tier 3,Other,Northern Europe,EEA,2,0,2
ACCOUNT MANAGEMENT & ACCESS,Account changes,Standard,Tier 3,Other,Southern Europe,EEA,1,0,1
ACCOUNT MANAGEMENT & ACCESS,Account changes,Standard,Tier 3,Other,UAE,MENA,16,0,16
ACCOUNT MANAGEMENT & ACCESS,Account changes,Standard,Tier 3,Other,UAE,Mauritius,4,0,4
ACCOUNT MANAGEMENT & ACCESS,Account changes,Standard,Tier 3,Other,UK,UK,6,0,6
ACCOUNT MANAGEMENT & ACCESS,Account changes,Standard,Tier 3,Other,Unknown,EEA,4,0,4
ACCOUNT MANAGEMENT & ACCESS,Account changes,Standard,Tier 3,Other,Unknown,NORAM,1,0,1
ACCOUNT MANAGEMENT & ACCESS,Account changes,Standard,Tier 3,Other,WW,MENA,2,0,2
ACCOUNT MANAGEMENT & ACCESS,Account changes,Standard,Tier 3,Webform & API,Central Europe,EEA,3,0,3
ACCOUNT MANAGEMENT & ACCESS,Account changes,Standard,Tier 3,Webform & API,Central Europe,Mauritius,1,0,1
ACCOUNT MANAGEMENT & ACCESS,Account changes,Standard,Tier 3,Webform & API,Crypto,Crypto,6,0,6
ACCOUNT MANAGEMENT & ACCESS,Account changes,Standard,Tier 3,Webform & API,EU,EEA,2,0,2
ACCOUNT MANAGEMENT & ACCESS,Account changes,Standard,Tier 3,Webform & API,GCR,APAC,3,0,3
ACCOUNT MANAGEMENT & ACCESS,Account changes,Standard,Tier 3,Webform & API,Issuing,EEA,7,0,7
ACCOUNT MANAGEMENT & ACCESS,Account changes,Standard,Tier 3,Webform & API,KSA,MENA,2,0,2
ACCOUNT MANAGEMENT & ACCESS,Account changes,Standard,Tier 3,Webform & API,NORAM,Israel,4,0,4
ACCOUNT MANAGEMENT & ACCESS,Account changes,Standard,Tier 3,Webform & API,NORAM,MENA,1,0,1
ACCOUNT MANAGEMENT & ACCESS,Account changes,Standard,Tier 3,Webform & API,NORAM,NORAM,8,0,8
ACCOUNT MANAGEMENT & ACCESS,Account changes,Standard,Tier 3,Webform & API,Northern Europe,EEA,2,0,2
ACCOUNT MANAGEMENT & ACCESS,Account changes,Standard,Tier 3,Webform & API,Singapore/ANZ,NORAM,4,0,4
ACCOUNT MANAGEMENT & ACCESS,Account changes,Standard,Tier 3,Webform & API,Southern Europe,Crypto,1,0,1
ACCOUNT MANAGEMENT & ACCESS,Account changes,Standard,Tier 3,Webform & API,Southern Europe,EEA,2,0,2
ACCOUNT MANAGEMENT & ACCESS,Account changes,Standard,Tier 3,Webform & API,UAE,MENA,17,0,17
ACCOUNT MANAGEMENT & ACCESS,Account changes,Standard,Tier 3,Webform & API,UAE,Mauritius,14,0,14
ACCOUNT MANAGEMENT & ACCESS,Account changes,Standard,Tier 3,Webform & API,UAE,Unknown,2,0,2
ACCOUNT MANAGEMENT & ACCESS,Account changes,Standard,Tier 3,Webform & API,UK,NORAM,1,0,1
ACCOUNT MANAGEMENT & ACCESS,Account changes,Standard,Tier 3,Webform & API,UK,UK,4,0,4
ACCOUNT MANAGEMENT & ACCESS,Account changes,Standard,Tier 3,Webform & API,Ubble,EEA,1,0,1
ACCOUNT MANAGEMENT & ACCESS,Account changes,Standard,Tier 3,Webform & API,Unknown,APAC,1,0,1
ACCOUNT MANAGEMENT & ACCESS,Account changes,Standard,Tier 3,Webform & API,Unknown,Crypto,1,0,1
ACCOUNT MANAGEMENT & ACCESS,Account changes,Standard,Tier 3,Webform & API,Unknown,EEA,2,0,2
ACCOUNT MANAGEMENT & ACCESS,Account changes,Standard,Tier 3,Webform & API,Unknown,MENA,1,0,1
ACCOUNT MANAGEMENT & ACCESS,Account changes,Standard,Tier 3,Webform & API,Unknown,NORAM,2,0,2
ACCOUNT MANAGEMENT & ACCESS,Account changes,Standard,Tier 3,Webform & API,Unknown,UK,1,0,1
ACCOUNT MANAGEMENT & ACCESS,Account changes,Standard,Tier 3,Webform & API,WW,MENA,2,0,2
ACCOUNT MANAGEMENT & ACCESS,Account changes,Standard,Tier 4,Email (Internal),Central Europe,Mauritius,3,0,3
ACCOUNT MANAGEMENT & ACCESS,Account changes,Standard,Tier 4,Email (Internal),Crypto,Crypto,3,0,3
ACCOUNT MANAGEMENT & ACCESS,Account changes,Standard,Tier 4,Email (Internal),Crypto,Mauritius,1,0,1
ACCOUNT MANAGEMENT & ACCESS,Account changes,Standard,Tier 4,Email (Internal),GCR,APAC,3,0,3
ACCOUNT MANAGEMENT & ACCESS,Account changes,Standard,Tier 4,Email (Internal),Issuing,Mauritius,1,0,1
ACCOUNT MANAGEMENT & ACCESS,Account changes,Standard,Tier 4,Email (Internal),Issuing,UK,1,0,1
ACCOUNT MANAGEMENT & ACCESS,Account changes,Standard,Tier 4,Email (Internal),KSA,MENA,1,0,1
ACCOUNT MANAGEMENT & ACCESS,Account changes,Standard,Tier 4,Email (Internal),Mauritius,Mauritius,10,0,10
ACCOUNT MANAGEMENT & ACCESS,Account changes,Standard,Tier 4,Email (Internal),NORAM,Mauritius,4,0,4
ACCOUNT MANAGEMENT & ACCESS,Account changes,Standard,Tier 4,Email (Internal),NORAM,NORAM,2,0,2
ACCOUNT MANAGEMENT & ACCESS,Account changes,Standard,Tier 4,Email (Internal),NORAM,UK,4,0,4
ACCOUNT MANAGEMENT & ACCESS,Account changes,Standard,Tier 4,Email (Internal),Northern Europe,Mauritius,1,0,1
ACCOUNT MANAGEMENT & ACCESS,Account changes,Standard,Tier 4,Email (Internal),Singapore/ANZ,APAC,1,0,1
ACCOUNT MANAGEMENT & ACCESS,Account changes,Standard,Tier 4,Email (Internal),UAE,MENA,29,0,29
ACCOUNT MANAGEMENT & ACCESS,Account changes,Standard,Tier 4,Email (Internal),UAE,Mauritius,1,0,1
ACCOUNT MANAGEMENT & ACCESS,Account changes,Standard,Tier 4,Email (Internal),UAE,UK,1,0,1
ACCOUNT MANAGEMENT & ACCESS,Account changes,Standard,Tier 4,Email (Internal),UK,APAC,1,0,1
ACCOUNT MANAGEMENT & ACCESS,Account changes,Standard,Tier 4,Email (Internal),UK,Mauritius,10,0,10
ACCOUNT MANAGEMENT & ACCESS,Account changes,Standard,Tier 4,Email (Internal),UK,UK,11,0,11
ACCOUNT MANAGEMENT & ACCESS,Account changes,Standard,Tier 4,Email (Internal),Unknown,APAC,4,0,4
ACCOUNT MANAGEMENT & ACCESS,Account changes,Standard,Tier 4,Email (Internal),Unknown,Crypto,3,0,3
ACCOUNT MANAGEMENT & ACCESS,Account changes,Standard,Tier 4,Email (Internal),Unknown,EEA,3,0,3
ACCOUNT MANAGEMENT & ACCESS,Account changes,Standard,Tier 4,Email (Internal),Unknown,MENA,4,0,4
ACCOUNT MANAGEMENT & ACCESS,Account changes,Standard,Tier 4,Email (Internal),Unknown,Mauritius,2,0,2
ACCOUNT MANAGEMENT & ACCESS,Account changes,Standard,Tier 4,Email (Internal),Unknown,NORAM,1,0,1
ACCOUNT MANAGEMENT & ACCESS,Account changes,Standard,Tier 4,Email (Internal),Unknown,UK,1,0,1
ACCOUNT MANAGEMENT & ACCESS,Account changes,Standard,Tier 4,Email (Internal),Unknown,WW,1,0,1
ACCOUNT MANAGEMENT & ACCESS,Account changes,Standard,Tier 4,Email (Internal),WW,EEA,1,0,1
ACCOUNT MANAGEMENT & ACCESS,Account changes,Standard,Tier 4,Email (Internal),WW,WW,2,0,2
ACCOUNT MANAGEMENT & ACCESS,Account changes,Standard,Tier 4,Email (Merchant),Central Europe,EEA,11,0,11
ACCOUNT MANAGEMENT & ACCESS,Account changes,Standard,Tier 4,Email (Merchant),Central Europe,Mauritius,3,0,3
ACCOUNT MANAGEMENT & ACCESS,Account changes,Standard,Tier 4,Email (Merchant),Crypto,APAC,7,0,7
ACCOUNT MANAGEMENT & ACCESS,Account changes,Standard,Tier 4,Email (Merchant),Crypto,Crypto,12,0,12
ACCOUNT MANAGEMENT & ACCESS,Account changes,Standard,Tier 4,Email (Merchant),EU,EEA,3,0,3
ACCOUNT MANAGEMENT & ACCESS,Account changes,Standard,Tier 4,Email (Merchant),EU,Mauritius,1,0,1
ACCOUNT MANAGEMENT & ACCESS,Account changes,Standard,Tier 4,Email (Merchant),EU,UK,6,0,6
ACCOUNT MANAGEMENT & ACCESS,Account changes,Standard,Tier 4,Email (Merchant),GCR,APAC,21,0,21
ACCOUNT MANAGEMENT & ACCESS,Account changes,Standard,Tier 4,Email (Merchant),GCR,WW,3,0,3
ACCOUNT MANAGEMENT & ACCESS,Account changes,Standard,Tier 4,Email (Merchant),Issuing,Mauritius,3,0,3
ACCOUNT MANAGEMENT & ACCESS,Account changes,Standard,Tier 4,Email (Merchant),Issuing,UK,1,0,1
ACCOUNT MANAGEMENT & ACCESS,Account changes,Standard,Tier 4,Email (Merchant),KSA,EEA,2,0,2
ACCOUNT MANAGEMENT & ACCESS,Account changes,Standard,Tier 4,Email (Merchant),KSA,MENA,3,0,3
ACCOUNT MANAGEMENT & ACCESS,Account changes,Standard,Tier 4,Email (Merchant),Mauritius,Mauritius,23,0,23
ACCOUNT MANAGEMENT & ACCESS,Account changes,Standard,Tier 4,Email (Merchant),NORAM,Mauritius,15,0,15
ACCOUNT MANAGEMENT & ACCESS,Account changes,Standard,Tier 4,Email (Merchant),NORAM,NORAM,16,0,16
ACCOUNT MANAGEMENT & ACCESS,Account changes,Standard,Tier 4,Email (Merchant),NORAM,UK,7,0,7
ACCOUNT MANAGEMENT & ACCESS,Account changes,Standard,Tier 4,Email (Merchant),Northern Europe,EEA,3,0,3
ACCOUNT MANAGEMENT & ACCESS,Account changes,Standard,Tier 4,Email (Merchant),Northern Europe,Mauritius,1,0,1
ACCOUNT MANAGEMENT & ACCESS,Account changes,Standard,Tier 4,Email (Merchant),Singapore/ANZ,APAC,1,0,1
ACCOUNT MANAGEMENT & ACCESS,Account changes,Standard,Tier 4,Email (Merchant),Southern Europe,EEA,4,0,4
ACCOUNT MANAGEMENT & ACCESS,Account changes,Standard,Tier 4,Email (Merchant),Southern Europe,WW,1,0,1
ACCOUNT MANAGEMENT & ACCESS,Account changes,Standard,Tier 4,Email (Merchant),UAE,Crypto,2,0,2
ACCOUNT MANAGEMENT & ACCESS,Account changes,Standard,Tier 4,Email (Merchant),UAE,MENA,91,0,91
ACCOUNT MANAGEMENT & ACCESS,Account changes,Standard,Tier 4,Email (Merchant),UAE,Mauritius,3,0,3
ACCOUNT MANAGEMENT & ACCESS,Account changes,Standard,Tier 4,Email (Merchant),UAE,WW,3,0,3
ACCOUNT MANAGEMENT & ACCESS,Account changes,Standard,Tier 4,Email (Merchant),UK,APAC,1,0,1
ACCOUNT MANAGEMENT & ACCESS,Account changes,Standard,Tier 4,Email (Merchant),UK,Crypto,1,0,1
ACCOUNT MANAGEMENT & ACCESS,Account changes,Standard,Tier 4,Email (Merchant),UK,Mauritius,11,0,11
ACCOUNT MANAGEMENT & ACCESS,Account changes,Standard,Tier 4,Email (Merchant),UK,UK,40,0,40
ACCOUNT MANAGEMENT & ACCESS,Account changes,Standard,Tier 4,Email (Merchant),Unknown,APAC,18,0,18
ACCOUNT MANAGEMENT & ACCESS,Account changes,Standard,Tier 4,Email (Merchant),Unknown,Crypto,12,0,12
ACCOUNT MANAGEMENT & ACCESS,Account changes,Standard,Tier 4,Email (Merchant),Unknown,EEA,9,0,9
ACCOUNT MANAGEMENT & ACCESS,Account changes,Standard,Tier 4,Email (Merchant),Unknown,MENA,17,0,17
ACCOUNT MANAGEMENT & ACCESS,Account changes,Standard,Tier 4,Email (Merchant),Unknown,Mauritius,3,0,3
ACCOUNT MANAGEMENT & ACCESS,Account changes,Standard,Tier 4,Email (Merchant),Unknown,NORAM,4,0,4
ACCOUNT MANAGEMENT & ACCESS,Account changes,Standard,Tier 4,Email (Merchant),Unknown,UK,7,0,7
ACCOUNT MANAGEMENT & ACCESS,Account changes,Standard,Tier 4,Email (Merchant),Unknown,Unknown,1,0,1
ACCOUNT MANAGEMENT & ACCESS,Account changes,Standard,Tier 4,Email (Merchant),Unknown,WW,1,0,1
ACCOUNT MANAGEMENT & ACCESS,Account changes,Standard,Tier 4,Email (Merchant),WW,EEA,7,0,7
ACCOUNT MANAGEMENT & ACCESS,Account changes,Standard,Tier 4,Email (Merchant),WW,MENA,2,0,2
ACCOUNT MANAGEMENT & ACCESS,Account changes,Standard,Tier 4,Email (Merchant),WW,Mauritius,1,0,1
ACCOUNT MANAGEMENT & ACCESS,Account changes,Standard,Tier 4,Email (Merchant),WW,WW,16,0,16
ACCOUNT MANAGEMENT & ACCESS,Account changes,Standard,Tier 4,Fin (Dashboard),Central Europe,EEA,0,3,3
ACCOUNT MANAGEMENT & ACCESS,Account changes,Standard,Tier 4,Fin (Dashboard),Central Europe,Mauritius,1,1,2
ACCOUNT MANAGEMENT & ACCESS,Account changes,Standard,Tier 4,Fin (Dashboard),Crypto,APAC,0,2,2
ACCOUNT MANAGEMENT & ACCESS,Account changes,Standard,Tier 4,Fin (Dashboard),Crypto,Crypto,0,2,2
ACCOUNT MANAGEMENT & ACCESS,Account changes,Standard,Tier 4,Fin (Dashboard),EU,EEA,0,2,2
ACCOUNT MANAGEMENT & ACCESS,Account changes,Standard,Tier 4,Fin (Dashboard),EU,UK,0,1,1
ACCOUNT MANAGEMENT & ACCESS,Account changes,Standard,Tier 4,Fin (Dashboard),GCR,APAC,1,3,4
ACCOUNT MANAGEMENT & ACCESS,Account changes,Standard,Tier 4,Fin (Dashboard),Issuing,Mauritius,1,2,3
ACCOUNT MANAGEMENT & ACCESS,Account changes,Standard,Tier 4,Fin (Dashboard),Issuing,UK,0,2,2
ACCOUNT MANAGEMENT & ACCESS,Account changes,Standard,Tier 4,Fin (Dashboard),Issuing,Unknown,0,3,3
ACCOUNT MANAGEMENT & ACCESS,Account changes,Standard,Tier 4,Fin (Dashboard),KSA,EEA,0,1,1
ACCOUNT MANAGEMENT & ACCESS,Account changes,Standard,Tier 4,Fin (Dashboard),KSA,MENA,0,1,1
ACCOUNT MANAGEMENT & ACCESS,Account changes,Standard,Tier 4,Fin (Dashboard),Mauritius,Mauritius,0,6,6
ACCOUNT MANAGEMENT & ACCESS,Account changes,Standard,Tier 4,Fin (Dashboard),NORAM,APAC,0,1,1
ACCOUNT MANAGEMENT & ACCESS,Account changes,Standard,Tier 4,Fin (Dashboard),NORAM,Mauritius,0,1,1
ACCOUNT MANAGEMENT & ACCESS,Account changes,Standard,Tier 4,Fin (Dashboard),NORAM,NORAM,3,6,9
ACCOUNT MANAGEMENT & ACCESS,Account changes,Standard,Tier 4,Fin (Dashboard),NORAM,UK,1,0,1
ACCOUNT MANAGEMENT & ACCESS,Account changes,Standard,Tier 4,Fin (Dashboard),Northern Europe,EEA,0,1,1
ACCOUNT MANAGEMENT & ACCESS,Account changes,Standard,Tier 4,Fin (Dashboard),Singapore/ANZ,APAC,0,2,2
ACCOUNT MANAGEMENT & ACCESS,Account changes,Standard,Tier 4,Fin (Dashboard),Southern Europe,EEA,0,1,1
ACCOUNT MANAGEMENT & ACCESS,Account changes,Standard,Tier 4,Fin (Dashboard),UAE,MENA,1,34,35
ACCOUNT MANAGEMENT & ACCESS,Account changes,Standard,Tier 4,Fin (Dashboard),UK,APAC,1,0,1
ACCOUNT MANAGEMENT & ACCESS,Account changes,Standard,Tier 4,Fin (Dashboard),UK,Mauritius,0,1,1
ACCOUNT MANAGEMENT & ACCESS,Account changes,Standard,Tier 4,Fin (Dashboard),UK,UK,0,8,8
ACCOUNT MANAGEMENT & ACCESS,Account changes,Standard,Tier 4,Fin (Dashboard),Unknown,APAC,0,4,4
ACCOUNT MANAGEMENT & ACCESS,Account changes,Standard,Tier 4,Fin (Dashboard),Unknown,Crypto,0,9,9
ACCOUNT MANAGEMENT & ACCESS,Account changes,Standard,Tier 4,Fin (Dashboard),Unknown,EEA,2,6,8
ACCOUNT MANAGEMENT & ACCESS,Account changes,Standard,Tier 4,Fin (Dashboard),Unknown,MENA,2,7,9
ACCOUNT MANAGEMENT & ACCESS,Account changes,Standard,Tier 4,Fin (Dashboard),Unknown,Mauritius,0,1,1
ACCOUNT MANAGEMENT & ACCESS,Account changes,Standard,Tier 4,Fin (Dashboard),Unknown,NORAM,0,5,5
ACCOUNT MANAGEMENT & ACCESS,Account changes,Standard,Tier 4,Fin (Dashboard),Unknown,UK,0,3,3
ACCOUNT MANAGEMENT & ACCESS,Account changes,Standard,Tier 4,Fin (Dashboard),Unknown,Unknown,0,1,1
ACCOUNT MANAGEMENT & ACCESS,Account changes,Standard,Tier 4,Fin (Dashboard),WW,EEA,0,4,4
ACCOUNT MANAGEMENT & ACCESS,Account changes,Standard,Tier 4,Fin (Dashboard),WW,MENA,0,2,2
ACCOUNT MANAGEMENT & ACCESS,Account changes,Standard,Tier 4,Fin (Dashboard),WW,UK,1,1,2
ACCOUNT MANAGEMENT & ACCESS,Account changes,Standard,Tier 4,Fin (Dashboard),WW,WW,0,4,4
ACCOUNT MANAGEMENT & ACCESS,Account changes,Standard,Tier 4,Other,Central Europe,EEA,5,0,5
ACCOUNT MANAGEMENT & ACCESS,Account changes,Standard,Tier 4,Other,Central Europe,Mauritius,3,0,3
ACCOUNT MANAGEMENT & ACCESS,Account changes,Standard,Tier 4,Other,Crypto,Crypto,7,0,7
ACCOUNT MANAGEMENT & ACCESS,Account changes,Standard,Tier 4,Other,EU,Mauritius,1,0,1
ACCOUNT MANAGEMENT & ACCESS,Account changes,Standard,Tier 4,Other,EU,UK,1,0,1
ACCOUNT MANAGEMENT & ACCESS,Account changes,Standard,Tier 4,Other,GCR,APAC,11,0,11
ACCOUNT MANAGEMENT & ACCESS,Account changes,Standard,Tier 4,Other,Issuing,Mauritius,4,0,4
ACCOUNT MANAGEMENT & ACCESS,Account changes,Standard,Tier 4,Other,Issuing,UK,1,0,1
ACCOUNT MANAGEMENT & ACCESS,Account changes,Standard,Tier 4,Other,KSA,EEA,2,0,2
ACCOUNT MANAGEMENT & ACCESS,Account changes,Standard,Tier 4,Other,Mauritius,Mauritius,11,0,11
ACCOUNT MANAGEMENT & ACCESS,Account changes,Standard,Tier 4,Other,NORAM,APAC,1,0,1
ACCOUNT MANAGEMENT & ACCESS,Account changes,Standard,Tier 4,Other,NORAM,Mauritius,5,0,5
ACCOUNT MANAGEMENT & ACCESS,Account changes,Standard,Tier 4,Other,NORAM,NORAM,5,0,5
ACCOUNT MANAGEMENT & ACCESS,Account changes,Standard,Tier 4,Other,NORAM,UK,4,0,4
ACCOUNT MANAGEMENT & ACCESS,Account changes,Standard,Tier 4,Other,Singapore/ANZ,APAC,3,0,3
ACCOUNT MANAGEMENT & ACCESS,Account changes,Standard,Tier 4,Other,Singapore/ANZ,NORAM,2,0,2
ACCOUNT MANAGEMENT & ACCESS,Account changes,Standard,Tier 4,Other,Southern Europe,EEA,1,0,1
ACCOUNT MANAGEMENT & ACCESS,Account changes,Standard,Tier 4,Other,UAE,MENA,75,0,75
ACCOUNT MANAGEMENT & ACCESS,Account changes,Standard,Tier 4,Other,UK,APAC,1,0,1
ACCOUNT MANAGEMENT & ACCESS,Account changes,Standard,Tier 4,Other,UK,Mauritius,1,0,1
ACCOUNT MANAGEMENT & ACCESS,Account changes,Standard,Tier 4,Other,UK,UK,19,0,19
ACCOUNT MANAGEMENT & ACCESS,Account changes,Standard,Tier 4,Other,Unknown,APAC,11,0,11
ACCOUNT MANAGEMENT & ACCESS,Account changes,Standard,Tier 4,Other,Unknown,Crypto,4,0,4
ACCOUNT MANAGEMENT & ACCESS,Account changes,Standard,Tier 4,Other,Unknown,EEA,1,0,1
ACCOUNT MANAGEMENT & ACCESS,Account changes,Standard,Tier 4,Other,Unknown,MENA,14,0,14
ACCOUNT MANAGEMENT & ACCESS,Account changes,Standard,Tier 4,Other,Unknown,Mauritius,1,0,1
ACCOUNT MANAGEMENT & ACCESS,Account changes,Standard,Tier 4,Other,Unknown,NORAM,2,0,2
ACCOUNT MANAGEMENT & ACCESS,Account changes,Standard,Tier 4,Other,Unknown,UK,6,0,6
ACCOUNT MANAGEMENT & ACCESS,Account changes,Standard,Tier 4,Other,Unknown,WW,1,0,1
ACCOUNT MANAGEMENT & ACCESS,Account changes,Standard,Tier 4,Other,WW,EEA,3,0,3
ACCOUNT MANAGEMENT & ACCESS,Account changes,Standard,Tier 4,Other,WW,MENA,3,0,3
ACCOUNT MANAGEMENT & ACCESS,Account changes,Standard,Tier 4,Other,WW,WW,5,0,5
ACCOUNT MANAGEMENT & ACCESS,Account changes,Standard,Tier 4,Webform & API,Central Europe,EEA,12,0,12
ACCOUNT MANAGEMENT & ACCESS,Account changes,Standard,Tier 4,Webform & API,Central Europe,Mauritius,1,0,1
ACCOUNT MANAGEMENT & ACCESS,Account changes,Standard,Tier 4,Webform & API,Crypto,APAC,1,0,1
ACCOUNT MANAGEMENT & ACCESS,Account changes,Standard,Tier 4,Webform & API,Crypto,Crypto,9,0,9
ACCOUNT MANAGEMENT & ACCESS,Account changes,Standard,Tier 4,Webform & API,EU,EEA,7,0,7
ACCOUNT MANAGEMENT & ACCESS,Account changes,Standard,Tier 4,Webform & API,EU,UK,1,0,1
ACCOUNT MANAGEMENT & ACCESS,Account changes,Standard,Tier 4,Webform & API,GCR,APAC,6,0,6
ACCOUNT MANAGEMENT & ACCESS,Account changes,Standard,Tier 4,Webform & API,Issuing,Mauritius,2,0,2
ACCOUNT MANAGEMENT & ACCESS,Account changes,Standard,Tier 4,Webform & API,Issuing,UK,4,0,4
ACCOUNT MANAGEMENT & ACCESS,Account changes,Standard,Tier 4,Webform & API,Issuing,Unknown,1,0,1
ACCOUNT MANAGEMENT & ACCESS,Account changes,Standard,Tier 4,Webform & API,KSA,EEA,3,0,3
ACCOUNT MANAGEMENT & ACCESS,Account changes,Standard,Tier 4,Webform & API,KSA,MENA,5,0,5
ACCOUNT MANAGEMENT & ACCESS,Account changes,Standard,Tier 4,Webform & API,Mauritius,Mauritius,9,0,9
ACCOUNT MANAGEMENT & ACCESS,Account changes,Standard,Tier 4,Webform & API,NORAM,Mauritius,10,0,10
ACCOUNT MANAGEMENT & ACCESS,Account changes,Standard,Tier 4,Webform & API,NORAM,NORAM,23,0,23
ACCOUNT MANAGEMENT & ACCESS,Account changes,Standard,Tier 4,Webform & API,NORAM,UK,13,0,13
ACCOUNT MANAGEMENT & ACCESS,Account changes,Standard,Tier 4,Webform & API,NORAM,Unknown,2,0,2
ACCOUNT MANAGEMENT & ACCESS,Account changes,Standard,Tier 4,Webform & API,Singapore/ANZ,APAC,4,0,4
ACCOUNT MANAGEMENT & ACCESS,Account changes,Standard,Tier 4,Webform & API,Singapore/ANZ,NORAM,2,0,2
ACCOUNT MANAGEMENT & ACCESS,Account changes,Standard,Tier 4,Webform & API,Southern Europe,EEA,7,0,7
ACCOUNT MANAGEMENT & ACCESS,Account changes,Standard,Tier 4,Webform & API,UAE,MENA,78,0,78
ACCOUNT MANAGEMENT & ACCESS,Account changes,Standard,Tier 4,Webform & API,UAE,Mauritius,2,0,2
ACCOUNT MANAGEMENT & ACCESS,Account changes,Standard,Tier 4,Webform & API,UAE,UK,1,0,1
ACCOUNT MANAGEMENT & ACCESS,Account changes,Standard,Tier 4,Webform & API,UK,APAC,1,0,1
ACCOUNT MANAGEMENT & ACCESS,Account changes,Standard,Tier 4,Webform & API,UK,Mauritius,9,0,9
ACCOUNT MANAGEMENT & ACCESS,Account changes,Standard,Tier 4,Webform & API,UK,UK,35,0,35
ACCOUNT MANAGEMENT & ACCESS,Account changes,Standard,Tier 4,Webform & API,Unknown,APAC,17,0,17
ACCOUNT MANAGEMENT & ACCESS,Account changes,Standard,Tier 4,Webform & API,Unknown,Crypto,13,0,13
ACCOUNT MANAGEMENT & ACCESS,Account changes,Standard,Tier 4,Webform & API,Unknown,EEA,20,0,20
ACCOUNT MANAGEMENT & ACCESS,Account changes,Standard,Tier 4,Webform & API,Unknown,MENA,23,0,23
ACCOUNT MANAGEMENT & ACCESS,Account changes,Standard,Tier 4,Webform & API,Unknown,Mauritius,6,0,6
ACCOUNT MANAGEMENT & ACCESS,Account changes,Standard,Tier 4,Webform & API,Unknown,NORAM,9,0,9
ACCOUNT MANAGEMENT & ACCESS,Account changes,Standard,Tier 4,Webform & API,Unknown,UK,4,0,4
ACCOUNT MANAGEMENT & ACCESS,Account changes,Standard,Tier 4,Webform & API,Unknown,Unknown,2,0,2
ACCOUNT MANAGEMENT & ACCESS,Account changes,Standard,Tier 4,Webform & API,WW,EEA,3,0,3
ACCOUNT MANAGEMENT & ACCESS,Account changes,Standard,Tier 4,Webform & API,WW,MENA,4,0,4
ACCOUNT MANAGEMENT & ACCESS,Account changes,Standard,Tier 4,Webform & API,WW,Mauritius,1,0,1
ACCOUNT MANAGEMENT & ACCESS,Account changes,Standard,Tier 4,Webform & API,WW,UK,2,0,2
ACCOUNT MANAGEMENT & ACCESS,Account changes,Standard,Tier 4,Webform & API,WW,WW,16,0,16
ACCOUNT MANAGEMENT & ACCESS,Account changes,Standard,Unknown,Email (Internal),Mauritius,Mauritius,1,0,1
ACCOUNT MANAGEMENT & ACCESS,Account changes,Standard,Unknown,Email (Internal),Northern Europe,EEA,2,0,2
ACCOUNT MANAGEMENT & ACCESS,Account changes,Standard,Unknown,Email (Merchant),Crypto,Crypto,1,0,1
ACCOUNT MANAGEMENT & ACCESS,Account changes,Standard,Unknown,Email (Merchant),Northern Europe,EEA,3,0,3
ACCOUNT MANAGEMENT & ACCESS,Account changes,Standard,Unknown,Fin (Dashboard),UK,UK,0,1,1
ACCOUNT MANAGEMENT & ACCESS,Account changes,Standard,Unknown,Other,Unknown,Unknown,1,0,1
ACCOUNT MANAGEMENT & ACCESS,Account changes,Standard,Unknown,Webform & API,UK,UK,1,0,1
ACCOUNT MANAGEMENT & ACCESS,Account changes,Standard,Unknown,Webform & API,Unknown,Unknown,1,0,1
ACCOUNT MANAGEMENT & ACCESS,Account changes,Unmapped,Unknown,Email (Internal),Unknown,Unknown,119,0,119
ACCOUNT MANAGEMENT & ACCESS,Account changes,Unmapped,Unknown,Email (Merchant),Unknown,Unknown,256,0,256
ACCOUNT MANAGEMENT & ACCESS,Account changes,Unmapped,Unknown,Fin (Dashboard),Unknown,Unknown,9,24,33
ACCOUNT MANAGEMENT & ACCESS,Account changes,Unmapped,Unknown,Other,Unknown,Unknown,110,0,110
ACCOUNT MANAGEMENT & ACCESS,Account changes,Unmapped,Unknown,Webform & API,Unknown,Unknown,78,0,78
ACCOUNT MANAGEMENT & ACCESS,Account_changes,Standard,Tier 3,Webform & API,UK,UK,1,0,1
ACCOUNT MANAGEMENT & ACCESS,Account_changes,Unmapped,Unknown,Email (Merchant),Unknown,Unknown,1,0,1
ACCOUNT MANAGEMENT & ACCESS,Login & Access,Enterprise,Tier 1,Email (Internal),Central Europe,EEA,2,0,2
ACCOUNT MANAGEMENT & ACCESS,Login & Access,Enterprise,Tier 1,Email (Internal),Crypto,Crypto,3,0,3
ACCOUNT MANAGEMENT & ACCESS,Login & Access,Enterprise,Tier 1,Email (Internal),NORAM,Crypto,1,0,1
ACCOUNT MANAGEMENT & ACCESS,Login & Access,Enterprise,Tier 1,Email (Internal),NORAM,UK,1,0,1
ACCOUNT MANAGEMENT & ACCESS,Login & Access,Enterprise,Tier 1,Email (Internal),Singapore/ANZ,APAC,1,0,1
ACCOUNT MANAGEMENT & ACCESS,Login & Access,Enterprise,Tier 1,Email (Internal),UAE,MENA,4,0,4
ACCOUNT MANAGEMENT & ACCESS,Login & Access,Enterprise,Tier 1,Email (Internal),UK,UK,4,0,4
ACCOUNT MANAGEMENT & ACCESS,Login & Access,Enterprise,Tier 1,Email (Merchant),Central Europe,EEA,1,0,1
ACCOUNT MANAGEMENT & ACCESS,Login & Access,Enterprise,Tier 1,Email (Merchant),Crypto,Crypto,21,0,21
ACCOUNT MANAGEMENT & ACCESS,Login & Access,Enterprise,Tier 1,Email (Merchant),Crypto,EEA,2,0,2
ACCOUNT MANAGEMENT & ACCESS,Login & Access,Enterprise,Tier 1,Email (Merchant),GCR,APAC,1,0,1
ACCOUNT MANAGEMENT & ACCESS,Login & Access,Enterprise,Tier 1,Email (Merchant),NORAM,Crypto,5,0,5
ACCOUNT MANAGEMENT & ACCESS,Login & Access,Enterprise,Tier 1,Email (Merchant),NORAM,UK,9,0,9
ACCOUNT MANAGEMENT & ACCESS,Login & Access,Enterprise,Tier 1,Email (Merchant),Northern Europe,EEA,1,0,1
ACCOUNT MANAGEMENT & ACCESS,Login & Access,Enterprise,Tier 1,Email (Merchant),Singapore/ANZ,APAC,5,0,5
ACCOUNT MANAGEMENT & ACCESS,Login & Access,Enterprise,Tier 1,Email (Merchant),Southern Europe,EEA,1,0,1
ACCOUNT MANAGEMENT & ACCESS,Login & Access,Enterprise,Tier 1,Email (Merchant),UAE,MENA,46,0,46
ACCOUNT MANAGEMENT & ACCESS,Login & Access,Enterprise,Tier 1,Email (Merchant),UK,APAC,1,0,1
ACCOUNT MANAGEMENT & ACCESS,Login & Access,Enterprise,Tier 1,Email (Merchant),UK,Crypto,2,0,2
ACCOUNT MANAGEMENT & ACCESS,Login & Access,Enterprise,Tier 1,Email (Merchant),UK,UK,24,0,24
ACCOUNT MANAGEMENT & ACCESS,Login & Access,Enterprise,Tier 1,Email (Merchant),Unknown,Crypto,1,0,1
ACCOUNT MANAGEMENT & ACCESS,Login & Access,Enterprise,Tier 1,Email (Merchant),Unknown,NORAM,6,0,6
ACCOUNT MANAGEMENT & ACCESS,Login & Access,Enterprise,Tier 1,Email (Merchant),Unknown,UK,8,0,8
ACCOUNT MANAGEMENT & ACCESS,Login & Access,Enterprise,Tier 1,Email (Merchant),WW,MENA,4,0,4
ACCOUNT MANAGEMENT & ACCESS,Login & Access,Enterprise,Tier 1,Email (Merchant),WW,UK,5,0,5
ACCOUNT MANAGEMENT & ACCESS,Login & Access,Enterprise,Tier 1,Fin (Dashboard),Crypto,Crypto,0,2,2
ACCOUNT MANAGEMENT & ACCESS,Login & Access,Enterprise,Tier 1,Fin (Dashboard),GCR,APAC,0,2,2
ACCOUNT MANAGEMENT & ACCESS,Login & Access,Enterprise,Tier 1,Fin (Dashboard),Northern Europe,EEA,0,1,1
ACCOUNT MANAGEMENT & ACCESS,Login & Access,Enterprise,Tier 1,Fin (Dashboard),Southern Europe,EEA,0,2,2
ACCOUNT MANAGEMENT & ACCESS,Login & Access,Enterprise,Tier 1,Fin (Dashboard),UK,UK,0,1,1
ACCOUNT MANAGEMENT & ACCESS,Login & Access,Enterprise,Tier 1,Fin (Dashboard),Unknown,NORAM,0,3,3
ACCOUNT MANAGEMENT & ACCESS,Login & Access,Enterprise,Tier 1,Fin (Dashboard),WW,MENA,1,0,1
ACCOUNT MANAGEMENT & ACCESS,Login & Access,Enterprise,Tier 1,Fin (Dashboard),WW,UK,0,1,1
ACCOUNT MANAGEMENT & ACCESS,Login & Access,Enterprise,Tier 1,Other,Crypto,Crypto,10,0,10
ACCOUNT MANAGEMENT & ACCESS,Login & Access,Enterprise,Tier 1,Other,NORAM,Crypto,3,0,3
ACCOUNT MANAGEMENT & ACCESS,Login & Access,Enterprise,Tier 1,Other,NORAM,NORAM,4,0,4
ACCOUNT MANAGEMENT & ACCESS,Login & Access,Enterprise,Tier 1,Other,NORAM,UK,4,0,4
ACCOUNT MANAGEMENT & ACCESS,Login & Access,Enterprise,Tier 1,Other,Singapore/ANZ,APAC,2,0,2
ACCOUNT MANAGEMENT & ACCESS,Login & Access,Enterprise,Tier 1,Other,UAE,MENA,29,0,29
ACCOUNT MANAGEMENT & ACCESS,Login & Access,Enterprise,Tier 1,Other,UK,APAC,1,0,1
ACCOUNT MANAGEMENT & ACCESS,Login & Access,Enterprise,Tier 1,Other,UK,EEA,1,0,1
ACCOUNT MANAGEMENT & ACCESS,Login & Access,Enterprise,Tier 1,Other,UK,UK,7,0,7
ACCOUNT MANAGEMENT & ACCESS,Login & Access,Enterprise,Tier 1,Other,Unknown,Crypto,2,0,2
ACCOUNT MANAGEMENT & ACCESS,Login & Access,Enterprise,Tier 1,Other,Unknown,NORAM,1,0,1
ACCOUNT MANAGEMENT & ACCESS,Login & Access,Enterprise,Tier 1,Other,Unknown,UK,2,0,2
ACCOUNT MANAGEMENT & ACCESS,Login & Access,Enterprise,Tier 1,Other,WW,MENA,2,0,2
ACCOUNT MANAGEMENT & ACCESS,Login & Access,Enterprise,Tier 1,Webform & API,Crypto,Crypto,2,0,2
ACCOUNT MANAGEMENT & ACCESS,Login & Access,Enterprise,Tier 1,Webform & API,Crypto,EEA,1,0,1
ACCOUNT MANAGEMENT & ACCESS,Login & Access,Enterprise,Tier 1,Webform & API,GCR,APAC,3,0,3
ACCOUNT MANAGEMENT & ACCESS,Login & Access,Enterprise,Tier 1,Webform & API,NORAM,Crypto,3,0,3
ACCOUNT MANAGEMENT & ACCESS,Login & Access,Enterprise,Tier 1,Webform & API,NORAM,NORAM,1,0,1
ACCOUNT MANAGEMENT & ACCESS,Login & Access,Enterprise,Tier 1,Webform & API,NORAM,UK,2,0,2
ACCOUNT MANAGEMENT & ACCESS,Login & Access,Enterprise,Tier 1,Webform & API,Singapore/ANZ,APAC,2,0,2
ACCOUNT MANAGEMENT & ACCESS,Login & Access,Enterprise,Tier 1,Webform & API,UAE,MENA,4,0,4
ACCOUNT MANAGEMENT & ACCESS,Login & Access,Enterprise,Tier 1,Webform & API,UK,APAC,1,0,1
ACCOUNT MANAGEMENT & ACCESS,Login & Access,Enterprise,Tier 1,Webform & API,UK,UK,6,0,6
ACCOUNT MANAGEMENT & ACCESS,Login & Access,Enterprise,Tier 1,Webform & API,Unknown,Crypto,1,0,1
ACCOUNT MANAGEMENT & ACCESS,Login & Access,Enterprise,Tier 1,Webform & API,Unknown,NORAM,3,0,3
ACCOUNT MANAGEMENT & ACCESS,Login & Access,Enterprise,Tier 1,Webform & API,Unknown,UK,1,0,1
ACCOUNT MANAGEMENT & ACCESS,Login & Access,Enterprise,Tier 1,Webform & API,WW,Mauritius,1,0,1
ACCOUNT MANAGEMENT & ACCESS,Login & Access,Enterprise,Tier 1,Webform & API,WW,UK,1,0,1
ACCOUNT MANAGEMENT & ACCESS,Login & Access,Enterprise,Tier 2,Email (Internal),Central Europe,EEA,2,0,2
ACCOUNT MANAGEMENT & ACCESS,Login & Access,Enterprise,Tier 2,Email (Internal),Crypto,Crypto,3,0,3
ACCOUNT MANAGEMENT & ACCESS,Login & Access,Enterprise,Tier 2,Email (Internal),EU,EEA,1,0,1
ACCOUNT MANAGEMENT & ACCESS,Login & Access,Enterprise,Tier 2,Email (Internal),GCR,APAC,1,0,1
ACCOUNT MANAGEMENT & ACCESS,Login & Access,Enterprise,Tier 2,Email (Internal),NORAM,Crypto,2,0,2
ACCOUNT MANAGEMENT & ACCESS,Login & Access,Enterprise,Tier 2,Email (Internal),NORAM,Israel,1,0,1
ACCOUNT MANAGEMENT & ACCESS,Login & Access,Enterprise,Tier 2,Email (Internal),NORAM,NORAM,2,0,2
ACCOUNT MANAGEMENT & ACCESS,Login & Access,Enterprise,Tier 2,Email (Internal),NORAM,UK,4,0,4
ACCOUNT MANAGEMENT & ACCESS,Login & Access,Enterprise,Tier 2,Email (Internal),Singapore/ANZ,APAC,1,0,1
ACCOUNT MANAGEMENT & ACCESS,Login & Access,Enterprise,Tier 2,Email (Internal),Southern Europe,EEA,3,0,3
ACCOUNT MANAGEMENT & ACCESS,Login & Access,Enterprise,Tier 2,Email (Internal),UAE,MENA,10,0,10
ACCOUNT MANAGEMENT & ACCESS,Login & Access,Enterprise,Tier 2,Email (Internal),UK,EEA,1,0,1
ACCOUNT MANAGEMENT & ACCESS,Login & Access,Enterprise,Tier 2,Email (Internal),UK,UK,6,0,6
ACCOUNT MANAGEMENT & ACCESS,Login & Access,Enterprise,Tier 2,Email (Internal),Unknown,NORAM,1,0,1
ACCOUNT MANAGEMENT & ACCESS,Login & Access,Enterprise,Tier 2,Email (Internal),WW,EEA,1,0,1
ACCOUNT MANAGEMENT & ACCESS,Login & Access,Enterprise,Tier 2,Email (Merchant),Central Europe,EEA,9,0,9
ACCOUNT MANAGEMENT & ACCESS,Login & Access,Enterprise,Tier 2,Email (Merchant),Crypto,APAC,1,0,1
ACCOUNT MANAGEMENT & ACCESS,Login & Access,Enterprise,Tier 2,Email (Merchant),Crypto,Crypto,16,0,16
ACCOUNT MANAGEMENT & ACCESS,Login & Access,Enterprise,Tier 2,Email (Merchant),EU,EEA,4,0,4
ACCOUNT MANAGEMENT & ACCESS,Login & Access,Enterprise,Tier 2,Email (Merchant),GCR,APAC,10,0,10
ACCOUNT MANAGEMENT & ACCESS,Login & Access,Enterprise,Tier 2,Email (Merchant),KSA,EEA,1,0,1
ACCOUNT MANAGEMENT & ACCESS,Login & Access,Enterprise,Tier 2,Email (Merchant),NORAM,Crypto,4,0,4
ACCOUNT MANAGEMENT & ACCESS,Login & Access,Enterprise,Tier 2,Email (Merchant),NORAM,EEA,4,0,4
ACCOUNT MANAGEMENT & ACCESS,Login & Access,Enterprise,Tier 2,Email (Merchant),NORAM,NORAM,3,0,3
ACCOUNT MANAGEMENT & ACCESS,Login & Access,Enterprise,Tier 2,Email (Merchant),NORAM,UK,9,0,9
ACCOUNT MANAGEMENT & ACCESS,Login & Access,Enterprise,Tier 2,Email (Merchant),SAT,SAT,1,0,1
ACCOUNT MANAGEMENT & ACCESS,Login & Access,Enterprise,Tier 2,Email (Merchant),Singapore/ANZ,APAC,3,0,3
ACCOUNT MANAGEMENT & ACCESS,Login & Access,Enterprise,Tier 2,Email (Merchant),Southern Europe,EEA,3,0,3
ACCOUNT MANAGEMENT & ACCESS,Login & Access,Enterprise,Tier 2,Email (Merchant),UAE,MENA,57,0,57
ACCOUNT MANAGEMENT & ACCESS,Login & Access,Enterprise,Tier 2,Email (Merchant),UK,EEA,7,0,7
ACCOUNT MANAGEMENT & ACCESS,Login & Access,Enterprise,Tier 2,Email (Merchant),UK,Issuing,1,0,1
ACCOUNT MANAGEMENT & ACCESS,Login & Access,Enterprise,Tier 2,Email (Merchant),UK,UK,26,0,26
ACCOUNT MANAGEMENT & ACCESS,Login & Access,Enterprise,Tier 2,Email (Merchant),Unknown,EEA,2,0,2
ACCOUNT MANAGEMENT & ACCESS,Login & Access,Enterprise,Tier 2,Email (Merchant),Unknown,MENA,5,0,5
ACCOUNT MANAGEMENT & ACCESS,Login & Access,Enterprise,Tier 2,Email (Merchant),Unknown,NORAM,17,0,17
ACCOUNT MANAGEMENT & ACCESS,Login & Access,Enterprise,Tier 2,Email (Merchant),Unknown,UK,3,0,3
ACCOUNT MANAGEMENT & ACCESS,Login & Access,Enterprise,Tier 2,Email (Merchant),WW,EEA,3,0,3
ACCOUNT MANAGEMENT & ACCESS,Login & Access,Enterprise,Tier 2,Email (Merchant),WW,MENA,5,0,5
ACCOUNT MANAGEMENT & ACCESS,Login & Access,Enterprise,Tier 2,Fin (Dashboard),Central Europe,EEA,0,2,2
ACCOUNT MANAGEMENT & ACCESS,Login & Access,Enterprise,Tier 2,Fin (Dashboard),Crypto,Crypto,2,1,3
ACCOUNT MANAGEMENT & ACCESS,Login & Access,Enterprise,Tier 2,Fin (Dashboard),GCR,APAC,1,0,1
ACCOUNT MANAGEMENT & ACCESS,Login & Access,Enterprise,Tier 2,Fin (Dashboard),NORAM,Crypto,1,1,2
ACCOUNT MANAGEMENT & ACCESS,Login & Access,Enterprise,Tier 2,Fin (Dashboard),NORAM,EEA,1,4,5
ACCOUNT MANAGEMENT & ACCESS,Login & Access,Enterprise,Tier 2,Fin (Dashboard),NORAM,NORAM,0,1,1
ACCOUNT MANAGEMENT & ACCESS,Login & Access,Enterprise,Tier 2,Fin (Dashboard),NORAM,UK,0,1,1
ACCOUNT MANAGEMENT & ACCESS,Login & Access,Enterprise,Tier 2,Fin (Dashboard),NORAM,Unknown,0,1,1
ACCOUNT MANAGEMENT & ACCESS,Login & Access,Enterprise,Tier 2,Fin (Dashboard),Northern Europe,EEA,0,3,3
ACCOUNT MANAGEMENT & ACCESS,Login & Access,Enterprise,Tier 2,Fin (Dashboard),Southern Europe,EEA,0,1,1
ACCOUNT MANAGEMENT & ACCESS,Login & Access,Enterprise,Tier 2,Fin (Dashboard),UAE,MENA,0,10,10
ACCOUNT MANAGEMENT & ACCESS,Login & Access,Enterprise,Tier 2,Fin (Dashboard),UK,UK,1,1,2
ACCOUNT MANAGEMENT & ACCESS,Login & Access,Enterprise,Tier 2,Fin (Dashboard),Unknown,NORAM,0,1,1
ACCOUNT MANAGEMENT & ACCESS,Login & Access,Enterprise,Tier 2,Other,Central Europe,EEA,4,0,4
ACCOUNT MANAGEMENT & ACCESS,Login & Access,Enterprise,Tier 2,Other,Crypto,Crypto,10,0,10
ACCOUNT MANAGEMENT & ACCESS,Login & Access,Enterprise,Tier 2,Other,EU,EEA,1,0,1
ACCOUNT MANAGEMENT & ACCESS,Login & Access,Enterprise,Tier 2,Other,GCR,APAC,1,0,1
ACCOUNT MANAGEMENT & ACCESS,Login & Access,Enterprise,Tier 2,Other,Issuing,UK,1,0,1
ACCOUNT MANAGEMENT & ACCESS,Login & Access,Enterprise,Tier 2,Other,KSA,MENA,1,0,1
ACCOUNT MANAGEMENT & ACCESS,Login & Access,Enterprise,Tier 2,Other,NORAM,NORAM,2,0,2
ACCOUNT MANAGEMENT & ACCESS,Login & Access,Enterprise,Tier 2,Other,NORAM,UK,6,0,6
ACCOUNT MANAGEMENT & ACCESS,Login & Access,Enterprise,Tier 2,Other,Northern Europe,EEA,1,0,1
ACCOUNT MANAGEMENT & ACCESS,Login & Access,Enterprise,Tier 2,Other,Singapore/ANZ,APAC,1,0,1
ACCOUNT MANAGEMENT & ACCESS,Login & Access,Enterprise,Tier 2,Other,Southern Europe,EEA,5,0,5
ACCOUNT MANAGEMENT & ACCESS,Login & Access,Enterprise,Tier 2,Other,UAE,MENA,37,0,37
ACCOUNT MANAGEMENT & ACCESS,Login & Access,Enterprise,Tier 2,Other,UK,EEA,6,0,6
ACCOUNT MANAGEMENT & ACCESS,Login & Access,Enterprise,Tier 2,Other,UK,UK,17,0,17
ACCOUNT MANAGEMENT & ACCESS,Login & Access,Enterprise,Tier 2,Other,Unknown,EEA,1,0,1
ACCOUNT MANAGEMENT & ACCESS,Login & Access,Enterprise,Tier 2,Other,Unknown,MENA,2,0,2
ACCOUNT MANAGEMENT & ACCESS,Login & Access,Enterprise,Tier 2,Other,Unknown,NORAM,1,0,1
ACCOUNT MANAGEMENT & ACCESS,Login & Access,Enterprise,Tier 2,Other,Unknown,UK,1,0,1
ACCOUNT MANAGEMENT & ACCESS,Login & Access,Enterprise,Tier 2,Other,WW,EEA,1,0,1
ACCOUNT MANAGEMENT & ACCESS,Login & Access,Enterprise,Tier 2,Other,WW,MENA,1,0,1
ACCOUNT MANAGEMENT & ACCESS,Login & Access,Enterprise,Tier 2,Webform & API,Central Europe,EEA,3,0,3
ACCOUNT MANAGEMENT & ACCESS,Login & Access,Enterprise,Tier 2,Webform & API,Crypto,APAC,1,0,1
ACCOUNT MANAGEMENT & ACCESS,Login & Access,Enterprise,Tier 2,Webform & API,Crypto,Crypto,6,0,6
ACCOUNT MANAGEMENT & ACCESS,Login & Access,Enterprise,Tier 2,Webform & API,EU,EEA,1,0,1
ACCOUNT MANAGEMENT & ACCESS,Login & Access,Enterprise,Tier 2,Webform & API,GCR,APAC,2,0,2
ACCOUNT MANAGEMENT & ACCESS,Login & Access,Enterprise,Tier 2,Webform & API,Issuing,UK,1,0,1
ACCOUNT MANAGEMENT & ACCESS,Login & Access,Enterprise,Tier 2,Webform & API,NORAM,EEA,1,0,1
ACCOUNT MANAGEMENT & ACCESS,Login & Access,Enterprise,Tier 2,Webform & API,NORAM,NORAM,5,0,5
ACCOUNT MANAGEMENT & ACCESS,Login & Access,Enterprise,Tier 2,Webform & API,NORAM,UK,4,0,4
ACCOUNT MANAGEMENT & ACCESS,Login & Access,Enterprise,Tier 2,Webform & API,UAE,MENA,10,0,10
ACCOUNT MANAGEMENT & ACCESS,Login & Access,Enterprise,Tier 2,Webform & API,UK,EEA,2,0,2
ACCOUNT MANAGEMENT & ACCESS,Login & Access,Enterprise,Tier 2,Webform & API,UK,UK,12,0,12
ACCOUNT MANAGEMENT & ACCESS,Login & Access,Enterprise,Tier 2,Webform & API,Unknown,Crypto,1,0,1
ACCOUNT MANAGEMENT & ACCESS,Login & Access,Enterprise,Tier 2,Webform & API,Unknown,EEA,1,0,1
ACCOUNT MANAGEMENT & ACCESS,Login & Access,Enterprise,Tier 2,Webform & API,Unknown,NORAM,3,0,3
ACCOUNT MANAGEMENT & ACCESS,Login & Access,Enterprise,Tier 2,Webform & API,WW,EEA,3,0,3
ACCOUNT MANAGEMENT & ACCESS,Login & Access,Enterprise,Tier 2,Webform & API,WW,UK,1,0,1
ACCOUNT MANAGEMENT & ACCESS,Login & Access,Enterprise,Tier 3,Email (Internal),Central Europe,EEA,1,0,1
ACCOUNT MANAGEMENT & ACCESS,Login & Access,Enterprise,Tier 3,Email (Internal),GCR,APAC,2,0,2
ACCOUNT MANAGEMENT & ACCESS,Login & Access,Enterprise,Tier 3,Email (Internal),Northern Europe,EEA,2,0,2
ACCOUNT MANAGEMENT & ACCESS,Login & Access,Enterprise,Tier 3,Email (Internal),UAE,MENA,1,0,1
ACCOUNT MANAGEMENT & ACCESS,Login & Access,Enterprise,Tier 3,Email (Internal),UK,UK,1,0,1
ACCOUNT MANAGEMENT & ACCESS,Login & Access,Enterprise,Tier 3,Email (Internal),WW,EEA,2,0,2
ACCOUNT MANAGEMENT & ACCESS,Login & Access,Enterprise,Tier 3,Email (Merchant),Central Europe,EEA,5,0,5
ACCOUNT MANAGEMENT & ACCESS,Login & Access,Enterprise,Tier 3,Email (Merchant),GCR,APAC,2,0,2
ACCOUNT MANAGEMENT & ACCESS,Login & Access,Enterprise,Tier 3,Email (Merchant),NORAM,MENA,1,0,1
ACCOUNT MANAGEMENT & ACCESS,Login & Access,Enterprise,Tier 3,Email (Merchant),NORAM,NORAM,1,0,1
ACCOUNT MANAGEMENT & ACCESS,Login & Access,Enterprise,Tier 3,Email (Merchant),UAE,MENA,17,0,17
ACCOUNT MANAGEMENT & ACCESS,Login & Access,Enterprise,Tier 3,Email (Merchant),UK,UK,1,0,1
ACCOUNT MANAGEMENT & ACCESS,Login & Access,Enterprise,Tier 3,Email (Merchant),WW,EEA,2,0,2
ACCOUNT MANAGEMENT & ACCESS,Login & Access,Enterprise,Tier 3,Email (Merchant),WW,Israel,1,0,1
ACCOUNT MANAGEMENT & ACCESS,Login & Access,Enterprise,Tier 3,Fin (Dashboard),Central Europe,EEA,0,5,5
ACCOUNT MANAGEMENT & ACCESS,Login & Access,Enterprise,Tier 3,Fin (Dashboard),GCR,APAC,0,1,1
ACCOUNT MANAGEMENT & ACCESS,Login & Access,Enterprise,Tier 3,Fin (Dashboard),NORAM,MENA,0,1,1
ACCOUNT MANAGEMENT & ACCESS,Login & Access,Enterprise,Tier 3,Fin (Dashboard),UAE,MENA,0,4,4
ACCOUNT MANAGEMENT & ACCESS,Login & Access,Enterprise,Tier 3,Fin (Dashboard),UK,UK,0,1,1
ACCOUNT MANAGEMENT & ACCESS,Login & Access,Enterprise,Tier 3,Fin (Dashboard),WW,EEA,0,1,1
ACCOUNT MANAGEMENT & ACCESS,Login & Access,Enterprise,Tier 3,Other,Central Europe,EEA,3,0,3
ACCOUNT MANAGEMENT & ACCESS,Login & Access,Enterprise,Tier 3,Other,Central Europe,MENA,3,0,3
ACCOUNT MANAGEMENT & ACCESS,Login & Access,Enterprise,Tier 3,Other,UAE,MENA,7,0,7
ACCOUNT MANAGEMENT & ACCESS,Login & Access,Enterprise,Tier 3,Other,UK,UK,2,0,2
ACCOUNT MANAGEMENT & ACCESS,Login & Access,Enterprise,Tier 3,Other,WW,EEA,2,0,2
ACCOUNT MANAGEMENT & ACCESS,Login & Access,Enterprise,Tier 3,Webform & API,Central Europe,EEA,2,0,2
ACCOUNT MANAGEMENT & ACCESS,Login & Access,Enterprise,Tier 3,Webform & API,Central Europe,MENA,1,0,1
ACCOUNT MANAGEMENT & ACCESS,Login & Access,Enterprise,Tier 3,Webform & API,UAE,MENA,8,0,8
ACCOUNT MANAGEMENT & ACCESS,Login & Access,Enterprise,Tier 3,Webform & API,UK,UK,2,0,2
ACCOUNT MANAGEMENT & ACCESS,Login & Access,Enterprise,Tier 4,Email (Merchant),UAE,MENA,12,0,12
ACCOUNT MANAGEMENT & ACCESS,Login & Access,Enterprise,Tier 4,Email (Merchant),UK,UK,1,0,1
ACCOUNT MANAGEMENT & ACCESS,Login & Access,Enterprise,Tier 4,Fin (Dashboard),UK,UK,1,0,1
ACCOUNT MANAGEMENT & ACCESS,Login & Access,Enterprise,Tier 4,Other,UAE,MENA,5,0,5
ACCOUNT MANAGEMENT & ACCESS,Login & Access,Enterprise,Tier 4,Other,UK,UK,3,0,3
ACCOUNT MANAGEMENT & ACCESS,Login & Access,Enterprise,Tier 4,Webform & API,UAE,MENA,1,0,1
ACCOUNT MANAGEMENT & ACCESS,Login & Access,Enterprise,Unknown,Email (Internal),NORAM,EEA,1,0,1
ACCOUNT MANAGEMENT & ACCESS,Login & Access,Enterprise,Unknown,Email (Merchant),NORAM,EEA,1,0,1
ACCOUNT MANAGEMENT & ACCESS,Login & Access,Enterprise,Unknown,Email (Merchant),NORAM,NORAM,2,0,2
ACCOUNT MANAGEMENT & ACCESS,Login & Access,Enterprise,Unknown,Email (Merchant),NORAM,UK,2,0,2
ACCOUNT MANAGEMENT & ACCESS,Login & Access,Enterprise,Unknown,Fin (Dashboard),NORAM,NORAM,0,1,1
ACCOUNT MANAGEMENT & ACCESS,Login & Access,Enterprise,Unknown,Other,UK,UK,1,0,1
ACCOUNT MANAGEMENT & ACCESS,Login & Access,Premium,Tier 1,Email (Internal),GCR,APAC,1,0,1
ACCOUNT MANAGEMENT & ACCESS,Login & Access,Premium,Tier 1,Email (Internal),NORAM,Israel,1,0,1
ACCOUNT MANAGEMENT & ACCESS,Login & Access,Premium,Tier 1,Email (Internal),NORAM,NORAM,1,0,1
ACCOUNT MANAGEMENT & ACCESS,Login & Access,Premium,Tier 1,Email (Internal),NORAM,UK,2,0,2
ACCOUNT MANAGEMENT & ACCESS,Login & Access,Premium,Tier 1,Email (Internal),Singapore/ANZ,APAC,1,0,1
ACCOUNT MANAGEMENT & ACCESS,Login & Access,Premium,Tier 1,Email (Internal),UAE,MENA,4,0,4
ACCOUNT MANAGEMENT & ACCESS,Login & Access,Premium,Tier 1,Email (Internal),UK,EEA,1,0,1
ACCOUNT MANAGEMENT & ACCESS,Login & Access,Premium,Tier 1,Email (Internal),UK,UK,3,0,3
ACCOUNT MANAGEMENT & ACCESS,Login & Access,Premium,Tier 1,Email (Internal),Unknown,Crypto,1,0,1
ACCOUNT MANAGEMENT & ACCESS,Login & Access,Premium,Tier 1,Email (Internal),WW,APAC,1,0,1
ACCOUNT MANAGEMENT & ACCESS,Login & Access,Premium,Tier 1,Email (Internal),WW,EEA,5,0,5
ACCOUNT MANAGEMENT & ACCESS,Login & Access,Premium,Tier 1,Email (Internal),WW,MENA,2,0,2
ACCOUNT MANAGEMENT & ACCESS,Login & Access,Premium,Tier 1,Email (Internal),WW,WW,1,0,1
ACCOUNT MANAGEMENT & ACCESS,Login & Access,Premium,Tier 1,Email (Merchant),Crypto,Crypto,5,0,5
ACCOUNT MANAGEMENT & ACCESS,Login & Access,Premium,Tier 1,Email (Merchant),GCR,APAC,4,0,4
ACCOUNT MANAGEMENT & ACCESS,Login & Access,Premium,Tier 1,Email (Merchant),NORAM,Crypto,3,0,3
ACCOUNT MANAGEMENT & ACCESS,Login & Access,Premium,Tier 1,Email (Merchant),NORAM,EEA,1,0,1
ACCOUNT MANAGEMENT & ACCESS,Login & Access,Premium,Tier 1,Email (Merchant),NORAM,NORAM,6,0,6
ACCOUNT MANAGEMENT & ACCESS,Login & Access,Premium,Tier 1,Email (Merchant),NORAM,UK,7,0,7
ACCOUNT MANAGEMENT & ACCESS,Login & Access,Premium,Tier 1,Email (Merchant),Northern Europe,EEA,2,0,2
ACCOUNT MANAGEMENT & ACCESS,Login & Access,Premium,Tier 1,Email (Merchant),SAT,NORAM,3,0,3
ACCOUNT MANAGEMENT & ACCESS,Login & Access,Premium,Tier 1,Email (Merchant),SAT,SAT,1,0,1
ACCOUNT MANAGEMENT & ACCESS,Login & Access,Premium,Tier 1,Email (Merchant),Singapore/ANZ,APAC,15,0,15
ACCOUNT MANAGEMENT & ACCESS,Login & Access,Premium,Tier 1,Email (Merchant),Singapore/ANZ,NORAM,4,0,4
ACCOUNT MANAGEMENT & ACCESS,Login & Access,Premium,Tier 1,Email (Merchant),UAE,MENA,32,0,32
ACCOUNT MANAGEMENT & ACCESS,Login & Access,Premium,Tier 1,Email (Merchant),UK,Crypto,2,0,2
ACCOUNT MANAGEMENT & ACCESS,Login & Access,Premium,Tier 1,Email (Merchant),UK,EEA,5,0,5
ACCOUNT MANAGEMENT & ACCESS,Login & Access,Premium,Tier 1,Email (Merchant),UK,NORAM,5,0,5
ACCOUNT MANAGEMENT & ACCESS,Login & Access,Premium,Tier 1,Email (Merchant),UK,UK,11,0,11
ACCOUNT MANAGEMENT & ACCESS,Login & Access,Premium,Tier 1,Email (Merchant),Unknown,Crypto,4,0,4
ACCOUNT MANAGEMENT & ACCESS,Login & Access,Premium,Tier 1,Email (Merchant),Unknown,NORAM,3,0,3
ACCOUNT MANAGEMENT & ACCESS,Login & Access,Premium,Tier 1,Email (Merchant),Unknown,UK,1,0,1
ACCOUNT MANAGEMENT & ACCESS,Login & Access,Premium,Tier 1,Email (Merchant),WW,APAC,1,0,1
ACCOUNT MANAGEMENT & ACCESS,Login & Access,Premium,Tier 1,Email (Merchant),WW,EEA,11,0,11
ACCOUNT MANAGEMENT & ACCESS,Login & Access,Premium,Tier 1,Email (Merchant),WW,UK,5,0,5
ACCOUNT MANAGEMENT & ACCESS,Login & Access,Premium,Tier 1,Email (Merchant),WW,WW,8,0,8
ACCOUNT MANAGEMENT & ACCESS,Login & Access,Premium,Tier 1,Fin (Dashboard),Crypto,Crypto,0,3,3
ACCOUNT MANAGEMENT & ACCESS,Login & Access,Premium,Tier 1,Fin (Dashboard),NORAM,NORAM,0,1,1
ACCOUNT MANAGEMENT & ACCESS,Login & Access,Premium,Tier 1,Fin (Dashboard),NORAM,UK,1,1,2
ACCOUNT MANAGEMENT & ACCESS,Login & Access,Premium,Tier 1,Fin (Dashboard),Singapore/ANZ,APAC,3,1,4
ACCOUNT MANAGEMENT & ACCESS,Login & Access,Premium,Tier 1,Fin (Dashboard),Singapore/ANZ,NORAM,0,1,1
ACCOUNT MANAGEMENT & ACCESS,Login & Access,Premium,Tier 1,Fin (Dashboard),UAE,MENA,0,5,5
ACCOUNT MANAGEMENT & ACCESS,Login & Access,Premium,Tier 1,Fin (Dashboard),UK,EEA,1,4,5
ACCOUNT MANAGEMENT & ACCESS,Login & Access,Premium,Tier 1,Fin (Dashboard),UK,UK,0,1,1
ACCOUNT MANAGEMENT & ACCESS,Login & Access,Premium,Tier 1,Fin (Dashboard),WW,UK,0,1,1
ACCOUNT MANAGEMENT & ACCESS,Login & Access,Premium,Tier 1,Fin (Dashboard),WW,WW,1,0,1
ACCOUNT MANAGEMENT & ACCESS,Login & Access,Premium,Tier 1,Other,GCR,APAC,3,0,3
ACCOUNT MANAGEMENT & ACCESS,Login & Access,Premium,Tier 1,Other,NORAM,Crypto,2,0,2
ACCOUNT MANAGEMENT & ACCESS,Login & Access,Premium,Tier 1,Other,NORAM,EEA,2,0,2
ACCOUNT MANAGEMENT & ACCESS,Login & Access,Premium,Tier 1,Other,NORAM,NORAM,2,0,2
ACCOUNT MANAGEMENT & ACCESS,Login & Access,Premium,Tier 1,Other,NORAM,UK,6,0,6
ACCOUNT MANAGEMENT & ACCESS,Login & Access,Premium,Tier 1,Other,Northern Europe,EEA,1,0,1
ACCOUNT MANAGEMENT & ACCESS,Login & Access,Premium,Tier 1,Other,SAT,NORAM,2,0,2
ACCOUNT MANAGEMENT & ACCESS,Login & Access,Premium,Tier 1,Other,SAT,Unknown,1,0,1
ACCOUNT MANAGEMENT & ACCESS,Login & Access,Premium,Tier 1,Other,Singapore/ANZ,APAC,3,0,3
ACCOUNT MANAGEMENT & ACCESS,Login & Access,Premium,Tier 1,Other,Southern Europe,EEA,2,0,2
ACCOUNT MANAGEMENT & ACCESS,Login & Access,Premium,Tier 1,Other,UAE,MENA,10,0,10
ACCOUNT MANAGEMENT & ACCESS,Login & Access,Premium,Tier 1,Other,UK,EEA,2,0,2
ACCOUNT MANAGEMENT & ACCESS,Login & Access,Premium,Tier 1,Other,UK,UK,10,0,10
ACCOUNT MANAGEMENT & ACCESS,Login & Access,Premium,Tier 1,Other,Unknown,Crypto,1,0,1
ACCOUNT MANAGEMENT & ACCESS,Login & Access,Premium,Tier 1,Other,WW,APAC,1,0,1
ACCOUNT MANAGEMENT & ACCESS,Login & Access,Premium,Tier 1,Other,WW,EEA,19,0,19
ACCOUNT MANAGEMENT & ACCESS,Login & Access,Premium,Tier 1,Other,WW,WW,3,0,3
ACCOUNT MANAGEMENT & ACCESS,Login & Access,Premium,Tier 1,Webform & API,Crypto,Crypto,2,0,2
ACCOUNT MANAGEMENT & ACCESS,Login & Access,Premium,Tier 1,Webform & API,GCR,APAC,1,0,1
ACCOUNT MANAGEMENT & ACCESS,Login & Access,Premium,Tier 1,Webform & API,NORAM,Crypto,1,0,1
ACCOUNT MANAGEMENT & ACCESS,Login & Access,Premium,Tier 1,Webform & API,NORAM,NORAM,2,0,2
ACCOUNT MANAGEMENT & ACCESS,Login & Access,Premium,Tier 1,Webform & API,NORAM,UK,4,0,4
ACCOUNT MANAGEMENT & ACCESS,Login & Access,Premium,Tier 1,Webform & API,Northern Europe,EEA,3,0,3
ACCOUNT MANAGEMENT & ACCESS,Login & Access,Premium,Tier 1,Webform & API,SAT,NORAM,3,0,3
ACCOUNT MANAGEMENT & ACCESS,Login & Access,Premium,Tier 1,Webform & API,SAT,SAT,1,0,1
ACCOUNT MANAGEMENT & ACCESS,Login & Access,Premium,Tier 1,Webform & API,UAE,MENA,18,0,18
ACCOUNT MANAGEMENT & ACCESS,Login & Access,Premium,Tier 1,Webform & API,UK,Crypto,2,0,2
ACCOUNT MANAGEMENT & ACCESS,Login & Access,Premium,Tier 1,Webform & API,UK,EEA,3,0,3
ACCOUNT MANAGEMENT & ACCESS,Login & Access,Premium,Tier 1,Webform & API,UK,NORAM,1,0,1
ACCOUNT MANAGEMENT & ACCESS,Login & Access,Premium,Tier 1,Webform & API,UK,UK,6,0,6
ACCOUNT MANAGEMENT & ACCESS,Login & Access,Premium,Tier 1,Webform & API,Unknown,Crypto,2,0,2
ACCOUNT MANAGEMENT & ACCESS,Login & Access,Premium,Tier 1,Webform & API,WW,EEA,12,0,12
ACCOUNT MANAGEMENT & ACCESS,Login & Access,Premium,Tier 1,Webform & API,WW,UK,16,0,16
ACCOUNT MANAGEMENT & ACCESS,Login & Access,Standard,Tier 2,Email (Internal),Crypto,Crypto,2,0,2
ACCOUNT MANAGEMENT & ACCESS,Login & Access,Standard,Tier 2,Email (Internal),NORAM,NORAM,1,0,1
ACCOUNT MANAGEMENT & ACCESS,Login & Access,Standard,Tier 2,Email (Internal),UK,UK,1,0,1
ACCOUNT MANAGEMENT & ACCESS,Login & Access,Standard,Tier 2,Email (Internal),WW,WW,1,0,1
ACCOUNT MANAGEMENT & ACCESS,Login & Access,Standard,Tier 2,Email (Merchant),Crypto,Crypto,4,0,4
ACCOUNT MANAGEMENT & ACCESS,Login & Access,Standard,Tier 2,Email (Merchant),GCR,APAC,1,0,1
ACCOUNT MANAGEMENT & ACCESS,Login & Access,Standard,Tier 2,Email (Merchant),GCR,Crypto,3,0,3
ACCOUNT MANAGEMENT & ACCESS,Login & Access,Standard,Tier 2,Email (Merchant),UK,UK,11,0,11
ACCOUNT MANAGEMENT & ACCESS,Login & Access,Standard,Tier 2,Email (Merchant),Unknown,APAC,1,0,1
ACCOUNT MANAGEMENT & ACCESS,Login & Access,Standard,Tier 2,Fin (Dashboard),NORAM,NORAM,1,0,1
ACCOUNT MANAGEMENT & ACCESS,Login & Access,Standard,Tier 2,Other,GCR,APAC,4,0,4
ACCOUNT MANAGEMENT & ACCESS,Login & Access,Standard,Tier 2,Other,GCR,Crypto,1,0,1
ACCOUNT MANAGEMENT & ACCESS,Login & Access,Standard,Tier 2,Other,NORAM,NORAM,2,0,2
ACCOUNT MANAGEMENT & ACCESS,Login & Access,Standard,Tier 2,Other,NORAM,UK,1,0,1
ACCOUNT MANAGEMENT & ACCESS,Login & Access,Standard,Tier 2,Other,UK,UK,5,0,5
ACCOUNT MANAGEMENT & ACCESS,Login & Access,Standard,Tier 2,Webform & API,Crypto,Crypto,1,0,1
ACCOUNT MANAGEMENT & ACCESS,Login & Access,Standard,Tier 2,Webform & API,GCR,Crypto,1,0,1
ACCOUNT MANAGEMENT & ACCESS,Login & Access,Standard,Tier 2,Webform & API,Mauritius,NORAM,1,0,1
ACCOUNT MANAGEMENT & ACCESS,Login & Access,Standard,Tier 2,Webform & API,NORAM,NORAM,1,0,1
ACCOUNT MANAGEMENT & ACCESS,Login & Access,Standard,Tier 2,Webform & API,NORAM,UK,1,0,1
ACCOUNT MANAGEMENT & ACCESS,Login & Access,Standard,Tier 2,Webform & API,UK,UK,3,0,3
ACCOUNT MANAGEMENT & ACCESS,Login & Access,Standard,Tier 2,Webform & API,WW,WW,1,0,1
ACCOUNT MANAGEMENT & ACCESS,Login & Access,Standard,Tier 3,Email (Internal),Central Europe,EEA,6,0,6
ACCOUNT MANAGEMENT & ACCESS,Login & Access,Standard,Tier 3,Email (Internal),Crypto,Crypto,4,0,4
ACCOUNT MANAGEMENT & ACCESS,Login & Access,Standard,Tier 3,Email (Internal),EU,EEA,1,0,1
ACCOUNT MANAGEMENT & ACCESS,Login & Access,Standard,Tier 3,Email (Internal),GCR,APAC,5,0,5
ACCOUNT MANAGEMENT & ACCESS,Login & Access,Standard,Tier 3,Email (Internal),Issuing,EEA,1,0,1
ACCOUNT MANAGEMENT & ACCESS,Login & Access,Standard,Tier 3,Email (Internal),KSA,MENA,1,0,1
ACCOUNT MANAGEMENT & ACCESS,Login & Access,Standard,Tier 3,Email (Internal),NORAM,APAC,1,0,1
ACCOUNT MANAGEMENT & ACCESS,Login & Access,Standard,Tier 3,Email (Internal),NORAM,NORAM,3,0,3
ACCOUNT MANAGEMENT & ACCESS,Login & Access,Standard,Tier 3,Email (Internal),Northern Europe,EEA,7,0,7
ACCOUNT MANAGEMENT & ACCESS,Login & Access,Standard,Tier 3,Email (Internal),Singapore/ANZ,APAC,2,0,2
ACCOUNT MANAGEMENT & ACCESS,Login & Access,Standard,Tier 3,Email (Internal),Southern Europe,EEA,6,0,6
ACCOUNT MANAGEMENT & ACCESS,Login & Access,Standard,Tier 3,Email (Internal),UAE,MENA,16,0,16
ACCOUNT MANAGEMENT & ACCESS,Login & Access,Standard,Tier 3,Email (Internal),UAE,Unknown,1,0,1
ACCOUNT MANAGEMENT & ACCESS,Login & Access,Standard,Tier 3,Email (Internal),UK,UK,6,0,6
ACCOUNT MANAGEMENT & ACCESS,Login & Access,Standard,Tier 3,Email (Internal),Unknown,EEA,3,0,3
ACCOUNT MANAGEMENT & ACCESS,Login & Access,Standard,Tier 3,Email (Internal),Unknown,NORAM,1,0,1
ACCOUNT MANAGEMENT & ACCESS,Login & Access,Standard,Tier 3,Email (Internal),Unknown,UK,2,0,2
ACCOUNT MANAGEMENT & ACCESS,Login & Access,Standard,Tier 3,Email (Internal),WW,MENA,1,0,1
ACCOUNT MANAGEMENT & ACCESS,Login & Access,Standard,Tier 3,Email (Merchant),Central Europe,EEA,6,0,6
ACCOUNT MANAGEMENT & ACCESS,Login & Access,Standard,Tier 3,Email (Merchant),Central Europe,Mauritius,1,0,1
ACCOUNT MANAGEMENT & ACCESS,Login & Access,Standard,Tier 3,Email (Merchant),Crypto,Crypto,14,0,14
ACCOUNT MANAGEMENT & ACCESS,Login & Access,Standard,Tier 3,Email (Merchant),EU,EEA,1,0,1
ACCOUNT MANAGEMENT & ACCESS,Login & Access,Standard,Tier 3,Email (Merchant),GCR,APAC,8,0,8
ACCOUNT MANAGEMENT & ACCESS,Login & Access,Standard,Tier 3,Email (Merchant),NORAM,EEA,4,0,4
ACCOUNT MANAGEMENT & ACCESS,Login & Access,Standard,Tier 3,Email (Merchant),NORAM,MENA,3,0,3
ACCOUNT MANAGEMENT & ACCESS,Login & Access,Standard,Tier 3,Email (Merchant),NORAM,NORAM,12,0,12
ACCOUNT MANAGEMENT & ACCESS,Login & Access,Standard,Tier 3,Email (Merchant),NORAM,UK,2,0,2
ACCOUNT MANAGEMENT & ACCESS,Login & Access,Standard,Tier 3,Email (Merchant),Northern Europe,EEA,18,0,18
ACCOUNT MANAGEMENT & ACCESS,Login & Access,Standard,Tier 3,Email (Merchant),Singapore/ANZ,APAC,3,0,3
ACCOUNT MANAGEMENT & ACCESS,Login & Access,Standard,Tier 3,Email (Merchant),Singapore/ANZ,NORAM,3,0,3
ACCOUNT MANAGEMENT & ACCESS,Login & Access,Standard,Tier 3,Email (Merchant),Southern Europe,Crypto,1,0,1
ACCOUNT MANAGEMENT & ACCESS,Login & Access,Standard,Tier 3,Email (Merchant),Southern Europe,EEA,7,0,7
ACCOUNT MANAGEMENT & ACCESS,Login & Access,Standard,Tier 3,Email (Merchant),Southern Europe,Mauritius,1,0,1
ACCOUNT MANAGEMENT & ACCESS,Login & Access,Standard,Tier 3,Email (Merchant),UAE,MENA,89,0,89
ACCOUNT MANAGEMENT & ACCESS,Login & Access,Standard,Tier 3,Email (Merchant),UAE,Mauritius,2,0,2
ACCOUNT MANAGEMENT & ACCESS,Login & Access,Standard,Tier 3,Email (Merchant),UAE,UK,1,0,1
ACCOUNT MANAGEMENT & ACCESS,Login & Access,Standard,Tier 3,Email (Merchant),UK,NORAM,2,0,2
ACCOUNT MANAGEMENT & ACCESS,Login & Access,Standard,Tier 3,Email (Merchant),UK,UK,31,0,31
ACCOUNT MANAGEMENT & ACCESS,Login & Access,Standard,Tier 3,Email (Merchant),Unknown,Crypto,2,0,2
ACCOUNT MANAGEMENT & ACCESS,Login & Access,Standard,Tier 3,Email (Merchant),Unknown,EEA,6,0,6
ACCOUNT MANAGEMENT & ACCESS,Login & Access,Standard,Tier 3,Email (Merchant),Unknown,MENA,2,0,2
ACCOUNT MANAGEMENT & ACCESS,Login & Access,Standard,Tier 3,Email (Merchant),Unknown,NORAM,3,0,3
ACCOUNT MANAGEMENT & ACCESS,Login & Access,Standard,Tier 3,Email (Merchant),Unknown,UK,19,0,19
ACCOUNT MANAGEMENT & ACCESS,Login & Access,Standard,Tier 3,Email (Merchant),Unknown,Unknown,1,0,1
ACCOUNT MANAGEMENT & ACCESS,Login & Access,Standard,Tier 3,Email (Merchant),WW,APAC,2,0,2
ACCOUNT MANAGEMENT & ACCESS,Login & Access,Standard,Tier 3,Email (Merchant),WW,MENA,14,0,14
ACCOUNT MANAGEMENT & ACCESS,Login & Access,Standard,Tier 3,Email (Merchant),WW,NORAM,1,0,1
ACCOUNT MANAGEMENT & ACCESS,Login & Access,Standard,Tier 3,Fin (Dashboard),Central Europe,EEA,0,5,5
ACCOUNT MANAGEMENT & ACCESS,Login & Access,Standard,Tier 3,Fin (Dashboard),Central Europe,Mauritius,0,1,1
ACCOUNT MANAGEMENT & ACCESS,Login & Access,Standard,Tier 3,Fin (Dashboard),Crypto,Crypto,0,7,7
ACCOUNT MANAGEMENT & ACCESS,Login & Access,Standard,Tier 3,Fin (Dashboard),EU,EEA,0,2,2
ACCOUNT MANAGEMENT & ACCESS,Login & Access,Standard,Tier 3,Fin (Dashboard),GCR,APAC,1,5,6
ACCOUNT MANAGEMENT & ACCESS,Login & Access,Standard,Tier 3,Fin (Dashboard),NORAM,Crypto,0,1,1
ACCOUNT MANAGEMENT & ACCESS,Login & Access,Standard,Tier 3,Fin (Dashboard),NORAM,EEA,0,1,1
ACCOUNT MANAGEMENT & ACCESS,Login & Access,Standard,Tier 3,Fin (Dashboard),NORAM,MENA,0,1,1
ACCOUNT MANAGEMENT & ACCESS,Login & Access,Standard,Tier 3,Fin (Dashboard),NORAM,NORAM,2,8,10
ACCOUNT MANAGEMENT & ACCESS,Login & Access,Standard,Tier 3,Fin (Dashboard),NORAM,UK,0,1,1
ACCOUNT MANAGEMENT & ACCESS,Login & Access,Standard,Tier 3,Fin (Dashboard),Northern Europe,EEA,0,5,5
ACCOUNT MANAGEMENT & ACCESS,Login & Access,Standard,Tier 3,Fin (Dashboard),Singapore/ANZ,APAC,0,3,3
ACCOUNT MANAGEMENT & ACCESS,Login & Access,Standard,Tier 3,Fin (Dashboard),Singapore/ANZ,NORAM,2,1,3
ACCOUNT MANAGEMENT & ACCESS,Login & Access,Standard,Tier 3,Fin (Dashboard),Southern Europe,EEA,0,8,8
ACCOUNT MANAGEMENT & ACCESS,Login & Access,Standard,Tier 3,Fin (Dashboard),Southern Europe,Mauritius,1,0,1
ACCOUNT MANAGEMENT & ACCESS,Login & Access,Standard,Tier 3,Fin (Dashboard),UAE,MENA,3,33,36
ACCOUNT MANAGEMENT & ACCESS,Login & Access,Standard,Tier 3,Fin (Dashboard),UAE,Mauritius,0,1,1
ACCOUNT MANAGEMENT & ACCESS,Login & Access,Standard,Tier 3,Fin (Dashboard),UAE,UK,0,2,2
ACCOUNT MANAGEMENT & ACCESS,Login & Access,Standard,Tier 3,Fin (Dashboard),UAE,Unknown,1,0,1
ACCOUNT MANAGEMENT & ACCESS,Login & Access,Standard,Tier 3,Fin (Dashboard),UK,EEA,0,1,1
ACCOUNT MANAGEMENT & ACCESS,Login & Access,Standard,Tier 3,Fin (Dashboard),UK,UK,4,19,23
ACCOUNT MANAGEMENT & ACCESS,Login & Access,Standard,Tier 3,Fin (Dashboard),Unknown,Crypto,1,1,2
ACCOUNT MANAGEMENT & ACCESS,Login & Access,Standard,Tier 3,Fin (Dashboard),Unknown,EEA,2,4,6
ACCOUNT MANAGEMENT & ACCESS,Login & Access,Standard,Tier 3,Fin (Dashboard),Unknown,MENA,0,3,3
ACCOUNT MANAGEMENT & ACCESS,Login & Access,Standard,Tier 3,Fin (Dashboard),Unknown,NORAM,1,3,4
ACCOUNT MANAGEMENT & ACCESS,Login & Access,Standard,Tier 3,Fin (Dashboard),Unknown,UK,0,11,11
ACCOUNT MANAGEMENT & ACCESS,Login & Access,Standard,Tier 3,Fin (Dashboard),Unknown,Unknown,0,1,1
ACCOUNT MANAGEMENT & ACCESS,Login & Access,Standard,Tier 3,Fin (Dashboard),WW,MENA,1,5,6
ACCOUNT MANAGEMENT & ACCESS,Login & Access,Standard,Tier 3,Fin (Dashboard),WW,Mauritius,0,1,1
ACCOUNT MANAGEMENT & ACCESS,Login & Access,Standard,Tier 3,Fin (Dashboard),WW,NORAM,0,1,1
ACCOUNT MANAGEMENT & ACCESS,Login & Access,Standard,Tier 3,Other,Central Europe,EEA,6,0,6
ACCOUNT MANAGEMENT & ACCESS,Login & Access,Standard,Tier 3,Other,Crypto,Crypto,3,0,3
ACCOUNT MANAGEMENT & ACCESS,Login & Access,Standard,Tier 3,Other,GCR,APAC,10,0,10
ACCOUNT MANAGEMENT & ACCESS,Login & Access,Standard,Tier 3,Other,KSA,EEA,1,0,1
ACCOUNT MANAGEMENT & ACCESS,Login & Access,Standard,Tier 3,Other,NORAM,EEA,3,0,3
ACCOUNT MANAGEMENT & ACCESS,Login & Access,Standard,Tier 3,Other,NORAM,Israel,1,0,1
ACCOUNT MANAGEMENT & ACCESS,Login & Access,Standard,Tier 3,Other,NORAM,MENA,2,0,2
ACCOUNT MANAGEMENT & ACCESS,Login & Access,Standard,Tier 3,Other,NORAM,Mauritius,1,0,1
ACCOUNT MANAGEMENT & ACCESS,Login & Access,Standard,Tier 3,Other,NORAM,NORAM,6,0,6
ACCOUNT MANAGEMENT & ACCESS,Login & Access,Standard,Tier 3,Other,NORAM,UK,1,0,1
ACCOUNT MANAGEMENT & ACCESS,Login & Access,Standard,Tier 3,Other,Northern Europe,EEA,4,0,4
ACCOUNT MANAGEMENT & ACCESS,Login & Access,Standard,Tier 3,Other,Singapore/ANZ,APAC,3,0,3
ACCOUNT MANAGEMENT & ACCESS,Login & Access,Standard,Tier 3,Other,Singapore/ANZ,NORAM,2,0,2
ACCOUNT MANAGEMENT & ACCESS,Login & Access,Standard,Tier 3,Other,Southern Europe,EEA,1,0,1
ACCOUNT MANAGEMENT & ACCESS,Login & Access,Standard,Tier 3,Other,UAE,MENA,48,0,48
ACCOUNT MANAGEMENT & ACCESS,Login & Access,Standard,Tier 3,Other,UAE,Mauritius,2,0,2
ACCOUNT MANAGEMENT & ACCESS,Login & Access,Standard,Tier 3,Other,UAE,UK,3,0,3
ACCOUNT MANAGEMENT & ACCESS,Login & Access,Standard,Tier 3,Other,UK,EEA,1,0,1
ACCOUNT MANAGEMENT & ACCESS,Login & Access,Standard,Tier 3,Other,UK,NORAM,1,0,1
ACCOUNT MANAGEMENT & ACCESS,Login & Access,Standard,Tier 3,Other,UK,UK,15,0,15
ACCOUNT MANAGEMENT & ACCESS,Login & Access,Standard,Tier 3,Other,Unknown,Crypto,6,0,6
ACCOUNT MANAGEMENT & ACCESS,Login & Access,Standard,Tier 3,Other,Unknown,EEA,7,0,7
ACCOUNT MANAGEMENT & ACCESS,Login & Access,Standard,Tier 3,Other,Unknown,MENA,2,0,2
ACCOUNT MANAGEMENT & ACCESS,Login & Access,Standard,Tier 3,Other,Unknown,NORAM,3,0,3
ACCOUNT MANAGEMENT & ACCESS,Login & Access,Standard,Tier 3,Other,Unknown,UK,8,0,8
ACCOUNT MANAGEMENT & ACCESS,Login & Access,Standard,Tier 3,Other,WW,MENA,4,0,4
ACCOUNT MANAGEMENT & ACCESS,Login & Access,Standard,Tier 3,Webform & API,Central Europe,EEA,2,0,2
ACCOUNT MANAGEMENT & ACCESS,Login & Access,Standard,Tier 3,Webform & API,Crypto,Crypto,4,0,4
ACCOUNT MANAGEMENT & ACCESS,Login & Access,Standard,Tier 3,Webform & API,GCR,APAC,1,0,1
ACCOUNT MANAGEMENT & ACCESS,Login & Access,Standard,Tier 3,Webform & API,Issuing,EEA,2,0,2
ACCOUNT MANAGEMENT & ACCESS,Login & Access,Standard,Tier 3,Webform & API,KSA,EEA,1,0,1
ACCOUNT MANAGEMENT & ACCESS,Login & Access,Standard,Tier 3,Webform & API,KSA,MENA,1,0,1
ACCOUNT MANAGEMENT & ACCESS,Login & Access,Standard,Tier 3,Webform & API,NORAM,Crypto,1,0,1
ACCOUNT MANAGEMENT & ACCESS,Login & Access,Standard,Tier 3,Webform & API,NORAM,Israel,1,0,1
ACCOUNT MANAGEMENT & ACCESS,Login & Access,Standard,Tier 3,Webform & API,NORAM,MENA,1,0,1
ACCOUNT MANAGEMENT & ACCESS,Login & Access,Standard,Tier 3,Webform & API,NORAM,NORAM,11,0,11
ACCOUNT MANAGEMENT & ACCESS,Login & Access,Standard,Tier 3,Webform & API,NORAM,UK,2,0,2
ACCOUNT MANAGEMENT & ACCESS,Login & Access,Standard,Tier 3,Webform & API,Northern Europe,EEA,8,0,8
ACCOUNT MANAGEMENT & ACCESS,Login & Access,Standard,Tier 3,Webform & API,Singapore/ANZ,APAC,1,0,1
ACCOUNT MANAGEMENT & ACCESS,Login & Access,Standard,Tier 3,Webform & API,Southern Europe,Crypto,1,0,1
ACCOUNT MANAGEMENT & ACCESS,Login & Access,Standard,Tier 3,Webform & API,Southern Europe,EEA,4,0,4
ACCOUNT MANAGEMENT & ACCESS,Login & Access,Standard,Tier 3,Webform & API,UAE,MENA,20,0,20
ACCOUNT MANAGEMENT & ACCESS,Login & Access,Standard,Tier 3,Webform & API,UAE,Mauritius,2,0,2
ACCOUNT MANAGEMENT & ACCESS,Login & Access,Standard,Tier 3,Webform & API,UAE,UK,1,0,1
ACCOUNT MANAGEMENT & ACCESS,Login & Access,Standard,Tier 3,Webform & API,UK,EEA,1,0,1
ACCOUNT MANAGEMENT & ACCESS,Login & Access,Standard,Tier 3,Webform & API,UK,NORAM,1,0,1
ACCOUNT MANAGEMENT & ACCESS,Login & Access,Standard,Tier 3,Webform & API,UK,UK,9,0,9
ACCOUNT MANAGEMENT & ACCESS,Login & Access,Standard,Tier 3,Webform & API,Ubble,EEA,1,0,1
ACCOUNT MANAGEMENT & ACCESS,Login & Access,Standard,Tier 3,Webform & API,Unknown,Crypto,2,0,2
ACCOUNT MANAGEMENT & ACCESS,Login & Access,Standard,Tier 3,Webform & API,Unknown,EEA,5,0,5
ACCOUNT MANAGEMENT & ACCESS,Login & Access,Standard,Tier 3,Webform & API,Unknown,MENA,2,0,2
ACCOUNT MANAGEMENT & ACCESS,Login & Access,Standard,Tier 3,Webform & API,Unknown,NORAM,3,0,3
ACCOUNT MANAGEMENT & ACCESS,Login & Access,Standard,Tier 3,Webform & API,WW,APAC,1,0,1
ACCOUNT MANAGEMENT & ACCESS,Login & Access,Standard,Tier 3,Webform & API,WW,MENA,1,0,1
ACCOUNT MANAGEMENT & ACCESS,Login & Access,Standard,Tier 3,Webform & API,WW,NORAM,2,0,2
ACCOUNT MANAGEMENT & ACCESS,Login & Access,Standard,Tier 4,Email (Internal),Central Europe,Mauritius,1,0,1
ACCOUNT MANAGEMENT & ACCESS,Login & Access,Standard,Tier 4,Email (Internal),Crypto,Crypto,1,0,1
ACCOUNT MANAGEMENT & ACCESS,Login & Access,Standard,Tier 4,Email (Internal),GCR,APAC,3,0,3
ACCOUNT MANAGEMENT & ACCESS,Login & Access,Standard,Tier 4,Email (Internal),Issuing,Mauritius,1,0,1
ACCOUNT MANAGEMENT & ACCESS,Login & Access,Standard,Tier 4,Email (Internal),KSA,MENA,1,0,1
ACCOUNT MANAGEMENT & ACCESS,Login & Access,Standard,Tier 4,Email (Internal),Mauritius,Mauritius,2,0,2
ACCOUNT MANAGEMENT & ACCESS,Login & Access,Standard,Tier 4,Email (Internal),NORAM,Mauritius,3,0,3
ACCOUNT MANAGEMENT & ACCESS,Login & Access,Standard,Tier 4,Email (Internal),NORAM,UK,1,0,1
ACCOUNT MANAGEMENT & ACCESS,Login & Access,Standard,Tier 4,Email (Internal),Northern Europe,Mauritius,1,0,1
ACCOUNT MANAGEMENT & ACCESS,Login & Access,Standard,Tier 4,Email (Internal),Southern Europe,EEA,1,0,1
ACCOUNT MANAGEMENT & ACCESS,Login & Access,Standard,Tier 4,Email (Internal),UAE,MENA,13,0,13
ACCOUNT MANAGEMENT & ACCESS,Login & Access,Standard,Tier 4,Email (Internal),UAE,UK,1,0,1
ACCOUNT MANAGEMENT & ACCESS,Login & Access,Standard,Tier 4,Email (Internal),UK,UK,1,0,1
ACCOUNT MANAGEMENT & ACCESS,Login & Access,Standard,Tier 4,Email (Internal),Unknown,MENA,1,0,1
ACCOUNT MANAGEMENT & ACCESS,Login & Access,Standard,Tier 4,Email (Internal),Unknown,Mauritius,1,0,1
ACCOUNT MANAGEMENT & ACCESS,Login & Access,Standard,Tier 4,Email (Internal),Unknown,UK,1,0,1
ACCOUNT MANAGEMENT & ACCESS,Login & Access,Standard,Tier 4,Email (Merchant),Central Europe,EEA,7,0,7
ACCOUNT MANAGEMENT & ACCESS,Login & Access,Standard,Tier 4,Email (Merchant),Central Europe,Mauritius,2,0,2
ACCOUNT MANAGEMENT & ACCESS,Login & Access,Standard,Tier 4,Email (Merchant),Crypto,APAC,1,0,1
ACCOUNT MANAGEMENT & ACCESS,Login & Access,Standard,Tier 4,Email (Merchant),Crypto,Crypto,5,0,5
ACCOUNT MANAGEMENT & ACCESS,Login & Access,Standard,Tier 4,Email (Merchant),GCR,APAC,12,0,12
ACCOUNT MANAGEMENT & ACCESS,Login & Access,Standard,Tier 4,Email (Merchant),Issuing,Mauritius,2,0,2
ACCOUNT MANAGEMENT & ACCESS,Login & Access,Standard,Tier 4,Email (Merchant),Issuing,UK,7,0,7
ACCOUNT MANAGEMENT & ACCESS,Login & Access,Standard,Tier 4,Email (Merchant),KSA,EEA,4,0,4
ACCOUNT MANAGEMENT & ACCESS,Login & Access,Standard,Tier 4,Email (Merchant),KSA,MENA,2,0,2
ACCOUNT MANAGEMENT & ACCESS,Login & Access,Standard,Tier 4,Email (Merchant),Mauritius,Mauritius,11,0,11
ACCOUNT MANAGEMENT & ACCESS,Login & Access,Standard,Tier 4,Email (Merchant),Mauritius,NORAM,1,0,1
ACCOUNT MANAGEMENT & ACCESS,Login & Access,Standard,Tier 4,Email (Merchant),NORAM,Mauritius,9,0,9
ACCOUNT MANAGEMENT & ACCESS,Login & Access,Standard,Tier 4,Email (Merchant),NORAM,NORAM,15,0,15
ACCOUNT MANAGEMENT & ACCESS,Login & Access,Standard,Tier 4,Email (Merchant),NORAM,UK,3,0,3
ACCOUNT MANAGEMENT & ACCESS,Login & Access,Standard,Tier 4,Email (Merchant),NORAM,Unknown,1,0,1
ACCOUNT MANAGEMENT & ACCESS,Login & Access,Standard,Tier 4,Email (Merchant),Southern Europe,EEA,5,0,5
ACCOUNT MANAGEMENT & ACCESS,Login & Access,Standard,Tier 4,Email (Merchant),Southern Europe,WW,2,0,2
ACCOUNT MANAGEMENT & ACCESS,Login & Access,Standard,Tier 4,Email (Merchant),UAE,Crypto,2,0,2
ACCOUNT MANAGEMENT & ACCESS,Login & Access,Standard,Tier 4,Email (Merchant),UAE,MENA,208,0,208
ACCOUNT MANAGEMENT & ACCESS,Login & Access,Standard,Tier 4,Email (Merchant),UAE,Mauritius,11,0,11
ACCOUNT MANAGEMENT & ACCESS,Login & Access,Standard,Tier 4,Email (Merchant),UAE,WW,1,0,1
ACCOUNT MANAGEMENT & ACCESS,Login & Access,Standard,Tier 4,Email (Merchant),UK,Issuing,1,0,1
ACCOUNT MANAGEMENT & ACCESS,Login & Access,Standard,Tier 4,Email (Merchant),UK,Mauritius,9,0,9
ACCOUNT MANAGEMENT & ACCESS,Login & Access,Standard,Tier 4,Email (Merchant),UK,UK,27,0,27
ACCOUNT MANAGEMENT & ACCESS,Login & Access,Standard,Tier 4,Email (Merchant),Unknown,APAC,11,0,11
ACCOUNT MANAGEMENT & ACCESS,Login & Access,Standard,Tier 4,Email (Merchant),Unknown,Crypto,2,0,2
ACCOUNT MANAGEMENT & ACCESS,Login & Access,Standard,Tier 4,Email (Merchant),Unknown,EEA,7,0,7
ACCOUNT MANAGEMENT & ACCESS,Login & Access,Standard,Tier 4,Email (Merchant),Unknown,MENA,17,0,17
ACCOUNT MANAGEMENT & ACCESS,Login & Access,Standard,Tier 4,Email (Merchant),Unknown,Mauritius,3,0,3
ACCOUNT MANAGEMENT & ACCESS,Login & Access,Standard,Tier 4,Email (Merchant),Unknown,NORAM,9,0,9
ACCOUNT MANAGEMENT & ACCESS,Login & Access,Standard,Tier 4,Email (Merchant),Unknown,UK,4,0,4
ACCOUNT MANAGEMENT & ACCESS,Login & Access,Standard,Tier 4,Email (Merchant),Unknown,Unknown,3,0,3
ACCOUNT MANAGEMENT & ACCESS,Login & Access,Standard,Tier 4,Email (Merchant),Unknown,WW,3,0,3
ACCOUNT MANAGEMENT & ACCESS,Login & Access,Standard,Tier 4,Email (Merchant),WW,EEA,4,0,4
ACCOUNT MANAGEMENT & ACCESS,Login & Access,Standard,Tier 4,Email (Merchant),WW,MENA,1,0,1
ACCOUNT MANAGEMENT & ACCESS,Login & Access,Standard,Tier 4,Email (Merchant),WW,WW,15,0,15
ACCOUNT MANAGEMENT & ACCESS,Login & Access,Standard,Tier 4,Fin (Dashboard),Central Europe,EEA,1,2,3
ACCOUNT MANAGEMENT & ACCESS,Login & Access,Standard,Tier 4,Fin (Dashboard),Central Europe,Mauritius,1,1,2
ACCOUNT MANAGEMENT & ACCESS,Login & Access,Standard,Tier 4,Fin (Dashboard),EU,Mauritius,0,1,1
ACCOUNT MANAGEMENT & ACCESS,Login & Access,Standard,Tier 4,Fin (Dashboard),GCR,APAC,0,1,1
ACCOUNT MANAGEMENT & ACCESS,Login & Access,Standard,Tier 4,Fin (Dashboard),Issuing,Mauritius,0,1,1
ACCOUNT MANAGEMENT & ACCESS,Login & Access,Standard,Tier 4,Fin (Dashboard),Issuing,UK,0,1,1
ACCOUNT MANAGEMENT & ACCESS,Login & Access,Standard,Tier 4,Fin (Dashboard),KSA,MENA,0,1,1
ACCOUNT MANAGEMENT & ACCESS,Login & Access,Standard,Tier 4,Fin (Dashboard),Mauritius,Mauritius,0,1,1
ACCOUNT MANAGEMENT & ACCESS,Login & Access,Standard,Tier 4,Fin (Dashboard),NORAM,Mauritius,0,1,1
ACCOUNT MANAGEMENT & ACCESS,Login & Access,Standard,Tier 4,Fin (Dashboard),NORAM,NORAM,0,1,1
ACCOUNT MANAGEMENT & ACCESS,Login & Access,Standard,Tier 4,Fin (Dashboard),NORAM,UK,0,1,1
ACCOUNT MANAGEMENT & ACCESS,Login & Access,Standard,Tier 4,Fin (Dashboard),UAE,Crypto,0,1,1
ACCOUNT MANAGEMENT & ACCESS,Login & Access,Standard,Tier 4,Fin (Dashboard),UAE,MENA,0,21,21
ACCOUNT MANAGEMENT & ACCESS,Login & Access,Standard,Tier 4,Fin (Dashboard),UK,Mauritius,0,1,1
ACCOUNT MANAGEMENT & ACCESS,Login & Access,Standard,Tier 4,Fin (Dashboard),UK,UK,0,3,3
ACCOUNT MANAGEMENT & ACCESS,Login & Access,Standard,Tier 4,Fin (Dashboard),Unknown,Crypto,0,1,1
ACCOUNT MANAGEMENT & ACCESS,Login & Access,Standard,Tier 4,Fin (Dashboard),Unknown,EEA,1,2,3
ACCOUNT MANAGEMENT & ACCESS,Login & Access,Standard,Tier 4,Fin (Dashboard),Unknown,MENA,1,4,5
ACCOUNT MANAGEMENT & ACCESS,Login & Access,Standard,Tier 4,Fin (Dashboard),Unknown,Mauritius,1,1,2
ACCOUNT MANAGEMENT & ACCESS,Login & Access,Standard,Tier 4,Fin (Dashboard),Unknown,NORAM,0,1,1
ACCOUNT MANAGEMENT & ACCESS,Login & Access,Standard,Tier 4,Fin (Dashboard),Unknown,UK,0,1,1
ACCOUNT MANAGEMENT & ACCESS,Login & Access,Standard,Tier 4,Fin (Dashboard),Unknown,Unknown,1,2,3
ACCOUNT MANAGEMENT & ACCESS,Login & Access,Standard,Tier 4,Fin (Dashboard),WW,EEA,0,1,1
ACCOUNT MANAGEMENT & ACCESS,Login & Access,Standard,Tier 4,Fin (Dashboard),WW,UK,1,0,1
ACCOUNT MANAGEMENT & ACCESS,Login & Access,Standard,Tier 4,Fin (Dashboard),WW,WW,1,2,3
ACCOUNT MANAGEMENT & ACCESS,Login & Access,Standard,Tier 4,Other,Central Europe,EEA,5,0,5
ACCOUNT MANAGEMENT & ACCESS,Login & Access,Standard,Tier 4,Other,Crypto,APAC,3,0,3
ACCOUNT MANAGEMENT & ACCESS,Login & Access,Standard,Tier 4,Other,Crypto,Crypto,2,0,2
ACCOUNT MANAGEMENT & ACCESS,Login & Access,Standard,Tier 4,Other,EU,EEA,2,0,2
ACCOUNT MANAGEMENT & ACCESS,Login & Access,Standard,Tier 4,Other,EU,Mauritius,1,0,1
ACCOUNT MANAGEMENT & ACCESS,Login & Access,Standard,Tier 4,Other,EU,UK,1,0,1
ACCOUNT MANAGEMENT & ACCESS,Login & Access,Standard,Tier 4,Other,GCR,APAC,9,0,9
ACCOUNT MANAGEMENT & ACCESS,Login & Access,Standard,Tier 4,Other,Issuing,Mauritius,2,0,2
ACCOUNT MANAGEMENT & ACCESS,Login & Access,Standard,Tier 4,Other,Issuing,UK,6,0,6
ACCOUNT MANAGEMENT & ACCESS,Login & Access,Standard,Tier 4,Other,KSA,EEA,3,0,3
ACCOUNT MANAGEMENT & ACCESS,Login & Access,Standard,Tier 4,Other,KSA,MENA,1,0,1
ACCOUNT MANAGEMENT & ACCESS,Login & Access,Standard,Tier 4,Other,Mauritius,Mauritius,10,0,10
ACCOUNT MANAGEMENT & ACCESS,Login & Access,Standard,Tier 4,Other,NORAM,Mauritius,4,0,4
ACCOUNT MANAGEMENT & ACCESS,Login & Access,Standard,Tier 4,Other,NORAM,NORAM,17,0,17
ACCOUNT MANAGEMENT & ACCESS,Login & Access,Standard,Tier 4,Other,NORAM,UK,3,0,3
ACCOUNT MANAGEMENT & ACCESS,Login & Access,Standard,Tier 4,Other,Northern Europe,Mauritius,1,0,1
ACCOUNT MANAGEMENT & ACCESS,Login & Access,Standard,Tier 4,Other,Singapore/ANZ,NORAM,1,0,1
ACCOUNT MANAGEMENT & ACCESS,Login & Access,Standard,Tier 4,Other,Southern Europe,WW,2,0,2
ACCOUNT MANAGEMENT & ACCESS,Login & Access,Standard,Tier 4,Other,UAE,MENA,126,0,126
ACCOUNT MANAGEMENT & ACCESS,Login & Access,Standard,Tier 4,Other,UAE,Mauritius,4,0,4
ACCOUNT MANAGEMENT & ACCESS,Login & Access,Standard,Tier 4,Other,UK,APAC,1,0,1
ACCOUNT MANAGEMENT & ACCESS,Login & Access,Standard,Tier 4,Other,UK,MENA,1,0,1
ACCOUNT MANAGEMENT & ACCESS,Login & Access,Standard,Tier 4,Other,UK,Mauritius,8,0,8
ACCOUNT MANAGEMENT & ACCESS,Login & Access,Standard,Tier 4,Other,UK,UK,22,0,22
ACCOUNT MANAGEMENT & ACCESS,Login & Access,Standard,Tier 4,Other,Unknown,APAC,8,0,8
ACCOUNT MANAGEMENT & ACCESS,Login & Access,Standard,Tier 4,Other,Unknown,Crypto,3,0,3
ACCOUNT MANAGEMENT & ACCESS,Login & Access,Standard,Tier 4,Other,Unknown,EEA,7,0,7
ACCOUNT MANAGEMENT & ACCESS,Login & Access,Standard,Tier 4,Other,Unknown,MENA,13,0,13
ACCOUNT MANAGEMENT & ACCESS,Login & Access,Standard,Tier 4,Other,Unknown,Mauritius,6,0,6
ACCOUNT MANAGEMENT & ACCESS,Login & Access,Standard,Tier 4,Other,Unknown,NORAM,7,0,7
ACCOUNT MANAGEMENT & ACCESS,Login & Access,Standard,Tier 4,Other,Unknown,UK,1,0,1
ACCOUNT MANAGEMENT & ACCESS,Login & Access,Standard,Tier 4,Other,Unknown,Unknown,2,0,2
ACCOUNT MANAGEMENT & ACCESS,Login & Access,Standard,Tier 4,Other,Unknown,WW,2,0,2
ACCOUNT MANAGEMENT & ACCESS,Login & Access,Standard,Tier 4,Other,WW,EEA,4,0,4
ACCOUNT MANAGEMENT & ACCESS,Login & Access,Standard,Tier 4,Other,WW,MENA,1,0,1
ACCOUNT MANAGEMENT & ACCESS,Login & Access,Standard,Tier 4,Other,WW,Mauritius,2,0,2
ACCOUNT MANAGEMENT & ACCESS,Login & Access,Standard,Tier 4,Other,WW,WW,9,0,9
ACCOUNT MANAGEMENT & ACCESS,Login & Access,Standard,Tier 4,Webform & API,Central Europe,EEA,3,0,3
ACCOUNT MANAGEMENT & ACCESS,Login & Access,Standard,Tier 4,Webform & API,Central Europe,Mauritius,1,0,1
ACCOUNT MANAGEMENT & ACCESS,Login & Access,Standard,Tier 4,Webform & API,Crypto,Crypto,2,0,2
ACCOUNT MANAGEMENT & ACCESS,Login & Access,Standard,Tier 4,Webform & API,EU,UK,1,0,1
ACCOUNT MANAGEMENT & ACCESS,Login & Access,Standard,Tier 4,Webform & API,GCR,APAC,3,0,3
ACCOUNT MANAGEMENT & ACCESS,Login & Access,Standard,Tier 4,Webform & API,Issuing,Mauritius,1,0,1
ACCOUNT MANAGEMENT & ACCESS,Login & Access,Standard,Tier 4,Webform & API,Mauritius,Mauritius,2,0,2
ACCOUNT MANAGEMENT & ACCESS,Login & Access,Standard,Tier 4,Webform & API,NORAM,Mauritius,4,0,4
ACCOUNT MANAGEMENT & ACCESS,Login & Access,Standard,Tier 4,Webform & API,NORAM,NORAM,15,0,15
ACCOUNT MANAGEMENT & ACCESS,Login & Access,Standard,Tier 4,Webform & API,NORAM,UK,3,0,3
ACCOUNT MANAGEMENT & ACCESS,Login & Access,Standard,Tier 4,Webform & API,NORAM,Unknown,2,0,2
ACCOUNT MANAGEMENT & ACCESS,Login & Access,Standard,Tier 4,Webform & API,Singapore/ANZ,APAC,1,0,1
ACCOUNT MANAGEMENT & ACCESS,Login & Access,Standard,Tier 4,Webform & API,UAE,MENA,21,0,21
ACCOUNT MANAGEMENT & ACCESS,Login & Access,Standard,Tier 4,Webform & API,UAE,Mauritius,2,0,2
ACCOUNT MANAGEMENT & ACCESS,Login & Access,Standard,Tier 4,Webform & API,UK,Crypto,1,0,1
ACCOUNT MANAGEMENT & ACCESS,Login & Access,Standard,Tier 4,Webform & API,UK,Mauritius,3,0,3
ACCOUNT MANAGEMENT & ACCESS,Login & Access,Standard,Tier 4,Webform & API,UK,UK,12,0,12
ACCOUNT MANAGEMENT & ACCESS,Login & Access,Standard,Tier 4,Webform & API,Unknown,Crypto,1,0,1
ACCOUNT MANAGEMENT & ACCESS,Login & Access,Standard,Tier 4,Webform & API,Unknown,EEA,9,0,9
ACCOUNT MANAGEMENT & ACCESS,Login & Access,Standard,Tier 4,Webform & API,Unknown,MENA,4,0,4
ACCOUNT MANAGEMENT & ACCESS,Login & Access,Standard,Tier 4,Webform & API,Unknown,Mauritius,4,0,4
ACCOUNT MANAGEMENT & ACCESS,Login & Access,Standard,Tier 4,Webform & API,Unknown,UK,8,0,8
ACCOUNT MANAGEMENT & ACCESS,Login & Access,Standard,Tier 4,Webform & API,WW,EEA,1,0,1
ACCOUNT MANAGEMENT & ACCESS,Login & Access,Standard,Tier 4,Webform & API,WW,MENA,1,0,1
ACCOUNT MANAGEMENT & ACCESS,Login & Access,Standard,Tier 4,Webform & API,WW,Mauritius,2,0,2
ACCOUNT MANAGEMENT & ACCESS,Login & Access,Standard,Tier 4,Webform & API,WW,UK,1,0,1
ACCOUNT MANAGEMENT & ACCESS,Login & Access,Standard,Tier 4,Webform & API,WW,WW,4,0,4
ACCOUNT MANAGEMENT & ACCESS,Login & Access,Standard,Unknown,Email (Merchant),Northern Europe,EEA,1,0,1
ACCOUNT MANAGEMENT & ACCESS,Login & Access,Standard,Unknown,Email (Merchant),Unknown,Unknown,1,0,1
ACCOUNT MANAGEMENT & ACCESS,Login & Access,Standard,Unknown,Fin (Dashboard),UK,UK,0,1,1
ACCOUNT MANAGEMENT & ACCESS,Login & Access,Standard,Unknown,Other,Mauritius,Mauritius,2,0,2
ACCOUNT MANAGEMENT & ACCESS,Login & Access,Standard,Unknown,Other,Northern Europe,EEA,1,0,1
ACCOUNT MANAGEMENT & ACCESS,Login & Access,Standard,Unknown,Other,Unknown,Unknown,2,0,2
ACCOUNT MANAGEMENT & ACCESS,Login & Access,Unmapped,Unknown,Email (Internal),Unknown,Unknown,58,0,58
ACCOUNT MANAGEMENT & ACCESS,Login & Access,Unmapped,Unknown,Email (Merchant),Unknown,Unknown,201,0,201
ACCOUNT MANAGEMENT & ACCESS,Login & Access,Unmapped,Unknown,Fin (Dashboard),Unknown,Unknown,3,21,24
ACCOUNT MANAGEMENT & ACCESS,Login & Access,Unmapped,Unknown,Other,Unknown,Unknown,419,0,419
ACCOUNT MANAGEMENT & ACCESS,Login & Access,Unmapped,Unknown,Webform & API,Unknown,Unknown,24,0,24
COMPLIANCE & AUDIT,Compliance Evidence,Enterprise,Tier 1,Email (Internal),NORAM,UK,1,0,1
COMPLIANCE & AUDIT,Compliance Evidence,Enterprise,Tier 1,Email (Internal),UAE,MENA,2,0,2
COMPLIANCE & AUDIT,Compliance Evidence,Enterprise,Tier 1,Email (Internal),UK,EEA,1,0,1
COMPLIANCE & AUDIT,Compliance Evidence,Enterprise,Tier 1,Email (Internal),UK,UK,2,0,2
COMPLIANCE & AUDIT,Compliance Evidence,Enterprise,Tier 1,Email (Internal),WW,MENA,1,0,1
COMPLIANCE & AUDIT,Compliance Evidence,Enterprise,Tier 1,Email (Internal),WW,Mauritius,1,0,1
COMPLIANCE & AUDIT,Compliance Evidence,Enterprise,Tier 1,Email (Internal),WW,UK,1,0,1
COMPLIANCE & AUDIT,Compliance Evidence,Enterprise,Tier 1,Email (Merchant),Crypto,Crypto,5,0,5
COMPLIANCE & AUDIT,Compliance Evidence,Enterprise,Tier 1,Email (Merchant),GCR,APAC,6,0,6
COMPLIANCE & AUDIT,Compliance Evidence,Enterprise,Tier 1,Email (Merchant),NORAM,NORAM,1,0,1
COMPLIANCE & AUDIT,Compliance Evidence,Enterprise,Tier 1,Email (Merchant),Southern Europe,EEA,2,0,2
COMPLIANCE & AUDIT,Compliance Evidence,Enterprise,Tier 1,Email (Merchant),UAE,MENA,3,0,3
COMPLIANCE & AUDIT,Compliance Evidence,Enterprise,Tier 1,Email (Merchant),UK,Crypto,2,0,2
COMPLIANCE & AUDIT,Compliance Evidence,Enterprise,Tier 1,Email (Merchant),UK,UK,3,0,3
COMPLIANCE & AUDIT,Compliance Evidence,Enterprise,Tier 1,Email (Merchant),WW,MENA,1,0,1
COMPLIANCE & AUDIT,Compliance Evidence,Enterprise,Tier 1,Email (Merchant),WW,Mauritius,3,0,3
COMPLIANCE & AUDIT,Compliance Evidence,Enterprise,Tier 1,Fin (Dashboard),Crypto,Crypto,0,1,1
COMPLIANCE & AUDIT,Compliance Evidence,Enterprise,Tier 1,Fin (Dashboard),NORAM,UK,0,1,1
COMPLIANCE & AUDIT,Compliance Evidence,Enterprise,Tier 1,Fin (Dashboard),Unknown,NORAM,0,1,1
COMPLIANCE & AUDIT,Compliance Evidence,Enterprise,Tier 1,Other,Crypto,EEA,1,0,1
COMPLIANCE & AUDIT,Compliance Evidence,Enterprise,Tier 1,Other,UAE,MENA,1,0,1
COMPLIANCE & AUDIT,Compliance Evidence,Enterprise,Tier 1,Other,UK,UK,1,0,1
COMPLIANCE & AUDIT,Compliance Evidence,Enterprise,Tier 1,Other,WW,Mauritius,1,0,1
COMPLIANCE & AUDIT,Compliance Evidence,Enterprise,Tier 1,Webform & API,Southern Europe,EEA,1,0,1
COMPLIANCE & AUDIT,Compliance Evidence,Enterprise,Tier 2,Email (Internal),Central Europe,EEA,1,0,1
COMPLIANCE & AUDIT,Compliance Evidence,Enterprise,Tier 2,Email (Internal),Crypto,Crypto,3,0,3
COMPLIANCE & AUDIT,Compliance Evidence,Enterprise,Tier 2,Email (Internal),NORAM,UK,2,0,2
COMPLIANCE & AUDIT,Compliance Evidence,Enterprise,Tier 2,Email (Internal),Southern Europe,EEA,2,0,2
COMPLIANCE & AUDIT,Compliance Evidence,Enterprise,Tier 2,Email (Internal),UAE,MENA,2,0,2
COMPLIANCE & AUDIT,Compliance Evidence,Enterprise,Tier 2,Email (Internal),UK,EEA,1,0,1
COMPLIANCE & AUDIT,Compliance Evidence,Enterprise,Tier 2,Email (Internal),UK,UK,1,0,1
COMPLIANCE & AUDIT,Compliance Evidence,Enterprise,Tier 2,Email (Internal),Unknown,UK,1,0,1
COMPLIANCE & AUDIT,Compliance Evidence,Enterprise,Tier 2,Email (Internal),WW,EEA,2,0,2
COMPLIANCE & AUDIT,Compliance Evidence,Enterprise,Tier 2,Email (Merchant),Central Europe,EEA,2,0,2
COMPLIANCE & AUDIT,Compliance Evidence,Enterprise,Tier 2,Email (Merchant),Crypto,Crypto,3,0,3
COMPLIANCE & AUDIT,Compliance Evidence,Enterprise,Tier 2,Email (Merchant),GCR,APAC,1,0,1
COMPLIANCE & AUDIT,Compliance Evidence,Enterprise,Tier 2,Email (Merchant),KSA,EEA,1,0,1
COMPLIANCE & AUDIT,Compliance Evidence,Enterprise,Tier 2,Email (Merchant),NORAM,EEA,1,0,1
COMPLIANCE & AUDIT,Compliance Evidence,Enterprise,Tier 2,Email (Merchant),NORAM,Israel,1,0,1
COMPLIANCE & AUDIT,Compliance Evidence,Enterprise,Tier 2,Email (Merchant),NORAM,NORAM,1,0,1
COMPLIANCE & AUDIT,Compliance Evidence,Enterprise,Tier 2,Email (Merchant),NORAM,UK,4,0,4
COMPLIANCE & AUDIT,Compliance Evidence,Enterprise,Tier 2,Email (Merchant),Singapore/ANZ,APAC,2,0,2
COMPLIANCE & AUDIT,Compliance Evidence,Enterprise,Tier 2,Email (Merchant),Southern Europe,EEA,2,0,2
COMPLIANCE & AUDIT,Compliance Evidence,Enterprise,Tier 2,Email (Merchant),UAE,MENA,3,0,3
COMPLIANCE & AUDIT,Compliance Evidence,Enterprise,Tier 2,Email (Merchant),UK,EEA,4,0,4
COMPLIANCE & AUDIT,Compliance Evidence,Enterprise,Tier 2,Email (Merchant),UK,UK,2,0,2
COMPLIANCE & AUDIT,Compliance Evidence,Enterprise,Tier 2,Email (Merchant),Unknown,EEA,1,0,1
COMPLIANCE & AUDIT,Compliance Evidence,Enterprise,Tier 2,Email (Merchant),Unknown,UK,1,0,1
COMPLIANCE & AUDIT,Compliance Evidence,Enterprise,Tier 2,Email (Merchant),WW,EEA,5,0,5
COMPLIANCE & AUDIT,Compliance Evidence,Enterprise,Tier 2,Fin (Dashboard),Central Europe,EEA,1,0,1
COMPLIANCE & AUDIT,Compliance Evidence,Enterprise,Tier 2,Other,Central Europe,EEA,1,0,1
COMPLIANCE & AUDIT,Compliance Evidence,Enterprise,Tier 2,Other,Crypto,Crypto,1,0,1
COMPLIANCE & AUDIT,Compliance Evidence,Enterprise,Tier 2,Other,GCR,APAC,1,0,1
COMPLIANCE & AUDIT,Compliance Evidence,Enterprise,Tier 2,Other,UK,EEA,1,0,1
COMPLIANCE & AUDIT,Compliance Evidence,Enterprise,Tier 2,Other,Unknown,UK,1,0,1
COMPLIANCE & AUDIT,Compliance Evidence,Enterprise,Tier 2,Other,WW,EEA,2,0,2
COMPLIANCE & AUDIT,Compliance Evidence,Enterprise,Tier 2,Webform & API,UAE,MENA,1,0,1
COMPLIANCE & AUDIT,Compliance Evidence,Enterprise,Tier 2,Webform & API,WW,EEA,6,0,6
COMPLIANCE & AUDIT,Compliance Evidence,Enterprise,Tier 3,Email (Internal),UAE,MENA,1,0,1
COMPLIANCE & AUDIT,Compliance Evidence,Enterprise,Tier 3,Email (Internal),WW,Israel,1,0,1
COMPLIANCE & AUDIT,Compliance Evidence,Enterprise,Tier 3,Email (Merchant),UAE,MENA,4,0,4
COMPLIANCE & AUDIT,Compliance Evidence,Enterprise,Tier 3,Email (Merchant),UK,NORAM,1,0,1
COMPLIANCE & AUDIT,Compliance Evidence,Enterprise,Tier 3,Email (Merchant),WW,Israel,2,0,2
COMPLIANCE & AUDIT,Compliance Evidence,Enterprise,Tier 3,Fin (Dashboard),UAE,MENA,0,1,1
COMPLIANCE & AUDIT,Compliance Evidence,Enterprise,Tier 4,Email (Merchant),UAE,MENA,1,0,1
COMPLIANCE & AUDIT,Compliance Evidence,Enterprise,Tier 4,Email (Merchant),UK,UK,3,0,3
COMPLIANCE & AUDIT,Compliance Evidence,Enterprise,Tier 4,Fin (Dashboard),UAE,MENA,0,1,1
COMPLIANCE & AUDIT,Compliance Evidence,Enterprise,Tier 4,Fin (Dashboard),UK,UK,0,1,1
COMPLIANCE & AUDIT,Compliance Evidence,Enterprise,Tier 4,Webform & API,UAE,MENA,1,0,1
COMPLIANCE & AUDIT,Compliance Evidence,Enterprise,Unknown,Email (Merchant),UAE,MENA,2,0,2
COMPLIANCE & AUDIT,Compliance Evidence,Premium,Tier 1,Email (Internal),GCR,APAC,2,0,2
COMPLIANCE & AUDIT,Compliance Evidence,Premium,Tier 1,Email (Internal),NORAM,UK,3,0,3
COMPLIANCE & AUDIT,Compliance Evidence,Premium,Tier 1,Email (Internal),Southern Europe,EEA,1,0,1
COMPLIANCE & AUDIT,Compliance Evidence,Premium,Tier 1,Email (Internal),WW,APAC,1,0,1
COMPLIANCE & AUDIT,Compliance Evidence,Premium,Tier 1,Email (Internal),WW,MENA,1,0,1
COMPLIANCE & AUDIT,Compliance Evidence,Premium,Tier 1,Email (Internal),WW,UK,1,0,1
COMPLIANCE & AUDIT,Compliance Evidence,Premium,Tier 1,Email (Merchant),Crypto,Crypto,6,0,6
COMPLIANCE & AUDIT,Compliance Evidence,Premium,Tier 1,Email (Merchant),GCR,APAC,1,0,1
COMPLIANCE & AUDIT,Compliance Evidence,Premium,Tier 1,Email (Merchant),NORAM,UK,1,0,1
COMPLIANCE & AUDIT,Compliance Evidence,Premium,Tier 1,Email (Merchant),Singapore/ANZ,APAC,1,0,1
COMPLIANCE & AUDIT,Compliance Evidence,Premium,Tier 1,Email (Merchant),UAE,MENA,3,0,3
COMPLIANCE & AUDIT,Compliance Evidence,Premium,Tier 1,Email (Merchant),UK,UK,6,0,6
COMPLIANCE & AUDIT,Compliance Evidence,Premium,Tier 1,Email (Merchant),Unknown,Crypto,1,0,1
COMPLIANCE & AUDIT,Compliance Evidence,Premium,Tier 1,Email (Merchant),WW,EEA,1,0,1
COMPLIANCE & AUDIT,Compliance Evidence,Premium,Tier 1,Email (Merchant),WW,UK,1,0,1
COMPLIANCE & AUDIT,Compliance Evidence,Premium,Tier 1,Other,Crypto,Crypto,1,0,1
COMPLIANCE & AUDIT,Compliance Evidence,Premium,Tier 1,Other,GCR,APAC,1,0,1
COMPLIANCE & AUDIT,Compliance Evidence,Premium,Tier 1,Other,NORAM,EEA,1,0,1
COMPLIANCE & AUDIT,Compliance Evidence,Premium,Tier 1,Other,NORAM,Israel,2,0,2
COMPLIANCE & AUDIT,Compliance Evidence,Premium,Tier 1,Other,NORAM,UK,2,0,2
COMPLIANCE & AUDIT,Compliance Evidence,Premium,Tier 1,Webform & API,UK,EEA,1,0,1
COMPLIANCE & AUDIT,Compliance Evidence,Standard,Tier 2,Email (Internal),WW,WW,1,0,1
COMPLIANCE & AUDIT,Compliance Evidence,Standard,Tier 2,Email (Merchant),Crypto,Crypto,1,0,1
COMPLIANCE & AUDIT,Compliance Evidence,Standard,Tier 2,Email (Merchant),NORAM,NORAM,1,0,1
COMPLIANCE & AUDIT,Compliance Evidence,Standard,Tier 2,Email (Merchant),UK,UK,3,0,3
COMPLIANCE & AUDIT,Compliance Evidence,Standard,Tier 2,Email (Merchant),WW,WW,1,0,1
COMPLIANCE & AUDIT,Compliance Evidence,Standard,Tier 2,Other,UK,UK,3,0,3
COMPLIANCE & AUDIT,Compliance Evidence,Standard,Tier 3,Email (Internal),Crypto,APAC,1,0,1
COMPLIANCE & AUDIT,Compliance Evidence,Standard,Tier 3,Email (Internal),GCR,APAC,1,0,1
COMPLIANCE & AUDIT,Compliance Evidence,Standard,Tier 3,Email (Internal),NORAM,NORAM,1,0,1
COMPLIANCE & AUDIT,Compliance Evidence,Standard,Tier 3,Email (Internal),Singapore/ANZ,APAC,1,0,1
COMPLIANCE & AUDIT,Compliance Evidence,Standard,Tier 3,Email (Internal),Southern Europe,EEA,1,0,1
COMPLIANCE & AUDIT,Compliance Evidence,Standard,Tier 3,Email (Internal),UAE,MENA,4,0,4
COMPLIANCE & AUDIT,Compliance Evidence,Standard,Tier 3,Email (Internal),UK,Israel,1,0,1
COMPLIANCE & AUDIT,Compliance Evidence,Standard,Tier 3,Email (Internal),Unknown,Crypto,1,0,1
COMPLIANCE & AUDIT,Compliance Evidence,Standard,Tier 3,Email (Internal),Unknown,EEA,1,0,1
COMPLIANCE & AUDIT,Compliance Evidence,Standard,Tier 3,Email (Internal),WW,Crypto,1,0,1
COMPLIANCE & AUDIT,Compliance Evidence,Standard,Tier 3,Email (Internal),WW,EEA,1,0,1
COMPLIANCE & AUDIT,Compliance Evidence,Standard,Tier 3,Email (Merchant),Central Europe,EEA,2,0,2
COMPLIANCE & AUDIT,Compliance Evidence,Standard,Tier 3,Email (Merchant),Central Europe,Mauritius,1,0,1
COMPLIANCE & AUDIT,Compliance Evidence,Standard,Tier 3,Email (Merchant),Crypto,Crypto,3,0,3
COMPLIANCE & AUDIT,Compliance Evidence,Standard,Tier 3,Email (Merchant),GCR,APAC,2,0,2
COMPLIANCE & AUDIT,Compliance Evidence,Standard,Tier 3,Email (Merchant),KSA,EEA,1,0,1
COMPLIANCE & AUDIT,Compliance Evidence,Standard,Tier 3,Email (Merchant),NORAM,Crypto,1,0,1
COMPLIANCE & AUDIT,Compliance Evidence,Standard,Tier 3,Email (Merchant),NORAM,Israel,1,0,1
COMPLIANCE & AUDIT,Compliance Evidence,Standard,Tier 3,Email (Merchant),NORAM,MENA,1,0,1
COMPLIANCE & AUDIT,Compliance Evidence,Standard,Tier 3,Email (Merchant),NORAM,NORAM,1,0,1
COMPLIANCE & AUDIT,Compliance Evidence,Standard,Tier 3,Email (Merchant),Singapore/ANZ,APAC,1,0,1
COMPLIANCE & AUDIT,Compliance Evidence,Standard,Tier 3,Email (Merchant),UAE,MENA,9,0,9
COMPLIANCE & AUDIT,Compliance Evidence,Standard,Tier 3,Email (Merchant),UAE,Mauritius,1,0,1
COMPLIANCE & AUDIT,Compliance Evidence,Standard,Tier 3,Email (Merchant),UK,UK,2,0,2
COMPLIANCE & AUDIT,Compliance Evidence,Standard,Tier 3,Email (Merchant),Unknown,Crypto,4,0,4
COMPLIANCE & AUDIT,Compliance Evidence,Standard,Tier 3,Email (Merchant),Unknown,EEA,1,0,1
COMPLIANCE & AUDIT,Compliance Evidence,Standard,Tier 3,Email (Merchant),Unknown,NORAM,2,0,2
COMPLIANCE & AUDIT,Compliance Evidence,Standard,Tier 3,Email (Merchant),Unknown,UK,2,0,2
COMPLIANCE & AUDIT,Compliance Evidence,Standard,Tier 3,Email (Merchant),WW,APAC,1,0,1
COMPLIANCE & AUDIT,Compliance Evidence,Standard,Tier 3,Fin (Dashboard),GCR,APAC,0,1,1
COMPLIANCE & AUDIT,Compliance Evidence,Standard,Tier 3,Fin (Dashboard),NORAM,NORAM,0,1,1
COMPLIANCE & AUDIT,Compliance Evidence,Standard,Tier 3,Fin (Dashboard),UAE,MENA,0,2,2
COMPLIANCE & AUDIT,Compliance Evidence,Standard,Tier 3,Fin (Dashboard),UK,UK,0,1,1
COMPLIANCE & AUDIT,Compliance Evidence,Standard,Tier 3,Fin (Dashboard),Unknown,UK,1,0,1
COMPLIANCE & AUDIT,Compliance Evidence,Standard,Tier 3,Other,Crypto,Crypto,1,0,1
COMPLIANCE & AUDIT,Compliance Evidence,Standard,Tier 3,Other,GCR,APAC,2,0,2
COMPLIANCE & AUDIT,Compliance Evidence,Standard,Tier 3,Other,NORAM,MENA,1,0,1
COMPLIANCE & AUDIT,Compliance Evidence,Standard,Tier 3,Other,NORAM,NORAM,5,0,5
COMPLIANCE & AUDIT,Compliance Evidence,Standard,Tier 3,Other,Northern Europe,EEA,1,0,1
COMPLIANCE & AUDIT,Compliance Evidence,Standard,Tier 3,Other,UAE,MENA,9,0,9
COMPLIANCE & AUDIT,Compliance Evidence,Standard,Tier 3,Other,UK,UK,1,0,1
COMPLIANCE & AUDIT,Compliance Evidence,Standard,Tier 3,Other,Unknown,Crypto,1,0,1
COMPLIANCE & AUDIT,Compliance Evidence,Standard,Tier 3,Other,Unknown,UK,1,0,1
COMPLIANCE & AUDIT,Compliance Evidence,Standard,Tier 3,Webform & API,Crypto,Crypto,1,0,1
COMPLIANCE & AUDIT,Compliance Evidence,Standard,Tier 3,Webform & API,KSA,MENA,1,0,1
COMPLIANCE & AUDIT,Compliance Evidence,Standard,Tier 3,Webform & API,UAE,MENA,3,0,3
COMPLIANCE & AUDIT,Compliance Evidence,Standard,Tier 3,Webform & API,UK,UK,1,0,1
COMPLIANCE & AUDIT,Compliance Evidence,Standard,Tier 3,Webform & API,Unknown,UK,1,0,1
COMPLIANCE & AUDIT,Compliance Evidence,Standard,Tier 4,Email (Internal),Central Europe,EEA,1,0,1
COMPLIANCE & AUDIT,Compliance Evidence,Standard,Tier 4,Email (Internal),Singapore/ANZ,APAC,1,0,1
COMPLIANCE & AUDIT,Compliance Evidence,Standard,Tier 4,Email (Internal),UAE,MENA,2,0,2
COMPLIANCE & AUDIT,Compliance Evidence,Standard,Tier 4,Email (Internal),UK,Mauritius,1,0,1
COMPLIANCE & AUDIT,Compliance Evidence,Standard,Tier 4,Email (Internal),Unknown,Crypto,1,0,1
COMPLIANCE & AUDIT,Compliance Evidence,Standard,Tier 4,Email (Internal),Unknown,MENA,1,0,1
COMPLIANCE & AUDIT,Compliance Evidence,Standard,Tier 4,Email (Merchant),Central Europe,Mauritius,1,0,1
COMPLIANCE & AUDIT,Compliance Evidence,Standard,Tier 4,Email (Merchant),Crypto,Crypto,6,0,6
COMPLIANCE & AUDIT,Compliance Evidence,Standard,Tier 4,Email (Merchant),GCR,APAC,6,0,6
COMPLIANCE & AUDIT,Compliance Evidence,Standard,Tier 4,Email (Merchant),Issuing,UK,2,0,2
COMPLIANCE & AUDIT,Compliance Evidence,Standard,Tier 4,Email (Merchant),KSA,EEA,2,0,2
COMPLIANCE & AUDIT,Compliance Evidence,Standard,Tier 4,Email (Merchant),KSA,MENA,1,0,1
COMPLIANCE & AUDIT,Compliance Evidence,Standard,Tier 4,Email (Merchant),Mauritius,Mauritius,4,0,4
COMPLIANCE & AUDIT,Compliance Evidence,Standard,Tier 4,Email (Merchant),NORAM,Mauritius,5,0,5
COMPLIANCE & AUDIT,Compliance Evidence,Standard,Tier 4,Email (Merchant),NORAM,NORAM,3,0,3
COMPLIANCE & AUDIT,Compliance Evidence,Standard,Tier 4,Email (Merchant),NORAM,UK,2,0,2
COMPLIANCE & AUDIT,Compliance Evidence,Standard,Tier 4,Email (Merchant),Singapore/ANZ,APAC,2,0,2
COMPLIANCE & AUDIT,Compliance Evidence,Standard,Tier 4,Email (Merchant),UAE,MENA,5,0,5
COMPLIANCE & AUDIT,Compliance Evidence,Standard,Tier 4,Email (Merchant),UAE,Mauritius,2,0,2
COMPLIANCE & AUDIT,Compliance Evidence,Standard,Tier 4,Email (Merchant),UAE,UK,1,0,1
COMPLIANCE & AUDIT,Compliance Evidence,Standard,Tier 4,Email (Merchant),UAE,WW,1,0,1
COMPLIANCE & AUDIT,Compliance Evidence,Standard,Tier 4,Email (Merchant),UK,APAC,1,0,1
COMPLIANCE & AUDIT,Compliance Evidence,Standard,Tier 4,Email (Merchant),UK,Crypto,2,0,2
COMPLIANCE & AUDIT,Compliance Evidence,Standard,Tier 4,Email (Merchant),UK,UK,8,0,8
COMPLIANCE & AUDIT,Compliance Evidence,Standard,Tier 4,Email (Merchant),Unknown,APAC,7,0,7
COMPLIANCE & AUDIT,Compliance Evidence,Standard,Tier 4,Email (Merchant),Unknown,Crypto,1,0,1
COMPLIANCE & AUDIT,Compliance Evidence,Standard,Tier 4,Email (Merchant),Unknown,EEA,3,0,3
COMPLIANCE & AUDIT,Compliance Evidence,Standard,Tier 4,Email (Merchant),Unknown,MENA,2,0,2
COMPLIANCE & AUDIT,Compliance Evidence,Standard,Tier 4,Email (Merchant),Unknown,Mauritius,1,0,1
COMPLIANCE & AUDIT,Compliance Evidence,Standard,Tier 4,Email (Merchant),Unknown,NORAM,1,0,1
COMPLIANCE & AUDIT,Compliance Evidence,Standard,Tier 4,Email (Merchant),Unknown,UK,1,0,1
COMPLIANCE & AUDIT,Compliance Evidence,Standard,Tier 4,Email (Merchant),Unknown,Unknown,1,0,1
COMPLIANCE & AUDIT,Compliance Evidence,Standard,Tier 4,Email (Merchant),WW,EEA,2,0,2
COMPLIANCE & AUDIT,Compliance Evidence,Standard,Tier 4,Email (Merchant),WW,Mauritius,1,0,1
COMPLIANCE & AUDIT,Compliance Evidence,Standard,Tier 4,Email (Merchant),WW,WW,1,0,1
COMPLIANCE & AUDIT,Compliance Evidence,Standard,Tier 4,Fin (Dashboard),Central Europe,EEA,0,1,1
COMPLIANCE & AUDIT,Compliance Evidence,Standard,Tier 4,Fin (Dashboard),KSA,EEA,1,0,1
COMPLIANCE & AUDIT,Compliance Evidence,Standard,Tier 4,Fin (Dashboard),NORAM,NORAM,0,1,1
COMPLIANCE & AUDIT,Compliance Evidence,Standard,Tier 4,Fin (Dashboard),UAE,Mauritius,0,1,1
COMPLIANCE & AUDIT,Compliance Evidence,Standard,Tier 4,Fin (Dashboard),UAE,WW,0,1,1
COMPLIANCE & AUDIT,Compliance Evidence,Standard,Tier 4,Fin (Dashboard),Unknown,EEA,0,1,1
COMPLIANCE & AUDIT,Compliance Evidence,Standard,Tier 4,Other,Central Europe,EEA,1,0,1
COMPLIANCE & AUDIT,Compliance Evidence,Standard,Tier 4,Other,Crypto,APAC,1,0,1
COMPLIANCE & AUDIT,Compliance Evidence,Standard,Tier 4,Other,Crypto,Crypto,1,0,1
COMPLIANCE & AUDIT,Compliance Evidence,Standard,Tier 4,Other,EU,EEA,1,0,1
COMPLIANCE & AUDIT,Compliance Evidence,Standard,Tier 4,Other,GCR,APAC,1,0,1
COMPLIANCE & AUDIT,Compliance Evidence,Standard,Tier 4,Other,Issuing,UK,2,0,2
COMPLIANCE & AUDIT,Compliance Evidence,Standard,Tier 4,Other,NORAM,Mauritius,1,0,1
COMPLIANCE & AUDIT,Compliance Evidence,Standard,Tier 4,Other,UAE,MENA,5,0,5
COMPLIANCE & AUDIT,Compliance Evidence,Standard,Tier 4,Other,UAE,UK,1,0,1
COMPLIANCE & AUDIT,Compliance Evidence,Standard,Tier 4,Other,UAE,WW,1,0,1
COMPLIANCE & AUDIT,Compliance Evidence,Standard,Tier 4,Other,UK,UK,5,0,5
COMPLIANCE & AUDIT,Compliance Evidence,Standard,Tier 4,Other,Unknown,APAC,2,0,2
COMPLIANCE & AUDIT,Compliance Evidence,Standard,Tier 4,Other,Unknown,MENA,1,0,1
COMPLIANCE & AUDIT,Compliance Evidence,Standard,Tier 4,Other,Unknown,NORAM,1,0,1
COMPLIANCE & AUDIT,Compliance Evidence,Standard,Tier 4,Other,Unknown,UK,1,0,1
COMPLIANCE & AUDIT,Compliance Evidence,Standard,Tier 4,Other,Unknown,Unknown,1,0,1
COMPLIANCE & AUDIT,Compliance Evidence,Standard,Tier 4,Other,WW,WW,1,0,1
COMPLIANCE & AUDIT,Compliance Evidence,Standard,Tier 4,Webform & API,Central Europe,EEA,2,0,2
COMPLIANCE & AUDIT,Compliance Evidence,Standard,Tier 4,Webform & API,EU,EEA,2,0,2
COMPLIANCE & AUDIT,Compliance Evidence,Standard,Tier 4,Webform & API,GCR,APAC,1,0,1
COMPLIANCE & AUDIT,Compliance Evidence,Standard,Tier 4,Webform & API,Issuing,UK,1,0,1
COMPLIANCE & AUDIT,Compliance Evidence,Standard,Tier 4,Webform & API,NORAM,Mauritius,1,0,1
COMPLIANCE & AUDIT,Compliance Evidence,Standard,Tier 4,Webform & API,NORAM,UK,1,0,1
COMPLIANCE & AUDIT,Compliance Evidence,Standard,Tier 4,Webform & API,Singapore/ANZ,APAC,1,0,1
COMPLIANCE & AUDIT,Compliance Evidence,Standard,Tier 4,Webform & API,UAE,MENA,7,0,7
COMPLIANCE & AUDIT,Compliance Evidence,Standard,Tier 4,Webform & API,UK,Crypto,1,0,1
COMPLIANCE & AUDIT,Compliance Evidence,Standard,Tier 4,Webform & API,UK,UK,3,0,3
COMPLIANCE & AUDIT,Compliance Evidence,Standard,Tier 4,Webform & API,Unknown,APAC,2,0,2
COMPLIANCE & AUDIT,Compliance Evidence,Standard,Tier 4,Webform & API,Unknown,EEA,1,0,1
COMPLIANCE & AUDIT,Compliance Evidence,Standard,Tier 4,Webform & API,Unknown,MENA,1,0,1
COMPLIANCE & AUDIT,Compliance Evidence,Standard,Tier 4,Webform & API,WW,EEA,1,0,1
COMPLIANCE & AUDIT,Compliance Evidence,Unmapped,Unknown,Email (Internal),Unknown,Unknown,11,0,11
COMPLIANCE & AUDIT,Compliance Evidence,Unmapped,Unknown,Email (Merchant),Unknown,Unknown,51,0,51
COMPLIANCE & AUDIT,Compliance Evidence,Unmapped,Unknown,Other,Unknown,Unknown,22,0,22
COMPLIANCE & AUDIT,Compliance Evidence,Unmapped,Unknown,Webform & API,Unknown,Unknown,2,0,2
COMPLIANCE & AUDIT,Other Compliance,Enterprise,Tier 1,Email (Merchant),UK,UK,1,0,1
COMPLIANCE & AUDIT,Other Compliance,Enterprise,Tier 2,Email (Internal),NORAM,UK,1,0,1
COMPLIANCE & AUDIT,Other Compliance,Enterprise,Tier 2,Email (Internal),Southern Europe,EEA,2,0,2
COMPLIANCE & AUDIT,Other Compliance,Enterprise,Tier 2,Email (Internal),UK,UK,1,0,1
COMPLIANCE & AUDIT,Other Compliance,Enterprise,Tier 2,Email (Internal),Unknown,EEA,1,0,1
COMPLIANCE & AUDIT,Other Compliance,Enterprise,Tier 2,Email (Merchant),UAE,MENA,1,0,1
COMPLIANCE & AUDIT,Other Compliance,Enterprise,Tier 2,Fin (Dashboard),NORAM,NORAM,0,1,1
COMPLIANCE & AUDIT,Other Compliance,Enterprise,Tier 2,Fin (Dashboard),UAE,MENA,0,1,1
COMPLIANCE & AUDIT,Other Compliance,Enterprise,Tier 2,Other,WW,MENA,1,0,1
COMPLIANCE & AUDIT,Other Compliance,Enterprise,Tier 2,Webform & API,UK,UK,1,0,1
COMPLIANCE & AUDIT,Other Compliance,Enterprise,Tier 3,Email (Merchant),WW,Israel,2,0,2
COMPLIANCE & AUDIT,Other Compliance,Enterprise,Tier 3,Fin (Dashboard),UK,NORAM,0,1,1
COMPLIANCE & AUDIT,Other Compliance,Enterprise,Unknown,Email (Merchant),Northern Europe,EEA,1,0,1
COMPLIANCE & AUDIT,Other Compliance,Enterprise,Unknown,Webform & API,NORAM,NORAM,1,0,1
COMPLIANCE & AUDIT,Other Compliance,Enterprise,Unknown,Webform & API,Northern Europe,EEA,1,0,1
COMPLIANCE & AUDIT,Other Compliance,Standard,Tier 2,Email (Internal),UK,UK,1,0,1
COMPLIANCE & AUDIT,Other Compliance,Standard,Tier 3,Email (Internal),GCR,APAC,2,0,2
COMPLIANCE & AUDIT,Other Compliance,Standard,Tier 3,Email (Internal),KSA,EEA,2,0,2
COMPLIANCE & AUDIT,Other Compliance,Standard,Tier 3,Email (Internal),Southern Europe,EEA,2,0,2
COMPLIANCE & AUDIT,Other Compliance,Standard,Tier 3,Email (Internal),UAE,Unknown,1,0,1
COMPLIANCE & AUDIT,Other Compliance,Standard,Tier 3,Email (Internal),Unknown,EEA,1,0,1
COMPLIANCE & AUDIT,Other Compliance,Standard,Tier 3,Email (Merchant),Central Europe,EEA,1,0,1
COMPLIANCE & AUDIT,Other Compliance,Standard,Tier 3,Email (Merchant),KSA,EEA,1,0,1
COMPLIANCE & AUDIT,Other Compliance,Standard,Tier 3,Email (Merchant),UAE,MENA,2,0,2
COMPLIANCE & AUDIT,Other Compliance,Standard,Tier 3,Email (Merchant),UK,UK,1,0,1
COMPLIANCE & AUDIT,Other Compliance,Standard,Tier 3,Email (Merchant),Unknown,UK,1,0,1
COMPLIANCE & AUDIT,Other Compliance,Standard,Tier 3,Email (Merchant),WW,Mauritius,1,0,1
COMPLIANCE & AUDIT,Other Compliance,Standard,Tier 3,Fin (Dashboard),Unknown,UK,0,1,1
COMPLIANCE & AUDIT,Other Compliance,Standard,Tier 3,Webform & API,Issuing,EEA,1,0,1
COMPLIANCE & AUDIT,Other Compliance,Standard,Tier 4,Email (Internal),UAE,MENA,1,0,1
COMPLIANCE & AUDIT,Other Compliance,Standard,Tier 4,Email (Internal),UAE,UK,1,0,1
COMPLIANCE & AUDIT,Other Compliance,Standard,Tier 4,Email (Merchant),GCR,APAC,3,0,3
COMPLIANCE & AUDIT,Other Compliance,Standard,Tier 4,Email (Merchant),Mauritius,Mauritius,2,0,2
COMPLIANCE & AUDIT,Other Compliance,Standard,Tier 4,Email (Merchant),UAE,MENA,2,0,2
COMPLIANCE & AUDIT,Other Compliance,Standard,Tier 4,Email (Merchant),UAE,UK,1,0,1
COMPLIANCE & AUDIT,Other Compliance,Standard,Tier 4,Email (Merchant),UAE,WW,2,0,2
COMPLIANCE & AUDIT,Other Compliance,Standard,Tier 4,Email (Merchant),UK,Crypto,1,0,1
COMPLIANCE & AUDIT,Other Compliance,Standard,Tier 4,Email (Merchant),UK,UK,3,0,3
COMPLIANCE & AUDIT,Other Compliance,Standard,Tier 4,Email (Merchant),Unknown,APAC,1,0,1
COMPLIANCE & AUDIT,Other Compliance,Standard,Tier 4,Email (Merchant),Unknown,EEA,4,0,4
COMPLIANCE & AUDIT,Other Compliance,Standard,Tier 4,Email (Merchant),Unknown,MENA,1,0,1
COMPLIANCE & AUDIT,Other Compliance,Standard,Tier 4,Email (Merchant),Unknown,UK,1,0,1
COMPLIANCE & AUDIT,Other Compliance,Standard,Tier 4,Email (Merchant),WW,MENA,1,0,1
COMPLIANCE & AUDIT,Other Compliance,Standard,Tier 4,Email (Merchant),WW,WW,3,0,3
COMPLIANCE & AUDIT,Other Compliance,Standard,Tier 4,Fin (Dashboard),Southern Europe,EEA,0,1,1
COMPLIANCE & AUDIT,Other Compliance,Standard,Tier 4,Fin (Dashboard),Unknown,EEA,0,1,1
COMPLIANCE & AUDIT,Other Compliance,Standard,Tier 4,Other,GCR,APAC,1,0,1
COMPLIANCE & AUDIT,Other Compliance,Standard,Tier 4,Other,KSA,EEA,1,0,1
COMPLIANCE & AUDIT,Other Compliance,Standard,Tier 4,Other,UK,UK,3,0,3
COMPLIANCE & AUDIT,Other Compliance,Standard,Tier 4,Other,Unknown,MENA,1,0,1
COMPLIANCE & AUDIT,Other Compliance,Standard,Tier 4,Other,WW,MENA,1,0,1
COMPLIANCE & AUDIT,Other Compliance,Standard,Tier 4,Other,WW,WW,1,0,1
COMPLIANCE & AUDIT,Other Compliance,Standard,Tier 4,Webform & API,Mauritius,Mauritius,1,0,1
COMPLIANCE & AUDIT,Other Compliance,Standard,Tier 4,Webform & API,NORAM,NORAM,1,0,1
COMPLIANCE & AUDIT,Other Compliance,Standard,Tier 4,Webform & API,Southern Europe,EEA,1,0,1
COMPLIANCE & AUDIT,Other Compliance,Standard,Tier 4,Webform & API,UAE,MENA,1,0,1
COMPLIANCE & AUDIT,Other Compliance,Standard,Tier 4,Webform & API,UK,UK,1,0,1
COMPLIANCE & AUDIT,Other Compliance,Standard,Tier 4,Webform & API,Unknown,EEA,2,0,2
COMPLIANCE & AUDIT,Other Compliance,Standard,Tier 4,Webform & API,Unknown,MENA,1,0,1
COMPLIANCE & AUDIT,Other Compliance,Standard,Tier 4,Webform & API,Unknown,UK,1,0,1
COMPLIANCE & AUDIT,Other Compliance,Standard,Tier 4,Webform & API,WW,WW,2,0,2
COMPLIANCE & AUDIT,Other Compliance,Standard,Unknown,Email (Internal),Unknown,NORAM,1,0,1
COMPLIANCE & AUDIT,Other Compliance,Unmapped,Unknown,Email (Internal),Unknown,Unknown,3,0,3
COMPLIANCE & AUDIT,Other Compliance,Unmapped,Unknown,Email (Merchant),Unknown,Unknown,14,0,14
COMPLIANCE & AUDIT,Other Compliance,Unmapped,Unknown,Webform & API,Unknown,Unknown,2,0,2
DATA AND ANALYTICS,Reporting,Enterprise,Tier 1,Email (Internal),Central Europe,EEA,1,0,1
DATA AND ANALYTICS,Reporting,Enterprise,Tier 1,Email (Internal),Crypto,Crypto,7,0,7
DATA AND ANALYTICS,Reporting,Enterprise,Tier 1,Email (Internal),EU,EEA,1,0,1
DATA AND ANALYTICS,Reporting,Enterprise,Tier 1,Email (Internal),NORAM,Crypto,1,0,1
DATA AND ANALYTICS,Reporting,Enterprise,Tier 1,Email (Internal),NORAM,UK,1,0,1
DATA AND ANALYTICS,Reporting,Enterprise,Tier 1,Email (Internal),Southern Europe,EEA,2,0,2
DATA AND ANALYTICS,Reporting,Enterprise,Tier 1,Email (Internal),UAE,MENA,9,0,9
DATA AND ANALYTICS,Reporting,Enterprise,Tier 1,Email (Internal),UK,Crypto,1,0,1
DATA AND ANALYTICS,Reporting,Enterprise,Tier 1,Email (Internal),UK,EEA,2,0,2
DATA AND ANALYTICS,Reporting,Enterprise,Tier 1,Email (Internal),UK,UK,2,0,2
DATA AND ANALYTICS,Reporting,Enterprise,Tier 1,Email (Internal),Unknown,NORAM,2,0,2
DATA AND ANALYTICS,Reporting,Enterprise,Tier 1,Email (Internal),Unknown,UK,1,0,1
DATA AND ANALYTICS,Reporting,Enterprise,Tier 1,Email (Internal),WW,Mauritius,1,0,1
DATA AND ANALYTICS,Reporting,Enterprise,Tier 1,Email (Merchant),Crypto,Crypto,15,0,15
DATA AND ANALYTICS,Reporting,Enterprise,Tier 1,Email (Merchant),Crypto,EEA,1,0,1
DATA AND ANALYTICS,Reporting,Enterprise,Tier 1,Email (Merchant),GCR,APAC,3,0,3
DATA AND ANALYTICS,Reporting,Enterprise,Tier 1,Email (Merchant),NORAM,UK,7,0,7
DATA AND ANALYTICS,Reporting,Enterprise,Tier 1,Email (Merchant),UAE,MENA,10,0,10
DATA AND ANALYTICS,Reporting,Enterprise,Tier 1,Email (Merchant),UK,APAC,1,0,1
DATA AND ANALYTICS,Reporting,Enterprise,Tier 1,Email (Merchant),UK,Crypto,6,0,6
DATA AND ANALYTICS,Reporting,Enterprise,Tier 1,Email (Merchant),UK,Mauritius,1,0,1
DATA AND ANALYTICS,Reporting,Enterprise,Tier 1,Email (Merchant),UK,UK,9,0,9
DATA AND ANALYTICS,Reporting,Enterprise,Tier 1,Email (Merchant),Unknown,Crypto,1,0,1
DATA AND ANALYTICS,Reporting,Enterprise,Tier 1,Email (Merchant),Unknown,NORAM,5,0,5
DATA AND ANALYTICS,Reporting,Enterprise,Tier 1,Email (Merchant),Unknown,UK,4,0,4
DATA AND ANALYTICS,Reporting,Enterprise,Tier 1,Email (Merchant),WW,APAC,1,0,1
DATA AND ANALYTICS,Reporting,Enterprise,Tier 1,Email (Merchant),WW,EEA,3,0,3
DATA AND ANALYTICS,Reporting,Enterprise,Tier 1,Email (Merchant),WW,MENA,3,0,3
DATA AND ANALYTICS,Reporting,Enterprise,Tier 1,Email (Merchant),WW,Mauritius,1,0,1
DATA AND ANALYTICS,Reporting,Enterprise,Tier 1,Fin (Dashboard),Crypto,Crypto,2,1,3
DATA AND ANALYTICS,Reporting,Enterprise,Tier 1,Fin (Dashboard),GCR,APAC,0,2,2
DATA AND ANALYTICS,Reporting,Enterprise,Tier 1,Fin (Dashboard),Mauritius,UK,0,3,3
DATA AND ANALYTICS,Reporting,Enterprise,Tier 1,Fin (Dashboard),NORAM,Crypto,0,1,1
DATA AND ANALYTICS,Reporting,Enterprise,Tier 1,Fin (Dashboard),NORAM,NORAM,1,1,2
DATA AND ANALYTICS,Reporting,Enterprise,Tier 1,Fin (Dashboard),NORAM,UK,1,1,2
DATA AND ANALYTICS,Reporting,Enterprise,Tier 1,Fin (Dashboard),UAE,MENA,0,5,5
DATA AND ANALYTICS,Reporting,Enterprise,Tier 1,Fin (Dashboard),WW,APAC,0,1,1
DATA AND ANALYTICS,Reporting,Enterprise,Tier 1,Fin (Dashboard),WW,EEA,0,1,1
DATA AND ANALYTICS,Reporting,Enterprise,Tier 1,Fin (Dashboard),WW,Mauritius,0,1,1
DATA AND ANALYTICS,Reporting,Enterprise,Tier 1,Other,Central Europe,EEA,1,0,1
DATA AND ANALYTICS,Reporting,Enterprise,Tier 1,Other,Crypto,Crypto,2,0,2
DATA AND ANALYTICS,Reporting,Enterprise,Tier 1,Other,Crypto,EEA,1,0,1
DATA AND ANALYTICS,Reporting,Enterprise,Tier 1,Other,GCR,APAC,3,0,3
DATA AND ANALYTICS,Reporting,Enterprise,Tier 1,Other,Northern Europe,EEA,1,0,1
DATA AND ANALYTICS,Reporting,Enterprise,Tier 1,Other,UAE,MENA,1,0,1
DATA AND ANALYTICS,Reporting,Enterprise,Tier 1,Other,UK,UK,5,0,5
DATA AND ANALYTICS,Reporting,Enterprise,Tier 1,Other,WW,APAC,1,0,1
DATA AND ANALYTICS,Reporting,Enterprise,Tier 1,Other,WW,MENA,2,0,2
DATA AND ANALYTICS,Reporting,Enterprise,Tier 1,Webform & API,Crypto,Crypto,11,0,11
DATA AND ANALYTICS,Reporting,Enterprise,Tier 1,Webform & API,GCR,APAC,3,0,3
DATA AND ANALYTICS,Reporting,Enterprise,Tier 1,Webform & API,Mauritius,UK,1,0,1
DATA AND ANALYTICS,Reporting,Enterprise,Tier 1,Webform & API,NORAM,UK,3,0,3
DATA AND ANALYTICS,Reporting,Enterprise,Tier 1,Webform & API,Southern Europe,EEA,1,0,1
DATA AND ANALYTICS,Reporting,Enterprise,Tier 1,Webform & API,UAE,MENA,3,0,3
DATA AND ANALYTICS,Reporting,Enterprise,Tier 1,Webform & API,UK,Crypto,1,0,1
DATA AND ANALYTICS,Reporting,Enterprise,Tier 1,Webform & API,UK,UK,1,0,1
DATA AND ANALYTICS,Reporting,Enterprise,Tier 1,Webform & API,Unknown,Crypto,2,0,2
DATA AND ANALYTICS,Reporting,Enterprise,Tier 1,Webform & API,Unknown,UK,3,0,3
DATA AND ANALYTICS,Reporting,Enterprise,Tier 1,Webform & API,WW,APAC,2,0,2
DATA AND ANALYTICS,Reporting,Enterprise,Tier 1,Webform & API,WW,MENA,1,0,1
DATA AND ANALYTICS,Reporting,Enterprise,Tier 2,Email (Internal),Central Europe,EEA,3,0,3
DATA AND ANALYTICS,Reporting,Enterprise,Tier 2,Email (Internal),Crypto,APAC,1,0,1
DATA AND ANALYTICS,Reporting,Enterprise,Tier 2,Email (Internal),Crypto,Crypto,2,0,2
DATA AND ANALYTICS,Reporting,Enterprise,Tier 2,Email (Internal),EU,EEA,2,0,2
DATA AND ANALYTICS,Reporting,Enterprise,Tier 2,Email (Internal),GCR,APAC,3,0,3
DATA AND ANALYTICS,Reporting,Enterprise,Tier 2,Email (Internal),KSA,EEA,2,0,2
DATA AND ANALYTICS,Reporting,Enterprise,Tier 2,Email (Internal),NORAM,Crypto,1,0,1
DATA AND ANALYTICS,Reporting,Enterprise,Tier 2,Email (Internal),NORAM,NORAM,1,0,1
DATA AND ANALYTICS,Reporting,Enterprise,Tier 2,Email (Internal),NORAM,UK,2,0,2
DATA AND ANALYTICS,Reporting,Enterprise,Tier 2,Email (Internal),Northern Europe,EEA,3,0,3
DATA AND ANALYTICS,Reporting,Enterprise,Tier 2,Email (Internal),Southern Europe,EEA,6,0,6
DATA AND ANALYTICS,Reporting,Enterprise,Tier 2,Email (Internal),UAE,MENA,9,0,9
DATA AND ANALYTICS,Reporting,Enterprise,Tier 2,Email (Internal),UK,EEA,1,0,1
DATA AND ANALYTICS,Reporting,Enterprise,Tier 2,Email (Internal),UK,UK,10,0,10
DATA AND ANALYTICS,Reporting,Enterprise,Tier 2,Email (Internal),Unknown,EEA,1,0,1
DATA AND ANALYTICS,Reporting,Enterprise,Tier 2,Email (Internal),Unknown,UK,1,0,1
DATA AND ANALYTICS,Reporting,Enterprise,Tier 2,Email (Internal),WW,Mauritius,1,0,1
DATA AND ANALYTICS,Reporting,Enterprise,Tier 2,Email (Internal),WW,UK,2,0,2
DATA AND ANALYTICS,Reporting,Enterprise,Tier 2,Email (Merchant),Central Europe,EEA,11,0,11
DATA AND ANALYTICS,Reporting,Enterprise,Tier 2,Email (Merchant),Crypto,Crypto,16,0,16
DATA AND ANALYTICS,Reporting,Enterprise,Tier 2,Email (Merchant),EU,EEA,1,0,1
DATA AND ANALYTICS,Reporting,Enterprise,Tier 2,Email (Merchant),GCR,APAC,2,0,2
DATA AND ANALYTICS,Reporting,Enterprise,Tier 2,Email (Merchant),NORAM,EEA,1,0,1
DATA AND ANALYTICS,Reporting,Enterprise,Tier 2,Email (Merchant),NORAM,NORAM,1,0,1
DATA AND ANALYTICS,Reporting,Enterprise,Tier 2,Email (Merchant),NORAM,UK,12,0,12
DATA AND ANALYTICS,Reporting,Enterprise,Tier 2,Email (Merchant),Singapore/ANZ,APAC,3,0,3
DATA AND ANALYTICS,Reporting,Enterprise,Tier 2,Email (Merchant),Southern Europe,EEA,3,0,3
DATA AND ANALYTICS,Reporting,Enterprise,Tier 2,Email (Merchant),UAE,MENA,29,0,29
DATA AND ANALYTICS,Reporting,Enterprise,Tier 2,Email (Merchant),UK,EEA,2,0,2
DATA AND ANALYTICS,Reporting,Enterprise,Tier 2,Email (Merchant),UK,UK,16,0,16
DATA AND ANALYTICS,Reporting,Enterprise,Tier 2,Email (Merchant),Unknown,EEA,1,0,1
DATA AND ANALYTICS,Reporting,Enterprise,Tier 2,Email (Merchant),Unknown,NORAM,16,0,16
DATA AND ANALYTICS,Reporting,Enterprise,Tier 2,Email (Merchant),Unknown,UK,2,0,2
DATA AND ANALYTICS,Reporting,Enterprise,Tier 2,Email (Merchant),WW,EEA,2,0,2
DATA AND ANALYTICS,Reporting,Enterprise,Tier 2,Email (Merchant),WW,MENA,1,0,1
DATA AND ANALYTICS,Reporting,Enterprise,Tier 2,Email (Merchant),WW,UK,1,0,1
DATA AND ANALYTICS,Reporting,Enterprise,Tier 2,Fin (Dashboard),Central Europe,EEA,0,1,1
DATA AND ANALYTICS,Reporting,Enterprise,Tier 2,Fin (Dashboard),Crypto,Crypto,1,1,2
DATA AND ANALYTICS,Reporting,Enterprise,Tier 2,Fin (Dashboard),GCR,APAC,0,2,2
DATA AND ANALYTICS,Reporting,Enterprise,Tier 2,Fin (Dashboard),Issuing,UK,0,1,1
DATA AND ANALYTICS,Reporting,Enterprise,Tier 2,Fin (Dashboard),NORAM,EEA,0,1,1
DATA AND ANALYTICS,Reporting,Enterprise,Tier 2,Fin (Dashboard),NORAM,UK,0,1,1
DATA AND ANALYTICS,Reporting,Enterprise,Tier 2,Fin (Dashboard),Northern Europe,EEA,0,4,4
DATA AND ANALYTICS,Reporting,Enterprise,Tier 2,Fin (Dashboard),Singapore/ANZ,APAC,0,2,2
DATA AND ANALYTICS,Reporting,Enterprise,Tier 2,Fin (Dashboard),Southern Europe,EEA,1,0,1
DATA AND ANALYTICS,Reporting,Enterprise,Tier 2,Fin (Dashboard),UAE,MENA,0,4,4
DATA AND ANALYTICS,Reporting,Enterprise,Tier 2,Fin (Dashboard),UK,UK,0,8,8
DATA AND ANALYTICS,Reporting,Enterprise,Tier 2,Fin (Dashboard),WW,MENA,0,1,1
DATA AND ANALYTICS,Reporting,Enterprise,Tier 2,Other,Central Europe,EEA,5,0,5
DATA AND ANALYTICS,Reporting,Enterprise,Tier 2,Other,Crypto,Crypto,1,0,1
DATA AND ANALYTICS,Reporting,Enterprise,Tier 2,Other,GCR,APAC,1,0,1
DATA AND ANALYTICS,Reporting,Enterprise,Tier 2,Other,NORAM,Crypto,1,0,1
DATA AND ANALYTICS,Reporting,Enterprise,Tier 2,Other,NORAM,UK,2,0,2
DATA AND ANALYTICS,Reporting,Enterprise,Tier 2,Other,Southern Europe,EEA,2,0,2
DATA AND ANALYTICS,Reporting,Enterprise,Tier 2,Other,UAE,MENA,5,0,5
DATA AND ANALYTICS,Reporting,Enterprise,Tier 2,Other,UK,UK,1,0,1
DATA AND ANALYTICS,Reporting,Enterprise,Tier 2,Other,Unknown,Crypto,1,0,1
DATA AND ANALYTICS,Reporting,Enterprise,Tier 2,Other,Unknown,NORAM,1,0,1
DATA AND ANALYTICS,Reporting,Enterprise,Tier 2,Other,Unknown,UK,1,0,1
DATA AND ANALYTICS,Reporting,Enterprise,Tier 2,Other,WW,EEA,3,0,3
DATA AND ANALYTICS,Reporting,Enterprise,Tier 2,Webform & API,Central Europe,EEA,10,0,10
DATA AND ANALYTICS,Reporting,Enterprise,Tier 2,Webform & API,NORAM,Crypto,3,0,3
DATA AND ANALYTICS,Reporting,Enterprise,Tier 2,Webform & API,NORAM,EEA,1,0,1
DATA AND ANALYTICS,Reporting,Enterprise,Tier 2,Webform & API,NORAM,NORAM,5,0,5
DATA AND ANALYTICS,Reporting,Enterprise,Tier 2,Webform & API,NORAM,UK,4,0,4
DATA AND ANALYTICS,Reporting,Enterprise,Tier 2,Webform & API,Northern Europe,EEA,2,0,2
DATA AND ANALYTICS,Reporting,Enterprise,Tier 2,Webform & API,Singapore/ANZ,APAC,1,0,1
DATA AND ANALYTICS,Reporting,Enterprise,Tier 2,Webform & API,Southern Europe,EEA,1,0,1
DATA AND ANALYTICS,Reporting,Enterprise,Tier 2,Webform & API,UAE,MENA,7,0,7
DATA AND ANALYTICS,Reporting,Enterprise,Tier 2,Webform & API,UK,UK,13,0,13
DATA AND ANALYTICS,Reporting,Enterprise,Tier 2,Webform & API,Unknown,NORAM,1,0,1
DATA AND ANALYTICS,Reporting,Enterprise,Tier 2,Webform & API,WW,EEA,3,0,3
DATA AND ANALYTICS,Reporting,Enterprise,Tier 2,Webform & API,WW,MENA,2,0,2
DATA AND ANALYTICS,Reporting,Enterprise,Tier 2,Webform & API,WW,UK,1,0,1
DATA AND ANALYTICS,Reporting,Enterprise,Tier 3,Email (Internal),Central Europe,EEA,1,0,1
DATA AND ANALYTICS,Reporting,Enterprise,Tier 3,Email (Internal),GCR,APAC,3,0,3
DATA AND ANALYTICS,Reporting,Enterprise,Tier 3,Email (Internal),NORAM,MENA,1,0,1
DATA AND ANALYTICS,Reporting,Enterprise,Tier 3,Email (Internal),UAE,MENA,2,0,2
DATA AND ANALYTICS,Reporting,Enterprise,Tier 3,Email (Internal),UK,UK,4,0,4
DATA AND ANALYTICS,Reporting,Enterprise,Tier 3,Email (Internal),Unknown,EEA,1,0,1
DATA AND ANALYTICS,Reporting,Enterprise,Tier 3,Email (Internal),WW,EEA,1,0,1
DATA AND ANALYTICS,Reporting,Enterprise,Tier 3,Email (Internal),WW,Israel,2,0,2
DATA AND ANALYTICS,Reporting,Enterprise,Tier 3,Email (Merchant),GCR,APAC,1,0,1
DATA AND ANALYTICS,Reporting,Enterprise,Tier 3,Email (Merchant),UAE,MENA,14,0,14
DATA AND ANALYTICS,Reporting,Enterprise,Tier 3,Email (Merchant),UK,UK,3,0,3
DATA AND ANALYTICS,Reporting,Enterprise,Tier 3,Email (Merchant),WW,EEA,1,0,1
DATA AND ANALYTICS,Reporting,Enterprise,Tier 3,Email (Merchant),WW,Israel,4,0,4
DATA AND ANALYTICS,Reporting,Enterprise,Tier 3,Fin (Dashboard),Central Europe,EEA,0,1,1
DATA AND ANALYTICS,Reporting,Enterprise,Tier 3,Fin (Dashboard),UAE,MENA,0,1,1
DATA AND ANALYTICS,Reporting,Enterprise,Tier 3,Other,GCR,APAC,1,0,1
DATA AND ANALYTICS,Reporting,Enterprise,Tier 3,Other,WW,Israel,1,0,1
DATA AND ANALYTICS,Reporting,Enterprise,Tier 3,Webform & API,GCR,APAC,1,0,1
DATA AND ANALYTICS,Reporting,Enterprise,Tier 3,Webform & API,UAE,MENA,1,0,1
DATA AND ANALYTICS,Reporting,Enterprise,Tier 3,Webform & API,UK,UK,2,0,2
DATA AND ANALYTICS,Reporting,Enterprise,Tier 4,Email (Merchant),UAE,MENA,4,0,4
DATA AND ANALYTICS,Reporting,Enterprise,Tier 4,Other,UAE,MENA,3,0,3
DATA AND ANALYTICS,Reporting,Enterprise,Tier 4,Webform & API,UK,UK,1,0,1
DATA AND ANALYTICS,Reporting,Enterprise,Unknown,Email (Merchant),NORAM,EEA,1,0,1
DATA AND ANALYTICS,Reporting,Premium,Tier 1,Email (Internal),Crypto,Crypto,4,0,4
DATA AND ANALYTICS,Reporting,Premium,Tier 1,Email (Internal),GCR,APAC,9,0,9
DATA AND ANALYTICS,Reporting,Premium,Tier 1,Email (Internal),NORAM,NORAM,3,0,3
DATA AND ANALYTICS,Reporting,Premium,Tier 1,Email (Internal),NORAM,UK,5,0,5
DATA AND ANALYTICS,Reporting,Premium,Tier 1,Email (Internal),SAT,NORAM,1,0,1
DATA AND ANALYTICS,Reporting,Premium,Tier 1,Email (Internal),SAT,SAT,1,0,1
DATA AND ANALYTICS,Reporting,Premium,Tier 1,Email (Internal),Singapore/ANZ,APAC,1,0,1
DATA AND ANALYTICS,Reporting,Premium,Tier 1,Email (Internal),Singapore/ANZ,NORAM,2,0,2
DATA AND ANALYTICS,Reporting,Premium,Tier 1,Email (Internal),Southern Europe,EEA,3,0,3
DATA AND ANALYTICS,Reporting,Premium,Tier 1,Email (Internal),UAE,MENA,7,0,7
DATA AND ANALYTICS,Reporting,Premium,Tier 1,Email (Internal),UK,NORAM,1,0,1
DATA AND ANALYTICS,Reporting,Premium,Tier 1,Email (Internal),UK,UK,2,0,2
DATA AND ANALYTICS,Reporting,Premium,Tier 1,Email (Internal),Unknown,UK,2,0,2
DATA AND ANALYTICS,Reporting,Premium,Tier 1,Email (Internal),WW,APAC,6,0,6
DATA AND ANALYTICS,Reporting,Premium,Tier 1,Email (Internal),WW,EEA,3,0,3
DATA AND ANALYTICS,Reporting,Premium,Tier 1,Email (Internal),WW,MENA,1,0,1
DATA AND ANALYTICS,Reporting,Premium,Tier 1,Email (Internal),WW,UK,5,0,5
DATA AND ANALYTICS,Reporting,Premium,Tier 1,Email (Internal),WW,WW,1,0,1
DATA AND ANALYTICS,Reporting,Premium,Tier 1,Email (Merchant),Crypto,Crypto,12,0,12
DATA AND ANALYTICS,Reporting,Premium,Tier 1,Email (Merchant),GCR,APAC,9,0,9
DATA AND ANALYTICS,Reporting,Premium,Tier 1,Email (Merchant),NORAM,Israel,2,0,2
DATA AND ANALYTICS,Reporting,Premium,Tier 1,Email (Merchant),NORAM,UK,3,0,3
DATA AND ANALYTICS,Reporting,Premium,Tier 1,Email (Merchant),SAT,NORAM,1,0,1
DATA AND ANALYTICS,Reporting,Premium,Tier 1,Email (Merchant),UAE,MENA,40,0,40
DATA AND ANALYTICS,Reporting,Premium,Tier 1,Email (Merchant),UK,Crypto,2,0,2
DATA AND ANALYTICS,Reporting,Premium,Tier 1,Email (Merchant),UK,EEA,1,0,1
DATA AND ANALYTICS,Reporting,Premium,Tier 1,Email (Merchant),UK,UK,3,0,3
DATA AND ANALYTICS,Reporting,Premium,Tier 1,Email (Merchant),Unknown,Crypto,1,0,1
DATA AND ANALYTICS,Reporting,Premium,Tier 1,Email (Merchant),Unknown,NORAM,1,0,1
DATA AND ANALYTICS,Reporting,Premium,Tier 1,Email (Merchant),Unknown,UK,6,0,6
DATA AND ANALYTICS,Reporting,Premium,Tier 1,Email (Merchant),WW,APAC,4,0,4
DATA AND ANALYTICS,Reporting,Premium,Tier 1,Email (Merchant),WW,EEA,4,0,4
DATA AND ANALYTICS,Reporting,Premium,Tier 1,Email (Merchant),WW,MENA,3,0,3
DATA AND ANALYTICS,Reporting,Premium,Tier 1,Email (Merchant),WW,UK,6,0,6
DATA AND ANALYTICS,Reporting,Premium,Tier 1,Fin (Dashboard),Crypto,Crypto,0,2,2
DATA AND ANALYTICS,Reporting,Premium,Tier 1,Fin (Dashboard),GCR,APAC,0,1,1
DATA AND ANALYTICS,Reporting,Premium,Tier 1,Fin (Dashboard),Northern Europe,EEA,0,1,1
DATA AND ANALYTICS,Reporting,Premium,Tier 1,Fin (Dashboard),UAE,MENA,1,3,4
DATA AND ANALYTICS,Reporting,Premium,Tier 1,Fin (Dashboard),UK,Crypto,0,2,2
DATA AND ANALYTICS,Reporting,Premium,Tier 1,Fin (Dashboard),UK,EEA,0,2,2
DATA AND ANALYTICS,Reporting,Premium,Tier 1,Fin (Dashboard),UK,UK,0,4,4
DATA AND ANALYTICS,Reporting,Premium,Tier 1,Fin (Dashboard),WW,EEA,0,1,1
DATA AND ANALYTICS,Reporting,Premium,Tier 1,Other,Crypto,Crypto,1,0,1
DATA AND ANALYTICS,Reporting,Premium,Tier 1,Other,GCR,APAC,1,0,1
DATA AND ANALYTICS,Reporting,Premium,Tier 1,Other,NORAM,NORAM,1,0,1
DATA AND ANALYTICS,Reporting,Premium,Tier 1,Other,SAT,NORAM,1,0,1
DATA AND ANALYTICS,Reporting,Premium,Tier 1,Other,Singapore/ANZ,NORAM,2,0,2
DATA AND ANALYTICS,Reporting,Premium,Tier 1,Other,UAE,MENA,5,0,5
DATA AND ANALYTICS,Reporting,Premium,Tier 1,Other,UK,EEA,1,0,1
DATA AND ANALYTICS,Reporting,Premium,Tier 1,Other,UK,UK,1,0,1
DATA AND ANALYTICS,Reporting,Premium,Tier 1,Other,WW,APAC,1,0,1
DATA AND ANALYTICS,Reporting,Premium,Tier 1,Other,WW,EEA,4,0,4
DATA AND ANALYTICS,Reporting,Premium,Tier 1,Other,WW,UK,1,0,1
DATA AND ANALYTICS,Reporting,Premium,Tier 1,Webform & API,NORAM,NORAM,3,0,3
DATA AND ANALYTICS,Reporting,Premium,Tier 1,Webform & API,NORAM,UK,1,0,1
DATA AND ANALYTICS,Reporting,Premium,Tier 1,Webform & API,Northern Europe,EEA,1,0,1
DATA AND ANALYTICS,Reporting,Premium,Tier 1,Webform & API,SAT,SAT,1,0,1
DATA AND ANALYTICS,Reporting,Premium,Tier 1,Webform & API,UAE,MENA,7,0,7
DATA AND ANALYTICS,Reporting,Premium,Tier 1,Webform & API,UK,EEA,2,0,2
DATA AND ANALYTICS,Reporting,Premium,Tier 1,Webform & API,UK,UK,1,0,1
DATA AND ANALYTICS,Reporting,Premium,Tier 1,Webform & API,WW,APAC,1,0,1
DATA AND ANALYTICS,Reporting,Premium,Tier 1,Webform & API,WW,WW,1,0,1
DATA AND ANALYTICS,Reporting,Standard,Tier 2,Email (Internal),NORAM,NORAM,1,0,1
DATA AND ANALYTICS,Reporting,Standard,Tier 2,Email (Internal),Singapore/ANZ,APAC,1,0,1
DATA AND ANALYTICS,Reporting,Standard,Tier 2,Email (Merchant),Crypto,Crypto,1,0,1
DATA AND ANALYTICS,Reporting,Standard,Tier 2,Email (Merchant),GCR,Crypto,2,0,2
DATA AND ANALYTICS,Reporting,Standard,Tier 2,Email (Merchant),UK,UK,2,0,2
DATA AND ANALYTICS,Reporting,Standard,Tier 2,Fin (Dashboard),Crypto,Crypto,0,2,2
DATA AND ANALYTICS,Reporting,Standard,Tier 2,Fin (Dashboard),GCR,APAC,0,1,1
DATA AND ANALYTICS,Reporting,Standard,Tier 2,Fin (Dashboard),Mauritius,NORAM,1,0,1
DATA AND ANALYTICS,Reporting,Standard,Tier 2,Fin (Dashboard),NORAM,NORAM,1,2,3
DATA AND ANALYTICS,Reporting,Standard,Tier 2,Fin (Dashboard),UK,UK,0,1,1
DATA AND ANALYTICS,Reporting,Standard,Tier 2,Webform & API,GCR,Crypto,1,0,1
DATA AND ANALYTICS,Reporting,Standard,Tier 2,Webform & API,NORAM,NORAM,1,0,1
DATA AND ANALYTICS,Reporting,Standard,Tier 2,Webform & API,UAE,MENA,1,0,1
DATA AND ANALYTICS,Reporting,Standard,Tier 3,Email (Internal),Central Europe,EEA,5,0,5
DATA AND ANALYTICS,Reporting,Standard,Tier 3,Email (Internal),Crypto,Crypto,4,0,4
DATA AND ANALYTICS,Reporting,Standard,Tier 3,Email (Internal),GCR,APAC,4,0,4
DATA AND ANALYTICS,Reporting,Standard,Tier 3,Email (Internal),NORAM,APAC,1,0,1
DATA AND ANALYTICS,Reporting,Standard,Tier 3,Email (Internal),NORAM,NORAM,1,0,1
DATA AND ANALYTICS,Reporting,Standard,Tier 3,Email (Internal),Northern Europe,EEA,2,0,2
DATA AND ANALYTICS,Reporting,Standard,Tier 3,Email (Internal),Southern Europe,EEA,3,0,3
DATA AND ANALYTICS,Reporting,Standard,Tier 3,Email (Internal),Southern Europe,Mauritius,1,0,1
DATA AND ANALYTICS,Reporting,Standard,Tier 3,Email (Internal),UAE,MENA,7,0,7
DATA AND ANALYTICS,Reporting,Standard,Tier 3,Email (Internal),UK,EEA,1,0,1
DATA AND ANALYTICS,Reporting,Standard,Tier 3,Email (Internal),UK,UK,2,0,2
DATA AND ANALYTICS,Reporting,Standard,Tier 3,Email (Internal),Unknown,MENA,1,0,1
DATA AND ANALYTICS,Reporting,Standard,Tier 3,Email (Internal),Unknown,NORAM,1,0,1
DATA AND ANALYTICS,Reporting,Standard,Tier 3,Email (Internal),Unknown,UK,4,0,4
DATA AND ANALYTICS,Reporting,Standard,Tier 3,Email (Merchant),Crypto,Crypto,9,0,9
DATA AND ANALYTICS,Reporting,Standard,Tier 3,Email (Merchant),GCR,APAC,2,0,2
DATA AND ANALYTICS,Reporting,Standard,Tier 3,Email (Merchant),KSA,EEA,1,0,1
DATA AND ANALYTICS,Reporting,Standard,Tier 3,Email (Merchant),NORAM,Israel,7,0,7
DATA AND ANALYTICS,Reporting,Standard,Tier 3,Email (Merchant),NORAM,MENA,2,0,2
DATA AND ANALYTICS,Reporting,Standard,Tier 3,Email (Merchant),NORAM,NORAM,1,0,1
DATA AND ANALYTICS,Reporting,Standard,Tier 3,Email (Merchant),Northern Europe,EEA,4,0,4
DATA AND ANALYTICS,Reporting,Standard,Tier 3,Email (Merchant),Southern Europe,EEA,3,0,3
DATA AND ANALYTICS,Reporting,Standard,Tier 3,Email (Merchant),UAE,MENA,31,0,31
DATA AND ANALYTICS,Reporting,Standard,Tier 3,Email (Merchant),UAE,Mauritius,2,0,2
DATA AND ANALYTICS,Reporting,Standard,Tier 3,Email (Merchant),UK,UK,8,0,8
DATA AND ANALYTICS,Reporting,Standard,Tier 3,Email (Merchant),Ubble,EEA,4,0,4
DATA AND ANALYTICS,Reporting,Standard,Tier 3,Email (Merchant),Unknown,EEA,2,0,2
DATA AND ANALYTICS,Reporting,Standard,Tier 3,Email (Merchant),Unknown,MENA,3,0,3
DATA AND ANALYTICS,Reporting,Standard,Tier 3,Email (Merchant),Unknown,UK,5,0,5
DATA AND ANALYTICS,Reporting,Standard,Tier 3,Email (Merchant),WW,MENA,5,0,5
DATA AND ANALYTICS,Reporting,Standard,Tier 3,Fin (Dashboard),Crypto,Crypto,3,3,6
DATA AND ANALYTICS,Reporting,Standard,Tier 3,Fin (Dashboard),GCR,APAC,0,3,3
DATA AND ANALYTICS,Reporting,Standard,Tier 3,Fin (Dashboard),NORAM,Israel,0,1,1
DATA AND ANALYTICS,Reporting,Standard,Tier 3,Fin (Dashboard),Northern Europe,EEA,1,0,1
DATA AND ANALYTICS,Reporting,Standard,Tier 3,Fin (Dashboard),Singapore/ANZ,NORAM,0,1,1
DATA AND ANALYTICS,Reporting,Standard,Tier 3,Fin (Dashboard),Southern Europe,EEA,0,1,1
DATA AND ANALYTICS,Reporting,Standard,Tier 3,Fin (Dashboard),UAE,MENA,2,14,16
DATA AND ANALYTICS,Reporting,Standard,Tier 3,Fin (Dashboard),UK,UK,1,5,6
DATA AND ANALYTICS,Reporting,Standard,Tier 3,Fin (Dashboard),Unknown,EEA,0,1,1
DATA AND ANALYTICS,Reporting,Standard,Tier 3,Fin (Dashboard),Unknown,UK,2,0,2
DATA AND ANALYTICS,Reporting,Standard,Tier 3,Fin (Dashboard),WW,MENA,0,1,1
DATA AND ANALYTICS,Reporting,Standard,Tier 3,Other,Crypto,APAC,1,0,1
DATA AND ANALYTICS,Reporting,Standard,Tier 3,Other,Crypto,Crypto,2,0,2
DATA AND ANALYTICS,Reporting,Standard,Tier 3,Other,NORAM,APAC,1,0,1
DATA AND ANALYTICS,Reporting,Standard,Tier 3,Other,NORAM,NORAM,1,0,1
DATA AND ANALYTICS,Reporting,Standard,Tier 3,Other,UAE,MENA,3,0,3
DATA AND ANALYTICS,Reporting,Standard,Tier 3,Other,UK,Mauritius,1,0,1
DATA AND ANALYTICS,Reporting,Standard,Tier 3,Other,UK,UK,1,0,1
DATA AND ANALYTICS,Reporting,Standard,Tier 3,Other,Unknown,APAC,1,0,1
DATA AND ANALYTICS,Reporting,Standard,Tier 3,Other,WW,MENA,2,0,2
DATA AND ANALYTICS,Reporting,Standard,Tier 3,Webform & API,Central Europe,EEA,1,0,1
DATA AND ANALYTICS,Reporting,Standard,Tier 3,Webform & API,Crypto,Crypto,2,0,2
DATA AND ANALYTICS,Reporting,Standard,Tier 3,Webform & API,Crypto,EEA,1,0,1
DATA AND ANALYTICS,Reporting,Standard,Tier 3,Webform & API,Issuing,EEA,1,0,1
DATA AND ANALYTICS,Reporting,Standard,Tier 3,Webform & API,NORAM,Israel,2,0,2
DATA AND ANALYTICS,Reporting,Standard,Tier 3,Webform & API,NORAM,NORAM,7,0,7
DATA AND ANALYTICS,Reporting,Standard,Tier 3,Webform & API,NORAM,UK,1,0,1
DATA AND ANALYTICS,Reporting,Standard,Tier 3,Webform & API,Southern Europe,EEA,2,0,2
DATA AND ANALYTICS,Reporting,Standard,Tier 3,Webform & API,UAE,APAC,10,0,10
DATA AND ANALYTICS,Reporting,Standard,Tier 3,Webform & API,UAE,MENA,10,0,10
DATA AND ANALYTICS,Reporting,Standard,Tier 3,Webform & API,UAE,Mauritius,6,0,6
DATA AND ANALYTICS,Reporting,Standard,Tier 3,Webform & API,UK,UK,10,0,10
DATA AND ANALYTICS,Reporting,Standard,Tier 3,Webform & API,Ubble,EEA,2,0,2
DATA AND ANALYTICS,Reporting,Standard,Tier 3,Webform & API,Unknown,Crypto,1,0,1
DATA AND ANALYTICS,Reporting,Standard,Tier 3,Webform & API,Unknown,EEA,1,0,1
DATA AND ANALYTICS,Reporting,Standard,Tier 3,Webform & API,WW,NORAM,2,0,2
DATA AND ANALYTICS,Reporting,Standard,Tier 4,Email (Internal),Crypto,APAC,1,0,1
DATA AND ANALYTICS,Reporting,Standard,Tier 4,Email (Internal),EU,EEA,1,0,1
DATA AND ANALYTICS,Reporting,Standard,Tier 4,Email (Internal),Mauritius,Mauritius,1,0,1
DATA AND ANALYTICS,Reporting,Standard,Tier 4,Email (Internal),UAE,MENA,7,0,7
DATA AND ANALYTICS,Reporting,Standard,Tier 4,Email (Internal),UAE,Mauritius,1,0,1
DATA AND ANALYTICS,Reporting,Standard,Tier 4,Email (Internal),UK,Mauritius,2,0,2
DATA AND ANALYTICS,Reporting,Standard,Tier 4,Email (Internal),UK,UK,2,0,2
DATA AND ANALYTICS,Reporting,Standard,Tier 4,Email (Internal),Unknown,MENA,1,0,1
DATA AND ANALYTICS,Reporting,Standard,Tier 4,Email (Internal),Unknown,NORAM,1,0,1
DATA AND ANALYTICS,Reporting,Standard,Tier 4,Email (Merchant),Central Europe,EEA,1,0,1
DATA AND ANALYTICS,Reporting,Standard,Tier 4,Email (Merchant),Central Europe,Mauritius,5,0,5
DATA AND ANALYTICS,Reporting,Standard,Tier 4,Email (Merchant),Central Europe,UK,1,0,1
DATA AND ANALYTICS,Reporting,Standard,Tier 4,Email (Merchant),Crypto,APAC,3,0,3
DATA AND ANALYTICS,Reporting,Standard,Tier 4,Email (Merchant),GCR,APAC,5,0,5
DATA AND ANALYTICS,Reporting,Standard,Tier 4,Email (Merchant),Mauritius,Mauritius,6,0,6
DATA AND ANALYTICS,Reporting,Standard,Tier 4,Email (Merchant),NORAM,Mauritius,4,0,4
DATA AND ANALYTICS,Reporting,Standard,Tier 4,Email (Merchant),NORAM,NORAM,4,0,4
DATA AND ANALYTICS,Reporting,Standard,Tier 4,Email (Merchant),NORAM,UK,2,0,2
DATA AND ANALYTICS,Reporting,Standard,Tier 4,Email (Merchant),Singapore/ANZ,APAC,1,0,1
DATA AND ANALYTICS,Reporting,Standard,Tier 4,Email (Merchant),Southern Europe,EEA,3,0,3
DATA AND ANALYTICS,Reporting,Standard,Tier 4,Email (Merchant),UAE,MENA,19,0,19
DATA AND ANALYTICS,Reporting,Standard,Tier 4,Email (Merchant),UAE,Mauritius,1,0,1
DATA AND ANALYTICS,Reporting,Standard,Tier 4,Email (Merchant),UAE,WW,1,0,1
DATA AND ANALYTICS,Reporting,Standard,Tier 4,Email (Merchant),UK,MENA,1,0,1
DATA AND ANALYTICS,Reporting,Standard,Tier 4,Email (Merchant),UK,Mauritius,2,0,2
DATA AND ANALYTICS,Reporting,Standard,Tier 4,Email (Merchant),UK,UK,9,0,9
DATA AND ANALYTICS,Reporting,Standard,Tier 4,Email (Merchant),Unknown,APAC,1,0,1
DATA AND ANALYTICS,Reporting,Standard,Tier 4,Email (Merchant),Unknown,Crypto,1,0,1
DATA AND ANALYTICS,Reporting,Standard,Tier 4,Email (Merchant),Unknown,EEA,2,0,2
DATA AND ANALYTICS,Reporting,Standard,Tier 4,Email (Merchant),Unknown,NORAM,2,0,2
DATA AND ANALYTICS,Reporting,Standard,Tier 4,Email (Merchant),Unknown,UK,1,0,1
DATA AND ANALYTICS,Reporting,Standard,Tier 4,Email (Merchant),WW,EEA,2,0,2
DATA AND ANALYTICS,Reporting,Standard,Tier 4,Email (Merchant),WW,Mauritius,2,0,2
DATA AND ANALYTICS,Reporting,Standard,Tier 4,Email (Merchant),WW,WW,1,0,1
DATA AND ANALYTICS,Reporting,Standard,Tier 4,Fin (Dashboard),Crypto,APAC,0,1,1
DATA AND ANALYTICS,Reporting,Standard,Tier 4,Fin (Dashboard),Crypto,Crypto,0,1,1
DATA AND ANALYTICS,Reporting,Standard,Tier 4,Fin (Dashboard),Issuing,Mauritius,0,1,1
DATA AND ANALYTICS,Reporting,Standard,Tier 4,Fin (Dashboard),Issuing,UK,1,0,1
DATA AND ANALYTICS,Reporting,Standard,Tier 4,Fin (Dashboard),KSA,EEA,0,1,1
DATA AND ANALYTICS,Reporting,Standard,Tier 4,Fin (Dashboard),Mauritius,Mauritius,0,5,5
DATA AND ANALYTICS,Reporting,Standard,Tier 4,Fin (Dashboard),NORAM,Mauritius,0,1,1
DATA AND ANALYTICS,Reporting,Standard,Tier 4,Fin (Dashboard),NORAM,NORAM,0,4,4
DATA AND ANALYTICS,Reporting,Standard,Tier 4,Fin (Dashboard),NORAM,UK,1,2,3
DATA AND ANALYTICS,Reporting,Standard,Tier 4,Fin (Dashboard),Southern Europe,EEA,0,1,1
DATA AND ANALYTICS,Reporting,Standard,Tier 4,Fin (Dashboard),UAE,MENA,1,4,5
DATA AND ANALYTICS,Reporting,Standard,Tier 4,Fin (Dashboard),UK,UK,0,5,5
DATA AND ANALYTICS,Reporting,Standard,Tier 4,Fin (Dashboard),Unknown,APAC,1,4,5
DATA AND ANALYTICS,Reporting,Standard,Tier 4,Fin (Dashboard),Unknown,EEA,0,2,2
DATA AND ANALYTICS,Reporting,Standard,Tier 4,Fin (Dashboard),Unknown,Unknown,0,1,1
DATA AND ANALYTICS,Reporting,Standard,Tier 4,Fin (Dashboard),WW,EEA,1,0,1
DATA AND ANALYTICS,Reporting,Standard,Tier 4,Other,Central Europe,Mauritius,2,0,2
DATA AND ANALYTICS,Reporting,Standard,Tier 4,Other,Crypto,APAC,2,0,2
DATA AND ANALYTICS,Reporting,Standard,Tier 4,Other,Crypto,Crypto,1,0,1
DATA AND ANALYTICS,Reporting,Standard,Tier 4,Other,EU,EEA,3,0,3
DATA AND ANALYTICS,Reporting,Standard,Tier 4,Other,GCR,APAC,1,0,1
DATA AND ANALYTICS,Reporting,Standard,Tier 4,Other,NORAM,Mauritius,1,0,1
DATA AND ANALYTICS,Reporting,Standard,Tier 4,Other,NORAM,NORAM,3,0,3
DATA AND ANALYTICS,Reporting,Standard,Tier 4,Other,NORAM,UK,2,0,2
DATA AND ANALYTICS,Reporting,Standard,Tier 4,Other,Southern Europe,EEA,1,0,1
DATA AND ANALYTICS,Reporting,Standard,Tier 4,Other,UAE,MENA,6,0,6
DATA AND ANALYTICS,Reporting,Standard,Tier 4,Other,UAE,UK,2,0,2
DATA AND ANALYTICS,Reporting,Standard,Tier 4,Other,UK,MENA,1,0,1
DATA AND ANALYTICS,Reporting,Standard,Tier 4,Other,UK,UK,2,0,2
DATA AND ANALYTICS,Reporting,Standard,Tier 4,Other,Unknown,Crypto,1,0,1
DATA AND ANALYTICS,Reporting,Standard,Tier 4,Other,WW,Mauritius,2,0,2
DATA AND ANALYTICS,Reporting,Standard,Tier 4,Webform & API,Central Europe,EEA,2,0,2
DATA AND ANALYTICS,Reporting,Standard,Tier 4,Webform & API,Central Europe,Mauritius,2,0,2
DATA AND ANALYTICS,Reporting,Standard,Tier 4,Webform & API,Crypto,APAC,1,0,1
DATA AND ANALYTICS,Reporting,Standard,Tier 4,Webform & API,Crypto,Crypto,1,0,1
DATA AND ANALYTICS,Reporting,Standard,Tier 4,Webform & API,EU,EEA,1,0,1
DATA AND ANALYTICS,Reporting,Standard,Tier 4,Webform & API,EU,UK,1,0,1
DATA AND ANALYTICS,Reporting,Standard,Tier 4,Webform & API,GCR,APAC,2,0,2
DATA AND ANALYTICS,Reporting,Standard,Tier 4,Webform & API,Issuing,UK,2,0,2
DATA AND ANALYTICS,Reporting,Standard,Tier 4,Webform & API,Mauritius,Mauritius,4,0,4
DATA AND ANALYTICS,Reporting,Standard,Tier 4,Webform & API,NORAM,Mauritius,3,0,3
DATA AND ANALYTICS,Reporting,Standard,Tier 4,Webform & API,NORAM,NORAM,9,0,9
DATA AND ANALYTICS,Reporting,Standard,Tier 4,Webform & API,NORAM,UK,6,0,6
DATA AND ANALYTICS,Reporting,Standard,Tier 4,Webform & API,UAE,MENA,9,0,9
DATA AND ANALYTICS,Reporting,Standard,Tier 4,Webform & API,UAE,Mauritius,1,0,1
DATA AND ANALYTICS,Reporting,Standard,Tier 4,Webform & API,UK,Mauritius,5,0,5
DATA AND ANALYTICS,Reporting,Standard,Tier 4,Webform & API,UK,UK,11,0,11
DATA AND ANALYTICS,Reporting,Standard,Tier 4,Webform & API,Unknown,APAC,2,0,2
DATA AND ANALYTICS,Reporting,Standard,Tier 4,Webform & API,Unknown,Crypto,2,0,2
DATA AND ANALYTICS,Reporting,Standard,Tier 4,Webform & API,Unknown,EEA,2,0,2
DATA AND ANALYTICS,Reporting,Standard,Tier 4,Webform & API,Unknown,MENA,1,0,1
DATA AND ANALYTICS,Reporting,Standard,Tier 4,Webform & API,Unknown,Mauritius,5,0,5
DATA AND ANALYTICS,Reporting,Standard,Tier 4,Webform & API,Unknown,NORAM,2,0,2
DATA AND ANALYTICS,Reporting,Standard,Tier 4,Webform & API,Unknown,UK,2,0,2
DATA AND ANALYTICS,Reporting,Standard,Tier 4,Webform & API,WW,Mauritius,1,0,1
DATA AND ANALYTICS,Reporting,Standard,Tier 4,Webform & API,WW,WW,4,0,4
DATA AND ANALYTICS,Reporting,Standard,Unknown,Email (Internal),Mauritius,Mauritius,1,0,1
DATA AND ANALYTICS,Reporting,Standard,Unknown,Email (Merchant),Northern Europe,EEA,3,0,3
DATA AND ANALYTICS,Reporting,Standard,Unknown,Fin (Dashboard),UK,UK,1,0,1
DATA AND ANALYTICS,Reporting,Standard,Unknown,Other,Northern Europe,EEA,1,0,1
DATA AND ANALYTICS,Reporting,Unmapped,Unknown,Email (Internal),Unknown,Unknown,15,0,15
DATA AND ANALYTICS,Reporting,Unmapped,Unknown,Email (Merchant),Unknown,Unknown,53,0,53
DATA AND ANALYTICS,Reporting,Unmapped,Unknown,Fin (Dashboard),Unknown,Unknown,0,16,16
DATA AND ANALYTICS,Reporting,Unmapped,Unknown,Other,Unknown,Unknown,22,0,22
DATA AND ANALYTICS,Reporting,Unmapped,Unknown,Webform & API,Unknown,Unknown,21,0,21
FEEDBACK,Product Feedback,Enterprise,Tier 1,Email (Merchant),Crypto,Crypto,1,0,1
FEEDBACK,Product Feedback,Enterprise,Tier 1,Email (Merchant),UAE,MENA,2,0,2
FEEDBACK,Product Feedback,Enterprise,Tier 1,Email (Merchant),Unknown,UK,1,0,1
FEEDBACK,Product Feedback,Enterprise,Tier 1,Fin (Dashboard),UAE,MENA,0,1,1
FEEDBACK,Product Feedback,Enterprise,Tier 1,Fin (Dashboard),UK,UK,0,1,1
FEEDBACK,Product Feedback,Enterprise,Tier 1,Fin (Dashboard),WW,UK,0,1,1
FEEDBACK,Product Feedback,Enterprise,Tier 1,Other,UK,UK,1,0,1
FEEDBACK,Product Feedback,Enterprise,Tier 1,Other,Unknown,UK,1,0,1
FEEDBACK,Product Feedback,Enterprise,Tier 2,Email (Merchant),Central Europe,EEA,1,0,1
FEEDBACK,Product Feedback,Enterprise,Tier 2,Email (Merchant),Crypto,Crypto,1,0,1
FEEDBACK,Product Feedback,Enterprise,Tier 2,Email (Merchant),UAE,MENA,1,0,1
FEEDBACK,Product Feedback,Enterprise,Tier 2,Fin (Dashboard),NORAM,Crypto,0,2,2
FEEDBACK,Product Feedback,Enterprise,Tier 2,Fin (Dashboard),NORAM,EEA,0,1,1
FEEDBACK,Product Feedback,Enterprise,Tier 2,Fin (Dashboard),NORAM,NORAM,0,1,1
FEEDBACK,Product Feedback,Enterprise,Tier 2,Fin (Dashboard),NORAM,UK,0,1,1
FEEDBACK,Product Feedback,Enterprise,Tier 2,Fin (Dashboard),Southern Europe,EEA,0,1,1
FEEDBACK,Product Feedback,Enterprise,Tier 2,Fin (Dashboard),UK,UK,0,1,1
FEEDBACK,Product Feedback,Enterprise,Tier 2,Fin (Dashboard),WW,EEA,0,1,1
FEEDBACK,Product Feedback,Enterprise,Tier 2,Fin (Dashboard),WW,Mauritius,0,1,1
FEEDBACK,Product Feedback,Enterprise,Tier 2,Webform & API,UK,UK,1,0,1
FEEDBACK,Product Feedback,Enterprise,Tier 3,Email (Merchant),UAE,MENA,2,0,2
FEEDBACK,Product Feedback,Enterprise,Tier 3,Fin (Dashboard),UK,UK,0,1,1
FEEDBACK,Product Feedback,Premium,Tier 1,Email (Merchant),NORAM,UK,1,0,1
FEEDBACK,Product Feedback,Premium,Tier 1,Email (Merchant),Singapore/ANZ,NORAM,1,0,1
FEEDBACK,Product Feedback,Premium,Tier 1,Email (Merchant),UAE,MENA,1,0,1
FEEDBACK,Product Feedback,Premium,Tier 1,Email (Merchant),UK,EEA,1,0,1
FEEDBACK,Product Feedback,Premium,Tier 1,Email (Merchant),UK,UK,1,0,1
FEEDBACK,Product Feedback,Premium,Tier 1,Fin (Dashboard),NORAM,UK,0,2,2
FEEDBACK,Product Feedback,Premium,Tier 1,Fin (Dashboard),Northern Europe,EEA,0,1,1
FEEDBACK,Product Feedback,Premium,Tier 1,Fin (Dashboard),UAE,MENA,0,1,1
FEEDBACK,Product Feedback,Premium,Tier 1,Fin (Dashboard),UK,Crypto,0,2,2
FEEDBACK,Product Feedback,Premium,Tier 1,Fin (Dashboard),UK,NORAM,0,1,1
FEEDBACK,Product Feedback,Premium,Tier 1,Fin (Dashboard),UK,UK,0,2,2
FEEDBACK,Product Feedback,Premium,Tier 1,Fin (Dashboard),WW,EEA,0,1,1
FEEDBACK,Product Feedback,Premium,Tier 1,Other,NORAM,UK,1,0,1
FEEDBACK,Product Feedback,Premium,Tier 1,Other,UAE,MENA,2,0,2
FEEDBACK,Product Feedback,Premium,Tier 1,Other,UK,NORAM,1,0,1
FEEDBACK,Product Feedback,Premium,Tier 1,Other,WW,EEA,2,0,2
FEEDBACK,Product Feedback,Premium,Tier 1,Webform & API,Crypto,Crypto,1,0,1
FEEDBACK,Product Feedback,Premium,Tier 1,Webform & API,UK,EEA,1,0,1
FEEDBACK,Product Feedback,Premium,Tier 1,Webform & API,WW,EEA,1,0,1
FEEDBACK,Product Feedback,Standard,Tier 2,Email (Merchant),Crypto,Crypto,1,0,1
FEEDBACK,Product Feedback,Standard,Tier 2,Other,Crypto,Crypto,1,0,1
FEEDBACK,Product Feedback,Standard,Tier 2,Other,UK,UK,1,0,1
FEEDBACK,Product Feedback,Standard,Tier 3,Email (Merchant),Northern Europe,EEA,1,0,1
FEEDBACK,Product Feedback,Standard,Tier 3,Email (Merchant),UAE,MENA,3,0,3
FEEDBACK,Product Feedback,Standard,Tier 3,Email (Merchant),Unknown,NORAM,1,0,1
FEEDBACK,Product Feedback,Standard,Tier 3,Fin (Dashboard),Central Europe,EEA,0,1,1
FEEDBACK,Product Feedback,Standard,Tier 3,Fin (Dashboard),GCR,APAC,0,2,2
FEEDBACK,Product Feedback,Standard,Tier 3,Fin (Dashboard),NORAM,Crypto,1,0,1
FEEDBACK,Product Feedback,Standard,Tier 3,Fin (Dashboard),NORAM,Israel,0,1,1
FEEDBACK,Product Feedback,Standard,Tier 3,Fin (Dashboard),NORAM,NORAM,0,1,1
FEEDBACK,Product Feedback,Standard,Tier 3,Fin (Dashboard),Singapore/ANZ,APAC,0,1,1
FEEDBACK,Product Feedback,Standard,Tier 3,Fin (Dashboard),UAE,MENA,1,3,4
FEEDBACK,Product Feedback,Standard,Tier 3,Fin (Dashboard),UK,UK,0,4,4
FEEDBACK,Product Feedback,Standard,Tier 3,Fin (Dashboard),Unknown,Crypto,0,1,1
FEEDBACK,Product Feedback,Standard,Tier 3,Fin (Dashboard),Unknown,EEA,0,1,1
FEEDBACK,Product Feedback,Standard,Tier 3,Fin (Dashboard),Unknown,UK,0,1,1
FEEDBACK,Product Feedback,Standard,Tier 3,Other,Central Europe,EEA,1,0,1
FEEDBACK,Product Feedback,Standard,Tier 3,Other,NORAM,Crypto,1,0,1
FEEDBACK,Product Feedback,Standard,Tier 3,Other,NORAM,NORAM,2,0,2
FEEDBACK,Product Feedback,Standard,Tier 3,Other,Northern Europe,EEA,1,0,1
FEEDBACK,Product Feedback,Standard,Tier 3,Other,UAE,MENA,3,0,3
FEEDBACK,Product Feedback,Standard,Tier 3,Other,UAE,Unknown,1,0,1
FEEDBACK,Product Feedback,Standard,Tier 3,Other,UK,UK,2,0,2
FEEDBACK,Product Feedback,Standard,Tier 3,Other,Unknown,EEA,1,0,1
FEEDBACK,Product Feedback,Standard,Tier 3,Webform & API,Crypto,Crypto,1,0,1
FEEDBACK,Product Feedback,Standard,Tier 3,Webform & API,EU,EEA,1,0,1
FEEDBACK,Product Feedback,Standard,Tier 3,Webform & API,Southern Europe,Crypto,1,0,1
FEEDBACK,Product Feedback,Standard,Tier 3,Webform & API,Southern Europe,EEA,1,0,1
FEEDBACK,Product Feedback,Standard,Tier 3,Webform & API,UAE,MENA,1,0,1
FEEDBACK,Product Feedback,Standard,Tier 3,Webform & API,UK,UK,2,0,2
FEEDBACK,Product Feedback,Standard,Tier 3,Webform & API,Unknown,NORAM,1,0,1
FEEDBACK,Product Feedback,Standard,Tier 3,Webform & API,WW,MENA,1,0,1
FEEDBACK,Product Feedback,Standard,Tier 4,Email (Internal),UK,Mauritius,1,0,1
FEEDBACK,Product Feedback,Standard,Tier 4,Email (Merchant),Central Europe,EEA,1,0,1
FEEDBACK,Product Feedback,Standard,Tier 4,Email (Merchant),Mauritius,Mauritius,1,0,1
FEEDBACK,Product Feedback,Standard,Tier 4,Email (Merchant),NORAM,Mauritius,1,0,1
FEEDBACK,Product Feedback,Standard,Tier 4,Email (Merchant),UAE,MENA,4,0,4
FEEDBACK,Product Feedback,Standard,Tier 4,Email (Merchant),UK,Mauritius,1,0,1
FEEDBACK,Product Feedback,Standard,Tier 4,Email (Merchant),Unknown,UK,2,0,2
FEEDBACK,Product Feedback,Standard,Tier 4,Email (Merchant),WW,WW,2,0,2
FEEDBACK,Product Feedback,Standard,Tier 4,Fin (Dashboard),EU,Mauritius,0,1,1
FEEDBACK,Product Feedback,Standard,Tier 4,Fin (Dashboard),Issuing,Unknown,0,1,1
FEEDBACK,Product Feedback,Standard,Tier 4,Fin (Dashboard),Mauritius,Mauritius,0,3,3
FEEDBACK,Product Feedback,Standard,Tier 4,Fin (Dashboard),NORAM,NORAM,0,4,4
FEEDBACK,Product Feedback,Standard,Tier 4,Fin (Dashboard),NORAM,UK,0,2,2
FEEDBACK,Product Feedback,Standard,Tier 4,Fin (Dashboard),UAE,MENA,0,3,3
FEEDBACK,Product Feedback,Standard,Tier 4,Fin (Dashboard),UK,Mauritius,0,1,1
FEEDBACK,Product Feedback,Standard,Tier 4,Fin (Dashboard),UK,UK,0,4,4
FEEDBACK,Product Feedback,Standard,Tier 4,Fin (Dashboard),Unknown,APAC,0,1,1
FEEDBACK,Product Feedback,Standard,Tier 4,Fin (Dashboard),Unknown,EEA,0,1,1
FEEDBACK,Product Feedback,Standard,Tier 4,Fin (Dashboard),Unknown,UK,1,1,2
FEEDBACK,Product Feedback,Standard,Tier 4,Other,Central Europe,EEA,1,0,1
FEEDBACK,Product Feedback,Standard,Tier 4,Other,GCR,APAC,1,0,1
FEEDBACK,Product Feedback,Standard,Tier 4,Other,Issuing,UK,1,0,1
FEEDBACK,Product Feedback,Standard,Tier 4,Other,Mauritius,Mauritius,1,0,1
FEEDBACK,Product Feedback,Standard,Tier 4,Other,Singapore/ANZ,APAC,1,0,1
FEEDBACK,Product Feedback,Standard,Tier 4,Other,UAE,MENA,7,0,7
FEEDBACK,Product Feedback,Standard,Tier 4,Other,UK,Mauritius,1,0,1
FEEDBACK,Product Feedback,Standard,Tier 4,Other,UK,UK,5,0,5
FEEDBACK,Product Feedback,Standard,Tier 4,Other,Unknown,EEA,1,0,1
FEEDBACK,Product Feedback,Standard,Tier 4,Other,Unknown,MENA,2,0,2
FEEDBACK,Product Feedback,Standard,Tier 4,Other,Unknown,NORAM,1,0,1
FEEDBACK,Product Feedback,Standard,Tier 4,Other,Unknown,UK,2,0,2
FEEDBACK,Product Feedback,Standard,Tier 4,Other,WW,EEA,1,0,1
FEEDBACK,Product Feedback,Standard,Tier 4,Webform & API,Crypto,Crypto,1,0,1
FEEDBACK,Product Feedback,Standard,Tier 4,Webform & API,EU,EEA,2,0,2
FEEDBACK,Product Feedback,Standard,Tier 4,Webform & API,NORAM,Mauritius,1,0,1
FEEDBACK,Product Feedback,Standard,Tier 4,Webform & API,NORAM,NORAM,1,0,1
FEEDBACK,Product Feedback,Standard,Tier 4,Webform & API,UAE,MENA,1,0,1
FEEDBACK,Product Feedback,Standard,Tier 4,Webform & API,UAE,UK,1,0,1
FEEDBACK,Product Feedback,Standard,Tier 4,Webform & API,UK,APAC,1,0,1
FEEDBACK,Product Feedback,Standard,Tier 4,Webform & API,UK,Mauritius,1,0,1
FEEDBACK,Product Feedback,Standard,Tier 4,Webform & API,UK,UK,1,0,1
FEEDBACK,Product Feedback,Standard,Tier 4,Webform & API,Unknown,MENA,1,0,1
FEEDBACK,Product Feedback,Standard,Tier 4,Webform & API,Unknown,UK,2,0,2
FEEDBACK,Product Feedback,Unmapped,Unknown,Email (Internal),Unknown,Unknown,1,0,1
FEEDBACK,Product Feedback,Unmapped,Unknown,Email (Merchant),Unknown,Unknown,13,0,13
FEEDBACK,Product Feedback,Unmapped,Unknown,Fin (Dashboard),Unknown,Unknown,0,3,3
FEEDBACK,Product Feedback,Unmapped,Unknown,Other,Unknown,Unknown,13,0,13
FEEDBACK,Product Feedback,Unmapped,Unknown,Webform & API,Unknown,Unknown,2,0,2
FUNDS and FEES,Balance,Enterprise,Tier 1,Email (Internal),Crypto,Crypto,1,0,1
FUNDS and FEES,Balance,Enterprise,Tier 1,Email (Internal),GCR,APAC,1,0,1
FUNDS and FEES,Balance,Enterprise,Tier 1,Email (Internal),NORAM,UK,4,0,4
FUNDS and FEES,Balance,Enterprise,Tier 1,Email (Internal),UAE,MENA,3,0,3
FUNDS and FEES,Balance,Enterprise,Tier 1,Email (Internal),UK,APAC,1,0,1
FUNDS and FEES,Balance,Enterprise,Tier 1,Email (Internal),UK,EEA,2,0,2
FUNDS and FEES,Balance,Enterprise,Tier 1,Email (Internal),UK,UK,1,0,1
FUNDS and FEES,Balance,Enterprise,Tier 1,Email (Internal),Unknown,Crypto,1,0,1
FUNDS and FEES,Balance,Enterprise,Tier 1,Email (Internal),Unknown,NORAM,1,0,1
FUNDS and FEES,Balance,Enterprise,Tier 1,Email (Internal),Unknown,UK,1,0,1
FUNDS and FEES,Balance,Enterprise,Tier 1,Email (Merchant),Crypto,Crypto,21,0,21
FUNDS and FEES,Balance,Enterprise,Tier 1,Email (Merchant),GCR,APAC,3,0,3
FUNDS and FEES,Balance,Enterprise,Tier 1,Email (Merchant),Mauritius,UK,1,0,1
FUNDS and FEES,Balance,Enterprise,Tier 1,Email (Merchant),UAE,MENA,2,0,2
FUNDS and FEES,Balance,Enterprise,Tier 1,Email (Merchant),UK,Crypto,1,0,1
FUNDS and FEES,Balance,Enterprise,Tier 1,Email (Merchant),UK,UK,15,0,15
FUNDS and FEES,Balance,Enterprise,Tier 1,Email (Merchant),WW,MENA,1,0,1
FUNDS and FEES,Balance,Enterprise,Tier 1,Email (Merchant),WW,Mauritius,2,0,2
FUNDS and FEES,Balance,Enterprise,Tier 1,Fin (Dashboard),Crypto,Crypto,0,1,1
FUNDS and FEES,Balance,Enterprise,Tier 1,Fin (Dashboard),NORAM,Crypto,1,0,1
FUNDS and FEES,Balance,Enterprise,Tier 1,Fin (Dashboard),Northern Europe,EEA,0,2,2
FUNDS and FEES,Balance,Enterprise,Tier 1,Fin (Dashboard),WW,UK,0,2,2
FUNDS and FEES,Balance,Enterprise,Tier 1,Other,Crypto,Crypto,1,0,1
FUNDS and FEES,Balance,Enterprise,Tier 1,Other,GCR,APAC,2,0,2
FUNDS and FEES,Balance,Enterprise,Tier 1,Other,NORAM,UK,1,0,1
FUNDS and FEES,Balance,Enterprise,Tier 1,Other,Northern Europe,EEA,1,0,1
FUNDS and FEES,Balance,Enterprise,Tier 1,Other,UK,Crypto,1,0,1
FUNDS and FEES,Balance,Enterprise,Tier 1,Other,UK,UK,1,0,1
FUNDS and FEES,Balance,Enterprise,Tier 1,Other,WW,MENA,1,0,1
FUNDS and FEES,Balance,Enterprise,Tier 1,Webform & API,Crypto,Crypto,17,0,17
FUNDS and FEES,Balance,Enterprise,Tier 1,Webform & API,NORAM,Crypto,1,0,1
FUNDS and FEES,Balance,Enterprise,Tier 1,Webform & API,Unknown,UK,2,0,2
FUNDS and FEES,Balance,Enterprise,Tier 2,Email (Internal),NORAM,EEA,1,0,1
FUNDS and FEES,Balance,Enterprise,Tier 2,Email (Internal),NORAM,UK,1,0,1
FUNDS and FEES,Balance,Enterprise,Tier 2,Email (Internal),Southern Europe,EEA,1,0,1
FUNDS and FEES,Balance,Enterprise,Tier 2,Email (Internal),UAE,MENA,1,0,1
FUNDS and FEES,Balance,Enterprise,Tier 2,Email (Internal),UK,EEA,1,0,1
FUNDS and FEES,Balance,Enterprise,Tier 2,Email (Internal),UK,UK,3,0,3
FUNDS and FEES,Balance,Enterprise,Tier 2,Email (Merchant),Crypto,APAC,1,0,1
FUNDS and FEES,Balance,Enterprise,Tier 2,Email (Merchant),Crypto,Crypto,20,0,20
FUNDS and FEES,Balance,Enterprise,Tier 2,Email (Merchant),KSA,EEA,1,0,1
FUNDS and FEES,Balance,Enterprise,Tier 2,Email (Merchant),NORAM,NORAM,6,0,6
FUNDS and FEES,Balance,Enterprise,Tier 2,Email (Merchant),NORAM,UK,1,0,1
FUNDS and FEES,Balance,Enterprise,Tier 2,Email (Merchant),Singapore/ANZ,APAC,3,0,3
FUNDS and FEES,Balance,Enterprise,Tier 2,Email (Merchant),UAE,MENA,4,0,4
FUNDS and FEES,Balance,Enterprise,Tier 2,Email (Merchant),UK,UK,6,0,6
FUNDS and FEES,Balance,Enterprise,Tier 2,Fin (Dashboard),Crypto,APAC,0,1,1
FUNDS and FEES,Balance,Enterprise,Tier 2,Fin (Dashboard),Crypto,Crypto,1,0,1
FUNDS and FEES,Balance,Enterprise,Tier 2,Fin (Dashboard),KSA,MENA,0,1,1
FUNDS and FEES,Balance,Enterprise,Tier 2,Fin (Dashboard),NORAM,Crypto,0,1,1
FUNDS and FEES,Balance,Enterprise,Tier 2,Fin (Dashboard),NORAM,UK,0,1,1
FUNDS and FEES,Balance,Enterprise,Tier 2,Fin (Dashboard),Northern Europe,EEA,0,1,1
FUNDS and FEES,Balance,Enterprise,Tier 2,Fin (Dashboard),SAT,SAT,0,1,1
FUNDS and FEES,Balance,Enterprise,Tier 2,Fin (Dashboard),UK,UK,1,1,2
FUNDS and FEES,Balance,Enterprise,Tier 2,Other,Central Europe,EEA,1,0,1
FUNDS and FEES,Balance,Enterprise,Tier 2,Other,Crypto,Crypto,7,0,7
FUNDS and FEES,Balance,Enterprise,Tier 2,Other,NORAM,NORAM,7,0,7
FUNDS and FEES,Balance,Enterprise,Tier 2,Other,Southern Europe,EEA,1,0,1
FUNDS and FEES,Balance,Enterprise,Tier 2,Other,UAE,MENA,1,0,1
FUNDS and FEES,Balance,Enterprise,Tier 2,Other,UK,Issuing,1,0,1
FUNDS and FEES,Balance,Enterprise,Tier 2,Other,UK,UK,1,0,1
FUNDS and FEES,Balance,Enterprise,Tier 2,Webform & API,Crypto,Crypto,1,0,1
FUNDS and FEES,Balance,Enterprise,Tier 2,Webform & API,Issuing,UK,1,0,1
FUNDS and FEES,Balance,Enterprise,Tier 2,Webform & API,NORAM,Crypto,1,0,1
FUNDS and FEES,Balance,Enterprise,Tier 2,Webform & API,NORAM,NORAM,1,0,1
FUNDS and FEES,Balance,Enterprise,Tier 2,Webform & API,UK,UK,7,0,7
FUNDS and FEES,Balance,Enterprise,Tier 2,Webform & API,WW,Mauritius,1,0,1
FUNDS and FEES,Balance,Enterprise,Tier 3,Email (Internal),GCR,APAC,1,0,1
FUNDS and FEES,Balance,Enterprise,Tier 3,Email (Internal),Northern Europe,EEA,1,0,1
FUNDS and FEES,Balance,Enterprise,Tier 3,Email (Merchant),GCR,APAC,2,0,2
FUNDS and FEES,Balance,Enterprise,Tier 3,Email (Merchant),UAE,MENA,1,0,1
FUNDS and FEES,Balance,Enterprise,Tier 3,Email (Merchant),WW,Israel,1,0,1
FUNDS and FEES,Balance,Enterprise,Tier 3,Webform & API,GCR,APAC,1,0,1
FUNDS and FEES,Balance,Enterprise,Tier 4,Email (Merchant),UAE,MENA,1,0,1
FUNDS and FEES,Balance,Premium,Tier 1,Email (Internal),Crypto,Crypto,1,0,1
FUNDS and FEES,Balance,Premium,Tier 1,Email (Internal),GCR,APAC,1,0,1
FUNDS and FEES,Balance,Premium,Tier 1,Email (Internal),NORAM,UK,3,0,3
FUNDS and FEES,Balance,Premium,Tier 1,Email (Internal),UAE,MENA,1,0,1
FUNDS and FEES,Balance,Premium,Tier 1,Email (Internal),UK,UK,1,0,1
FUNDS and FEES,Balance,Premium,Tier 1,Email (Internal),WW,APAC,1,0,1
FUNDS and FEES,Balance,Premium,Tier 1,Email (Merchant),Crypto,Crypto,5,0,5
FUNDS and FEES,Balance,Premium,Tier 1,Email (Merchant),GCR,APAC,3,0,3
FUNDS and FEES,Balance,Premium,Tier 1,Email (Merchant),NORAM,UK,1,0,1
FUNDS and FEES,Balance,Premium,Tier 1,Email (Merchant),Southern Europe,EEA,1,0,1
FUNDS and FEES,Balance,Premium,Tier 1,Email (Merchant),UAE,MENA,1,0,1
FUNDS and FEES,Balance,Premium,Tier 1,Email (Merchant),UK,Crypto,3,0,3
FUNDS and FEES,Balance,Premium,Tier 1,Email (Merchant),UK,EEA,1,0,1
FUNDS and FEES,Balance,Premium,Tier 1,Email (Merchant),UK,UK,4,0,4
FUNDS and FEES,Balance,Premium,Tier 1,Email (Merchant),Unknown,Crypto,3,0,3
FUNDS and FEES,Balance,Premium,Tier 1,Email (Merchant),WW,APAC,2,0,2
FUNDS and FEES,Balance,Premium,Tier 1,Email (Merchant),WW,MENA,1,0,1
FUNDS and FEES,Balance,Premium,Tier 1,Email (Merchant),WW,UK,16,0,16
FUNDS and FEES,Balance,Premium,Tier 1,Fin (Dashboard),Crypto,Crypto,2,3,5
FUNDS and FEES,Balance,Premium,Tier 1,Fin (Dashboard),Southern Europe,EEA,1,0,1
FUNDS and FEES,Balance,Premium,Tier 1,Fin (Dashboard),WW,EEA,0,1,1
FUNDS and FEES,Balance,Premium,Tier 1,Other,UK,UK,13,0,13
FUNDS and FEES,Balance,Premium,Tier 1,Other,Unknown,Crypto,5,0,5
FUNDS and FEES,Balance,Premium,Tier 1,Other,WW,UK,1,0,1
FUNDS and FEES,Balance,Premium,Tier 1,Webform & API,Southern Europe,EEA,1,0,1
FUNDS and FEES,Balance,Premium,Tier 1,Webform & API,WW,EEA,1,0,1
FUNDS and FEES,Balance,Premium,Tier 1,Webform & API,WW,UK,1,0,1
FUNDS and FEES,Balance,Standard,Tier 2,Email (Internal),Crypto,Crypto,1,0,1
FUNDS and FEES,Balance,Standard,Tier 2,Email (Internal),UK,UK,3,0,3
FUNDS and FEES,Balance,Standard,Tier 2,Email (Merchant),Crypto,Crypto,5,0,5
FUNDS and FEES,Balance,Standard,Tier 2,Email (Merchant),UK,UK,3,0,3
FUNDS and FEES,Balance,Standard,Tier 2,Fin (Dashboard),GCR,APAC,0,1,1
FUNDS and FEES,Balance,Standard,Tier 2,Webform & API,UAE,MENA,2,0,2
FUNDS and FEES,Balance,Standard,Tier 2,Webform & API,UK,UK,1,0,1
FUNDS and FEES,Balance,Standard,Tier 3,Email (Internal),Central Europe,EEA,1,0,1
FUNDS and FEES,Balance,Standard,Tier 3,Email (Internal),Crypto,Crypto,2,0,2
FUNDS and FEES,Balance,Standard,Tier 3,Email (Internal),GCR,APAC,2,0,2
FUNDS and FEES,Balance,Standard,Tier 3,Email (Internal),NORAM,Israel,2,0,2
FUNDS and FEES,Balance,Standard,Tier 3,Email (Internal),NORAM,NORAM,2,0,2
FUNDS and FEES,Balance,Standard,Tier 3,Email (Internal),Northern Europe,EEA,1,0,1
FUNDS and FEES,Balance,Standard,Tier 3,Email (Internal),Southern Europe,EEA,3,0,3
FUNDS and FEES,Balance,Standard,Tier 3,Email (Internal),UAE,Unknown,1,0,1
FUNDS and FEES,Balance,Standard,Tier 3,Email (Internal),UK,Mauritius,1,0,1
FUNDS and FEES,Balance,Standard,Tier 3,Email (Internal),UK,UK,8,0,8
FUNDS and FEES,Balance,Standard,Tier 3,Email (Internal),Unknown,Crypto,1,0,1
FUNDS and FEES,Balance,Standard,Tier 3,Email (Internal),Unknown,EEA,1,0,1
FUNDS and FEES,Balance,Standard,Tier 3,Email (Internal),Unknown,UK,1,0,1
FUNDS and FEES,Balance,Standard,Tier 3,Email (Internal),WW,EEA,1,0,1
FUNDS and FEES,Balance,Standard,Tier 3,Email (Internal),WW,MENA,2,0,2
FUNDS and FEES,Balance,Standard,Tier 3,Email (Merchant),Central Europe,EEA,4,0,4
FUNDS and FEES,Balance,Standard,Tier 3,Email (Merchant),Crypto,APAC,1,0,1
FUNDS and FEES,Balance,Standard,Tier 3,Email (Merchant),Crypto,Crypto,13,0,13
FUNDS and FEES,Balance,Standard,Tier 3,Email (Merchant),Crypto,EEA,6,0,6
FUNDS and FEES,Balance,Standard,Tier 3,Email (Merchant),GCR,APAC,3,0,3
FUNDS and FEES,Balance,Standard,Tier 3,Email (Merchant),NORAM,Israel,3,0,3
FUNDS and FEES,Balance,Standard,Tier 3,Email (Merchant),NORAM,NORAM,1,0,1
FUNDS and FEES,Balance,Standard,Tier 3,Email (Merchant),Northern Europe,EEA,2,0,2
FUNDS and FEES,Balance,Standard,Tier 3,Email (Merchant),UAE,MENA,2,0,2
FUNDS and FEES,Balance,Standard,Tier 3,Email (Merchant),UAE,Mauritius,1,0,1
FUNDS and FEES,Balance,Standard,Tier 3,Email (Merchant),UK,UK,4,0,4
FUNDS and FEES,Balance,Standard,Tier 3,Email (Merchant),Ubble,EEA,1,0,1
FUNDS and FEES,Balance,Standard,Tier 3,Email (Merchant),Unknown,Crypto,3,0,3
FUNDS and FEES,Balance,Standard,Tier 3,Email (Merchant),Unknown,EEA,6,0,6
FUNDS and FEES,Balance,Standard,Tier 3,Email (Merchant),Unknown,NORAM,3,0,3
FUNDS and FEES,Balance,Standard,Tier 3,Fin (Dashboard),Central Europe,EEA,0,2,2
FUNDS and FEES,Balance,Standard,Tier 3,Fin (Dashboard),Crypto,Crypto,0,4,4
FUNDS and FEES,Balance,Standard,Tier 3,Fin (Dashboard),Southern Europe,EEA,1,0,1
FUNDS and FEES,Balance,Standard,Tier 3,Fin (Dashboard),UAE,MENA,0,1,1
FUNDS and FEES,Balance,Standard,Tier 3,Fin (Dashboard),UAE,Mauritius,0,1,1
FUNDS and FEES,Balance,Standard,Tier 3,Fin (Dashboard),UK,UK,1,2,3
FUNDS and FEES,Balance,Standard,Tier 3,Fin (Dashboard),Unknown,Crypto,0,1,1
FUNDS and FEES,Balance,Standard,Tier 3,Fin (Dashboard),WW,APAC,0,1,1
FUNDS and FEES,Balance,Standard,Tier 3,Other,Northern Europe,EEA,1,0,1
FUNDS and FEES,Balance,Standard,Tier 3,Other,UAE,MENA,1,0,1
FUNDS and FEES,Balance,Standard,Tier 3,Other,UK,UK,3,0,3
FUNDS and FEES,Balance,Standard,Tier 3,Other,Unknown,UK,1,0,1
FUNDS and FEES,Balance,Standard,Tier 3,Webform & API,Central Europe,EEA,1,0,1
FUNDS and FEES,Balance,Standard,Tier 3,Webform & API,EU,UK,1,0,1
FUNDS and FEES,Balance,Standard,Tier 3,Webform & API,Issuing,EEA,2,0,2
FUNDS and FEES,Balance,Standard,Tier 3,Webform & API,NORAM,Israel,1,0,1
FUNDS and FEES,Balance,Standard,Tier 3,Webform & API,Northern Europe,EEA,1,0,1
FUNDS and FEES,Balance,Standard,Tier 3,Webform & API,Singapore/ANZ,APAC,2,0,2
FUNDS and FEES,Balance,Standard,Tier 3,Webform & API,UAE,MENA,3,0,3
FUNDS and FEES,Balance,Standard,Tier 3,Webform & API,UK,UK,3,0,3
FUNDS and FEES,Balance,Standard,Tier 3,Webform & API,Unknown,APAC,1,0,1
FUNDS and FEES,Balance,Standard,Tier 3,Webform & API,Unknown,Crypto,2,0,2
FUNDS and FEES,Balance,Standard,Tier 4,Email (Internal),Central Europe,Mauritius,1,0,1
FUNDS and FEES,Balance,Standard,Tier 4,Email (Internal),Crypto,Crypto,3,0,3
FUNDS and FEES,Balance,Standard,Tier 4,Email (Internal),EU,EEA,1,0,1
FUNDS and FEES,Balance,Standard,Tier 4,Email (Internal),GCR,APAC,3,0,3
FUNDS and FEES,Balance,Standard,Tier 4,Email (Internal),KSA,EEA,1,0,1
FUNDS and FEES,Balance,Standard,Tier 4,Email (Internal),NORAM,Mauritius,5,0,5
FUNDS and FEES,Balance,Standard,Tier 4,Email (Internal),NORAM,NORAM,1,0,1
FUNDS and FEES,Balance,Standard,Tier 4,Email (Internal),NORAM,UK,1,0,1
FUNDS and FEES,Balance,Standard,Tier 4,Email (Internal),UAE,MENA,3,0,3
FUNDS and FEES,Balance,Standard,Tier 4,Email (Internal),UK,Mauritius,1,0,1
FUNDS and FEES,Balance,Standard,Tier 4,Email (Internal),UK,UK,1,0,1
FUNDS and FEES,Balance,Standard,Tier 4,Email (Internal),Unknown,MENA,1,0,1
FUNDS and FEES,Balance,Standard,Tier 4,Email (Internal),Unknown,UK,2,0,2
FUNDS and FEES,Balance,Standard,Tier 4,Email (Merchant),Central Europe,Mauritius,1,0,1
FUNDS and FEES,Balance,Standard,Tier 4,Email (Merchant),Crypto,Crypto,5,0,5
FUNDS and FEES,Balance,Standard,Tier 4,Email (Merchant),EU,UK,2,0,2
FUNDS and FEES,Balance,Standard,Tier 4,Email (Merchant),GCR,APAC,3,0,3
FUNDS and FEES,Balance,Standard,Tier 4,Email (Merchant),Mauritius,Mauritius,25,0,25
FUNDS and FEES,Balance,Standard,Tier 4,Email (Merchant),NORAM,UK,4,0,4
FUNDS and FEES,Balance,Standard,Tier 4,Email (Merchant),Singapore/ANZ,NORAM,1,0,1
FUNDS and FEES,Balance,Standard,Tier 4,Email (Merchant),Southern Europe,EEA,2,0,2
FUNDS and FEES,Balance,Standard,Tier 4,Email (Merchant),Southern Europe,WW,1,0,1
FUNDS and FEES,Balance,Standard,Tier 4,Email (Merchant),UAE,MENA,21,0,21
FUNDS and FEES,Balance,Standard,Tier 4,Email (Merchant),UAE,Mauritius,2,0,2
FUNDS and FEES,Balance,Standard,Tier 4,Email (Merchant),UK,Mauritius,2,0,2
FUNDS and FEES,Balance,Standard,Tier 4,Email (Merchant),UK,UK,11,0,11
FUNDS and FEES,Balance,Standard,Tier 4,Email (Merchant),Unknown,APAC,2,0,2
FUNDS and FEES,Balance,Standard,Tier 4,Email (Merchant),Unknown,Crypto,2,0,2
FUNDS and FEES,Balance,Standard,Tier 4,Email (Merchant),Unknown,NORAM,2,0,2
FUNDS and FEES,Balance,Standard,Tier 4,Email (Merchant),Unknown,UK,1,0,1
FUNDS and FEES,Balance,Standard,Tier 4,Email (Merchant),Unknown,WW,1,0,1
FUNDS and FEES,Balance,Standard,Tier 4,Email (Merchant),WW,EEA,1,0,1
FUNDS and FEES,Balance,Standard,Tier 4,Email (Merchant),WW,MENA,1,0,1
FUNDS and FEES,Balance,Standard,Tier 4,Email (Merchant),WW,Mauritius,2,0,2
FUNDS and FEES,Balance,Standard,Tier 4,Email (Merchant),WW,WW,1,0,1
FUNDS and FEES,Balance,Standard,Tier 4,Fin (Dashboard),Crypto,APAC,0,1,1
FUNDS and FEES,Balance,Standard,Tier 4,Fin (Dashboard),Crypto,Crypto,0,1,1
FUNDS and FEES,Balance,Standard,Tier 4,Fin (Dashboard),Issuing,UK,1,0,1
FUNDS and FEES,Balance,Standard,Tier 4,Fin (Dashboard),Mauritius,Mauritius,0,1,1
FUNDS and FEES,Balance,Standard,Tier 4,Fin (Dashboard),NORAM,Mauritius,0,2,2
FUNDS and FEES,Balance,Standard,Tier 4,Fin (Dashboard),NORAM,NORAM,4,1,5
FUNDS and FEES,Balance,Standard,Tier 4,Fin (Dashboard),NORAM,UK,0,1,1
FUNDS and FEES,Balance,Standard,Tier 4,Fin (Dashboard),UAE,MENA,0,3,3
FUNDS and FEES,Balance,Standard,Tier 4,Fin (Dashboard),UK,Mauritius,0,2,2
FUNDS and FEES,Balance,Standard,Tier 4,Fin (Dashboard),UK,UK,0,3,3
FUNDS and FEES,Balance,Standard,Tier 4,Fin (Dashboard),Unknown,APAC,1,1,2
FUNDS and FEES,Balance,Standard,Tier 4,Fin (Dashboard),Unknown,Mauritius,0,1,1
FUNDS and FEES,Balance,Standard,Tier 4,Fin (Dashboard),Unknown,UK,1,1,2
FUNDS and FEES,Balance,Standard,Tier 4,Fin (Dashboard),WW,MENA,0,1,1
FUNDS and FEES,Balance,Standard,Tier 4,Fin (Dashboard),WW,WW,0,1,1
FUNDS and FEES,Balance,Standard,Tier 4,Other,Central Europe,Mauritius,2,0,2
FUNDS and FEES,Balance,Standard,Tier 4,Other,Crypto,Crypto,2,0,2
FUNDS and FEES,Balance,Standard,Tier 4,Other,Mauritius,Mauritius,4,0,4
FUNDS and FEES,Balance,Standard,Tier 4,Other,NORAM,Mauritius,2,0,2
FUNDS and FEES,Balance,Standard,Tier 4,Other,NORAM,NORAM,2,0,2
FUNDS and FEES,Balance,Standard,Tier 4,Other,NORAM,UK,1,0,1
FUNDS and FEES,Balance,Standard,Tier 4,Other,Southern Europe,EEA,1,0,1
FUNDS and FEES,Balance,Standard,Tier 4,Other,UAE,MENA,3,0,3
FUNDS and FEES,Balance,Standard,Tier 4,Other,UK,Mauritius,1,0,1
FUNDS and FEES,Balance,Standard,Tier 4,Other,UK,UK,10,0,10
FUNDS and FEES,Balance,Standard,Tier 4,Other,Unknown,NORAM,1,0,1
FUNDS and FEES,Balance,Standard,Tier 4,Other,Unknown,UK,3,0,3
FUNDS and FEES,Balance,Standard,Tier 4,Other,WW,Mauritius,1,0,1
FUNDS and FEES,Balance,Standard,Tier 4,Other,WW,WW,4,0,4
FUNDS and FEES,Balance,Standard,Tier 4,Webform & API,Crypto,APAC,5,0,5
FUNDS and FEES,Balance,Standard,Tier 4,Webform & API,EU,EEA,3,0,3
FUNDS and FEES,Balance,Standard,Tier 4,Webform & API,EU,Mauritius,1,0,1
FUNDS and FEES,Balance,Standard,Tier 4,Webform & API,GCR,APAC,1,0,1
FUNDS and FEES,Balance,Standard,Tier 4,Webform & API,Mauritius,Mauritius,6,0,6
FUNDS and FEES,Balance,Standard,Tier 4,Webform & API,NORAM,Mauritius,4,0,4
FUNDS and FEES,Balance,Standard,Tier 4,Webform & API,NORAM,NORAM,10,0,10
FUNDS and FEES,Balance,Standard,Tier 4,Webform & API,NORAM,UK,3,0,3
FUNDS and FEES,Balance,Standard,Tier 4,Webform & API,UAE,MENA,5,0,5
FUNDS and FEES,Balance,Standard,Tier 4,Webform & API,UK,Mauritius,2,0,2
FUNDS and FEES,Balance,Standard,Tier 4,Webform & API,UK,UK,4,0,4
FUNDS and FEES,Balance,Standard,Tier 4,Webform & API,Unknown,APAC,1,0,1
FUNDS and FEES,Balance,Standard,Tier 4,Webform & API,Unknown,UK,3,0,3
FUNDS and FEES,Balance,Standard,Tier 4,Webform & API,WW,UK,1,0,1
FUNDS and FEES,Balance,Standard,Tier 4,Webform & API,WW,WW,1,0,1
FUNDS and FEES,Balance,Standard,Unknown,Email (Internal),Northern Europe,EEA,1,0,1
FUNDS and FEES,Balance,Standard,Unknown,Email (Merchant),Northern Europe,EEA,2,0,2
FUNDS and FEES,Balance,Unmapped,Unknown,Email (Internal),Unknown,Unknown,24,0,24
FUNDS and FEES,Balance,Unmapped,Unknown,Email (Merchant),Unknown,Unknown,49,0,49
FUNDS and FEES,Balance,Unmapped,Unknown,Fin (Dashboard),Unknown,Unknown,1,6,7
FUNDS and FEES,Balance,Unmapped,Unknown,Other,Unknown,Unknown,36,0,36
FUNDS and FEES,Balance,Unmapped,Unknown,Webform & API,Unknown,Unknown,13,0,13
FUNDS and FEES,Billing & Fees,Enterprise,Tier 1,Email (Internal),Crypto,Crypto,1,0,1
FUNDS and FEES,Billing & Fees,Enterprise,Tier 1,Email (Internal),GCR,APAC,3,0,3
FUNDS and FEES,Billing & Fees,Enterprise,Tier 1,Email (Internal),NORAM,Crypto,1,0,1
FUNDS and FEES,Billing & Fees,Enterprise,Tier 1,Email (Internal),NORAM,UK,2,0,2
FUNDS and FEES,Billing & Fees,Enterprise,Tier 1,Email (Internal),Northern Europe,EEA,2,0,2
FUNDS and FEES,Billing & Fees,Enterprise,Tier 1,Email (Internal),Southern Europe,EEA,5,0,5
FUNDS and FEES,Billing & Fees,Enterprise,Tier 1,Email (Internal),UAE,MENA,5,0,5
FUNDS and FEES,Billing & Fees,Enterprise,Tier 1,Email (Internal),UK,APAC,2,0,2
FUNDS and FEES,Billing & Fees,Enterprise,Tier 1,Email (Internal),UK,EEA,1,0,1
FUNDS and FEES,Billing & Fees,Enterprise,Tier 1,Email (Internal),Unknown,NORAM,1,0,1
FUNDS and FEES,Billing & Fees,Enterprise,Tier 1,Email (Internal),Unknown,UK,1,0,1
FUNDS and FEES,Billing & Fees,Enterprise,Tier 1,Email (Internal),WW,EEA,1,0,1
FUNDS and FEES,Billing & Fees,Enterprise,Tier 1,Email (Internal),WW,MENA,6,0,6
FUNDS and FEES,Billing & Fees,Enterprise,Tier 1,Email (Internal),WW,Mauritius,1,0,1
FUNDS and FEES,Billing & Fees,Enterprise,Tier 1,Email (Internal),WW,UK,1,0,1
FUNDS and FEES,Billing & Fees,Enterprise,Tier 1,Email (Merchant),Crypto,Crypto,6,0,6
FUNDS and FEES,Billing & Fees,Enterprise,Tier 1,Email (Merchant),Crypto,EEA,1,0,1
FUNDS and FEES,Billing & Fees,Enterprise,Tier 1,Email (Merchant),GCR,APAC,1,0,1
FUNDS and FEES,Billing & Fees,Enterprise,Tier 1,Email (Merchant),NORAM,Crypto,1,0,1
FUNDS and FEES,Billing & Fees,Enterprise,Tier 1,Email (Merchant),NORAM,UK,2,0,2
FUNDS and FEES,Billing & Fees,Enterprise,Tier 1,Email (Merchant),Singapore/ANZ,APAC,1,0,1
FUNDS and FEES,Billing & Fees,Enterprise,Tier 1,Email (Merchant),UAE,MENA,11,0,11
FUNDS and FEES,Billing & Fees,Enterprise,Tier 1,Email (Merchant),UK,UK,13,0,13
FUNDS and FEES,Billing & Fees,Enterprise,Tier 1,Email (Merchant),WW,EEA,2,0,2
FUNDS and FEES,Billing & Fees,Enterprise,Tier 1,Email (Merchant),WW,MENA,1,0,1
FUNDS and FEES,Billing & Fees,Enterprise,Tier 1,Email (Merchant),WW,Mauritius,1,0,1
FUNDS and FEES,Billing & Fees,Enterprise,Tier 1,Fin (Dashboard),Crypto,Crypto,0,2,2
FUNDS and FEES,Billing & Fees,Enterprise,Tier 1,Fin (Dashboard),UK,Crypto,0,1,1
FUNDS and FEES,Billing & Fees,Enterprise,Tier 1,Fin (Dashboard),Unknown,NORAM,1,0,1
FUNDS and FEES,Billing & Fees,Enterprise,Tier 1,Fin (Dashboard),WW,APAC,0,1,1
FUNDS and FEES,Billing & Fees,Enterprise,Tier 1,Other,Crypto,EEA,2,0,2
FUNDS and FEES,Billing & Fees,Enterprise,Tier 1,Other,UAE,MENA,7,0,7
FUNDS and FEES,Billing & Fees,Enterprise,Tier 1,Other,UK,UK,9,0,9
FUNDS and FEES,Billing & Fees,Enterprise,Tier 1,Other,WW,UK,1,0,1
FUNDS and FEES,Billing & Fees,Enterprise,Tier 1,Webform & API,Crypto,EEA,1,0,1
FUNDS and FEES,Billing & Fees,Enterprise,Tier 1,Webform & API,GCR,APAC,1,0,1
FUNDS and FEES,Billing & Fees,Enterprise,Tier 1,Webform & API,NORAM,UK,2,0,2
FUNDS and FEES,Billing & Fees,Enterprise,Tier 1,Webform & API,UAE,MENA,2,0,2
FUNDS and FEES,Billing & Fees,Enterprise,Tier 1,Webform & API,Unknown,UK,1,0,1
FUNDS and FEES,Billing & Fees,Enterprise,Tier 1,Webform & API,WW,APAC,1,0,1
FUNDS and FEES,Billing & Fees,Enterprise,Tier 2,Email (Internal),Crypto,Crypto,2,0,2
FUNDS and FEES,Billing & Fees,Enterprise,Tier 2,Email (Internal),GCR,APAC,1,0,1
FUNDS and FEES,Billing & Fees,Enterprise,Tier 2,Email (Internal),KSA,EEA,2,0,2
FUNDS and FEES,Billing & Fees,Enterprise,Tier 2,Email (Internal),NORAM,Crypto,1,0,1
FUNDS and FEES,Billing & Fees,Enterprise,Tier 2,Email (Internal),NORAM,UK,3,0,3
FUNDS and FEES,Billing & Fees,Enterprise,Tier 2,Email (Internal),Northern Europe,EEA,3,0,3
FUNDS and FEES,Billing & Fees,Enterprise,Tier 2,Email (Internal),Singapore/ANZ,APAC,3,0,3
FUNDS and FEES,Billing & Fees,Enterprise,Tier 2,Email (Internal),Southern Europe,EEA,1,0,1
FUNDS and FEES,Billing & Fees,Enterprise,Tier 2,Email (Internal),UAE,MENA,3,0,3
FUNDS and FEES,Billing & Fees,Enterprise,Tier 2,Email (Internal),UK,EEA,1,0,1
FUNDS and FEES,Billing & Fees,Enterprise,Tier 2,Email (Internal),UK,UK,2,0,2
FUNDS and FEES,Billing & Fees,Enterprise,Tier 2,Email (Internal),Unknown,NORAM,1,0,1
FUNDS and FEES,Billing & Fees,Enterprise,Tier 2,Email (Internal),Unknown,UK,1,0,1
FUNDS and FEES,Billing & Fees,Enterprise,Tier 2,Email (Internal),WW,EEA,1,0,1
FUNDS and FEES,Billing & Fees,Enterprise,Tier 2,Email (Merchant),Central Europe,EEA,3,0,3
FUNDS and FEES,Billing & Fees,Enterprise,Tier 2,Email (Merchant),Crypto,Crypto,5,0,5
FUNDS and FEES,Billing & Fees,Enterprise,Tier 2,Email (Merchant),GCR,APAC,13,0,13
FUNDS and FEES,Billing & Fees,Enterprise,Tier 2,Email (Merchant),NORAM,NORAM,1,0,1
FUNDS and FEES,Billing & Fees,Enterprise,Tier 2,Email (Merchant),NORAM,UK,2,0,2
FUNDS and FEES,Billing & Fees,Enterprise,Tier 2,Email (Merchant),NORAM,Unknown,2,0,2
FUNDS and FEES,Billing & Fees,Enterprise,Tier 2,Email (Merchant),Singapore/ANZ,APAC,1,0,1
FUNDS and FEES,Billing & Fees,Enterprise,Tier 2,Email (Merchant),Southern Europe,EEA,2,0,2
FUNDS and FEES,Billing & Fees,Enterprise,Tier 2,Email (Merchant),UAE,MENA,9,0,9
FUNDS and FEES,Billing & Fees,Enterprise,Tier 2,Email (Merchant),UK,UK,2,0,2
FUNDS and FEES,Billing & Fees,Enterprise,Tier 2,Email (Merchant),Unknown,NORAM,1,0,1
FUNDS and FEES,Billing & Fees,Enterprise,Tier 2,Email (Merchant),Unknown,UK,1,0,1
FUNDS and FEES,Billing & Fees,Enterprise,Tier 2,Email (Merchant),WW,EEA,1,0,1
FUNDS and FEES,Billing & Fees,Enterprise,Tier 2,Email (Merchant),WW,MENA,1,0,1
FUNDS and FEES,Billing & Fees,Enterprise,Tier 2,Email (Merchant),WW,Mauritius,1,0,1
FUNDS and FEES,Billing & Fees,Enterprise,Tier 2,Fin (Dashboard),Crypto,Crypto,0,1,1
FUNDS and FEES,Billing & Fees,Enterprise,Tier 2,Fin (Dashboard),GCR,APAC,0,4,4
FUNDS and FEES,Billing & Fees,Enterprise,Tier 2,Fin (Dashboard),KSA,MENA,0,1,1
FUNDS and FEES,Billing & Fees,Enterprise,Tier 2,Fin (Dashboard),NORAM,NORAM,0,1,1
FUNDS and FEES,Billing & Fees,Enterprise,Tier 2,Fin (Dashboard),UK,UK,0,2,2
FUNDS and FEES,Billing & Fees,Enterprise,Tier 2,Other,Crypto,Crypto,1,0,1
FUNDS and FEES,Billing & Fees,Enterprise,Tier 2,Other,UAE,MENA,1,0,1
FUNDS and FEES,Billing & Fees,Enterprise,Tier 2,Other,UK,UK,3,0,3
FUNDS and FEES,Billing & Fees,Enterprise,Tier 2,Webform & API,Central Europe,EEA,1,0,1
FUNDS and FEES,Billing & Fees,Enterprise,Tier 2,Webform & API,NORAM,Crypto,1,0,1
FUNDS and FEES,Billing & Fees,Enterprise,Tier 2,Webform & API,UAE,MENA,2,0,2
FUNDS and FEES,Billing & Fees,Enterprise,Tier 2,Webform & API,UK,UK,32,0,32
FUNDS and FEES,Billing & Fees,Enterprise,Tier 2,Webform & API,Unknown,NORAM,1,0,1
FUNDS and FEES,Billing & Fees,Enterprise,Tier 2,Webform & API,WW,EEA,1,0,1
FUNDS and FEES,Billing & Fees,Enterprise,Tier 2,Webform & API,WW,MENA,1,0,1
FUNDS and FEES,Billing & Fees,Enterprise,Tier 3,Email (Internal),Central Europe,EEA,1,0,1
FUNDS and FEES,Billing & Fees,Enterprise,Tier 3,Email (Internal),UAE,MENA,1,0,1
FUNDS and FEES,Billing & Fees,Enterprise,Tier 3,Email (Merchant),Central Europe,EEA,1,0,1
FUNDS and FEES,Billing & Fees,Enterprise,Tier 3,Email (Merchant),Northern Europe,EEA,1,0,1
FUNDS and FEES,Billing & Fees,Enterprise,Tier 3,Email (Merchant),UAE,MENA,11,0,11
FUNDS and FEES,Billing & Fees,Enterprise,Tier 3,Email (Merchant),WW,Israel,1,0,1
FUNDS and FEES,Billing & Fees,Enterprise,Tier 3,Fin (Dashboard),UAE,MENA,0,1,1
FUNDS and FEES,Billing & Fees,Enterprise,Tier 3,Other,UAE,MENA,2,0,2
FUNDS and FEES,Billing & Fees,Enterprise,Tier 4,Email (Merchant),UAE,MENA,1,0,1
FUNDS and FEES,Billing & Fees,Enterprise,Unknown,Email (Internal),Northern Europe,EEA,2,0,2
FUNDS and FEES,Billing & Fees,Enterprise,Unknown,Email (Merchant),NORAM,UK,1,0,1
FUNDS and FEES,Billing & Fees,Enterprise,Unknown,Email (Merchant),UAE,MENA,1,0,1
FUNDS and FEES,Billing & Fees,Enterprise,Unknown,Webform & API,NORAM,UK,1,0,1
FUNDS and FEES,Billing & Fees,Premium,Tier 1,Email (Internal),Crypto,Crypto,1,0,1
FUNDS and FEES,Billing & Fees,Premium,Tier 1,Email (Internal),GCR,APAC,7,0,7
FUNDS and FEES,Billing & Fees,Premium,Tier 1,Email (Internal),NORAM,Israel,1,0,1
FUNDS and FEES,Billing & Fees,Premium,Tier 1,Email (Internal),NORAM,UK,1,0,1
FUNDS and FEES,Billing & Fees,Premium,Tier 1,Email (Internal),Singapore/ANZ,APAC,1,0,1
FUNDS and FEES,Billing & Fees,Premium,Tier 1,Email (Internal),Singapore/ANZ,NORAM,1,0,1
FUNDS and FEES,Billing & Fees,Premium,Tier 1,Email (Internal),Southern Europe,EEA,1,0,1
FUNDS and FEES,Billing & Fees,Premium,Tier 1,Email (Internal),UAE,MENA,5,0,5
FUNDS and FEES,Billing & Fees,Premium,Tier 1,Email (Internal),UK,UK,2,0,2
FUNDS and FEES,Billing & Fees,Premium,Tier 1,Email (Internal),Unknown,Crypto,2,0,2
FUNDS and FEES,Billing & Fees,Premium,Tier 1,Email (Internal),Unknown,UK,4,0,4
FUNDS and FEES,Billing & Fees,Premium,Tier 1,Email (Internal),WW,APAC,1,0,1
FUNDS and FEES,Billing & Fees,Premium,Tier 1,Email (Internal),WW,EEA,3,0,3
FUNDS and FEES,Billing & Fees,Premium,Tier 1,Email (Internal),WW,MENA,1,0,1
FUNDS and FEES,Billing & Fees,Premium,Tier 1,Email (Internal),WW,UK,3,0,3
FUNDS and FEES,Billing & Fees,Premium,Tier 1,Email (Internal),WW,WW,2,0,2
FUNDS and FEES,Billing & Fees,Premium,Tier 1,Email (Merchant),Crypto,Crypto,3,0,3
FUNDS and FEES,Billing & Fees,Premium,Tier 1,Email (Merchant),GCR,APAC,15,0,15
FUNDS and FEES,Billing & Fees,Premium,Tier 1,Email (Merchant),NORAM,UK,2,0,2
FUNDS and FEES,Billing & Fees,Premium,Tier 1,Email (Merchant),Singapore/ANZ,APAC,4,0,4
FUNDS and FEES,Billing & Fees,Premium,Tier 1,Email (Merchant),Singapore/ANZ,NORAM,2,0,2
FUNDS and FEES,Billing & Fees,Premium,Tier 1,Email (Merchant),UAE,MENA,4,0,4
FUNDS and FEES,Billing & Fees,Premium,Tier 1,Email (Merchant),UK,EEA,4,0,4
FUNDS and FEES,Billing & Fees,Premium,Tier 1,Email (Merchant),UK,UK,5,0,5
FUNDS and FEES,Billing & Fees,Premium,Tier 1,Email (Merchant),Unknown,Crypto,1,0,1
FUNDS and FEES,Billing & Fees,Premium,Tier 1,Email (Merchant),WW,APAC,31,0,31
FUNDS and FEES,Billing & Fees,Premium,Tier 1,Email (Merchant),WW,MENA,1,0,1
FUNDS and FEES,Billing & Fees,Premium,Tier 1,Email (Merchant),WW,UK,5,0,5
FUNDS and FEES,Billing & Fees,Premium,Tier 1,Fin (Dashboard),Crypto,Crypto,0,1,1
FUNDS and FEES,Billing & Fees,Premium,Tier 1,Other,GCR,APAC,1,0,1
FUNDS and FEES,Billing & Fees,Premium,Tier 1,Other,NORAM,Israel,1,0,1
FUNDS and FEES,Billing & Fees,Premium,Tier 1,Other,NORAM,UK,1,0,1
FUNDS and FEES,Billing & Fees,Premium,Tier 1,Other,WW,APAC,2,0,2
FUNDS and FEES,Billing & Fees,Premium,Tier 1,Webform & API,GCR,APAC,1,0,1
FUNDS and FEES,Billing & Fees,Premium,Tier 1,Webform & API,Singapore/ANZ,APAC,2,0,2
FUNDS and FEES,Billing & Fees,Premium,Tier 1,Webform & API,UAE,MENA,1,0,1
FUNDS and FEES,Billing & Fees,Premium,Tier 1,Webform & API,UK,EEA,2,0,2
FUNDS and FEES,Billing & Fees,Premium,Tier 1,Webform & API,Unknown,NORAM,1,0,1
FUNDS and FEES,Billing & Fees,Standard,Tier 2,Email (Internal),WW,WW,2,0,2
FUNDS and FEES,Billing & Fees,Standard,Tier 2,Email (Merchant),Crypto,Crypto,1,0,1
FUNDS and FEES,Billing & Fees,Standard,Tier 2,Email (Merchant),GCR,APAC,1,0,1
FUNDS and FEES,Billing & Fees,Standard,Tier 2,Email (Merchant),UK,UK,1,0,1
FUNDS and FEES,Billing & Fees,Standard,Tier 2,Fin (Dashboard),Crypto,Crypto,0,1,1
FUNDS and FEES,Billing & Fees,Standard,Tier 3,Email (Internal),Central Europe,EEA,3,0,3
FUNDS and FEES,Billing & Fees,Standard,Tier 3,Email (Internal),Crypto,Crypto,4,0,4
FUNDS and FEES,Billing & Fees,Standard,Tier 3,Email (Internal),EU,EEA,2,0,2
FUNDS and FEES,Billing & Fees,Standard,Tier 3,Email (Internal),GCR,APAC,2,0,2
FUNDS and FEES,Billing & Fees,Standard,Tier 3,Email (Internal),NORAM,Crypto,1,0,1
FUNDS and FEES,Billing & Fees,Standard,Tier 3,Email (Internal),NORAM,Israel,1,0,1
FUNDS and FEES,Billing & Fees,Standard,Tier 3,Email (Internal),NORAM,NORAM,3,0,3
FUNDS and FEES,Billing & Fees,Standard,Tier 3,Email (Internal),Northern Europe,EEA,1,0,1
FUNDS and FEES,Billing & Fees,Standard,Tier 3,Email (Internal),Singapore/ANZ,APAC,3,0,3
FUNDS and FEES,Billing & Fees,Standard,Tier 3,Email (Internal),Singapore/ANZ,Unknown,1,0,1
FUNDS and FEES,Billing & Fees,Standard,Tier 3,Email (Internal),Southern Europe,Crypto,2,0,2
FUNDS and FEES,Billing & Fees,Standard,Tier 3,Email (Internal),Southern Europe,EEA,3,0,3
FUNDS and FEES,Billing & Fees,Standard,Tier 3,Email (Internal),Southern Europe,Mauritius,2,0,2
FUNDS and FEES,Billing & Fees,Standard,Tier 3,Email (Internal),UAE,APAC,1,0,1
FUNDS and FEES,Billing & Fees,Standard,Tier 3,Email (Internal),UAE,MENA,9,0,9
FUNDS and FEES,Billing & Fees,Standard,Tier 3,Email (Internal),UAE,Mauritius,2,0,2
FUNDS and FEES,Billing & Fees,Standard,Tier 3,Email (Internal),UK,Crypto,1,0,1
FUNDS and FEES,Billing & Fees,Standard,Tier 3,Email (Internal),UK,UK,2,0,2
FUNDS and FEES,Billing & Fees,Standard,Tier 3,Email (Internal),Unknown,UK,1,0,1
FUNDS and FEES,Billing & Fees,Standard,Tier 3,Email (Internal),WW,APAC,2,0,2
FUNDS and FEES,Billing & Fees,Standard,Tier 3,Email (Merchant),Central Europe,EEA,2,0,2
FUNDS and FEES,Billing & Fees,Standard,Tier 3,Email (Merchant),Crypto,Crypto,4,0,4
FUNDS and FEES,Billing & Fees,Standard,Tier 3,Email (Merchant),GCR,APAC,2,0,2
FUNDS and FEES,Billing & Fees,Standard,Tier 3,Email (Merchant),NORAM,Crypto,1,0,1
FUNDS and FEES,Billing & Fees,Standard,Tier 3,Email (Merchant),NORAM,UK,1,0,1
FUNDS and FEES,Billing & Fees,Standard,Tier 3,Email (Merchant),Northern Europe,EEA,2,0,2
FUNDS and FEES,Billing & Fees,Standard,Tier 3,Email (Merchant),Singapore/ANZ,APAC,2,0,2
FUNDS and FEES,Billing & Fees,Standard,Tier 3,Email (Merchant),UAE,MENA,20,0,20
FUNDS and FEES,Billing & Fees,Standard,Tier 3,Email (Merchant),UK,UK,6,0,6
FUNDS and FEES,Billing & Fees,Standard,Tier 3,Email (Merchant),Unknown,APAC,2,0,2
FUNDS and FEES,Billing & Fees,Standard,Tier 3,Email (Merchant),Unknown,Crypto,1,0,1
FUNDS and FEES,Billing & Fees,Standard,Tier 3,Email (Merchant),Unknown,EEA,2,0,2
FUNDS and FEES,Billing & Fees,Standard,Tier 3,Email (Merchant),Unknown,UK,1,0,1
FUNDS and FEES,Billing & Fees,Standard,Tier 3,Email (Merchant),WW,MENA,4,0,4
FUNDS and FEES,Billing & Fees,Standard,Tier 3,Fin (Dashboard),Central Europe,EEA,0,1,1
FUNDS and FEES,Billing & Fees,Standard,Tier 3,Fin (Dashboard),Crypto,Crypto,0,1,1
FUNDS and FEES,Billing & Fees,Standard,Tier 3,Fin (Dashboard),NORAM,EEA,0,1,1
FUNDS and FEES,Billing & Fees,Standard,Tier 3,Fin (Dashboard),NORAM,NORAM,1,0,1
FUNDS and FEES,Billing & Fees,Standard,Tier 3,Fin (Dashboard),Singapore/ANZ,APAC,0,1,1
FUNDS and FEES,Billing & Fees,Standard,Tier 3,Fin (Dashboard),Southern Europe,EEA,1,3,4
FUNDS and FEES,Billing & Fees,Standard,Tier 3,Fin (Dashboard),UAE,MENA,0,4,4
FUNDS and FEES,Billing & Fees,Standard,Tier 3,Fin (Dashboard),UAE,Mauritius,0,1,1
FUNDS and FEES,Billing & Fees,Standard,Tier 3,Fin (Dashboard),UAE,Unknown,0,1,1
FUNDS and FEES,Billing & Fees,Standard,Tier 3,Fin (Dashboard),UK,UK,0,2,2
FUNDS and FEES,Billing & Fees,Standard,Tier 3,Fin (Dashboard),Unknown,NORAM,0,1,1
FUNDS and FEES,Billing & Fees,Standard,Tier 3,Fin (Dashboard),Unknown,UK,0,1,1
FUNDS and FEES,Billing & Fees,Standard,Tier 3,Other,Central Europe,EEA,10,0,10
FUNDS and FEES,Billing & Fees,Standard,Tier 3,Other,Crypto,Crypto,2,0,2
FUNDS and FEES,Billing & Fees,Standard,Tier 3,Other,GCR,APAC,3,0,3
FUNDS and FEES,Billing & Fees,Standard,Tier 3,Other,NORAM,NORAM,1,0,1
FUNDS and FEES,Billing & Fees,Standard,Tier 3,Other,NORAM,UK,1,0,1
FUNDS and FEES,Billing & Fees,Standard,Tier 3,Other,UAE,APAC,1,0,1
FUNDS and FEES,Billing & Fees,Standard,Tier 3,Other,UAE,MENA,1,0,1
FUNDS and FEES,Billing & Fees,Standard,Tier 3,Other,UAE,Mauritius,1,0,1
FUNDS and FEES,Billing & Fees,Standard,Tier 3,Other,UK,UK,1,0,1
FUNDS and FEES,Billing & Fees,Standard,Tier 3,Webform & API,Central Europe,EEA,2,0,2
FUNDS and FEES,Billing & Fees,Standard,Tier 3,Webform & API,GCR,APAC,1,0,1
FUNDS and FEES,Billing & Fees,Standard,Tier 3,Webform & API,NORAM,Crypto,1,0,1
FUNDS and FEES,Billing & Fees,Standard,Tier 3,Webform & API,NORAM,NORAM,6,0,6
FUNDS and FEES,Billing & Fees,Standard,Tier 3,Webform & API,Northern Europe,EEA,4,0,4
FUNDS and FEES,Billing & Fees,Standard,Tier 3,Webform & API,Singapore/ANZ,APAC,1,0,1
FUNDS and FEES,Billing & Fees,Standard,Tier 3,Webform & API,Southern Europe,Crypto,1,0,1
FUNDS and FEES,Billing & Fees,Standard,Tier 3,Webform & API,Southern Europe,EEA,1,0,1
FUNDS and FEES,Billing & Fees,Standard,Tier 3,Webform & API,UAE,APAC,1,0,1
FUNDS and FEES,Billing & Fees,Standard,Tier 3,Webform & API,UAE,MENA,7,0,7
FUNDS and FEES,Billing & Fees,Standard,Tier 3,Webform & API,UAE,Mauritius,1,0,1
FUNDS and FEES,Billing & Fees,Standard,Tier 3,Webform & API,UAE,Unknown,1,0,1
FUNDS and FEES,Billing & Fees,Standard,Tier 3,Webform & API,UK,UK,8,0,8
FUNDS and FEES,Billing & Fees,Standard,Tier 3,Webform & API,Unknown,APAC,1,0,1
FUNDS and FEES,Billing & Fees,Standard,Tier 3,Webform & API,Unknown,Crypto,2,0,2
FUNDS and FEES,Billing & Fees,Standard,Tier 3,Webform & API,Unknown,MENA,2,0,2
FUNDS and FEES,Billing & Fees,Standard,Tier 4,Email (Internal),Crypto,Crypto,3,0,3
FUNDS and FEES,Billing & Fees,Standard,Tier 4,Email (Internal),GCR,APAC,2,0,2
FUNDS and FEES,Billing & Fees,Standard,Tier 4,Email (Internal),Mauritius,Mauritius,1,0,1
FUNDS and FEES,Billing & Fees,Standard,Tier 4,Email (Internal),NORAM,NORAM,3,0,3
FUNDS and FEES,Billing & Fees,Standard,Tier 4,Email (Internal),NORAM,UK,3,0,3
FUNDS and FEES,Billing & Fees,Standard,Tier 4,Email (Internal),Southern Europe,EEA,1,0,1
FUNDS and FEES,Billing & Fees,Standard,Tier 4,Email (Internal),UAE,MENA,9,0,9
FUNDS and FEES,Billing & Fees,Standard,Tier 4,Email (Internal),UAE,Mauritius,1,0,1
FUNDS and FEES,Billing & Fees,Standard,Tier 4,Email (Internal),UK,Mauritius,2,0,2
FUNDS and FEES,Billing & Fees,Standard,Tier 4,Email (Internal),UK,UK,5,0,5
FUNDS and FEES,Billing & Fees,Standard,Tier 4,Email (Internal),Unknown,Crypto,1,0,1
FUNDS and FEES,Billing & Fees,Standard,Tier 4,Email (Internal),Unknown,MENA,2,0,2
FUNDS and FEES,Billing & Fees,Standard,Tier 4,Email (Internal),WW,WW,2,0,2
FUNDS and FEES,Billing & Fees,Standard,Tier 4,Email (Merchant),Central Europe,EEA,1,0,1
FUNDS and FEES,Billing & Fees,Standard,Tier 4,Email (Merchant),Central Europe,Mauritius,2,0,2
FUNDS and FEES,Billing & Fees,Standard,Tier 4,Email (Merchant),Crypto,APAC,1,0,1
FUNDS and FEES,Billing & Fees,Standard,Tier 4,Email (Merchant),EU,Mauritius,1,0,1
FUNDS and FEES,Billing & Fees,Standard,Tier 4,Email (Merchant),GCR,APAC,4,0,4
FUNDS and FEES,Billing & Fees,Standard,Tier 4,Email (Merchant),Mauritius,Mauritius,1,0,1
FUNDS and FEES,Billing & Fees,Standard,Tier 4,Email (Merchant),NORAM,Mauritius,1,0,1
FUNDS and FEES,Billing & Fees,Standard,Tier 4,Email (Merchant),NORAM,NORAM,5,0,5
FUNDS and FEES,Billing & Fees,Standard,Tier 4,Email (Merchant),Northern Europe,Mauritius,1,0,1
FUNDS and FEES,Billing & Fees,Standard,Tier 4,Email (Merchant),Singapore/ANZ,APAC,1,0,1
FUNDS and FEES,Billing & Fees,Standard,Tier 4,Email (Merchant),Singapore/ANZ,NORAM,1,0,1
FUNDS and FEES,Billing & Fees,Standard,Tier 4,Email (Merchant),Southern Europe,EEA,2,0,2
FUNDS and FEES,Billing & Fees,Standard,Tier 4,Email (Merchant),UAE,MENA,29,0,29
FUNDS and FEES,Billing & Fees,Standard,Tier 4,Email (Merchant),UAE,Mauritius,3,0,3
FUNDS and FEES,Billing & Fees,Standard,Tier 4,Email (Merchant),UK,Crypto,2,0,2
FUNDS and FEES,Billing & Fees,Standard,Tier 4,Email (Merchant),UK,Mauritius,3,0,3
FUNDS and FEES,Billing & Fees,Standard,Tier 4,Email (Merchant),UK,UK,11,0,11
FUNDS and FEES,Billing & Fees,Standard,Tier 4,Email (Merchant),Unknown,APAC,3,0,3
FUNDS and FEES,Billing & Fees,Standard,Tier 4,Email (Merchant),Unknown,Crypto,4,0,4
FUNDS and FEES,Billing & Fees,Standard,Tier 4,Email (Merchant),Unknown,EEA,3,0,3
FUNDS and FEES,Billing & Fees,Standard,Tier 4,Email (Merchant),Unknown,MENA,1,0,1
FUNDS and FEES,Billing & Fees,Standard,Tier 4,Email (Merchant),Unknown,Mauritius,2,0,2
FUNDS and FEES,Billing & Fees,Standard,Tier 4,Email (Merchant),Unknown,NORAM,1,0,1
FUNDS and FEES,Billing & Fees,Standard,Tier 4,Email (Merchant),Unknown,UK,2,0,2
FUNDS and FEES,Billing & Fees,Standard,Tier 4,Email (Merchant),Unknown,Unknown,1,0,1
FUNDS and FEES,Billing & Fees,Standard,Tier 4,Email (Merchant),WW,MENA,1,0,1
FUNDS and FEES,Billing & Fees,Standard,Tier 4,Email (Merchant),WW,WW,9,0,9
FUNDS and FEES,Billing & Fees,Standard,Tier 4,Fin (Dashboard),Crypto,APAC,1,0,1
FUNDS and FEES,Billing & Fees,Standard,Tier 4,Fin (Dashboard),Crypto,Crypto,0,1,1
FUNDS and FEES,Billing & Fees,Standard,Tier 4,Fin (Dashboard),GCR,APAC,0,3,3
FUNDS and FEES,Billing & Fees,Standard,Tier 4,Fin (Dashboard),Mauritius,Mauritius,1,1,2
FUNDS and FEES,Billing & Fees,Standard,Tier 4,Fin (Dashboard),NORAM,NORAM,0,3,3
FUNDS and FEES,Billing & Fees,Standard,Tier 4,Fin (Dashboard),NORAM,UK,0,4,4
FUNDS and FEES,Billing & Fees,Standard,Tier 4,Fin (Dashboard),Southern Europe,EEA,0,2,2
FUNDS and FEES,Billing & Fees,Standard,Tier 4,Fin (Dashboard),UAE,MENA,1,4,5
FUNDS and FEES,Billing & Fees,Standard,Tier 4,Fin (Dashboard),UK,APAC,0,1,1
FUNDS and FEES,Billing & Fees,Standard,Tier 4,Fin (Dashboard),UK,UK,1,2,3
FUNDS and FEES,Billing & Fees,Standard,Tier 4,Fin (Dashboard),Unknown,APAC,0,2,2
FUNDS and FEES,Billing & Fees,Standard,Tier 4,Fin (Dashboard),Unknown,EEA,0,3,3
FUNDS and FEES,Billing & Fees,Standard,Tier 4,Fin (Dashboard),Unknown,UK,0,1,1
FUNDS and FEES,Billing & Fees,Standard,Tier 4,Fin (Dashboard),Unknown,WW,0,1,1
FUNDS and FEES,Billing & Fees,Standard,Tier 4,Other,Central Europe,EEA,1,0,1
FUNDS and FEES,Billing & Fees,Standard,Tier 4,Other,GCR,APAC,1,0,1
FUNDS and FEES,Billing & Fees,Standard,Tier 4,Other,Issuing,UK,1,0,1
FUNDS and FEES,Billing & Fees,Standard,Tier 4,Other,KSA,MENA,1,0,1
FUNDS and FEES,Billing & Fees,Standard,Tier 4,Other,Mauritius,Mauritius,4,0,4
FUNDS and FEES,Billing & Fees,Standard,Tier 4,Other,NORAM,UK,2,0,2
FUNDS and FEES,Billing & Fees,Standard,Tier 4,Other,Northern Europe,EEA,2,0,2
FUNDS and FEES,Billing & Fees,Standard,Tier 4,Other,Southern Europe,EEA,1,0,1
FUNDS and FEES,Billing & Fees,Standard,Tier 4,Other,UAE,MENA,11,0,11
FUNDS and FEES,Billing & Fees,Standard,Tier 4,Other,UAE,Mauritius,1,0,1
FUNDS and FEES,Billing & Fees,Standard,Tier 4,Other,UK,Mauritius,1,0,1
FUNDS and FEES,Billing & Fees,Standard,Tier 4,Other,UK,UK,4,0,4
FUNDS and FEES,Billing & Fees,Standard,Tier 4,Other,Unknown,Crypto,2,0,2
FUNDS and FEES,Billing & Fees,Standard,Tier 4,Other,Unknown,MENA,3,0,3
FUNDS and FEES,Billing & Fees,Standard,Tier 4,Other,Unknown,NORAM,1,0,1
FUNDS and FEES,Billing & Fees,Standard,Tier 4,Other,WW,EEA,1,0,1
FUNDS and FEES,Billing & Fees,Standard,Tier 4,Other,WW,WW,1,0,1
FUNDS and FEES,Billing & Fees,Standard,Tier 4,Webform & API,GCR,APAC,1,0,1
FUNDS and FEES,Billing & Fees,Standard,Tier 4,Webform & API,Issuing,UK,3,0,3
FUNDS and FEES,Billing & Fees,Standard,Tier 4,Webform & API,KSA,MENA,1,0,1
FUNDS and FEES,Billing & Fees,Standard,Tier 4,Webform & API,NORAM,NORAM,4,0,4
FUNDS and FEES,Billing & Fees,Standard,Tier 4,Webform & API,NORAM,UK,1,0,1
FUNDS and FEES,Billing & Fees,Standard,Tier 4,Webform & API,Singapore/ANZ,APAC,1,0,1
FUNDS and FEES,Billing & Fees,Standard,Tier 4,Webform & API,Southern Europe,EEA,1,0,1
FUNDS and FEES,Billing & Fees,Standard,Tier 4,Webform & API,UAE,MENA,11,0,11
FUNDS and FEES,Billing & Fees,Standard,Tier 4,Webform & API,UK,Crypto,1,0,1
FUNDS and FEES,Billing & Fees,Standard,Tier 4,Webform & API,UK,Mauritius,1,0,1
FUNDS and FEES,Billing & Fees,Standard,Tier 4,Webform & API,UK,UK,7,0,7
FUNDS and FEES,Billing & Fees,Standard,Tier 4,Webform & API,Unknown,APAC,4,0,4
FUNDS and FEES,Billing & Fees,Standard,Tier 4,Webform & API,Unknown,Crypto,1,0,1
FUNDS and FEES,Billing & Fees,Standard,Tier 4,Webform & API,Unknown,EEA,5,0,5
FUNDS and FEES,Billing & Fees,Standard,Tier 4,Webform & API,Unknown,MENA,4,0,4
FUNDS and FEES,Billing & Fees,Standard,Tier 4,Webform & API,Unknown,Mauritius,1,0,1
FUNDS and FEES,Billing & Fees,Standard,Tier 4,Webform & API,Unknown,NORAM,1,0,1
FUNDS and FEES,Billing & Fees,Standard,Tier 4,Webform & API,Unknown,WW,1,0,1
FUNDS and FEES,Billing & Fees,Standard,Tier 4,Webform & API,WW,MENA,2,0,2
FUNDS and FEES,Billing & Fees,Standard,Tier 4,Webform & API,WW,WW,2,0,2
FUNDS and FEES,Billing & Fees,Standard,Unknown,Email (Internal),Northern Europe,EEA,1,0,1
FUNDS and FEES,Billing & Fees,Standard,Unknown,Email (Merchant),Northern Europe,EEA,1,0,1
FUNDS and FEES,Billing & Fees,Standard,Unknown,Other,Mauritius,Mauritius,1,0,1
FUNDS and FEES,Billing & Fees,Unmapped,Unknown,Email (Internal),Unknown,Unknown,17,0,17
FUNDS and FEES,Billing & Fees,Unmapped,Unknown,Email (Merchant),Unknown,Unknown,38,0,38
FUNDS and FEES,Billing & Fees,Unmapped,Unknown,Fin (Dashboard),Unknown,Unknown,0,6,6
FUNDS and FEES,Billing & Fees,Unmapped,Unknown,Other,Unknown,Unknown,12,0,12
FUNDS and FEES,Billing & Fees,Unmapped,Unknown,Webform & API,Unknown,Unknown,5,0,5
FUNDS and FEES,Settlements,Enterprise,Tier 1,Email (Internal),Crypto,Crypto,7,0,7
FUNDS and FEES,Settlements,Enterprise,Tier 1,Email (Internal),NORAM,UK,2,0,2
FUNDS and FEES,Settlements,Enterprise,Tier 1,Email (Internal),UAE,MENA,1,0,1
FUNDS and FEES,Settlements,Enterprise,Tier 1,Email (Internal),UK,APAC,1,0,1
FUNDS and FEES,Settlements,Enterprise,Tier 1,Email (Internal),UK,EEA,4,0,4
FUNDS and FEES,Settlements,Enterprise,Tier 1,Email (Internal),UK,UK,2,0,2
FUNDS and FEES,Settlements,Enterprise,Tier 1,Email (Internal),Unknown,NORAM,1,0,1
FUNDS and FEES,Settlements,Enterprise,Tier 1,Email (Internal),Unknown,UK,2,0,2
FUNDS and FEES,Settlements,Enterprise,Tier 1,Email (Internal),WW,Mauritius,2,0,2
FUNDS and FEES,Settlements,Enterprise,Tier 1,Email (Internal),WW,UK,1,0,1
FUNDS and FEES,Settlements,Enterprise,Tier 1,Email (Merchant),Crypto,Crypto,12,0,12
FUNDS and FEES,Settlements,Enterprise,Tier 1,Email (Merchant),GCR,APAC,2,0,2
FUNDS and FEES,Settlements,Enterprise,Tier 1,Email (Merchant),UAE,MENA,8,0,8
FUNDS and FEES,Settlements,Enterprise,Tier 1,Email (Merchant),UK,Crypto,1,0,1
FUNDS and FEES,Settlements,Enterprise,Tier 1,Email (Merchant),UK,UK,13,0,13
FUNDS and FEES,Settlements,Enterprise,Tier 1,Email (Merchant),Unknown,Crypto,2,0,2
FUNDS and FEES,Settlements,Enterprise,Tier 1,Email (Merchant),Unknown,NORAM,1,0,1
FUNDS and FEES,Settlements,Enterprise,Tier 1,Email (Merchant),Unknown,UK,3,0,3
FUNDS and FEES,Settlements,Enterprise,Tier 1,Email (Merchant),WW,MENA,1,0,1
FUNDS and FEES,Settlements,Enterprise,Tier 1,Email (Merchant),WW,Mauritius,2,0,2
FUNDS and FEES,Settlements,Enterprise,Tier 1,Email (Merchant),WW,UK,1,0,1
FUNDS and FEES,Settlements,Enterprise,Tier 1,Fin (Dashboard),Crypto,Crypto,1,0,1
FUNDS and FEES,Settlements,Enterprise,Tier 1,Fin (Dashboard),NORAM,Crypto,1,0,1
FUNDS and FEES,Settlements,Enterprise,Tier 1,Fin (Dashboard),NORAM,UK,0,1,1
FUNDS and FEES,Settlements,Enterprise,Tier 1,Fin (Dashboard),UAE,MENA,0,2,2
FUNDS and FEES,Settlements,Enterprise,Tier 1,Fin (Dashboard),UK,UK,1,0,1
FUNDS and FEES,Settlements,Enterprise,Tier 1,Fin (Dashboard),Unknown,NORAM,1,0,1
FUNDS and FEES,Settlements,Enterprise,Tier 1,Other,Crypto,Crypto,1,0,1
FUNDS and FEES,Settlements,Enterprise,Tier 1,Other,Crypto,EEA,1,0,1
FUNDS and FEES,Settlements,Enterprise,Tier 1,Other,GCR,APAC,5,0,5
FUNDS and FEES,Settlements,Enterprise,Tier 1,Other,Southern Europe,EEA,1,0,1
FUNDS and FEES,Settlements,Enterprise,Tier 1,Other,UK,UK,4,0,4
FUNDS and FEES,Settlements,Enterprise,Tier 1,Other,Unknown,Crypto,4,0,4
FUNDS and FEES,Settlements,Enterprise,Tier 1,Other,Unknown,NORAM,1,0,1
FUNDS and FEES,Settlements,Enterprise,Tier 1,Other,Unknown,UK,1,0,1
FUNDS and FEES,Settlements,Enterprise,Tier 1,Webform & API,Crypto,Crypto,1,0,1
FUNDS and FEES,Settlements,Enterprise,Tier 1,Webform & API,GCR,APAC,1,0,1
FUNDS and FEES,Settlements,Enterprise,Tier 1,Webform & API,Mauritius,UK,1,0,1
FUNDS and FEES,Settlements,Enterprise,Tier 1,Webform & API,NORAM,Crypto,1,0,1
FUNDS and FEES,Settlements,Enterprise,Tier 1,Webform & API,NORAM,NORAM,1,0,1
FUNDS and FEES,Settlements,Enterprise,Tier 1,Webform & API,UK,UK,2,0,2
FUNDS and FEES,Settlements,Enterprise,Tier 1,Webform & API,Unknown,Crypto,1,0,1
FUNDS and FEES,Settlements,Enterprise,Tier 2,Email (Internal),Central Europe,EEA,15,0,15
FUNDS and FEES,Settlements,Enterprise,Tier 2,Email (Internal),Crypto,APAC,1,0,1
FUNDS and FEES,Settlements,Enterprise,Tier 2,Email (Internal),Crypto,Crypto,3,0,3
FUNDS and FEES,Settlements,Enterprise,Tier 2,Email (Internal),EU,EEA,1,0,1
FUNDS and FEES,Settlements,Enterprise,Tier 2,Email (Internal),GCR,APAC,3,0,3
FUNDS and FEES,Settlements,Enterprise,Tier 2,Email (Internal),KSA,EEA,1,0,1
FUNDS and FEES,Settlements,Enterprise,Tier 2,Email (Internal),NORAM,EEA,3,0,3
FUNDS and FEES,Settlements,Enterprise,Tier 2,Email (Internal),NORAM,UK,5,0,5
FUNDS and FEES,Settlements,Enterprise,Tier 2,Email (Internal),Northern Europe,EEA,3,0,3
FUNDS and FEES,Settlements,Enterprise,Tier 2,Email (Internal),UAE,MENA,7,0,7
FUNDS and FEES,Settlements,Enterprise,Tier 2,Email (Internal),UK,EEA,1,0,1
FUNDS and FEES,Settlements,Enterprise,Tier 2,Email (Internal),UK,UK,4,0,4
FUNDS and FEES,Settlements,Enterprise,Tier 2,Email (Internal),Unknown,UK,1,0,1
FUNDS and FEES,Settlements,Enterprise,Tier 2,Email (Merchant),Central Europe,EEA,9,0,9
FUNDS and FEES,Settlements,Enterprise,Tier 2,Email (Merchant),Crypto,Crypto,5,0,5
FUNDS and FEES,Settlements,Enterprise,Tier 2,Email (Merchant),GCR,APAC,3,0,3
FUNDS and FEES,Settlements,Enterprise,Tier 2,Email (Merchant),KSA,EEA,1,0,1
FUNDS and FEES,Settlements,Enterprise,Tier 2,Email (Merchant),NORAM,NORAM,3,0,3
FUNDS and FEES,Settlements,Enterprise,Tier 2,Email (Merchant),NORAM,UK,3,0,3
FUNDS and FEES,Settlements,Enterprise,Tier 2,Email (Merchant),Singapore/ANZ,APAC,6,0,6
FUNDS and FEES,Settlements,Enterprise,Tier 2,Email (Merchant),UAE,MENA,11,0,11
FUNDS and FEES,Settlements,Enterprise,Tier 2,Email (Merchant),UK,UK,10,0,10
FUNDS and FEES,Settlements,Enterprise,Tier 2,Email (Merchant),Unknown,MENA,1,0,1
FUNDS and FEES,Settlements,Enterprise,Tier 2,Email (Merchant),Unknown,NORAM,5,0,5
FUNDS and FEES,Settlements,Enterprise,Tier 2,Email (Merchant),Unknown,UK,1,0,1
FUNDS and FEES,Settlements,Enterprise,Tier 2,Email (Merchant),WW,EEA,3,0,3
FUNDS and FEES,Settlements,Enterprise,Tier 2,Email (Merchant),WW,Mauritius,3,0,3
FUNDS and FEES,Settlements,Enterprise,Tier 2,Fin (Dashboard),Crypto,Crypto,0,1,1
FUNDS and FEES,Settlements,Enterprise,Tier 2,Fin (Dashboard),GCR,APAC,0,1,1
FUNDS and FEES,Settlements,Enterprise,Tier 2,Fin (Dashboard),NORAM,Crypto,0,1,1
FUNDS and FEES,Settlements,Enterprise,Tier 2,Fin (Dashboard),NORAM,NORAM,0,1,1
FUNDS and FEES,Settlements,Enterprise,Tier 2,Fin (Dashboard),NORAM,UK,0,1,1
FUNDS and FEES,Settlements,Enterprise,Tier 2,Fin (Dashboard),Northern Europe,EEA,1,0,1
FUNDS and FEES,Settlements,Enterprise,Tier 2,Fin (Dashboard),Singapore/ANZ,APAC,0,1,1
FUNDS and FEES,Settlements,Enterprise,Tier 2,Fin (Dashboard),UAE,MENA,1,1,2
FUNDS and FEES,Settlements,Enterprise,Tier 2,Fin (Dashboard),Unknown,Crypto,0,1,1
FUNDS and FEES,Settlements,Enterprise,Tier 2,Other,Crypto,Crypto,4,0,4
FUNDS and FEES,Settlements,Enterprise,Tier 2,Other,GCR,APAC,3,0,3
FUNDS and FEES,Settlements,Enterprise,Tier 2,Other,NORAM,NORAM,1,0,1
FUNDS and FEES,Settlements,Enterprise,Tier 2,Other,UAE,MENA,1,0,1
FUNDS and FEES,Settlements,Enterprise,Tier 2,Other,UK,Issuing,3,0,3
FUNDS and FEES,Settlements,Enterprise,Tier 2,Other,UK,UK,2,0,2
FUNDS and FEES,Settlements,Enterprise,Tier 2,Other,WW,EEA,1,0,1
FUNDS and FEES,Settlements,Enterprise,Tier 2,Webform & API,Central Europe,EEA,1,0,1
FUNDS and FEES,Settlements,Enterprise,Tier 2,Webform & API,Crypto,APAC,1,0,1
FUNDS and FEES,Settlements,Enterprise,Tier 2,Webform & API,Crypto,Crypto,1,0,1
FUNDS and FEES,Settlements,Enterprise,Tier 2,Webform & API,KSA,EEA,1,0,1
FUNDS and FEES,Settlements,Enterprise,Tier 2,Webform & API,NORAM,Crypto,1,0,1
FUNDS and FEES,Settlements,Enterprise,Tier 2,Webform & API,NORAM,UK,1,0,1
FUNDS and FEES,Settlements,Enterprise,Tier 2,Webform & API,Northern Europe,EEA,1,0,1
FUNDS and FEES,Settlements,Enterprise,Tier 2,Webform & API,Southern Europe,EEA,2,0,2
FUNDS and FEES,Settlements,Enterprise,Tier 2,Webform & API,UAE,MENA,7,0,7
FUNDS and FEES,Settlements,Enterprise,Tier 2,Webform & API,UK,UK,18,0,18
FUNDS and FEES,Settlements,Enterprise,Tier 2,Webform & API,Unknown,MENA,1,0,1
FUNDS and FEES,Settlements,Enterprise,Tier 2,Webform & API,WW,EEA,4,0,4
FUNDS and FEES,Settlements,Enterprise,Tier 2,Webform & API,WW,MENA,1,0,1
FUNDS and FEES,Settlements,Enterprise,Tier 2,Webform & API,WW,Mauritius,1,0,1
FUNDS and FEES,Settlements,Enterprise,Tier 3,Email (Internal),GCR,APAC,1,0,1
FUNDS and FEES,Settlements,Enterprise,Tier 3,Email (Internal),Northern Europe,EEA,2,0,2
FUNDS and FEES,Settlements,Enterprise,Tier 3,Email (Internal),UK,UK,1,0,1
FUNDS and FEES,Settlements,Enterprise,Tier 3,Email (Merchant),Central Europe,EEA,1,0,1
FUNDS and FEES,Settlements,Enterprise,Tier 3,Email (Merchant),UAE,MENA,3,0,3
FUNDS and FEES,Settlements,Enterprise,Tier 3,Email (Merchant),UK,UK,2,0,2
FUNDS and FEES,Settlements,Enterprise,Tier 3,Email (Merchant),WW,Israel,4,0,4
FUNDS and FEES,Settlements,Enterprise,Tier 3,Other,UK,UK,1,0,1
FUNDS and FEES,Settlements,Enterprise,Tier 3,Webform & API,Central Europe,EEA,1,0,1
FUNDS and FEES,Settlements,Enterprise,Tier 3,Webform & API,UAE,MENA,1,0,1
FUNDS and FEES,Settlements,Enterprise,Tier 4,Email (Merchant),UK,UK,1,0,1
FUNDS and FEES,Settlements,Enterprise,Tier 4,Fin (Dashboard),UK,UK,0,1,1
FUNDS and FEES,Settlements,Enterprise,Tier 4,Other,UAE,MENA,1,0,1
FUNDS and FEES,Settlements,Enterprise,Unknown,Email (Merchant),NORAM,EEA,1,0,1
FUNDS and FEES,Settlements,Enterprise,Unknown,Webform & API,Unknown,Unknown,1,0,1
FUNDS and FEES,Settlements,Premium,Tier 1,Email (Internal),Crypto,Crypto,1,0,1
FUNDS and FEES,Settlements,Premium,Tier 1,Email (Internal),GCR,APAC,5,0,5
FUNDS and FEES,Settlements,Premium,Tier 1,Email (Internal),NORAM,Israel,1,0,1
FUNDS and FEES,Settlements,Premium,Tier 1,Email (Internal),NORAM,NORAM,2,0,2
FUNDS and FEES,Settlements,Premium,Tier 1,Email (Internal),NORAM,UK,3,0,3
FUNDS and FEES,Settlements,Premium,Tier 1,Email (Internal),SAT,NORAM,1,0,1
FUNDS and FEES,Settlements,Premium,Tier 1,Email (Internal),SAT,SAT,1,0,1
FUNDS and FEES,Settlements,Premium,Tier 1,Email (Internal),Singapore/ANZ,APAC,2,0,2
FUNDS and FEES,Settlements,Premium,Tier 1,Email (Internal),Singapore/ANZ,NORAM,1,0,1
FUNDS and FEES,Settlements,Premium,Tier 1,Email (Internal),UAE,MENA,2,0,2
FUNDS and FEES,Settlements,Premium,Tier 1,Email (Internal),UK,Crypto,2,0,2
FUNDS and FEES,Settlements,Premium,Tier 1,Email (Internal),UK,EEA,2,0,2
FUNDS and FEES,Settlements,Premium,Tier 1,Email (Internal),UK,UK,2,0,2
FUNDS and FEES,Settlements,Premium,Tier 1,Email (Internal),Unknown,UK,2,0,2
FUNDS and FEES,Settlements,Premium,Tier 1,Email (Internal),WW,APAC,1,0,1
FUNDS and FEES,Settlements,Premium,Tier 1,Email (Internal),WW,EEA,2,0,2
FUNDS and FEES,Settlements,Premium,Tier 1,Email (Internal),WW,MENA,1,0,1
FUNDS and FEES,Settlements,Premium,Tier 1,Email (Internal),WW,UK,1,0,1
FUNDS and FEES,Settlements,Premium,Tier 1,Email (Merchant),Crypto,Crypto,5,0,5
FUNDS and FEES,Settlements,Premium,Tier 1,Email (Merchant),GCR,APAC,17,0,17
FUNDS and FEES,Settlements,Premium,Tier 1,Email (Merchant),NORAM,Israel,1,0,1
FUNDS and FEES,Settlements,Premium,Tier 1,Email (Merchant),NORAM,UK,4,0,4
FUNDS and FEES,Settlements,Premium,Tier 1,Email (Merchant),Singapore/ANZ,APAC,2,0,2
FUNDS and FEES,Settlements,Premium,Tier 1,Email (Merchant),Singapore/ANZ,NORAM,1,0,1
FUNDS and FEES,Settlements,Premium,Tier 1,Email (Merchant),UAE,MENA,12,0,12
FUNDS and FEES,Settlements,Premium,Tier 1,Email (Merchant),UK,EEA,16,0,16
FUNDS and FEES,Settlements,Premium,Tier 1,Email (Merchant),UK,UK,8,0,8
FUNDS and FEES,Settlements,Premium,Tier 1,Email (Merchant),Unknown,NORAM,1,0,1
FUNDS and FEES,Settlements,Premium,Tier 1,Email (Merchant),Unknown,UK,3,0,3
FUNDS and FEES,Settlements,Premium,Tier 1,Email (Merchant),WW,APAC,46,0,46
FUNDS and FEES,Settlements,Premium,Tier 1,Email (Merchant),WW,EEA,16,0,16
FUNDS and FEES,Settlements,Premium,Tier 1,Email (Merchant),WW,MENA,2,0,2
FUNDS and FEES,Settlements,Premium,Tier 1,Email (Merchant),WW,UK,31,0,31
FUNDS and FEES,Settlements,Premium,Tier 1,Fin (Dashboard),Crypto,Crypto,0,2,2
FUNDS and FEES,Settlements,Premium,Tier 1,Fin (Dashboard),UK,UK,2,1,3
FUNDS and FEES,Settlements,Premium,Tier 1,Fin (Dashboard),WW,EEA,0,1,1
FUNDS and FEES,Settlements,Premium,Tier 1,Fin (Dashboard),WW,UK,0,1,1
FUNDS and FEES,Settlements,Premium,Tier 1,Other,GCR,APAC,17,0,17
FUNDS and FEES,Settlements,Premium,Tier 1,Other,Singapore/ANZ,NORAM,1,0,1
FUNDS and FEES,Settlements,Premium,Tier 1,Other,UAE,MENA,1,0,1
FUNDS and FEES,Settlements,Premium,Tier 1,Other,UK,Crypto,1,0,1
FUNDS and FEES,Settlements,Premium,Tier 1,Other,UK,EEA,2,0,2
FUNDS and FEES,Settlements,Premium,Tier 1,Other,UK,UK,2,0,2
FUNDS and FEES,Settlements,Premium,Tier 1,Other,WW,APAC,2,0,2
FUNDS and FEES,Settlements,Premium,Tier 1,Other,WW,EEA,7,0,7
FUNDS and FEES,Settlements,Premium,Tier 1,Webform & API,GCR,APAC,1,0,1
FUNDS and FEES,Settlements,Premium,Tier 1,Webform & API,Southern Europe,EEA,1,0,1
FUNDS and FEES,Settlements,Premium,Tier 1,Webform & API,UK,UK,1,0,1
FUNDS and FEES,Settlements,Premium,Tier 1,Webform & API,WW,EEA,1,0,1
FUNDS and FEES,Settlements,Standard,Tier 2,Email (Internal),GCR,APAC,1,0,1
FUNDS and FEES,Settlements,Standard,Tier 2,Email (Internal),UK,UK,3,0,3
FUNDS and FEES,Settlements,Standard,Tier 2,Email (Internal),WW,WW,1,0,1
FUNDS and FEES,Settlements,Standard,Tier 2,Email (Merchant),Crypto,Crypto,5,0,5
FUNDS and FEES,Settlements,Standard,Tier 2,Email (Merchant),GCR,Crypto,6,0,6
FUNDS and FEES,Settlements,Standard,Tier 2,Email (Merchant),NORAM,UK,1,0,1
FUNDS and FEES,Settlements,Standard,Tier 2,Email (Merchant),Singapore/ANZ,APAC,1,0,1
FUNDS and FEES,Settlements,Standard,Tier 2,Email (Merchant),UK,UK,2,0,2
FUNDS and FEES,Settlements,Standard,Tier 2,Fin (Dashboard),Crypto,Crypto,0,1,1
FUNDS and FEES,Settlements,Standard,Tier 2,Fin (Dashboard),Mauritius,NORAM,1,0,1
FUNDS and FEES,Settlements,Standard,Tier 2,Other,Crypto,Crypto,1,0,1
FUNDS and FEES,Settlements,Standard,Tier 2,Other,GCR,APAC,1,0,1
FUNDS and FEES,Settlements,Standard,Tier 2,Webform & API,Crypto,Crypto,1,0,1
FUNDS and FEES,Settlements,Standard,Tier 2,Webform & API,UAE,MENA,1,0,1
FUNDS and FEES,Settlements,Standard,Tier 2,Webform & API,UK,UK,1,0,1
FUNDS and FEES,Settlements,Standard,Tier 3,Email (Internal),Central Europe,EEA,3,0,3
FUNDS and FEES,Settlements,Standard,Tier 3,Email (Internal),Crypto,Crypto,1,0,1
FUNDS and FEES,Settlements,Standard,Tier 3,Email (Internal),EU,EEA,2,0,2
FUNDS and FEES,Settlements,Standard,Tier 3,Email (Internal),GCR,APAC,5,0,5
FUNDS and FEES,Settlements,Standard,Tier 3,Email (Internal),NORAM,Israel,2,0,2
FUNDS and FEES,Settlements,Standard,Tier 3,Email (Internal),NORAM,UK,1,0,1
FUNDS and FEES,Settlements,Standard,Tier 3,Email (Internal),Northern Europe,EEA,6,0,6
FUNDS and FEES,Settlements,Standard,Tier 3,Email (Internal),Singapore/ANZ,APAC,1,0,1
FUNDS and FEES,Settlements,Standard,Tier 3,Email (Internal),Southern Europe,Crypto,1,0,1
FUNDS and FEES,Settlements,Standard,Tier 3,Email (Internal),Southern Europe,EEA,3,0,3
FUNDS and FEES,Settlements,Standard,Tier 3,Email (Internal),UAE,MENA,4,0,4
FUNDS and FEES,Settlements,Standard,Tier 3,Email (Internal),UK,EEA,2,0,2
FUNDS and FEES,Settlements,Standard,Tier 3,Email (Internal),UK,UK,5,0,5
FUNDS and FEES,Settlements,Standard,Tier 3,Email (Internal),Unknown,EEA,2,0,2
FUNDS and FEES,Settlements,Standard,Tier 3,Email (Internal),Unknown,MENA,1,0,1
FUNDS and FEES,Settlements,Standard,Tier 3,Email (Internal),Unknown,UK,1,0,1
FUNDS and FEES,Settlements,Standard,Tier 3,Email (Internal),WW,MENA,1,0,1
FUNDS and FEES,Settlements,Standard,Tier 3,Email (Merchant),Central Europe,EEA,4,0,4
FUNDS and FEES,Settlements,Standard,Tier 3,Email (Merchant),Crypto,APAC,2,0,2
FUNDS and FEES,Settlements,Standard,Tier 3,Email (Merchant),EU,EEA,2,0,2
FUNDS and FEES,Settlements,Standard,Tier 3,Email (Merchant),GCR,APAC,5,0,5
FUNDS and FEES,Settlements,Standard,Tier 3,Email (Merchant),Issuing,EEA,2,0,2
FUNDS and FEES,Settlements,Standard,Tier 3,Email (Merchant),NORAM,EEA,1,0,1
FUNDS and FEES,Settlements,Standard,Tier 3,Email (Merchant),NORAM,Israel,2,0,2
FUNDS and FEES,Settlements,Standard,Tier 3,Email (Merchant),NORAM,NORAM,1,0,1
FUNDS and FEES,Settlements,Standard,Tier 3,Email (Merchant),Northern Europe,EEA,7,0,7
FUNDS and FEES,Settlements,Standard,Tier 3,Email (Merchant),Singapore/ANZ,APAC,2,0,2
FUNDS and FEES,Settlements,Standard,Tier 3,Email (Merchant),Southern Europe,EEA,3,0,3
FUNDS and FEES,Settlements,Standard,Tier 3,Email (Merchant),UAE,MENA,27,0,27
FUNDS and FEES,Settlements,Standard,Tier 3,Email (Merchant),UAE,Mauritius,1,0,1
FUNDS and FEES,Settlements,Standard,Tier 3,Email (Merchant),UAE,Unknown,1,0,1
FUNDS and FEES,Settlements,Standard,Tier 3,Email (Merchant),UK,UK,18,0,18
FUNDS and FEES,Settlements,Standard,Tier 3,Email (Merchant),Ubble,EEA,1,0,1
FUNDS and FEES,Settlements,Standard,Tier 3,Email (Merchant),Unknown,EEA,8,0,8
FUNDS and FEES,Settlements,Standard,Tier 3,Email (Merchant),Unknown,UK,3,0,3
FUNDS and FEES,Settlements,Standard,Tier 3,Email (Merchant),WW,Crypto,1,0,1
FUNDS and FEES,Settlements,Standard,Tier 3,Email (Merchant),WW,MENA,2,0,2
FUNDS and FEES,Settlements,Standard,Tier 3,Email (Merchant),WW,Mauritius,1,0,1
FUNDS and FEES,Settlements,Standard,Tier 3,Email (Merchant),WW,NORAM,1,0,1
FUNDS and FEES,Settlements,Standard,Tier 3,Fin (Dashboard),Crypto,Crypto,0,1,1
FUNDS and FEES,Settlements,Standard,Tier 3,Fin (Dashboard),GCR,APAC,0,2,2
FUNDS and FEES,Settlements,Standard,Tier 3,Fin (Dashboard),Southern Europe,EEA,1,3,4
FUNDS and FEES,Settlements,Standard,Tier 3,Fin (Dashboard),UAE,MENA,2,8,10
FUNDS and FEES,Settlements,Standard,Tier 3,Fin (Dashboard),UAE,Mauritius,1,0,1
FUNDS and FEES,Settlements,Standard,Tier 3,Fin (Dashboard),UK,UK,2,4,6
FUNDS and FEES,Settlements,Standard,Tier 3,Fin (Dashboard),Unknown,UK,1,0,1
FUNDS and FEES,Settlements,Standard,Tier 3,Other,Central Europe,EEA,1,0,1
FUNDS and FEES,Settlements,Standard,Tier 3,Other,GCR,APAC,2,0,2
FUNDS and FEES,Settlements,Standard,Tier 3,Other,Singapore/ANZ,NORAM,1,0,1
FUNDS and FEES,Settlements,Standard,Tier 3,Other,UAE,MENA,15,0,15
FUNDS and FEES,Settlements,Standard,Tier 3,Other,UAE,Mauritius,2,0,2
FUNDS and FEES,Settlements,Standard,Tier 3,Other,UK,UK,6,0,6
FUNDS and FEES,Settlements,Standard,Tier 3,Other,Unknown,EEA,1,0,1
FUNDS and FEES,Settlements,Standard,Tier 3,Other,WW,MENA,2,0,2
FUNDS and FEES,Settlements,Standard,Tier 3,Webform & API,Central Europe,Mauritius,1,0,1
FUNDS and FEES,Settlements,Standard,Tier 3,Webform & API,Crypto,Crypto,2,0,2
FUNDS and FEES,Settlements,Standard,Tier 3,Webform & API,EU,EEA,2,0,2
FUNDS and FEES,Settlements,Standard,Tier 3,Webform & API,GCR,APAC,1,0,1
FUNDS and FEES,Settlements,Standard,Tier 3,Webform & API,Issuing,EEA,5,0,5
FUNDS and FEES,Settlements,Standard,Tier 3,Webform & API,NORAM,Crypto,1,0,1
FUNDS and FEES,Settlements,Standard,Tier 3,Webform & API,NORAM,EEA,1,0,1
FUNDS and FEES,Settlements,Standard,Tier 3,Webform & API,NORAM,NORAM,1,0,1
FUNDS and FEES,Settlements,Standard,Tier 3,Webform & API,Northern Europe,EEA,1,0,1
FUNDS and FEES,Settlements,Standard,Tier 3,Webform & API,Singapore/ANZ,APAC,1,0,1
FUNDS and FEES,Settlements,Standard,Tier 3,Webform & API,Singapore/ANZ,NORAM,1,0,1
FUNDS and FEES,Settlements,Standard,Tier 3,Webform & API,Southern Europe,EEA,1,0,1
FUNDS and FEES,Settlements,Standard,Tier 3,Webform & API,UAE,APAC,1,0,1
FUNDS and FEES,Settlements,Standard,Tier 3,Webform & API,UAE,MENA,14,0,14
FUNDS and FEES,Settlements,Standard,Tier 3,Webform & API,UAE,Mauritius,1,0,1
FUNDS and FEES,Settlements,Standard,Tier 3,Webform & API,UK,Crypto,1,0,1
FUNDS and FEES,Settlements,Standard,Tier 3,Webform & API,UK,Israel,1,0,1
FUNDS and FEES,Settlements,Standard,Tier 3,Webform & API,UK,UK,9,0,9
FUNDS and FEES,Settlements,Standard,Tier 3,Webform & API,Unknown,APAC,4,0,4
FUNDS and FEES,Settlements,Standard,Tier 3,Webform & API,Unknown,Crypto,1,0,1
FUNDS and FEES,Settlements,Standard,Tier 3,Webform & API,Unknown,MENA,1,0,1
FUNDS and FEES,Settlements,Standard,Tier 3,Webform & API,Unknown,NORAM,1,0,1
FUNDS and FEES,Settlements,Standard,Tier 4,Email (Internal),Central Europe,EEA,1,0,1
FUNDS and FEES,Settlements,Standard,Tier 4,Email (Internal),EU,EEA,1,0,1
FUNDS and FEES,Settlements,Standard,Tier 4,Email (Internal),EU,Mauritius,1,0,1
FUNDS and FEES,Settlements,Standard,Tier 4,Email (Internal),GCR,APAC,2,0,2
FUNDS and FEES,Settlements,Standard,Tier 4,Email (Internal),Mauritius,Mauritius,8,0,8
FUNDS and FEES,Settlements,Standard,Tier 4,Email (Internal),NORAM,Mauritius,1,0,1
FUNDS and FEES,Settlements,Standard,Tier 4,Email (Internal),UAE,MENA,12,0,12
FUNDS and FEES,Settlements,Standard,Tier 4,Email (Internal),UK,Mauritius,2,0,2
FUNDS and FEES,Settlements,Standard,Tier 4,Email (Internal),UK,UK,10,0,10
FUNDS and FEES,Settlements,Standard,Tier 4,Email (Internal),Unknown,Crypto,2,0,2
FUNDS and FEES,Settlements,Standard,Tier 4,Email (Internal),Unknown,NORAM,1,0,1
FUNDS and FEES,Settlements,Standard,Tier 4,Email (Merchant),Central Europe,EEA,3,0,3
FUNDS and FEES,Settlements,Standard,Tier 4,Email (Merchant),Central Europe,Mauritius,5,0,5
FUNDS and FEES,Settlements,Standard,Tier 4,Email (Merchant),EU,Mauritius,1,0,1
FUNDS and FEES,Settlements,Standard,Tier 4,Email (Merchant),GCR,APAC,6,0,6
FUNDS and FEES,Settlements,Standard,Tier 4,Email (Merchant),Issuing,Mauritius,2,0,2
FUNDS and FEES,Settlements,Standard,Tier 4,Email (Merchant),Mauritius,Mauritius,12,0,12
FUNDS and FEES,Settlements,Standard,Tier 4,Email (Merchant),NORAM,Mauritius,7,0,7
FUNDS and FEES,Settlements,Standard,Tier 4,Email (Merchant),NORAM,NORAM,1,0,1
FUNDS and FEES,Settlements,Standard,Tier 4,Email (Merchant),NORAM,UK,4,0,4
FUNDS and FEES,Settlements,Standard,Tier 4,Email (Merchant),Northern Europe,Mauritius,2,0,2
FUNDS and FEES,Settlements,Standard,Tier 4,Email (Merchant),UAE,Crypto,1,0,1
FUNDS and FEES,Settlements,Standard,Tier 4,Email (Merchant),UAE,MENA,47,0,47
FUNDS and FEES,Settlements,Standard,Tier 4,Email (Merchant),UK,Crypto,1,0,1
FUNDS and FEES,Settlements,Standard,Tier 4,Email (Merchant),UK,Mauritius,6,0,6
FUNDS and FEES,Settlements,Standard,Tier 4,Email (Merchant),UK,UK,19,0,19
FUNDS and FEES,Settlements,Standard,Tier 4,Email (Merchant),Unknown,APAC,6,0,6
FUNDS and FEES,Settlements,Standard,Tier 4,Email (Merchant),Unknown,EEA,2,0,2
FUNDS and FEES,Settlements,Standard,Tier 4,Email (Merchant),Unknown,MENA,5,0,5
FUNDS and FEES,Settlements,Standard,Tier 4,Email (Merchant),Unknown,Mauritius,2,0,2
FUNDS and FEES,Settlements,Standard,Tier 4,Email (Merchant),Unknown,NORAM,2,0,2
FUNDS and FEES,Settlements,Standard,Tier 4,Email (Merchant),Unknown,UK,1,0,1
FUNDS and FEES,Settlements,Standard,Tier 4,Email (Merchant),WW,EEA,1,0,1
FUNDS and FEES,Settlements,Standard,Tier 4,Email (Merchant),WW,Mauritius,3,0,3
FUNDS and FEES,Settlements,Standard,Tier 4,Email (Merchant),WW,WW,7,0,7
FUNDS and FEES,Settlements,Standard,Tier 4,Fin (Dashboard),Central Europe,EEA,0,1,1
FUNDS and FEES,Settlements,Standard,Tier 4,Fin (Dashboard),Central Europe,Mauritius,1,1,2
FUNDS and FEES,Settlements,Standard,Tier 4,Fin (Dashboard),Issuing,Mauritius,0,1,1
FUNDS and FEES,Settlements,Standard,Tier 4,Fin (Dashboard),KSA,EEA,0,1,1
FUNDS and FEES,Settlements,Standard,Tier 4,Fin (Dashboard),Mauritius,Mauritius,1,3,4
FUNDS and FEES,Settlements,Standard,Tier 4,Fin (Dashboard),NORAM,Mauritius,0,1,1
FUNDS and FEES,Settlements,Standard,Tier 4,Fin (Dashboard),NORAM,NORAM,2,2,4
FUNDS and FEES,Settlements,Standard,Tier 4,Fin (Dashboard),NORAM,UK,0,3,3
FUNDS and FEES,Settlements,Standard,Tier 4,Fin (Dashboard),UAE,MENA,1,8,9
FUNDS and FEES,Settlements,Standard,Tier 4,Fin (Dashboard),UAE,Unknown,0,1,1
FUNDS and FEES,Settlements,Standard,Tier 4,Fin (Dashboard),UK,APAC,0,1,1
FUNDS and FEES,Settlements,Standard,Tier 4,Fin (Dashboard),UK,Mauritius,0,1,1
FUNDS and FEES,Settlements,Standard,Tier 4,Fin (Dashboard),UK,UK,1,6,7
FUNDS and FEES,Settlements,Standard,Tier 4,Fin (Dashboard),Unknown,APAC,0,1,1
FUNDS and FEES,Settlements,Standard,Tier 4,Fin (Dashboard),Unknown,EEA,0,2,2
FUNDS and FEES,Settlements,Standard,Tier 4,Fin (Dashboard),Unknown,Unknown,0,2,2
FUNDS and FEES,Settlements,Standard,Tier 4,Other,Central Europe,EEA,3,0,3
FUNDS and FEES,Settlements,Standard,Tier 4,Other,Crypto,APAC,2,0,2
FUNDS and FEES,Settlements,Standard,Tier 4,Other,Crypto,Crypto,2,0,2
FUNDS and FEES,Settlements,Standard,Tier 4,Other,GCR,APAC,3,0,3
FUNDS and FEES,Settlements,Standard,Tier 4,Other,Issuing,UK,1,0,1
FUNDS and FEES,Settlements,Standard,Tier 4,Other,Mauritius,Mauritius,7,0,7
FUNDS and FEES,Settlements,Standard,Tier 4,Other,NORAM,Mauritius,1,0,1
FUNDS and FEES,Settlements,Standard,Tier 4,Other,NORAM,UK,2,0,2
FUNDS and FEES,Settlements,Standard,Tier 4,Other,UAE,Crypto,1,0,1
FUNDS and FEES,Settlements,Standard,Tier 4,Other,UAE,MENA,23,0,23
FUNDS and FEES,Settlements,Standard,Tier 4,Other,UAE,Unknown,1,0,1
FUNDS and FEES,Settlements,Standard,Tier 4,Other,UK,APAC,1,0,1
FUNDS and FEES,Settlements,Standard,Tier 4,Other,UK,UK,13,0,13
FUNDS and FEES,Settlements,Standard,Tier 4,Other,Unknown,APAC,1,0,1
FUNDS and FEES,Settlements,Standard,Tier 4,Other,Unknown,EEA,2,0,2
FUNDS and FEES,Settlements,Standard,Tier 4,Other,Unknown,MENA,2,0,2
FUNDS and FEES,Settlements,Standard,Tier 4,Other,Unknown,UK,2,0,2
FUNDS and FEES,Settlements,Standard,Tier 4,Other,WW,EEA,2,0,2
FUNDS and FEES,Settlements,Standard,Tier 4,Other,WW,UK,1,0,1
FUNDS and FEES,Settlements,Standard,Tier 4,Other,WW,WW,2,0,2
FUNDS and FEES,Settlements,Standard,Tier 4,Webform & API,Central Europe,EEA,5,0,5
FUNDS and FEES,Settlements,Standard,Tier 4,Webform & API,Central Europe,Mauritius,1,0,1
FUNDS and FEES,Settlements,Standard,Tier 4,Webform & API,Crypto,Crypto,2,0,2
FUNDS and FEES,Settlements,Standard,Tier 4,Webform & API,EU,EEA,1,0,1
FUNDS and FEES,Settlements,Standard,Tier 4,Webform & API,GCR,APAC,1,0,1
FUNDS and FEES,Settlements,Standard,Tier 4,Webform & API,GCR,WW,2,0,2
FUNDS and FEES,Settlements,Standard,Tier 4,Webform & API,Issuing,Mauritius,2,0,2
FUNDS and FEES,Settlements,Standard,Tier 4,Webform & API,Mauritius,Mauritius,5,0,5
FUNDS and FEES,Settlements,Standard,Tier 4,Webform & API,NORAM,Mauritius,1,0,1
FUNDS and FEES,Settlements,Standard,Tier 4,Webform & API,NORAM,NORAM,3,0,3
FUNDS and FEES,Settlements,Standard,Tier 4,Webform & API,NORAM,UK,6,0,6
FUNDS and FEES,Settlements,Standard,Tier 4,Webform & API,Northern Europe,Mauritius,1,0,1
FUNDS and FEES,Settlements,Standard,Tier 4,Webform & API,Singapore/ANZ,APAC,1,0,1
FUNDS and FEES,Settlements,Standard,Tier 4,Webform & API,Singapore/ANZ,NORAM,1,0,1
FUNDS and FEES,Settlements,Standard,Tier 4,Webform & API,Southern Europe,EEA,2,0,2
FUNDS and FEES,Settlements,Standard,Tier 4,Webform & API,Southern Europe,WW,1,0,1
FUNDS and FEES,Settlements,Standard,Tier 4,Webform & API,UAE,MENA,30,0,30
FUNDS and FEES,Settlements,Standard,Tier 4,Webform & API,UAE,Mauritius,1,0,1
FUNDS and FEES,Settlements,Standard,Tier 4,Webform & API,UAE,UK,2,0,2
FUNDS and FEES,Settlements,Standard,Tier 4,Webform & API,UK,APAC,2,0,2
FUNDS and FEES,Settlements,Standard,Tier 4,Webform & API,UK,Mauritius,10,0,10
FUNDS and FEES,Settlements,Standard,Tier 4,Webform & API,UK,UK,27,0,27
FUNDS and FEES,Settlements,Standard,Tier 4,Webform & API,Unknown,APAC,6,0,6
FUNDS and FEES,Settlements,Standard,Tier 4,Webform & API,Unknown,Crypto,1,0,1
FUNDS and FEES,Settlements,Standard,Tier 4,Webform & API,Unknown,EEA,4,0,4
FUNDS and FEES,Settlements,Standard,Tier 4,Webform & API,Unknown,MENA,8,0,8
FUNDS and FEES,Settlements,Standard,Tier 4,Webform & API,Unknown,NORAM,4,0,4
FUNDS and FEES,Settlements,Standard,Tier 4,Webform & API,Unknown,UK,5,0,5
FUNDS and FEES,Settlements,Standard,Tier 4,Webform & API,WW,WW,29,0,29
FUNDS and FEES,Settlements,Standard,Unknown,Email (Internal),Northern Europe,EEA,1,0,1
FUNDS and FEES,Settlements,Standard,Unknown,Email (Merchant),Mauritius,Mauritius,1,0,1
FUNDS and FEES,Settlements,Standard,Unknown,Email (Merchant),Unknown,NORAM,1,0,1
FUNDS and FEES,Settlements,Unmapped,Unknown,Email (Internal),Unknown,Unknown,50,0,50
FUNDS and FEES,Settlements,Unmapped,Unknown,Email (Merchant),Unknown,Unknown,127,0,127
FUNDS and FEES,Settlements,Unmapped,Unknown,Fin (Dashboard),Unknown,Unknown,3,10,13
FUNDS and FEES,Settlements,Unmapped,Unknown,Other,Unknown,Unknown,48,0,48
FUNDS and FEES,Settlements,Unmapped,Unknown,Webform & API,Unknown,Unknown,51,0,51
GENERAL,Inquiries,Enterprise,Tier 1,Email (Merchant),Crypto,Crypto,5,0,5
GENERAL,Inquiries,Enterprise,Tier 1,Email (Merchant),NORAM,UK,1,0,1
GENERAL,Inquiries,Enterprise,Tier 1,Email (Merchant),UAE,MENA,5,0,5
GENERAL,Inquiries,Enterprise,Tier 1,Email (Merchant),UK,Crypto,2,0,2
GENERAL,Inquiries,Enterprise,Tier 1,Email (Merchant),UK,UK,2,0,2
GENERAL,Inquiries,Enterprise,Tier 1,Fin (Dashboard),Crypto,Crypto,0,2,2
GENERAL,Inquiries,Enterprise,Tier 1,Fin (Dashboard),GCR,APAC,3,0,3
GENERAL,Inquiries,Enterprise,Tier 1,Fin (Dashboard),NORAM,NORAM,0,2,2
GENERAL,Inquiries,Enterprise,Tier 1,Fin (Dashboard),UK,EEA,1,0,1
GENERAL,Inquiries,Enterprise,Tier 1,Other,Crypto,Crypto,3,0,3
GENERAL,Inquiries,Enterprise,Tier 1,Other,GCR,APAC,1,0,1
GENERAL,Inquiries,Enterprise,Tier 1,Other,NORAM,EEA,1,0,1
GENERAL,Inquiries,Enterprise,Tier 1,Other,NORAM,NORAM,4,0,4
GENERAL,Inquiries,Enterprise,Tier 1,Other,NORAM,UK,2,0,2
GENERAL,Inquiries,Enterprise,Tier 1,Other,UAE,MENA,5,0,5
GENERAL,Inquiries,Enterprise,Tier 1,Other,UK,APAC,1,0,1
GENERAL,Inquiries,Enterprise,Tier 1,Other,UK,EEA,1,0,1
GENERAL,Inquiries,Enterprise,Tier 1,Other,UK,Mauritius,2,0,2
GENERAL,Inquiries,Enterprise,Tier 1,Other,UK,UK,11,0,11
GENERAL,Inquiries,Enterprise,Tier 1,Other,WW,MENA,1,0,1
GENERAL,Inquiries,Enterprise,Tier 1,Other,WW,Mauritius,2,0,2
GENERAL,Inquiries,Enterprise,Tier 1,Other,WW,UK,4,0,4
GENERAL,Inquiries,Enterprise,Tier 1,Webform & API,Crypto,Crypto,2,0,2
GENERAL,Inquiries,Enterprise,Tier 1,Webform & API,Mauritius,UK,1,0,1
GENERAL,Inquiries,Enterprise,Tier 2,Email (Merchant),Central Europe,EEA,1,0,1
GENERAL,Inquiries,Enterprise,Tier 2,Email (Merchant),Crypto,Crypto,4,0,4
GENERAL,Inquiries,Enterprise,Tier 2,Email (Merchant),EU,EEA,1,0,1
GENERAL,Inquiries,Enterprise,Tier 2,Email (Merchant),GCR,APAC,1,0,1
GENERAL,Inquiries,Enterprise,Tier 2,Email (Merchant),NORAM,UK,2,0,2
GENERAL,Inquiries,Enterprise,Tier 2,Email (Merchant),Singapore/ANZ,APAC,1,0,1
GENERAL,Inquiries,Enterprise,Tier 2,Email (Merchant),UAE,MENA,5,0,5
GENERAL,Inquiries,Enterprise,Tier 2,Email (Merchant),UK,UK,146,0,146
GENERAL,Inquiries,Enterprise,Tier 2,Email (Merchant),WW,EEA,1,0,1
GENERAL,Inquiries,Enterprise,Tier 2,Fin (Dashboard),Central Europe,EEA,0,1,1
GENERAL,Inquiries,Enterprise,Tier 2,Fin (Dashboard),NORAM,Crypto,1,0,1
GENERAL,Inquiries,Enterprise,Tier 2,Fin (Dashboard),NORAM,UK,0,2,2
GENERAL,Inquiries,Enterprise,Tier 2,Fin (Dashboard),UAE,MENA,1,3,4
GENERAL,Inquiries,Enterprise,Tier 2,Fin (Dashboard),UK,UK,0,1,1
GENERAL,Inquiries,Enterprise,Tier 2,Other,Central Europe,EEA,1,0,1
GENERAL,Inquiries,Enterprise,Tier 2,Other,Crypto,Crypto,4,0,4
GENERAL,Inquiries,Enterprise,Tier 2,Other,GCR,APAC,2,0,2
GENERAL,Inquiries,Enterprise,Tier 2,Other,Issuing,UK,1,0,1
GENERAL,Inquiries,Enterprise,Tier 2,Other,NORAM,UK,1,0,1
GENERAL,Inquiries,Enterprise,Tier 2,Other,Southern Europe,EEA,1,0,1
GENERAL,Inquiries,Enterprise,Tier 2,Other,UAE,MENA,4,0,4
GENERAL,Inquiries,Enterprise,Tier 2,Other,UK,EEA,2,0,2
GENERAL,Inquiries,Enterprise,Tier 2,Other,UK,UK,5,0,5
GENERAL,Inquiries,Enterprise,Tier 2,Other,WW,EEA,1,0,1
GENERAL,Inquiries,Enterprise,Tier 2,Webform & API,UAE,MENA,2,0,2
GENERAL,Inquiries,Enterprise,Tier 2,Webform & API,UK,UK,1,0,1
GENERAL,Inquiries,Enterprise,Tier 4,Email (Merchant),UAE,MENA,2,0,2
GENERAL,Inquiries,Enterprise,Tier 4,Other,KSA,MENA,1,0,1
GENERAL,Inquiries,Enterprise,Tier 4,Other,UAE,MENA,1,0,1
GENERAL,Inquiries,Premium,Tier 1,Email (Internal),SAT,SAT,1,0,1
GENERAL,Inquiries,Premium,Tier 1,Email (Internal),WW,APAC,1,0,1
GENERAL,Inquiries,Premium,Tier 1,Email (Internal),WW,EEA,1,0,1
GENERAL,Inquiries,Premium,Tier 1,Email (Merchant),Crypto,Crypto,2,0,2
GENERAL,Inquiries,Premium,Tier 1,Email (Merchant),GCR,APAC,1,0,1
GENERAL,Inquiries,Premium,Tier 1,Email (Merchant),NORAM,UK,3,0,3
GENERAL,Inquiries,Premium,Tier 1,Email (Merchant),SAT,SAT,1,0,1
GENERAL,Inquiries,Premium,Tier 1,Email (Merchant),Southern Europe,EEA,1,0,1
GENERAL,Inquiries,Premium,Tier 1,Email (Merchant),UAE,MENA,3,0,3
GENERAL,Inquiries,Premium,Tier 1,Email (Merchant),UK,Crypto,1,0,1
GENERAL,Inquiries,Premium,Tier 1,Email (Merchant),UK,EEA,4,0,4
GENERAL,Inquiries,Premium,Tier 1,Email (Merchant),Unknown,UK,1,0,1
GENERAL,Inquiries,Premium,Tier 1,Email (Merchant),WW,APAC,10,0,10
GENERAL,Inquiries,Premium,Tier 1,Email (Merchant),WW,UK,1,0,1
GENERAL,Inquiries,Premium,Tier 1,Fin (Dashboard),Crypto,Crypto,0,2,2
GENERAL,Inquiries,Premium,Tier 1,Fin (Dashboard),GCR,APAC,0,1,1
GENERAL,Inquiries,Premium,Tier 1,Fin (Dashboard),UAE,MENA,0,2,2
GENERAL,Inquiries,Premium,Tier 1,Fin (Dashboard),UK,UK,0,2,2
GENERAL,Inquiries,Premium,Tier 1,Fin (Dashboard),WW,EEA,2,2,4
GENERAL,Inquiries,Premium,Tier 1,Other,Crypto,Crypto,3,0,3
GENERAL,Inquiries,Premium,Tier 1,Other,GCR,APAC,5,0,5
GENERAL,Inquiries,Premium,Tier 1,Other,NORAM,NORAM,1,0,1
GENERAL,Inquiries,Premium,Tier 1,Other,NORAM,UK,3,0,3
GENERAL,Inquiries,Premium,Tier 1,Other,SAT,SAT,1,0,1
GENERAL,Inquiries,Premium,Tier 1,Other,Singapore/ANZ,NORAM,2,0,2
GENERAL,Inquiries,Premium,Tier 1,Other,UAE,MENA,6,0,6
GENERAL,Inquiries,Premium,Tier 1,Other,UK,EEA,1,0,1
GENERAL,Inquiries,Premium,Tier 1,Other,UK,NORAM,1,0,1
GENERAL,Inquiries,Premium,Tier 1,Other,UK,UK,5,0,5
GENERAL,Inquiries,Premium,Tier 1,Other,Unknown,UK,2,0,2
GENERAL,Inquiries,Premium,Tier 1,Other,WW,EEA,1,0,1
GENERAL,Inquiries,Premium,Tier 1,Other,WW,UK,3,0,3
GENERAL,Inquiries,Premium,Tier 1,Webform & API,GCR,APAC,1,0,1
GENERAL,Inquiries,Premium,Tier 1,Webform & API,UAE,MENA,1,0,1
GENERAL,Inquiries,Premium,Tier 1,Webform & API,UK,EEA,1,0,1
GENERAL,Inquiries,Standard,Tier 2,Email (Merchant),Crypto,Crypto,1,0,1
GENERAL,Inquiries,Standard,Tier 2,Email (Merchant),UK,UK,2,0,2
GENERAL,Inquiries,Standard,Tier 2,Email (Merchant),Unknown,APAC,2,0,2
GENERAL,Inquiries,Standard,Tier 2,Fin (Dashboard),Crypto,Crypto,0,1,1
GENERAL,Inquiries,Standard,Tier 2,Fin (Dashboard),Singapore/ANZ,APAC,0,1,1
GENERAL,Inquiries,Standard,Tier 2,Other,Crypto,Crypto,1,0,1
GENERAL,Inquiries,Standard,Tier 2,Other,UK,UK,4,0,4
GENERAL,Inquiries,Standard,Tier 2,Webform & API,Crypto,Crypto,1,0,1
GENERAL,Inquiries,Standard,Tier 3,Email (Internal),GCR,APAC,1,0,1
GENERAL,Inquiries,Standard,Tier 3,Email (Internal),Unknown,EEA,1,0,1
GENERAL,Inquiries,Standard,Tier 3,Email (Merchant),Crypto,EEA,1,0,1
GENERAL,Inquiries,Standard,Tier 3,Email (Merchant),NORAM,MENA,1,0,1
GENERAL,Inquiries,Standard,Tier 3,Email (Merchant),NORAM,NORAM,3,0,3
GENERAL,Inquiries,Standard,Tier 3,Email (Merchant),UAE,MENA,1,0,1
GENERAL,Inquiries,Standard,Tier 3,Email (Merchant),Unknown,UK,2,0,2
GENERAL,Inquiries,Standard,Tier 3,Email (Merchant),WW,MENA,2,0,2
GENERAL,Inquiries,Standard,Tier 3,Email (Merchant),WW,NORAM,1,0,1
GENERAL,Inquiries,Standard,Tier 3,Fin (Dashboard),Central Europe,EEA,0,1,1
GENERAL,Inquiries,Standard,Tier 3,Fin (Dashboard),GCR,APAC,1,0,1
GENERAL,Inquiries,Standard,Tier 3,Fin (Dashboard),NORAM,EEA,0,1,1
GENERAL,Inquiries,Standard,Tier 3,Fin (Dashboard),NORAM,Israel,0,1,1
GENERAL,Inquiries,Standard,Tier 3,Fin (Dashboard),Southern Europe,EEA,0,1,1
GENERAL,Inquiries,Standard,Tier 3,Fin (Dashboard),UAE,MENA,2,6,8
GENERAL,Inquiries,Standard,Tier 3,Fin (Dashboard),UAE,Mauritius,0,1,1
GENERAL,Inquiries,Standard,Tier 3,Fin (Dashboard),UK,UK,1,2,3
GENERAL,Inquiries,Standard,Tier 3,Fin (Dashboard),Unknown,Crypto,1,1,2
GENERAL,Inquiries,Standard,Tier 3,Fin (Dashboard),Unknown,NORAM,0,1,1
GENERAL,Inquiries,Standard,Tier 3,Other,Central Europe,EEA,2,0,2
GENERAL,Inquiries,Standard,Tier 3,Other,GCR,APAC,3,0,3
GENERAL,Inquiries,Standard,Tier 3,Other,KSA,EEA,2,0,2
GENERAL,Inquiries,Standard,Tier 3,Other,NORAM,NORAM,2,0,2
GENERAL,Inquiries,Standard,Tier 3,Other,NORAM,UK,1,0,1
GENERAL,Inquiries,Standard,Tier 3,Other,Singapore/ANZ,APAC,1,0,1
GENERAL,Inquiries,Standard,Tier 3,Other,Singapore/ANZ,NORAM,1,0,1
GENERAL,Inquiries,Standard,Tier 3,Other,Southern Europe,EEA,1,0,1
GENERAL,Inquiries,Standard,Tier 3,Other,UAE,MENA,8,0,8
GENERAL,Inquiries,Standard,Tier 3,Other,UAE,Mauritius,2,0,2
GENERAL,Inquiries,Standard,Tier 3,Other,UK,Mauritius,1,0,1
GENERAL,Inquiries,Standard,Tier 3,Other,UK,UK,8,0,8
GENERAL,Inquiries,Standard,Tier 3,Other,Ubble,EEA,1,0,1
GENERAL,Inquiries,Standard,Tier 3,Other,Unknown,Crypto,2,0,2
GENERAL,Inquiries,Standard,Tier 3,Other,Unknown,EEA,4,0,4
GENERAL,Inquiries,Standard,Tier 3,Other,WW,MENA,1,0,1
GENERAL,Inquiries,Standard,Tier 3,Webform & API,Crypto,Crypto,1,0,1
GENERAL,Inquiries,Standard,Tier 3,Webform & API,EU,EEA,1,0,1
GENERAL,Inquiries,Standard,Tier 3,Webform & API,GCR,APAC,2,0,2
GENERAL,Inquiries,Standard,Tier 3,Webform & API,UAE,Mauritius,2,0,2
GENERAL,Inquiries,Standard,Tier 3,Webform & API,UK,UK,1,0,1
GENERAL,Inquiries,Standard,Tier 3,Webform & API,Unknown,Crypto,1,0,1
GENERAL,Inquiries,Standard,Tier 4,Email (Internal),GCR,APAC,1,0,1
GENERAL,Inquiries,Standard,Tier 4,Email (Internal),UAE,MENA,2,0,2
GENERAL,Inquiries,Standard,Tier 4,Email (Internal),UK,UK,1,0,1
GENERAL,Inquiries,Standard,Tier 4,Email (Merchant),Crypto,APAC,1,0,1
GENERAL,Inquiries,Standard,Tier 4,Email (Merchant),Crypto,Crypto,1,0,1
GENERAL,Inquiries,Standard,Tier 4,Email (Merchant),EU,EEA,1,0,1
GENERAL,Inquiries,Standard,Tier 4,Email (Merchant),GCR,APAC,2,0,2
GENERAL,Inquiries,Standard,Tier 4,Email (Merchant),Mauritius,Mauritius,1,0,1
GENERAL,Inquiries,Standard,Tier 4,Email (Merchant),NORAM,NORAM,2,0,2
GENERAL,Inquiries,Standard,Tier 4,Email (Merchant),Northern Europe,Mauritius,1,0,1
GENERAL,Inquiries,Standard,Tier 4,Email (Merchant),UAE,MENA,11,0,11
GENERAL,Inquiries,Standard,Tier 4,Email (Merchant),UK,Mauritius,1,0,1
GENERAL,Inquiries,Standard,Tier 4,Email (Merchant),UK,UK,5,0,5
GENERAL,Inquiries,Standard,Tier 4,Email (Merchant),Unknown,Crypto,12,0,12
GENERAL,Inquiries,Standard,Tier 4,Email (Merchant),Unknown,MENA,5,0,5
GENERAL,Inquiries,Standard,Tier 4,Email (Merchant),Unknown,Mauritius,1,0,1
GENERAL,Inquiries,Standard,Tier 4,Email (Merchant),Unknown,NORAM,2,0,2
GENERAL,Inquiries,Standard,Tier 4,Email (Merchant),WW,WW,17,0,17
GENERAL,Inquiries,Standard,Tier 4,Fin (Dashboard),Central Europe,EEA,1,1,2
GENERAL,Inquiries,Standard,Tier 4,Fin (Dashboard),Crypto,APAC,0,1,1
GENERAL,Inquiries,Standard,Tier 4,Fin (Dashboard),Crypto,Crypto,0,1,1
GENERAL,Inquiries,Standard,Tier 4,Fin (Dashboard),GCR,APAC,2,2,4
GENERAL,Inquiries,Standard,Tier 4,Fin (Dashboard),Issuing,UK,0,2,2
GENERAL,Inquiries,Standard,Tier 4,Fin (Dashboard),Mauritius,Mauritius,1,5,6
GENERAL,Inquiries,Standard,Tier 4,Fin (Dashboard),NORAM,Mauritius,0,2,2
GENERAL,Inquiries,Standard,Tier 4,Fin (Dashboard),NORAM,NORAM,0,7,7
GENERAL,Inquiries,Standard,Tier 4,Fin (Dashboard),UAE,MENA,2,10,12
GENERAL,Inquiries,Standard,Tier 4,Fin (Dashboard),UK,Mauritius,0,3,3
GENERAL,Inquiries,Standard,Tier 4,Fin (Dashboard),UK,UK,1,2,3
GENERAL,Inquiries,Standard,Tier 4,Fin (Dashboard),Unknown,APAC,1,4,5
GENERAL,Inquiries,Standard,Tier 4,Fin (Dashboard),Unknown,EEA,0,1,1
GENERAL,Inquiries,Standard,Tier 4,Fin (Dashboard),Unknown,MENA,0,1,1
GENERAL,Inquiries,Standard,Tier 4,Fin (Dashboard),Unknown,Mauritius,0,1,1
GENERAL,Inquiries,Standard,Tier 4,Fin (Dashboard),Unknown,NORAM,1,0,1
GENERAL,Inquiries,Standard,Tier 4,Fin (Dashboard),Unknown,UK,0,2,2
GENERAL,Inquiries,Standard,Tier 4,Fin (Dashboard),WW,WW,0,1,1
GENERAL,Inquiries,Standard,Tier 4,Other,Central Europe,Mauritius,1,0,1
GENERAL,Inquiries,Standard,Tier 4,Other,Crypto,APAC,2,0,2
GENERAL,Inquiries,Standard,Tier 4,Other,Crypto,Crypto,2,0,2
GENERAL,Inquiries,Standard,Tier 4,Other,GCR,APAC,3,0,3
GENERAL,Inquiries,Standard,Tier 4,Other,Issuing,UK,1,0,1
GENERAL,Inquiries,Standard,Tier 4,Other,Mauritius,Mauritius,3,0,3
GENERAL,Inquiries,Standard,Tier 4,Other,NORAM,NORAM,4,0,4
GENERAL,Inquiries,Standard,Tier 4,Other,NORAM,UK,2,0,2
GENERAL,Inquiries,Standard,Tier 4,Other,Southern Europe,EEA,1,0,1
GENERAL,Inquiries,Standard,Tier 4,Other,UAE,MENA,23,0,23
GENERAL,Inquiries,Standard,Tier 4,Other,UAE,Mauritius,1,0,1
GENERAL,Inquiries,Standard,Tier 4,Other,UAE,UK,1,0,1
GENERAL,Inquiries,Standard,Tier 4,Other,UAE,WW,2,0,2
GENERAL,Inquiries,Standard,Tier 4,Other,UK,Mauritius,4,0,4
GENERAL,Inquiries,Standard,Tier 4,Other,UK,UK,8,0,8
GENERAL,Inquiries,Standard,Tier 4,Other,Unknown,APAC,5,0,5
GENERAL,Inquiries,Standard,Tier 4,Other,Unknown,EEA,1,0,1
GENERAL,Inquiries,Standard,Tier 4,Other,Unknown,MENA,5,0,5
GENERAL,Inquiries,Standard,Tier 4,Other,Unknown,Mauritius,1,0,1
GENERAL,Inquiries,Standard,Tier 4,Other,Unknown,NORAM,2,0,2
GENERAL,Inquiries,Standard,Tier 4,Other,Unknown,UK,2,0,2
GENERAL,Inquiries,Standard,Tier 4,Other,WW,MENA,1,0,1
GENERAL,Inquiries,Standard,Tier 4,Other,WW,WW,3,0,3
GENERAL,Inquiries,Standard,Tier 4,Webform & API,EU,EEA,1,0,1
GENERAL,Inquiries,Standard,Tier 4,Webform & API,Issuing,UK,1,0,1
GENERAL,Inquiries,Standard,Tier 4,Webform & API,Mauritius,Mauritius,5,0,5
GENERAL,Inquiries,Standard,Tier 4,Webform & API,NORAM,NORAM,1,0,1
GENERAL,Inquiries,Standard,Tier 4,Webform & API,NORAM,UK,2,0,2
GENERAL,Inquiries,Standard,Tier 4,Webform & API,Northern Europe,Mauritius,1,0,1
GENERAL,Inquiries,Standard,Tier 4,Webform & API,UAE,MENA,5,0,5
GENERAL,Inquiries,Standard,Tier 4,Webform & API,UAE,UK,1,0,1
GENERAL,Inquiries,Standard,Tier 4,Webform & API,UK,Mauritius,1,0,1
GENERAL,Inquiries,Standard,Tier 4,Webform & API,UK,UK,2,0,2
GENERAL,Inquiries,Standard,Tier 4,Webform & API,Unknown,EEA,1,0,1
GENERAL,Inquiries,Standard,Tier 4,Webform & API,WW,WW,1,0,1
GENERAL,Inquiries,Standard,Unknown,Other,Northern Europe,EEA,1,0,1
GENERAL,Inquiries,Standard,Unknown,Other,Unknown,NORAM,1,0,1
GENERAL,Inquiries,Unmapped,Unknown,Email (Internal),Unknown,Unknown,36,0,36
GENERAL,Inquiries,Unmapped,Unknown,Email (Merchant),Unknown,Unknown,1812,0,1812
GENERAL,Inquiries,Unmapped,Unknown,Fin (Dashboard),Unknown,Unknown,1,11,12
GENERAL,Inquiries,Unmapped,Unknown,Other,Unknown,Unknown,385,0,385
GENERAL,Inquiries,Unmapped,Unknown,Webform & API,Unknown,Unknown,21,0,21
IDENTITY VERIFICATION,"Security, Privacy and Compliance",Premium,Tier 1,Email (Merchant),WW,UK,1,0,1
IDENTITY VERIFICATION,"Security, Privacy and Compliance",Unmapped,Unknown,Email (Merchant),Unknown,Unknown,1,0,1
IDENTITY VERIFICATION,Verification and technical support,Enterprise,Tier 2,Email (Internal),UAE,MENA,1,0,1
IDENTITY VERIFICATION,Verification and technical support,Enterprise,Tier 2,Fin (Dashboard),Unknown,UK,0,1,1
IDENTITY VERIFICATION,Verification and technical support,Premium,Tier 1,Other,UAE,MENA,1,0,1
IDENTITY VERIFICATION,Verification and technical support,Standard,Tier 2,Fin (Dashboard),UK,UK,0,1,1
IDENTITY VERIFICATION,Verification and technical support,Standard,Tier 3,Email (Merchant),Unknown,EEA,1,0,1
IDENTITY VERIFICATION,Verification and technical support,Standard,Tier 3,Fin (Dashboard),Central Europe,EEA,0,2,2
IDENTITY VERIFICATION,Verification and technical support,Standard,Tier 4,Webform & API,NORAM,UK,1,0,1
IDENTITY VERIFICATION,Verification and technical support,Unmapped,Unknown,Email (Merchant),Unknown,Unknown,27,0,27
IDENTITY VERIFICATION,Verification and technical support,Unmapped,Unknown,Other,Unknown,Unknown,6,0,6
ISSUING,Card Management,Enterprise,Tier 2,Email (Internal),NORAM,UK,1,0,1
ISSUING,Card Management,Enterprise,Tier 2,Email (Merchant),UK,UK,2,0,2
ISSUING,Card Management,Enterprise,Tier 2,Fin (Dashboard),NORAM,NORAM,0,1,1
ISSUING,Card Management,Enterprise,Tier 2,Fin (Dashboard),NORAM,UK,0,1,1
ISSUING,Card Management,Enterprise,Tier 2,Other,UK,UK,1,0,1
ISSUING,Card Management,Enterprise,Tier 2,Webform & API,UK,UK,5,0,5
ISSUING,Card Management,Premium,Tier 1,Webform & API,Singapore/ANZ,APAC,1,0,1
ISSUING,Card Management,Standard,Tier 3,Fin (Dashboard),Northern Europe,EEA,0,1,1
ISSUING,Card Management,Standard,Tier 3,Webform & API,UK,UK,1,0,1
ISSUING,Card Management,Standard,Tier 4,Fin (Dashboard),Mauritius,Mauritius,0,1,1
ISSUING,Card Management,Standard,Tier 4,Fin (Dashboard),NORAM,UK,0,1,1
ISSUING,Card Management,Standard,Tier 4,Fin (Dashboard),Unknown,APAC,0,1,1
ISSUING,Card Management,Unmapped,Unknown,Email (Internal),Unknown,Unknown,1,0,1
ISSUING,Card Management,Unmapped,Unknown,Email (Merchant),Unknown,Unknown,4,0,4
ISSUING,Card Management,Unmapped,Unknown,Fin (Dashboard),Unknown,Unknown,0,1,1
ISSUING,Issuing Digital Wallets,Enterprise,Tier 2,Email (Internal),NORAM,UK,1,0,1
ISSUING,Issuing Digital Wallets,Enterprise,Tier 2,Webform & API,NORAM,UK,1,0,1
ISSUING,Issuing Digital Wallets,Standard,Tier 3,Email (Merchant),UK,UK,2,0,2
ISSUING,Issuing Digital Wallets,Standard,Tier 3,Other,UK,UK,3,0,3
ISSUING,Issuing Digital Wallets,Standard,Tier 3,Webform & API,UK,UK,4,0,4
ISSUING,Issuing Digital Wallets,Standard,Tier 4,Email (Internal),NORAM,Mauritius,1,0,1
ISSUING,Issuing Digital Wallets,Standard,Tier 4,Email (Merchant),NORAM,Mauritius,1,0,1
ISSUING,Issuing Digital Wallets,Standard,Tier 4,Email (Merchant),Unknown,EEA,2,0,2
ISSUING,Issuing Digital Wallets,Standard,Tier 4,Webform & API,NORAM,Mauritius,1,0,1
ISSUING,"Issuing Transactions, Money & Reports",Enterprise,Tier 1,Email (Internal),UAE,MENA,1,0,1
ISSUING,"Issuing Transactions, Money & Reports",Enterprise,Tier 1,Email (Internal),WW,MENA,1,0,1
ISSUING,"Issuing Transactions, Money & Reports",Enterprise,Tier 2,Email (Internal),NORAM,UK,2,0,2
ISSUING,"Issuing Transactions, Money & Reports",Enterprise,Tier 2,Email (Internal),UK,UK,1,0,1
ISSUING,"Issuing Transactions, Money & Reports",Enterprise,Tier 2,Email (Merchant),Southern Europe,EEA,1,0,1
ISSUING,"Issuing Transactions, Money & Reports",Enterprise,Tier 2,Email (Merchant),UAE,MENA,1,0,1
ISSUING,"Issuing Transactions, Money & Reports",Enterprise,Tier 2,Email (Merchant),UK,UK,15,0,15
ISSUING,"Issuing Transactions, Money & Reports",Enterprise,Tier 2,Other,UK,UK,2,0,2
ISSUING,"Issuing Transactions, Money & Reports",Enterprise,Tier 2,Webform & API,NORAM,UK,7,0,7
ISSUING,"Issuing Transactions, Money & Reports",Enterprise,Tier 2,Webform & API,UK,Issuing,1,0,1
ISSUING,"Issuing Transactions, Money & Reports",Enterprise,Tier 2,Webform & API,UK,UK,19,0,19
ISSUING,"Issuing Transactions, Money & Reports",Standard,Tier 3,Email (Internal),Central Europe,EEA,1,0,1
ISSUING,"Issuing Transactions, Money & Reports",Standard,Tier 3,Fin (Dashboard),Northern Europe,EEA,0,2,2
ISSUING,"Issuing Transactions, Money & Reports",Standard,Tier 3,Fin (Dashboard),UAE,MENA,0,1,1
ISSUING,"Issuing Transactions, Money & Reports",Standard,Tier 3,Fin (Dashboard),UK,UK,0,1,1
ISSUING,"Issuing Transactions, Money & Reports",Standard,Tier 3,Webform & API,UK,UK,2,0,2
ISSUING,"Issuing Transactions, Money & Reports",Standard,Tier 4,Email (Internal),NORAM,Mauritius,2,0,2
ISSUING,"Issuing Transactions, Money & Reports",Standard,Tier 4,Email (Internal),Unknown,UK,1,0,1
ISSUING,"Issuing Transactions, Money & Reports",Standard,Tier 4,Email (Merchant),Central Europe,EEA,3,0,3
ISSUING,"Issuing Transactions, Money & Reports",Standard,Tier 4,Email (Merchant),NORAM,Mauritius,2,0,2
ISSUING,"Issuing Transactions, Money & Reports",Standard,Tier 4,Email (Merchant),UAE,MENA,1,0,1
ISSUING,"Issuing Transactions, Money & Reports",Standard,Tier 4,Email (Merchant),Unknown,UK,1,0,1
ISSUING,"Issuing Transactions, Money & Reports",Standard,Tier 4,Fin (Dashboard),Central Europe,EEA,0,1,1
ISSUING,"Issuing Transactions, Money & Reports",Standard,Tier 4,Webform & API,Central Europe,Mauritius,1,0,1
ISSUING,"Issuing Transactions, Money & Reports",Standard,Tier 4,Webform & API,NORAM,Mauritius,4,0,4
ISSUING,"Issuing Transactions, Money & Reports",Standard,Tier 4,Webform & API,Unknown,UK,2,0,2
ISSUING,"Issuing Transactions, Money & Reports",Unmapped,Unknown,Email (Internal),Unknown,Unknown,2,0,2
ISSUING,"Issuing Transactions, Money & Reports",Unmapped,Unknown,Email (Merchant),Unknown,Unknown,1,0,1
ISSUING,"Issuing Transactions, Money & Reports",Unmapped,Unknown,Fin (Dashboard),Unknown,Unknown,0,1,1
ISSUING,Logistics,Enterprise,Tier 2,Email (Internal),UK,UK,1,0,1
ISSUING,Logistics,Enterprise,Tier 2,Email (Merchant),UK,UK,8,0,8
ISSUING,Logistics,Enterprise,Tier 2,Other,UK,UK,1,0,1
ISSUING,Logistics,Enterprise,Tier 2,Webform & API,UK,UK,8,0,8
ISSUING,Logistics,Unmapped,Unknown,Email (Internal),Unknown,Unknown,1,0,1
ISSUING,Mobile App / SDK,Enterprise,Tier 2,Email (Merchant),UK,UK,1,0,1
ISSUING,Mobile App / SDK,Unmapped,Unknown,Email (Merchant),Unknown,Unknown,1,0,1
NON MERCHANT REQUESTS,New issue type/s,Enterprise,Tier 1,Email (Internal),UK,EEA,2,0,2
NON MERCHANT REQUESTS,New issue type/s,Enterprise,Tier 1,Email (Internal),WW,EEA,1,0,1
NON MERCHANT REQUESTS,New issue type/s,Enterprise,Tier 1,Email (Internal),WW,Mauritius,2,0,2
NON MERCHANT REQUESTS,New issue type/s,Enterprise,Tier 1,Email (Merchant),Crypto,Crypto,1,0,1
NON MERCHANT REQUESTS,New issue type/s,Enterprise,Tier 1,Email (Merchant),NORAM,Crypto,1,0,1
NON MERCHANT REQUESTS,New issue type/s,Enterprise,Tier 1,Email (Merchant),UK,EEA,3,0,3
NON MERCHANT REQUESTS,New issue type/s,Enterprise,Tier 1,Email (Merchant),UK,Mauritius,1,0,1
NON MERCHANT REQUESTS,New issue type/s,Enterprise,Tier 1,Email (Merchant),UK,UK,1,0,1
NON MERCHANT REQUESTS,New issue type/s,Enterprise,Tier 1,Email (Merchant),WW,Mauritius,1,0,1
NON MERCHANT REQUESTS,New issue type/s,Enterprise,Tier 1,Email (Merchant),WW,UK,1,0,1
NON MERCHANT REQUESTS,New issue type/s,Enterprise,Tier 2,Email (Internal),Crypto,Crypto,1,0,1
NON MERCHANT REQUESTS,New issue type/s,Enterprise,Tier 2,Email (Internal),EU,EEA,1,0,1
NON MERCHANT REQUESTS,New issue type/s,Enterprise,Tier 2,Email (Internal),Northern Europe,EEA,2,0,2
NON MERCHANT REQUESTS,New issue type/s,Enterprise,Tier 2,Email (Internal),Singapore/ANZ,APAC,1,0,1
NON MERCHANT REQUESTS,New issue type/s,Enterprise,Tier 2,Email (Internal),Southern Europe,EEA,1,0,1
NON MERCHANT REQUESTS,New issue type/s,Enterprise,Tier 2,Email (Internal),UK,EEA,1,0,1
NON MERCHANT REQUESTS,New issue type/s,Enterprise,Tier 2,Email (Merchant),Crypto,Crypto,3,0,3
NON MERCHANT REQUESTS,New issue type/s,Enterprise,Tier 2,Email (Merchant),UK,APAC,1,0,1
NON MERCHANT REQUESTS,New issue type/s,Enterprise,Tier 3,Email (Internal),Central Europe,EEA,1,0,1
NON MERCHANT REQUESTS,New issue type/s,Enterprise,Tier 4,Email (Internal),UK,UK,1,0,1
NON MERCHANT REQUESTS,New issue type/s,Enterprise,Unknown,Email (Internal),Unknown,Unknown,1,0,1
NON MERCHANT REQUESTS,New issue type/s,Premium,Tier 1,Email (Internal),Crypto,Crypto,1,0,1
NON MERCHANT REQUESTS,New issue type/s,Premium,Tier 1,Email (Internal),GCR,APAC,1,0,1
NON MERCHANT REQUESTS,New issue type/s,Premium,Tier 1,Email (Internal),NORAM,EEA,1,0,1
NON MERCHANT REQUESTS,New issue type/s,Premium,Tier 1,Email (Internal),NORAM,UK,1,0,1
NON MERCHANT REQUESTS,New issue type/s,Premium,Tier 1,Email (Internal),Singapore/ANZ,NORAM,1,0,1
NON MERCHANT REQUESTS,New issue type/s,Premium,Tier 1,Email (Internal),Southern Europe,EEA,1,0,1
NON MERCHANT REQUESTS,New issue type/s,Premium,Tier 1,Email (Internal),Unknown,UK,1,0,1
NON MERCHANT REQUESTS,New issue type/s,Premium,Tier 1,Email (Internal),WW,MENA,1,0,1
NON MERCHANT REQUESTS,New issue type/s,Premium,Tier 1,Email (Internal),WW,UK,1,0,1
NON MERCHANT REQUESTS,New issue type/s,Premium,Tier 1,Email (Merchant),Crypto,Crypto,1,0,1
NON MERCHANT REQUESTS,New issue type/s,Premium,Tier 1,Email (Merchant),GCR,APAC,1,0,1
NON MERCHANT REQUESTS,New issue type/s,Premium,Tier 1,Email (Merchant),NORAM,Israel,1,0,1
NON MERCHANT REQUESTS,New issue type/s,Premium,Tier 1,Email (Merchant),SAT,NORAM,1,0,1
NON MERCHANT REQUESTS,New issue type/s,Premium,Tier 1,Email (Merchant),Singapore/ANZ,APAC,1,0,1
NON MERCHANT REQUESTS,New issue type/s,Premium,Tier 1,Email (Merchant),Singapore/ANZ,NORAM,1,0,1
NON MERCHANT REQUESTS,New issue type/s,Premium,Tier 1,Email (Merchant),UK,UK,4,0,4
NON MERCHANT REQUESTS,New issue type/s,Premium,Tier 1,Other,UK,UK,1,0,1
NON MERCHANT REQUESTS,New issue type/s,Premium,Tier 1,Other,Unknown,UK,1,0,1
NON MERCHANT REQUESTS,New issue type/s,Premium,Tier 1,Other,WW,APAC,1,0,1
NON MERCHANT REQUESTS,New issue type/s,Premium,Tier 1,Other,WW,EEA,1,0,1
NON MERCHANT REQUESTS,New issue type/s,Standard,Tier 2,Email (Internal),UK,UK,1,0,1
NON MERCHANT REQUESTS,New issue type/s,Standard,Tier 3,Email (Internal),Singapore/ANZ,APAC,1,0,1
NON MERCHANT REQUESTS,New issue type/s,Standard,Tier 3,Email (Internal),Southern Europe,EEA,1,0,1
NON MERCHANT REQUESTS,New issue type/s,Standard,Tier 3,Email (Internal),UAE,MENA,1,0,1
NON MERCHANT REQUESTS,New issue type/s,Standard,Tier 3,Email (Internal),Unknown,UK,1,0,1
NON MERCHANT REQUESTS,New issue type/s,Standard,Tier 3,Email (Merchant),NORAM,Israel,1,0,1
NON MERCHANT REQUESTS,New issue type/s,Standard,Tier 3,Email (Merchant),Northern Europe,EEA,2,0,2
NON MERCHANT REQUESTS,New issue type/s,Standard,Tier 3,Email (Merchant),UAE,Mauritius,2,0,2
NON MERCHANT REQUESTS,New issue type/s,Standard,Tier 3,Email (Merchant),UK,UK,1,0,1
NON MERCHANT REQUESTS,New issue type/s,Standard,Tier 3,Email (Merchant),Unknown,Mauritius,1,0,1
NON MERCHANT REQUESTS,New issue type/s,Standard,Tier 3,Fin (Dashboard),Central Europe,EEA,0,1,1
NON MERCHANT REQUESTS,New issue type/s,Standard,Tier 3,Other,UK,EEA,1,0,1
NON MERCHANT REQUESTS,New issue type/s,Standard,Tier 3,Other,UK,UK,1,0,1
NON MERCHANT REQUESTS,New issue type/s,Standard,Tier 4,Email (Internal),Mauritius,Mauritius,1,0,1
NON MERCHANT REQUESTS,New issue type/s,Standard,Tier 4,Email (Internal),Northern Europe,Mauritius,1,0,1
NON MERCHANT REQUESTS,New issue type/s,Standard,Tier 4,Email (Internal),UAE,MENA,1,0,1
NON MERCHANT REQUESTS,New issue type/s,Standard,Tier 4,Email (Internal),UAE,Mauritius,1,0,1
NON MERCHANT REQUESTS,New issue type/s,Standard,Tier 4,Email (Internal),UK,Mauritius,1,0,1
NON MERCHANT REQUESTS,New issue type/s,Standard,Tier 4,Email (Internal),UK,NORAM,1,0,1
NON MERCHANT REQUESTS,New issue type/s,Standard,Tier 4,Email (Internal),Unknown,UK,1,0,1
NON MERCHANT REQUESTS,New issue type/s,Standard,Tier 4,Email (Merchant),EU,Mauritius,1,0,1
NON MERCHANT REQUESTS,New issue type/s,Standard,Tier 4,Email (Merchant),Northern Europe,Mauritius,1,0,1
NON MERCHANT REQUESTS,New issue type/s,Standard,Tier 4,Email (Merchant),UAE,MENA,1,0,1
NON MERCHANT REQUESTS,New issue type/s,Standard,Tier 4,Email (Merchant),UK,UK,3,0,3
NON MERCHANT REQUESTS,New issue type/s,Standard,Tier 4,Email (Merchant),Unknown,APAC,1,0,1
NON MERCHANT REQUESTS,New issue type/s,Standard,Tier 4,Email (Merchant),Unknown,Crypto,1,0,1
NON MERCHANT REQUESTS,New issue type/s,Standard,Tier 4,Email (Merchant),WW,WW,2,0,2
NON MERCHANT REQUESTS,New issue type/s,Standard,Tier 4,Other,UAE,MENA,2,0,2
NON MERCHANT REQUESTS,New issue type/s,Standard,Tier 4,Other,UAE,UK,1,0,1
NON MERCHANT REQUESTS,New issue type/s,Standard,Tier 4,Other,UK,UK,2,0,2
NON MERCHANT REQUESTS,New issue type/s,Unmapped,Unknown,Email (Internal),Unknown,Unknown,40,0,40
NON MERCHANT REQUESTS,New issue type/s,Unmapped,Unknown,Email (Merchant),Unknown,Unknown,437,0,437
NON MERCHANT REQUESTS,New issue type/s,Unmapped,Unknown,Other,Unknown,Unknown,36,0,36
NON MERCHANT REQUESTS,New issue type/s,Unmapped,Unknown,Webform & API,Unknown,Unknown,3,0,3
PAYMENTS (IN),Authentication (3DS),Enterprise,Tier 1,Email (Internal),Crypto,Crypto,10,0,10
PAYMENTS (IN),Authentication (3DS),Enterprise,Tier 1,Email (Internal),GCR,APAC,1,0,1
PAYMENTS (IN),Authentication (3DS),Enterprise,Tier 1,Email (Internal),NORAM,Crypto,1,0,1
PAYMENTS (IN),Authentication (3DS),Enterprise,Tier 1,Email (Internal),NORAM,UK,4,0,4
PAYMENTS (IN),Authentication (3DS),Enterprise,Tier 1,Email (Internal),Singapore/ANZ,APAC,1,0,1
PAYMENTS (IN),Authentication (3DS),Enterprise,Tier 1,Email (Internal),UAE,MENA,4,0,4
PAYMENTS (IN),Authentication (3DS),Enterprise,Tier 1,Email (Internal),UK,EEA,1,0,1
PAYMENTS (IN),Authentication (3DS),Enterprise,Tier 1,Email (Internal),UK,UK,2,0,2
PAYMENTS (IN),Authentication (3DS),Enterprise,Tier 1,Email (Internal),Unknown,NORAM,1,0,1
PAYMENTS (IN),Authentication (3DS),Enterprise,Tier 1,Email (Internal),WW,EEA,1,0,1
PAYMENTS (IN),Authentication (3DS),Enterprise,Tier 1,Email (Internal),WW,MENA,1,0,1
PAYMENTS (IN),Authentication (3DS),Enterprise,Tier 1,Email (Merchant),Crypto,Crypto,25,0,25
PAYMENTS (IN),Authentication (3DS),Enterprise,Tier 1,Email (Merchant),Crypto,EEA,1,0,1
PAYMENTS (IN),Authentication (3DS),Enterprise,Tier 1,Email (Merchant),GCR,APAC,2,0,2
PAYMENTS (IN),Authentication (3DS),Enterprise,Tier 1,Email (Merchant),NORAM,UK,8,0,8
PAYMENTS (IN),Authentication (3DS),Enterprise,Tier 1,Email (Merchant),UAE,MENA,13,0,13
PAYMENTS (IN),Authentication (3DS),Enterprise,Tier 1,Email (Merchant),UK,APAC,1,0,1
PAYMENTS (IN),Authentication (3DS),Enterprise,Tier 1,Email (Merchant),UK,Crypto,3,0,3
PAYMENTS (IN),Authentication (3DS),Enterprise,Tier 1,Email (Merchant),UK,UK,22,0,22
PAYMENTS (IN),Authentication (3DS),Enterprise,Tier 1,Email (Merchant),Unknown,UK,2,0,2
PAYMENTS (IN),Authentication (3DS),Enterprise,Tier 1,Email (Merchant),WW,EEA,3,0,3
PAYMENTS (IN),Authentication (3DS),Enterprise,Tier 1,Email (Merchant),WW,MENA,4,0,4
PAYMENTS (IN),Authentication (3DS),Enterprise,Tier 1,Email (Merchant),WW,Mauritius,1,0,1
PAYMENTS (IN),Authentication (3DS),Enterprise,Tier 1,Email (Merchant),WW,UK,1,0,1
PAYMENTS (IN),Authentication (3DS),Enterprise,Tier 1,Fin (Dashboard),Unknown,NORAM,0,1,1
PAYMENTS (IN),Authentication (3DS),Enterprise,Tier 1,Fin (Dashboard),WW,UK,1,0,1
PAYMENTS (IN),Authentication (3DS),Enterprise,Tier 1,Other,Crypto,Crypto,1,0,1
PAYMENTS (IN),Authentication (3DS),Enterprise,Tier 1,Other,GCR,APAC,1,0,1
PAYMENTS (IN),Authentication (3DS),Enterprise,Tier 1,Other,WW,MENA,1,0,1
PAYMENTS (IN),Authentication (3DS),Enterprise,Tier 1,Webform & API,Crypto,Crypto,1,0,1
PAYMENTS (IN),Authentication (3DS),Enterprise,Tier 1,Webform & API,Crypto,EEA,5,0,5
PAYMENTS (IN),Authentication (3DS),Enterprise,Tier 1,Webform & API,NORAM,Crypto,1,0,1
PAYMENTS (IN),Authentication (3DS),Enterprise,Tier 1,Webform & API,UAE,MENA,1,0,1
PAYMENTS (IN),Authentication (3DS),Enterprise,Tier 1,Webform & API,UK,Crypto,1,0,1
PAYMENTS (IN),Authentication (3DS),Enterprise,Tier 1,Webform & API,UK,UK,5,0,5
PAYMENTS (IN),Authentication (3DS),Enterprise,Tier 1,Webform & API,Unknown,NORAM,2,0,2
PAYMENTS (IN),Authentication (3DS),Enterprise,Tier 2,Email (Internal),Central Europe,EEA,2,0,2
PAYMENTS (IN),Authentication (3DS),Enterprise,Tier 2,Email (Internal),Crypto,Crypto,2,0,2
PAYMENTS (IN),Authentication (3DS),Enterprise,Tier 2,Email (Internal),EU,EEA,2,0,2
PAYMENTS (IN),Authentication (3DS),Enterprise,Tier 2,Email (Internal),KSA,EEA,7,0,7
PAYMENTS (IN),Authentication (3DS),Enterprise,Tier 2,Email (Internal),KSA,Unknown,2,0,2
PAYMENTS (IN),Authentication (3DS),Enterprise,Tier 2,Email (Internal),NORAM,NORAM,3,0,3
PAYMENTS (IN),Authentication (3DS),Enterprise,Tier 2,Email (Internal),NORAM,UK,6,0,6
PAYMENTS (IN),Authentication (3DS),Enterprise,Tier 2,Email (Internal),Northern Europe,EEA,2,0,2
PAYMENTS (IN),Authentication (3DS),Enterprise,Tier 2,Email (Internal),Singapore/ANZ,APAC,1,0,1
PAYMENTS (IN),Authentication (3DS),Enterprise,Tier 2,Email (Internal),Southern Europe,EEA,3,0,3
PAYMENTS (IN),Authentication (3DS),Enterprise,Tier 2,Email (Internal),UAE,MENA,6,0,6
PAYMENTS (IN),Authentication (3DS),Enterprise,Tier 2,Email (Internal),UK,EEA,1,0,1
PAYMENTS (IN),Authentication (3DS),Enterprise,Tier 2,Email (Internal),UK,UK,11,0,11
PAYMENTS (IN),Authentication (3DS),Enterprise,Tier 2,Email (Internal),Unknown,EEA,1,0,1
PAYMENTS (IN),Authentication (3DS),Enterprise,Tier 2,Email (Internal),Unknown,MENA,2,0,2
PAYMENTS (IN),Authentication (3DS),Enterprise,Tier 2,Email (Internal),WW,EEA,2,0,2
PAYMENTS (IN),Authentication (3DS),Enterprise,Tier 2,Email (Internal),WW,MENA,1,0,1
PAYMENTS (IN),Authentication (3DS),Enterprise,Tier 2,Email (Internal),WW,UK,1,0,1
PAYMENTS (IN),Authentication (3DS),Enterprise,Tier 2,Email (Merchant),Central Europe,EEA,3,0,3
PAYMENTS (IN),Authentication (3DS),Enterprise,Tier 2,Email (Merchant),Crypto,Crypto,23,0,23
PAYMENTS (IN),Authentication (3DS),Enterprise,Tier 2,Email (Merchant),EU,EEA,4,0,4
PAYMENTS (IN),Authentication (3DS),Enterprise,Tier 2,Email (Merchant),GCR,APAC,1,0,1
PAYMENTS (IN),Authentication (3DS),Enterprise,Tier 2,Email (Merchant),NORAM,NORAM,3,0,3
PAYMENTS (IN),Authentication (3DS),Enterprise,Tier 2,Email (Merchant),NORAM,UK,5,0,5
PAYMENTS (IN),Authentication (3DS),Enterprise,Tier 2,Email (Merchant),Singapore/ANZ,APAC,2,0,2
PAYMENTS (IN),Authentication (3DS),Enterprise,Tier 2,Email (Merchant),Southern Europe,EEA,1,0,1
PAYMENTS (IN),Authentication (3DS),Enterprise,Tier 2,Email (Merchant),UAE,MENA,27,0,27
PAYMENTS (IN),Authentication (3DS),Enterprise,Tier 2,Email (Merchant),UK,EEA,3,0,3
PAYMENTS (IN),Authentication (3DS),Enterprise,Tier 2,Email (Merchant),UK,UK,16,0,16
PAYMENTS (IN),Authentication (3DS),Enterprise,Tier 2,Email (Merchant),Unknown,EEA,1,0,1
PAYMENTS (IN),Authentication (3DS),Enterprise,Tier 2,Email (Merchant),Unknown,MENA,1,0,1
PAYMENTS (IN),Authentication (3DS),Enterprise,Tier 2,Email (Merchant),Unknown,NORAM,1,0,1
PAYMENTS (IN),Authentication (3DS),Enterprise,Tier 2,Email (Merchant),WW,MENA,3,0,3
PAYMENTS (IN),Authentication (3DS),Enterprise,Tier 2,Email (Merchant),WW,Mauritius,1,0,1
PAYMENTS (IN),Authentication (3DS),Enterprise,Tier 2,Email (Merchant),WW,UK,1,0,1
PAYMENTS (IN),Authentication (3DS),Enterprise,Tier 2,Fin (Dashboard),GCR,APAC,0,1,1
PAYMENTS (IN),Authentication (3DS),Enterprise,Tier 2,Fin (Dashboard),NORAM,Crypto,0,1,1
PAYMENTS (IN),Authentication (3DS),Enterprise,Tier 2,Fin (Dashboard),UK,UK,1,1,2
PAYMENTS (IN),Authentication (3DS),Enterprise,Tier 2,Other,Central Europe,EEA,1,0,1
PAYMENTS (IN),Authentication (3DS),Enterprise,Tier 2,Other,Crypto,Crypto,2,0,2
PAYMENTS (IN),Authentication (3DS),Enterprise,Tier 2,Other,NORAM,UK,2,0,2
PAYMENTS (IN),Authentication (3DS),Enterprise,Tier 2,Other,Singapore/ANZ,APAC,1,0,1
PAYMENTS (IN),Authentication (3DS),Enterprise,Tier 2,Other,Southern Europe,EEA,2,0,2
PAYMENTS (IN),Authentication (3DS),Enterprise,Tier 2,Other,UAE,MENA,3,0,3
PAYMENTS (IN),Authentication (3DS),Enterprise,Tier 2,Other,UK,EEA,1,0,1
PAYMENTS (IN),Authentication (3DS),Enterprise,Tier 2,Other,UK,UK,11,0,11
PAYMENTS (IN),Authentication (3DS),Enterprise,Tier 2,Other,Unknown,MENA,3,0,3
PAYMENTS (IN),Authentication (3DS),Enterprise,Tier 2,Other,WW,EEA,2,0,2
PAYMENTS (IN),Authentication (3DS),Enterprise,Tier 2,Webform & API,Central Europe,EEA,2,0,2
PAYMENTS (IN),Authentication (3DS),Enterprise,Tier 2,Webform & API,Crypto,Crypto,14,0,14
PAYMENTS (IN),Authentication (3DS),Enterprise,Tier 2,Webform & API,EU,EEA,4,0,4
PAYMENTS (IN),Authentication (3DS),Enterprise,Tier 2,Webform & API,Issuing,UK,1,0,1
PAYMENTS (IN),Authentication (3DS),Enterprise,Tier 2,Webform & API,NORAM,EEA,1,0,1
PAYMENTS (IN),Authentication (3DS),Enterprise,Tier 2,Webform & API,NORAM,UK,2,0,2
PAYMENTS (IN),Authentication (3DS),Enterprise,Tier 2,Webform & API,Singapore/ANZ,APAC,2,0,2
PAYMENTS (IN),Authentication (3DS),Enterprise,Tier 2,Webform & API,Southern Europe,EEA,2,0,2
PAYMENTS (IN),Authentication (3DS),Enterprise,Tier 2,Webform & API,UAE,MENA,3,0,3
PAYMENTS (IN),Authentication (3DS),Enterprise,Tier 2,Webform & API,UK,EEA,1,0,1
PAYMENTS (IN),Authentication (3DS),Enterprise,Tier 2,Webform & API,UK,UK,9,0,9
PAYMENTS (IN),Authentication (3DS),Enterprise,Tier 2,Webform & API,WW,EEA,4,0,4
PAYMENTS (IN),Authentication (3DS),Enterprise,Tier 2,Webform & API,WW,MENA,1,0,1
PAYMENTS (IN),Authentication (3DS),Enterprise,Tier 3,Email (Internal),Northern Europe,EEA,1,0,1
PAYMENTS (IN),Authentication (3DS),Enterprise,Tier 3,Email (Internal),UAE,MENA,2,0,2
PAYMENTS (IN),Authentication (3DS),Enterprise,Tier 3,Email (Internal),UK,UK,1,0,1
PAYMENTS (IN),Authentication (3DS),Enterprise,Tier 3,Email (Merchant),Central Europe,EEA,1,0,1
PAYMENTS (IN),Authentication (3DS),Enterprise,Tier 3,Email (Merchant),GCR,APAC,1,0,1
PAYMENTS (IN),Authentication (3DS),Enterprise,Tier 3,Email (Merchant),Singapore/ANZ,APAC,1,0,1
PAYMENTS (IN),Authentication (3DS),Enterprise,Tier 3,Email (Merchant),UAE,MENA,5,0,5
PAYMENTS (IN),Authentication (3DS),Enterprise,Tier 3,Email (Merchant),WW,Israel,2,0,2
PAYMENTS (IN),Authentication (3DS),Enterprise,Tier 3,Webform & API,UAE,MENA,2,0,2
PAYMENTS (IN),Authentication (3DS),Enterprise,Tier 3,Webform & API,Unknown,EEA,1,0,1
PAYMENTS (IN),Authentication (3DS),Enterprise,Tier 4,Email (Internal),UAE,MENA,2,0,2
PAYMENTS (IN),Authentication (3DS),Enterprise,Tier 4,Webform & API,UAE,MENA,1,0,1
PAYMENTS (IN),Authentication (3DS),Premium,Tier 1,Email (Internal),Crypto,Crypto,3,0,3
PAYMENTS (IN),Authentication (3DS),Premium,Tier 1,Email (Internal),GCR,APAC,7,0,7
PAYMENTS (IN),Authentication (3DS),Premium,Tier 1,Email (Internal),NORAM,UK,2,0,2
PAYMENTS (IN),Authentication (3DS),Premium,Tier 1,Email (Internal),UAE,MENA,8,0,8
PAYMENTS (IN),Authentication (3DS),Premium,Tier 1,Email (Internal),UK,UK,6,0,6
PAYMENTS (IN),Authentication (3DS),Premium,Tier 1,Email (Internal),WW,APAC,4,0,4
PAYMENTS (IN),Authentication (3DS),Premium,Tier 1,Email (Internal),WW,EEA,4,0,4
PAYMENTS (IN),Authentication (3DS),Premium,Tier 1,Email (Internal),WW,MENA,1,0,1
PAYMENTS (IN),Authentication (3DS),Premium,Tier 1,Email (Internal),WW,UK,1,0,1
PAYMENTS (IN),Authentication (3DS),Premium,Tier 1,Email (Merchant),Crypto,Crypto,1,0,1
PAYMENTS (IN),Authentication (3DS),Premium,Tier 1,Email (Merchant),GCR,APAC,13,0,13
PAYMENTS (IN),Authentication (3DS),Premium,Tier 1,Email (Merchant),NORAM,Israel,4,0,4
PAYMENTS (IN),Authentication (3DS),Premium,Tier 1,Email (Merchant),NORAM,NORAM,1,0,1
PAYMENTS (IN),Authentication (3DS),Premium,Tier 1,Email (Merchant),NORAM,UK,6,0,6
PAYMENTS (IN),Authentication (3DS),Premium,Tier 1,Email (Merchant),SAT,SAT,2,0,2
PAYMENTS (IN),Authentication (3DS),Premium,Tier 1,Email (Merchant),Singapore/ANZ,APAC,1,0,1
PAYMENTS (IN),Authentication (3DS),Premium,Tier 1,Email (Merchant),UAE,MENA,27,0,27
PAYMENTS (IN),Authentication (3DS),Premium,Tier 1,Email (Merchant),UK,Crypto,5,0,5
PAYMENTS (IN),Authentication (3DS),Premium,Tier 1,Email (Merchant),UK,EEA,1,0,1
PAYMENTS (IN),Authentication (3DS),Premium,Tier 1,Email (Merchant),UK,UK,4,0,4
PAYMENTS (IN),Authentication (3DS),Premium,Tier 1,Email (Merchant),Unknown,Crypto,1,0,1
PAYMENTS (IN),Authentication (3DS),Premium,Tier 1,Email (Merchant),WW,APAC,4,0,4
PAYMENTS (IN),Authentication (3DS),Premium,Tier 1,Email (Merchant),WW,EEA,8,0,8
PAYMENTS (IN),Authentication (3DS),Premium,Tier 1,Email (Merchant),WW,MENA,1,0,1
PAYMENTS (IN),Authentication (3DS),Premium,Tier 1,Email (Merchant),WW,UK,17,0,17
PAYMENTS (IN),Authentication (3DS),Premium,Tier 1,Email (Merchant),WW,WW,1,0,1
PAYMENTS (IN),Authentication (3DS),Premium,Tier 1,Fin (Dashboard),Crypto,Crypto,1,0,1
PAYMENTS (IN),Authentication (3DS),Premium,Tier 1,Fin (Dashboard),NORAM,EEA,0,1,1
PAYMENTS (IN),Authentication (3DS),Premium,Tier 1,Fin (Dashboard),NORAM,UK,0,1,1
PAYMENTS (IN),Authentication (3DS),Premium,Tier 1,Fin (Dashboard),UAE,MENA,0,1,1
PAYMENTS (IN),Authentication (3DS),Premium,Tier 1,Fin (Dashboard),UK,Crypto,0,2,2
PAYMENTS (IN),Authentication (3DS),Premium,Tier 1,Fin (Dashboard),UK,UK,0,5,5
PAYMENTS (IN),Authentication (3DS),Premium,Tier 1,Fin (Dashboard),Unknown,UK,0,1,1
PAYMENTS (IN),Authentication (3DS),Premium,Tier 1,Fin (Dashboard),WW,EEA,0,1,1
PAYMENTS (IN),Authentication (3DS),Premium,Tier 1,Fin (Dashboard),WW,UK,0,1,1
PAYMENTS (IN),Authentication (3DS),Premium,Tier 1,Other,NORAM,EEA,2,0,2
PAYMENTS (IN),Authentication (3DS),Premium,Tier 1,Other,WW,EEA,8,0,8
PAYMENTS (IN),Authentication (3DS),Premium,Tier 1,Webform & API,Crypto,Crypto,2,0,2
PAYMENTS (IN),Authentication (3DS),Premium,Tier 1,Webform & API,NORAM,Israel,1,0,1
PAYMENTS (IN),Authentication (3DS),Premium,Tier 1,Webform & API,Northern Europe,EEA,1,0,1
PAYMENTS (IN),Authentication (3DS),Premium,Tier 1,Webform & API,SAT,SAT,1,0,1
PAYMENTS (IN),Authentication (3DS),Premium,Tier 1,Webform & API,UAE,MENA,8,0,8
PAYMENTS (IN),Authentication (3DS),Premium,Tier 1,Webform & API,UK,EEA,6,0,6
PAYMENTS (IN),Authentication (3DS),Premium,Tier 1,Webform & API,UK,UK,45,0,45
PAYMENTS (IN),Authentication (3DS),Premium,Tier 1,Webform & API,WW,EEA,2,0,2
PAYMENTS (IN),Authentication (3DS),Premium,Tier 1,Webform & API,WW,UK,1,0,1
PAYMENTS (IN),Authentication (3DS),Standard,Tier 2,Email (Internal),UK,UK,1,0,1
PAYMENTS (IN),Authentication (3DS),Standard,Tier 2,Email (Merchant),GCR,Crypto,1,0,1
PAYMENTS (IN),Authentication (3DS),Standard,Tier 2,Email (Merchant),NORAM,UK,1,0,1
PAYMENTS (IN),Authentication (3DS),Standard,Tier 2,Email (Merchant),Singapore/ANZ,APAC,2,0,2
PAYMENTS (IN),Authentication (3DS),Standard,Tier 2,Email (Merchant),UK,UK,1,0,1
PAYMENTS (IN),Authentication (3DS),Standard,Tier 2,Email (Merchant),Unknown,APAC,2,0,2
PAYMENTS (IN),Authentication (3DS),Standard,Tier 2,Email (Merchant),WW,UK,1,0,1
PAYMENTS (IN),Authentication (3DS),Standard,Tier 2,Fin (Dashboard),Crypto,Crypto,0,3,3
PAYMENTS (IN),Authentication (3DS),Standard,Tier 2,Fin (Dashboard),UK,UK,0,1,1
PAYMENTS (IN),Authentication (3DS),Standard,Tier 2,Other,Crypto,Crypto,2,0,2
PAYMENTS (IN),Authentication (3DS),Standard,Tier 2,Other,GCR,Crypto,1,0,1
PAYMENTS (IN),Authentication (3DS),Standard,Tier 2,Webform & API,Crypto,Crypto,1,0,1
PAYMENTS (IN),Authentication (3DS),Standard,Tier 2,Webform & API,GCR,Crypto,3,0,3
PAYMENTS (IN),Authentication (3DS),Standard,Tier 2,Webform & API,UAE,MENA,2,0,2
PAYMENTS (IN),Authentication (3DS),Standard,Tier 2,Webform & API,UK,UK,2,0,2
PAYMENTS (IN),Authentication (3DS),Standard,Tier 3,Email (Internal),Central Europe,EEA,3,0,3
PAYMENTS (IN),Authentication (3DS),Standard,Tier 3,Email (Internal),Crypto,Crypto,4,0,4
PAYMENTS (IN),Authentication (3DS),Standard,Tier 3,Email (Internal),GCR,APAC,1,0,1
PAYMENTS (IN),Authentication (3DS),Standard,Tier 3,Email (Internal),Issuing,EEA,1,0,1
PAYMENTS (IN),Authentication (3DS),Standard,Tier 3,Email (Internal),NORAM,Israel,1,0,1
PAYMENTS (IN),Authentication (3DS),Standard,Tier 3,Email (Internal),NORAM,NORAM,1,0,1
PAYMENTS (IN),Authentication (3DS),Standard,Tier 3,Email (Internal),NORAM,UK,1,0,1
PAYMENTS (IN),Authentication (3DS),Standard,Tier 3,Email (Internal),Northern Europe,EEA,5,0,5
PAYMENTS (IN),Authentication (3DS),Standard,Tier 3,Email (Internal),Singapore/ANZ,APAC,2,0,2
PAYMENTS (IN),Authentication (3DS),Standard,Tier 3,Email (Internal),Southern Europe,EEA,1,0,1
PAYMENTS (IN),Authentication (3DS),Standard,Tier 3,Email (Internal),UAE,MENA,8,0,8
PAYMENTS (IN),Authentication (3DS),Standard,Tier 3,Email (Internal),UK,EEA,4,0,4
PAYMENTS (IN),Authentication (3DS),Standard,Tier 3,Email (Internal),UK,UK,2,0,2
PAYMENTS (IN),Authentication (3DS),Standard,Tier 3,Email (Internal),Unknown,EEA,2,0,2
PAYMENTS (IN),Authentication (3DS),Standard,Tier 3,Email (Internal),Unknown,UK,1,0,1
PAYMENTS (IN),Authentication (3DS),Standard,Tier 3,Email (Internal),WW,MENA,1,0,1
PAYMENTS (IN),Authentication (3DS),Standard,Tier 3,Email (Merchant),Crypto,Crypto,10,0,10
PAYMENTS (IN),Authentication (3DS),Standard,Tier 3,Email (Merchant),GCR,APAC,2,0,2
PAYMENTS (IN),Authentication (3DS),Standard,Tier 3,Email (Merchant),NORAM,Israel,1,0,1
PAYMENTS (IN),Authentication (3DS),Standard,Tier 3,Email (Merchant),NORAM,MENA,1,0,1
PAYMENTS (IN),Authentication (3DS),Standard,Tier 3,Email (Merchant),NORAM,NORAM,1,0,1
PAYMENTS (IN),Authentication (3DS),Standard,Tier 3,Email (Merchant),NORAM,UK,1,0,1
PAYMENTS (IN),Authentication (3DS),Standard,Tier 3,Email (Merchant),Northern Europe,EEA,1,0,1
PAYMENTS (IN),Authentication (3DS),Standard,Tier 3,Email (Merchant),Southern Europe,EEA,3,0,3
PAYMENTS (IN),Authentication (3DS),Standard,Tier 3,Email (Merchant),UAE,MENA,30,0,30
PAYMENTS (IN),Authentication (3DS),Standard,Tier 3,Email (Merchant),UK,NORAM,3,0,3
PAYMENTS (IN),Authentication (3DS),Standard,Tier 3,Email (Merchant),UK,UK,5,0,5
PAYMENTS (IN),Authentication (3DS),Standard,Tier 3,Email (Merchant),Unknown,Crypto,2,0,2
PAYMENTS (IN),Authentication (3DS),Standard,Tier 3,Email (Merchant),Unknown,EEA,1,0,1
PAYMENTS (IN),Authentication (3DS),Standard,Tier 3,Email (Merchant),Unknown,MENA,3,0,3
PAYMENTS (IN),Authentication (3DS),Standard,Tier 3,Email (Merchant),Unknown,UK,1,0,1
PAYMENTS (IN),Authentication (3DS),Standard,Tier 3,Email (Merchant),WW,APAC,2,0,2
PAYMENTS (IN),Authentication (3DS),Standard,Tier 3,Email (Merchant),WW,MENA,5,0,5
PAYMENTS (IN),Authentication (3DS),Standard,Tier 3,Fin (Dashboard),Central Europe,EEA,0,1,1
PAYMENTS (IN),Authentication (3DS),Standard,Tier 3,Fin (Dashboard),Crypto,Crypto,0,1,1
PAYMENTS (IN),Authentication (3DS),Standard,Tier 3,Fin (Dashboard),GCR,APAC,1,0,1
PAYMENTS (IN),Authentication (3DS),Standard,Tier 3,Fin (Dashboard),Northern Europe,EEA,0,2,2
PAYMENTS (IN),Authentication (3DS),Standard,Tier 3,Fin (Dashboard),Southern Europe,EEA,0,1,1
PAYMENTS (IN),Authentication (3DS),Standard,Tier 3,Fin (Dashboard),UAE,MENA,1,6,7
PAYMENTS (IN),Authentication (3DS),Standard,Tier 3,Fin (Dashboard),UK,NORAM,0,2,2
PAYMENTS (IN),Authentication (3DS),Standard,Tier 3,Fin (Dashboard),UK,UK,1,2,3
PAYMENTS (IN),Authentication (3DS),Standard,Tier 3,Fin (Dashboard),Unknown,UK,0,1,1
PAYMENTS (IN),Authentication (3DS),Standard,Tier 3,Fin (Dashboard),WW,MENA,0,1,1
PAYMENTS (IN),Authentication (3DS),Standard,Tier 3,Other,Central Europe,EEA,1,0,1
PAYMENTS (IN),Authentication (3DS),Standard,Tier 3,Other,UAE,MENA,2,0,2
PAYMENTS (IN),Authentication (3DS),Standard,Tier 3,Other,Ubble,EEA,1,0,1
PAYMENTS (IN),Authentication (3DS),Standard,Tier 3,Other,Unknown,MENA,1,0,1
PAYMENTS (IN),Authentication (3DS),Standard,Tier 3,Webform & API,Central Europe,EEA,5,0,5
PAYMENTS (IN),Authentication (3DS),Standard,Tier 3,Webform & API,Crypto,Crypto,3,0,3
PAYMENTS (IN),Authentication (3DS),Standard,Tier 3,Webform & API,EU,EEA,3,0,3
PAYMENTS (IN),Authentication (3DS),Standard,Tier 3,Webform & API,GCR,APAC,1,0,1
PAYMENTS (IN),Authentication (3DS),Standard,Tier 3,Webform & API,Issuing,EEA,2,0,2
PAYMENTS (IN),Authentication (3DS),Standard,Tier 3,Webform & API,KSA,MENA,1,0,1
PAYMENTS (IN),Authentication (3DS),Standard,Tier 3,Webform & API,NORAM,EEA,1,0,1
PAYMENTS (IN),Authentication (3DS),Standard,Tier 3,Webform & API,NORAM,Israel,1,0,1
PAYMENTS (IN),Authentication (3DS),Standard,Tier 3,Webform & API,NORAM,NORAM,7,0,7
PAYMENTS (IN),Authentication (3DS),Standard,Tier 3,Webform & API,NORAM,UK,1,0,1
PAYMENTS (IN),Authentication (3DS),Standard,Tier 3,Webform & API,Southern Europe,Crypto,3,0,3
PAYMENTS (IN),Authentication (3DS),Standard,Tier 3,Webform & API,Southern Europe,EEA,4,0,4
PAYMENTS (IN),Authentication (3DS),Standard,Tier 3,Webform & API,UAE,MENA,17,0,17
PAYMENTS (IN),Authentication (3DS),Standard,Tier 3,Webform & API,UK,EEA,2,0,2
PAYMENTS (IN),Authentication (3DS),Standard,Tier 3,Webform & API,UK,NORAM,1,0,1
PAYMENTS (IN),Authentication (3DS),Standard,Tier 3,Webform & API,UK,UK,11,0,11
PAYMENTS (IN),Authentication (3DS),Standard,Tier 3,Webform & API,Ubble,EEA,3,0,3
PAYMENTS (IN),Authentication (3DS),Standard,Tier 3,Webform & API,Unknown,Crypto,10,0,10
PAYMENTS (IN),Authentication (3DS),Standard,Tier 3,Webform & API,Unknown,UK,2,0,2
PAYMENTS (IN),Authentication (3DS),Standard,Tier 3,Webform & API,WW,MENA,1,0,1
PAYMENTS (IN),Authentication (3DS),Standard,Tier 3,Webform & API,WW,Mauritius,1,0,1
PAYMENTS (IN),Authentication (3DS),Standard,Tier 3,Webform & API,WW,WW,1,0,1
PAYMENTS (IN),Authentication (3DS),Standard,Tier 4,Email (Internal),Central Europe,EEA,1,0,1
PAYMENTS (IN),Authentication (3DS),Standard,Tier 4,Email (Internal),Central Europe,Mauritius,1,0,1
PAYMENTS (IN),Authentication (3DS),Standard,Tier 4,Email (Internal),NORAM,Mauritius,3,0,3
PAYMENTS (IN),Authentication (3DS),Standard,Tier 4,Email (Internal),Singapore/ANZ,APAC,1,0,1
PAYMENTS (IN),Authentication (3DS),Standard,Tier 4,Email (Internal),UAE,MENA,4,0,4
PAYMENTS (IN),Authentication (3DS),Standard,Tier 4,Email (Internal),UK,Mauritius,2,0,2
PAYMENTS (IN),Authentication (3DS),Standard,Tier 4,Email (Internal),UK,UK,3,0,3
PAYMENTS (IN),Authentication (3DS),Standard,Tier 4,Email (Internal),Unknown,APAC,1,0,1
PAYMENTS (IN),Authentication (3DS),Standard,Tier 4,Email (Internal),WW,Mauritius,1,0,1
PAYMENTS (IN),Authentication (3DS),Standard,Tier 4,Email (Merchant),Central Europe,EEA,1,0,1
PAYMENTS (IN),Authentication (3DS),Standard,Tier 4,Email (Merchant),Central Europe,Mauritius,1,0,1
PAYMENTS (IN),Authentication (3DS),Standard,Tier 4,Email (Merchant),Crypto,APAC,1,0,1
PAYMENTS (IN),Authentication (3DS),Standard,Tier 4,Email (Merchant),Crypto,Crypto,5,0,5
PAYMENTS (IN),Authentication (3DS),Standard,Tier 4,Email (Merchant),EU,Mauritius,1,0,1
PAYMENTS (IN),Authentication (3DS),Standard,Tier 4,Email (Merchant),GCR,APAC,2,0,2
PAYMENTS (IN),Authentication (3DS),Standard,Tier 4,Email (Merchant),Mauritius,Mauritius,5,0,5
PAYMENTS (IN),Authentication (3DS),Standard,Tier 4,Email (Merchant),Mauritius,NORAM,1,0,1
PAYMENTS (IN),Authentication (3DS),Standard,Tier 4,Email (Merchant),NORAM,Mauritius,1,0,1
PAYMENTS (IN),Authentication (3DS),Standard,Tier 4,Email (Merchant),NORAM,NORAM,4,0,4
PAYMENTS (IN),Authentication (3DS),Standard,Tier 4,Email (Merchant),NORAM,UK,1,0,1
PAYMENTS (IN),Authentication (3DS),Standard,Tier 4,Email (Merchant),UAE,MENA,16,0,16
PAYMENTS (IN),Authentication (3DS),Standard,Tier 4,Email (Merchant),UK,Mauritius,2,0,2
PAYMENTS (IN),Authentication (3DS),Standard,Tier 4,Email (Merchant),UK,UK,2,0,2
PAYMENTS (IN),Authentication (3DS),Standard,Tier 4,Email (Merchant),Unknown,APAC,3,0,3
PAYMENTS (IN),Authentication (3DS),Standard,Tier 4,Email (Merchant),Unknown,MENA,1,0,1
PAYMENTS (IN),Authentication (3DS),Standard,Tier 4,Email (Merchant),WW,EEA,1,0,1
PAYMENTS (IN),Authentication (3DS),Standard,Tier 4,Email (Merchant),WW,WW,1,0,1
PAYMENTS (IN),Authentication (3DS),Standard,Tier 4,Fin (Dashboard),Crypto,Crypto,1,0,1
PAYMENTS (IN),Authentication (3DS),Standard,Tier 4,Fin (Dashboard),Mauritius,Mauritius,0,1,1
PAYMENTS (IN),Authentication (3DS),Standard,Tier 4,Fin (Dashboard),NORAM,NORAM,0,2,2
PAYMENTS (IN),Authentication (3DS),Standard,Tier 4,Fin (Dashboard),UAE,MENA,0,4,4
PAYMENTS (IN),Authentication (3DS),Standard,Tier 4,Fin (Dashboard),UAE,Mauritius,2,0,2
PAYMENTS (IN),Authentication (3DS),Standard,Tier 4,Fin (Dashboard),UK,Mauritius,0,1,1
PAYMENTS (IN),Authentication (3DS),Standard,Tier 4,Fin (Dashboard),UK,UK,1,2,3
PAYMENTS (IN),Authentication (3DS),Standard,Tier 4,Fin (Dashboard),Unknown,APAC,0,1,1
PAYMENTS (IN),Authentication (3DS),Standard,Tier 4,Fin (Dashboard),Unknown,Crypto,0,1,1
PAYMENTS (IN),Authentication (3DS),Standard,Tier 4,Fin (Dashboard),Unknown,MENA,0,1,1
PAYMENTS (IN),Authentication (3DS),Standard,Tier 4,Fin (Dashboard),Unknown,UK,0,2,2
PAYMENTS (IN),Authentication (3DS),Standard,Tier 4,Fin (Dashboard),Unknown,Unknown,0,1,1
PAYMENTS (IN),Authentication (3DS),Standard,Tier 4,Other,Central Europe,Mauritius,1,0,1
PAYMENTS (IN),Authentication (3DS),Standard,Tier 4,Other,Crypto,APAC,1,0,1
PAYMENTS (IN),Authentication (3DS),Standard,Tier 4,Other,NORAM,Mauritius,2,0,2
PAYMENTS (IN),Authentication (3DS),Standard,Tier 4,Other,UAE,MENA,12,0,12
PAYMENTS (IN),Authentication (3DS),Standard,Tier 4,Other,UAE,WW,1,0,1
PAYMENTS (IN),Authentication (3DS),Standard,Tier 4,Other,UK,Mauritius,1,0,1
PAYMENTS (IN),Authentication (3DS),Standard,Tier 4,Other,UK,UK,1,0,1
PAYMENTS (IN),Authentication (3DS),Standard,Tier 4,Other,Unknown,EEA,1,0,1
PAYMENTS (IN),Authentication (3DS),Standard,Tier 4,Other,Unknown,UK,2,0,2
PAYMENTS (IN),Authentication (3DS),Standard,Tier 4,Webform & API,Central Europe,EEA,2,0,2
PAYMENTS (IN),Authentication (3DS),Standard,Tier 4,Webform & API,Central Europe,Mauritius,1,0,1
PAYMENTS (IN),Authentication (3DS),Standard,Tier 4,Webform & API,Crypto,Crypto,2,0,2
PAYMENTS (IN),Authentication (3DS),Standard,Tier 4,Webform & API,EU,EEA,1,0,1
PAYMENTS (IN),Authentication (3DS),Standard,Tier 4,Webform & API,EU,Mauritius,2,0,2
PAYMENTS (IN),Authentication (3DS),Standard,Tier 4,Webform & API,GCR,APAC,2,0,2
PAYMENTS (IN),Authentication (3DS),Standard,Tier 4,Webform & API,Issuing,UK,2,0,2
PAYMENTS (IN),Authentication (3DS),Standard,Tier 4,Webform & API,KSA,EEA,1,0,1
PAYMENTS (IN),Authentication (3DS),Standard,Tier 4,Webform & API,Mauritius,Mauritius,2,0,2
PAYMENTS (IN),Authentication (3DS),Standard,Tier 4,Webform & API,NORAM,Mauritius,7,0,7
PAYMENTS (IN),Authentication (3DS),Standard,Tier 4,Webform & API,NORAM,NORAM,2,0,2
PAYMENTS (IN),Authentication (3DS),Standard,Tier 4,Webform & API,NORAM,UK,10,0,10
PAYMENTS (IN),Authentication (3DS),Standard,Tier 4,Webform & API,Singapore/ANZ,NORAM,1,0,1
PAYMENTS (IN),Authentication (3DS),Standard,Tier 4,Webform & API,Southern Europe,EEA,3,0,3
PAYMENTS (IN),Authentication (3DS),Standard,Tier 4,Webform & API,UAE,MENA,17,0,17
PAYMENTS (IN),Authentication (3DS),Standard,Tier 4,Webform & API,UAE,Mauritius,4,0,4
PAYMENTS (IN),Authentication (3DS),Standard,Tier 4,Webform & API,UAE,WW,1,0,1
PAYMENTS (IN),Authentication (3DS),Standard,Tier 4,Webform & API,UK,APAC,1,0,1
PAYMENTS (IN),Authentication (3DS),Standard,Tier 4,Webform & API,UK,Mauritius,4,0,4
PAYMENTS (IN),Authentication (3DS),Standard,Tier 4,Webform & API,UK,UK,12,0,12
PAYMENTS (IN),Authentication (3DS),Standard,Tier 4,Webform & API,Unknown,APAC,1,0,1
PAYMENTS (IN),Authentication (3DS),Standard,Tier 4,Webform & API,Unknown,EEA,2,0,2
PAYMENTS (IN),Authentication (3DS),Standard,Tier 4,Webform & API,Unknown,MENA,2,0,2
PAYMENTS (IN),Authentication (3DS),Standard,Tier 4,Webform & API,Unknown,Mauritius,3,0,3
PAYMENTS (IN),Authentication (3DS),Standard,Tier 4,Webform & API,Unknown,NORAM,1,0,1
PAYMENTS (IN),Authentication (3DS),Standard,Tier 4,Webform & API,Unknown,UK,3,0,3
PAYMENTS (IN),Authentication (3DS),Standard,Tier 4,Webform & API,WW,EEA,2,0,2
PAYMENTS (IN),Authentication (3DS),Standard,Tier 4,Webform & API,WW,MENA,1,0,1
PAYMENTS (IN),Authentication (3DS),Standard,Tier 4,Webform & API,WW,WW,5,0,5
PAYMENTS (IN),Authentication (3DS),Standard,Unknown,Webform & API,Unknown,NORAM,3,0,3
PAYMENTS (IN),Authentication (3DS),Unmapped,Unknown,Email (Internal),Unknown,Unknown,16,0,16
PAYMENTS (IN),Authentication (3DS),Unmapped,Unknown,Email (Merchant),Unknown,Unknown,20,0,20
PAYMENTS (IN),Authentication (3DS),Unmapped,Unknown,Fin (Dashboard),Unknown,Unknown,1,2,3
PAYMENTS (IN),Authentication (3DS),Unmapped,Unknown,Other,Unknown,Unknown,8,0,8
PAYMENTS (IN),Authentication (3DS),Unmapped,Unknown,Webform & API,Unknown,Unknown,14,0,14
PAYMENTS (IN),Disputes/Chargebacks,Enterprise,Tier 1,Email (Internal),Crypto,Crypto,3,0,3
PAYMENTS (IN),Disputes/Chargebacks,Enterprise,Tier 1,Email (Internal),UK,EEA,1,0,1
PAYMENTS (IN),Disputes/Chargebacks,Enterprise,Tier 1,Email (Internal),UK,Mauritius,1,0,1
PAYMENTS (IN),Disputes/Chargebacks,Enterprise,Tier 1,Email (Internal),Unknown,NORAM,2,0,2
PAYMENTS (IN),Disputes/Chargebacks,Enterprise,Tier 1,Email (Internal),Unknown,UK,1,0,1
PAYMENTS (IN),Disputes/Chargebacks,Enterprise,Tier 1,Email (Merchant),Crypto,Crypto,4,0,4
PAYMENTS (IN),Disputes/Chargebacks,Enterprise,Tier 1,Email (Merchant),Crypto,EEA,1,0,1
PAYMENTS (IN),Disputes/Chargebacks,Enterprise,Tier 1,Email (Merchant),GCR,APAC,2,0,2
PAYMENTS (IN),Disputes/Chargebacks,Enterprise,Tier 1,Email (Merchant),Mauritius,UK,1,0,1
PAYMENTS (IN),Disputes/Chargebacks,Enterprise,Tier 1,Email (Merchant),NORAM,NORAM,3,0,3
PAYMENTS (IN),Disputes/Chargebacks,Enterprise,Tier 1,Email (Merchant),Singapore/ANZ,APAC,1,0,1
PAYMENTS (IN),Disputes/Chargebacks,Enterprise,Tier 1,Email (Merchant),UAE,MENA,15,0,15
PAYMENTS (IN),Disputes/Chargebacks,Enterprise,Tier 1,Email (Merchant),UK,Mauritius,7,0,7
PAYMENTS (IN),Disputes/Chargebacks,Enterprise,Tier 1,Email (Merchant),UK,UK,9,0,9
PAYMENTS (IN),Disputes/Chargebacks,Enterprise,Tier 1,Email (Merchant),Unknown,NORAM,2,0,2
PAYMENTS (IN),Disputes/Chargebacks,Enterprise,Tier 1,Email (Merchant),Unknown,UK,2,0,2
PAYMENTS (IN),Disputes/Chargebacks,Enterprise,Tier 1,Email (Merchant),WW,EEA,2,0,2
PAYMENTS (IN),Disputes/Chargebacks,Enterprise,Tier 1,Email (Merchant),WW,MENA,1,0,1
PAYMENTS (IN),Disputes/Chargebacks,Enterprise,Tier 1,Email (Merchant),WW,Mauritius,4,0,4
PAYMENTS (IN),Disputes/Chargebacks,Enterprise,Tier 1,Fin (Dashboard),Crypto,Crypto,0,1,1
PAYMENTS (IN),Disputes/Chargebacks,Enterprise,Tier 1,Fin (Dashboard),GCR,APAC,4,1,5
PAYMENTS (IN),Disputes/Chargebacks,Enterprise,Tier 1,Fin (Dashboard),UAE,MENA,0,1,1
PAYMENTS (IN),Disputes/Chargebacks,Enterprise,Tier 1,Fin (Dashboard),UK,EEA,1,0,1
PAYMENTS (IN),Disputes/Chargebacks,Enterprise,Tier 1,Fin (Dashboard),Unknown,NORAM,1,1,2
PAYMENTS (IN),Disputes/Chargebacks,Enterprise,Tier 1,Other,NORAM,Crypto,1,0,1
PAYMENTS (IN),Disputes/Chargebacks,Enterprise,Tier 1,Other,NORAM,NORAM,2,0,2
PAYMENTS (IN),Disputes/Chargebacks,Enterprise,Tier 1,Other,Northern Europe,EEA,2,0,2
PAYMENTS (IN),Disputes/Chargebacks,Enterprise,Tier 1,Other,Singapore/ANZ,APAC,1,0,1
PAYMENTS (IN),Disputes/Chargebacks,Enterprise,Tier 1,Webform & API,Crypto,Crypto,3,0,3
PAYMENTS (IN),Disputes/Chargebacks,Enterprise,Tier 1,Webform & API,Crypto,EEA,3,0,3
PAYMENTS (IN),Disputes/Chargebacks,Enterprise,Tier 1,Webform & API,GCR,APAC,7,0,7
PAYMENTS (IN),Disputes/Chargebacks,Enterprise,Tier 1,Webform & API,NORAM,Crypto,5,0,5
PAYMENTS (IN),Disputes/Chargebacks,Enterprise,Tier 1,Webform & API,NORAM,NORAM,16,0,16
PAYMENTS (IN),Disputes/Chargebacks,Enterprise,Tier 1,Webform & API,NORAM,UK,1,0,1
PAYMENTS (IN),Disputes/Chargebacks,Enterprise,Tier 1,Webform & API,UAE,MENA,9,0,9
PAYMENTS (IN),Disputes/Chargebacks,Enterprise,Tier 1,Webform & API,Unknown,NORAM,3,0,3
PAYMENTS (IN),Disputes/Chargebacks,Enterprise,Tier 1,Webform & API,WW,MENA,3,0,3
PAYMENTS (IN),Disputes/Chargebacks,Enterprise,Tier 1,Webform & API,WW,UK,1,0,1
PAYMENTS (IN),Disputes/Chargebacks,Enterprise,Tier 2,Email (Internal),Central Europe,EEA,2,0,2
PAYMENTS (IN),Disputes/Chargebacks,Enterprise,Tier 2,Email (Internal),Crypto,Crypto,1,0,1
PAYMENTS (IN),Disputes/Chargebacks,Enterprise,Tier 2,Email (Internal),GCR,APAC,2,0,2
PAYMENTS (IN),Disputes/Chargebacks,Enterprise,Tier 2,Email (Internal),NORAM,Israel,1,0,1
PAYMENTS (IN),Disputes/Chargebacks,Enterprise,Tier 2,Email (Internal),Southern Europe,EEA,2,0,2
PAYMENTS (IN),Disputes/Chargebacks,Enterprise,Tier 2,Email (Internal),UAE,MENA,2,0,2
PAYMENTS (IN),Disputes/Chargebacks,Enterprise,Tier 2,Email (Internal),UK,UK,2,0,2
PAYMENTS (IN),Disputes/Chargebacks,Enterprise,Tier 2,Email (Internal),Unknown,EEA,1,0,1
PAYMENTS (IN),Disputes/Chargebacks,Enterprise,Tier 2,Email (Merchant),Central Europe,EEA,3,0,3
PAYMENTS (IN),Disputes/Chargebacks,Enterprise,Tier 2,Email (Merchant),Crypto,Crypto,34,0,34
PAYMENTS (IN),Disputes/Chargebacks,Enterprise,Tier 2,Email (Merchant),EU,EEA,2,0,2
PAYMENTS (IN),Disputes/Chargebacks,Enterprise,Tier 2,Email (Merchant),GCR,APAC,6,0,6
PAYMENTS (IN),Disputes/Chargebacks,Enterprise,Tier 2,Email (Merchant),NORAM,NORAM,9,0,9
PAYMENTS (IN),Disputes/Chargebacks,Enterprise,Tier 2,Email (Merchant),NORAM,UK,2,0,2
PAYMENTS (IN),Disputes/Chargebacks,Enterprise,Tier 2,Email (Merchant),Singapore/ANZ,APAC,1,0,1
PAYMENTS (IN),Disputes/Chargebacks,Enterprise,Tier 2,Email (Merchant),UAE,MENA,3,0,3
PAYMENTS (IN),Disputes/Chargebacks,Enterprise,Tier 2,Email (Merchant),UK,EEA,1,0,1
PAYMENTS (IN),Disputes/Chargebacks,Enterprise,Tier 2,Email (Merchant),UK,UK,14,0,14
PAYMENTS (IN),Disputes/Chargebacks,Enterprise,Tier 2,Fin (Dashboard),Central Europe,EEA,0,1,1
PAYMENTS (IN),Disputes/Chargebacks,Enterprise,Tier 2,Fin (Dashboard),Crypto,Crypto,1,0,1
PAYMENTS (IN),Disputes/Chargebacks,Enterprise,Tier 2,Fin (Dashboard),NORAM,Crypto,0,1,1
PAYMENTS (IN),Disputes/Chargebacks,Enterprise,Tier 2,Fin (Dashboard),NORAM,UK,0,1,1
PAYMENTS (IN),Disputes/Chargebacks,Enterprise,Tier 2,Fin (Dashboard),Northern Europe,EEA,0,1,1
PAYMENTS (IN),Disputes/Chargebacks,Enterprise,Tier 2,Fin (Dashboard),Singapore/ANZ,APAC,1,0,1
PAYMENTS (IN),Disputes/Chargebacks,Enterprise,Tier 2,Fin (Dashboard),UAE,MENA,0,4,4
PAYMENTS (IN),Disputes/Chargebacks,Enterprise,Tier 2,Fin (Dashboard),UK,UK,0,2,2
PAYMENTS (IN),Disputes/Chargebacks,Enterprise,Tier 2,Fin (Dashboard),Unknown,NORAM,0,2,2
PAYMENTS (IN),Disputes/Chargebacks,Enterprise,Tier 2,Other,KSA,EEA,1,0,1
PAYMENTS (IN),Disputes/Chargebacks,Enterprise,Tier 2,Other,Southern Europe,EEA,1,0,1
PAYMENTS (IN),Disputes/Chargebacks,Enterprise,Tier 2,Other,UAE,MENA,1,0,1
PAYMENTS (IN),Disputes/Chargebacks,Enterprise,Tier 2,Other,UK,UK,1,0,1
PAYMENTS (IN),Disputes/Chargebacks,Enterprise,Tier 2,Webform & API,Central Europe,EEA,10,0,10
PAYMENTS (IN),Disputes/Chargebacks,Enterprise,Tier 2,Webform & API,Crypto,Crypto,5,0,5
PAYMENTS (IN),Disputes/Chargebacks,Enterprise,Tier 2,Webform & API,EU,EEA,2,0,2
PAYMENTS (IN),Disputes/Chargebacks,Enterprise,Tier 2,Webform & API,Issuing,UK,1,0,1
PAYMENTS (IN),Disputes/Chargebacks,Enterprise,Tier 2,Webform & API,KSA,EEA,4,0,4
PAYMENTS (IN),Disputes/Chargebacks,Enterprise,Tier 2,Webform & API,KSA,MENA,17,0,17
PAYMENTS (IN),Disputes/Chargebacks,Enterprise,Tier 2,Webform & API,NORAM,EEA,1,0,1
PAYMENTS (IN),Disputes/Chargebacks,Enterprise,Tier 2,Webform & API,NORAM,NORAM,2,0,2
PAYMENTS (IN),Disputes/Chargebacks,Enterprise,Tier 2,Webform & API,NORAM,UK,2,0,2
PAYMENTS (IN),Disputes/Chargebacks,Enterprise,Tier 2,Webform & API,Singapore/ANZ,APAC,7,0,7
PAYMENTS (IN),Disputes/Chargebacks,Enterprise,Tier 2,Webform & API,Southern Europe,EEA,3,0,3
PAYMENTS (IN),Disputes/Chargebacks,Enterprise,Tier 2,Webform & API,UAE,MENA,6,0,6
PAYMENTS (IN),Disputes/Chargebacks,Enterprise,Tier 2,Webform & API,UK,UK,19,0,19
PAYMENTS (IN),Disputes/Chargebacks,Enterprise,Tier 2,Webform & API,Unknown,NORAM,6,0,6
PAYMENTS (IN),Disputes/Chargebacks,Enterprise,Tier 2,Webform & API,WW,EEA,3,0,3
PAYMENTS (IN),Disputes/Chargebacks,Enterprise,Tier 2,Webform & API,WW,Mauritius,1,0,1
PAYMENTS (IN),Disputes/Chargebacks,Enterprise,Tier 3,Email (Merchant),UAE,MENA,3,0,3
PAYMENTS (IN),Disputes/Chargebacks,Enterprise,Tier 3,Email (Merchant),WW,Israel,1,0,1
PAYMENTS (IN),Disputes/Chargebacks,Enterprise,Tier 3,Other,UAE,MENA,2,0,2
PAYMENTS (IN),Disputes/Chargebacks,Enterprise,Tier 3,Webform & API,NORAM,MENA,1,0,1
PAYMENTS (IN),Disputes/Chargebacks,Enterprise,Tier 3,Webform & API,Northern Europe,EEA,1,0,1
PAYMENTS (IN),Disputes/Chargebacks,Enterprise,Tier 3,Webform & API,UAE,MENA,1,0,1
PAYMENTS (IN),Disputes/Chargebacks,Enterprise,Tier 3,Webform & API,UK,UK,5,0,5
PAYMENTS (IN),Disputes/Chargebacks,Enterprise,Unknown,Email (Merchant),NORAM,UK,12,0,12
PAYMENTS (IN),Disputes/Chargebacks,Premium,Tier 1,Email (Internal),SAT,SAT,44,0,44
PAYMENTS (IN),Disputes/Chargebacks,Premium,Tier 1,Email (Internal),Singapore/ANZ,APAC,1,0,1
PAYMENTS (IN),Disputes/Chargebacks,Premium,Tier 1,Email (Internal),Singapore/ANZ,NORAM,2,0,2
PAYMENTS (IN),Disputes/Chargebacks,Premium,Tier 1,Email (Internal),UAE,MENA,4,0,4
PAYMENTS (IN),Disputes/Chargebacks,Premium,Tier 1,Email (Internal),UK,NORAM,2,0,2
PAYMENTS (IN),Disputes/Chargebacks,Premium,Tier 1,Email (Internal),UK,UK,1,0,1
PAYMENTS (IN),Disputes/Chargebacks,Premium,Tier 1,Email (Internal),Unknown,UK,2,0,2
PAYMENTS (IN),Disputes/Chargebacks,Premium,Tier 1,Email (Internal),WW,APAC,3,0,3
PAYMENTS (IN),Disputes/Chargebacks,Premium,Tier 1,Email (Internal),WW,EEA,6,0,6
PAYMENTS (IN),Disputes/Chargebacks,Premium,Tier 1,Email (Internal),WW,WW,1,0,1
PAYMENTS (IN),Disputes/Chargebacks,Premium,Tier 1,Email (Merchant),Crypto,Crypto,5,0,5
PAYMENTS (IN),Disputes/Chargebacks,Premium,Tier 1,Email (Merchant),GCR,APAC,16,0,16
PAYMENTS (IN),Disputes/Chargebacks,Premium,Tier 1,Email (Merchant),NORAM,NORAM,1,0,1
PAYMENTS (IN),Disputes/Chargebacks,Premium,Tier 1,Email (Merchant),NORAM,UK,30,0,30
PAYMENTS (IN),Disputes/Chargebacks,Premium,Tier 1,Email (Merchant),SAT,SAT,5,0,5
PAYMENTS (IN),Disputes/Chargebacks,Premium,Tier 1,Email (Merchant),Singapore/ANZ,APAC,1,0,1
PAYMENTS (IN),Disputes/Chargebacks,Premium,Tier 1,Email (Merchant),Singapore/ANZ,NORAM,2,0,2
PAYMENTS (IN),Disputes/Chargebacks,Premium,Tier 1,Email (Merchant),UAE,MENA,3,0,3
PAYMENTS (IN),Disputes/Chargebacks,Premium,Tier 1,Email (Merchant),UK,EEA,1,0,1
PAYMENTS (IN),Disputes/Chargebacks,Premium,Tier 1,Email (Merchant),UK,NORAM,1,0,1
PAYMENTS (IN),Disputes/Chargebacks,Premium,Tier 1,Email (Merchant),UK,UK,1,0,1
PAYMENTS (IN),Disputes/Chargebacks,Premium,Tier 1,Email (Merchant),Unknown,UK,3,0,3
PAYMENTS (IN),Disputes/Chargebacks,Premium,Tier 1,Email (Merchant),WW,APAC,4,0,4
PAYMENTS (IN),Disputes/Chargebacks,Premium,Tier 1,Email (Merchant),WW,EEA,8,0,8
PAYMENTS (IN),Disputes/Chargebacks,Premium,Tier 1,Email (Merchant),WW,UK,3,0,3
PAYMENTS (IN),Disputes/Chargebacks,Premium,Tier 1,Fin (Dashboard),Crypto,Crypto,0,1,1
PAYMENTS (IN),Disputes/Chargebacks,Premium,Tier 1,Fin (Dashboard),GCR,APAC,0,1,1
PAYMENTS (IN),Disputes/Chargebacks,Premium,Tier 1,Fin (Dashboard),NORAM,UK,0,1,1
PAYMENTS (IN),Disputes/Chargebacks,Premium,Tier 1,Fin (Dashboard),Singapore/ANZ,APAC,0,1,1
PAYMENTS (IN),Disputes/Chargebacks,Premium,Tier 1,Fin (Dashboard),Singapore/ANZ,NORAM,1,0,1
PAYMENTS (IN),Disputes/Chargebacks,Premium,Tier 1,Fin (Dashboard),UAE,MENA,0,2,2
PAYMENTS (IN),Disputes/Chargebacks,Premium,Tier 1,Fin (Dashboard),UK,UK,1,4,5
PAYMENTS (IN),Disputes/Chargebacks,Premium,Tier 1,Fin (Dashboard),Unknown,UK,0,1,1
PAYMENTS (IN),Disputes/Chargebacks,Premium,Tier 1,Fin (Dashboard),WW,APAC,0,2,2
PAYMENTS (IN),Disputes/Chargebacks,Premium,Tier 1,Other,NORAM,UK,2,0,2
PAYMENTS (IN),Disputes/Chargebacks,Premium,Tier 1,Other,SAT,SAT,1,0,1
PAYMENTS (IN),Disputes/Chargebacks,Premium,Tier 1,Other,Singapore/ANZ,NORAM,2,0,2
PAYMENTS (IN),Disputes/Chargebacks,Premium,Tier 1,Other,UAE,MENA,1,0,1
PAYMENTS (IN),Disputes/Chargebacks,Premium,Tier 1,Other,UK,UK,3,0,3
PAYMENTS (IN),Disputes/Chargebacks,Premium,Tier 1,Other,Unknown,UK,1,0,1
PAYMENTS (IN),Disputes/Chargebacks,Premium,Tier 1,Webform & API,Crypto,Crypto,1,0,1
PAYMENTS (IN),Disputes/Chargebacks,Premium,Tier 1,Webform & API,GCR,APAC,3,0,3
PAYMENTS (IN),Disputes/Chargebacks,Premium,Tier 1,Webform & API,NORAM,EEA,1,0,1
PAYMENTS (IN),Disputes/Chargebacks,Premium,Tier 1,Webform & API,NORAM,NORAM,7,0,7
PAYMENTS (IN),Disputes/Chargebacks,Premium,Tier 1,Webform & API,NORAM,UK,8,0,8
PAYMENTS (IN),Disputes/Chargebacks,Premium,Tier 1,Webform & API,Singapore/ANZ,APAC,10,0,10
PAYMENTS (IN),Disputes/Chargebacks,Premium,Tier 1,Webform & API,Singapore/ANZ,NORAM,3,0,3
PAYMENTS (IN),Disputes/Chargebacks,Premium,Tier 1,Webform & API,Southern Europe,EEA,1,0,1
PAYMENTS (IN),Disputes/Chargebacks,Premium,Tier 1,Webform & API,UAE,MENA,2,0,2
PAYMENTS (IN),Disputes/Chargebacks,Premium,Tier 1,Webform & API,UK,EEA,2,0,2
PAYMENTS (IN),Disputes/Chargebacks,Premium,Tier 1,Webform & API,UK,UK,10,0,10
PAYMENTS (IN),Disputes/Chargebacks,Premium,Tier 1,Webform & API,Unknown,Crypto,2,0,2
PAYMENTS (IN),Disputes/Chargebacks,Premium,Tier 1,Webform & API,Unknown,NORAM,2,0,2
PAYMENTS (IN),Disputes/Chargebacks,Premium,Tier 1,Webform & API,Unknown,UK,3,0,3
PAYMENTS (IN),Disputes/Chargebacks,Premium,Tier 1,Webform & API,WW,EEA,130,0,130
PAYMENTS (IN),Disputes/Chargebacks,Premium,Tier 1,Webform & API,WW,UK,2,0,2
PAYMENTS (IN),Disputes/Chargebacks,Standard,Tier 2,Email (Internal),Singapore/ANZ,APAC,1,0,1
PAYMENTS (IN),Disputes/Chargebacks,Standard,Tier 2,Email (Merchant),Crypto,Crypto,1,0,1
PAYMENTS (IN),Disputes/Chargebacks,Standard,Tier 2,Email (Merchant),Singapore/ANZ,APAC,3,0,3
PAYMENTS (IN),Disputes/Chargebacks,Standard,Tier 2,Email (Merchant),UK,UK,2,0,2
PAYMENTS (IN),Disputes/Chargebacks,Standard,Tier 2,Email (Merchant),Unknown,APAC,2,0,2
PAYMENTS (IN),Disputes/Chargebacks,Standard,Tier 2,Fin (Dashboard),GCR,APAC,0,1,1
PAYMENTS (IN),Disputes/Chargebacks,Standard,Tier 2,Fin (Dashboard),UK,UK,0,1,1
PAYMENTS (IN),Disputes/Chargebacks,Standard,Tier 2,Webform & API,GCR,Crypto,1,0,1
PAYMENTS (IN),Disputes/Chargebacks,Standard,Tier 2,Webform & API,NORAM,UK,2,0,2
PAYMENTS (IN),Disputes/Chargebacks,Standard,Tier 2,Webform & API,Northern Europe,EEA,3,0,3
PAYMENTS (IN),Disputes/Chargebacks,Standard,Tier 2,Webform & API,Singapore/ANZ,APAC,2,0,2
PAYMENTS (IN),Disputes/Chargebacks,Standard,Tier 2,Webform & API,UK,UK,3,0,3
PAYMENTS (IN),Disputes/Chargebacks,Standard,Tier 3,Email (Internal),GCR,APAC,2,0,2
PAYMENTS (IN),Disputes/Chargebacks,Standard,Tier 3,Email (Internal),NORAM,NORAM,1,0,1
PAYMENTS (IN),Disputes/Chargebacks,Standard,Tier 3,Email (Internal),Southern Europe,EEA,2,0,2
PAYMENTS (IN),Disputes/Chargebacks,Standard,Tier 3,Email (Internal),UAE,APAC,1,0,1
PAYMENTS (IN),Disputes/Chargebacks,Standard,Tier 3,Email (Internal),Ubble,EEA,1,0,1
PAYMENTS (IN),Disputes/Chargebacks,Standard,Tier 3,Email (Internal),Unknown,EEA,1,0,1
PAYMENTS (IN),Disputes/Chargebacks,Standard,Tier 3,Email (Merchant),Crypto,APAC,2,0,2
PAYMENTS (IN),Disputes/Chargebacks,Standard,Tier 3,Email (Merchant),Crypto,Crypto,1,0,1
PAYMENTS (IN),Disputes/Chargebacks,Standard,Tier 3,Email (Merchant),GCR,APAC,2,0,2
PAYMENTS (IN),Disputes/Chargebacks,Standard,Tier 3,Email (Merchant),NORAM,Israel,2,0,2
PAYMENTS (IN),Disputes/Chargebacks,Standard,Tier 3,Email (Merchant),Northern Europe,EEA,2,0,2
PAYMENTS (IN),Disputes/Chargebacks,Standard,Tier 3,Email (Merchant),Singapore/ANZ,APAC,1,0,1
PAYMENTS (IN),Disputes/Chargebacks,Standard,Tier 3,Email (Merchant),Southern Europe,EEA,1,0,1
PAYMENTS (IN),Disputes/Chargebacks,Standard,Tier 3,Email (Merchant),UAE,MENA,12,0,12
PAYMENTS (IN),Disputes/Chargebacks,Standard,Tier 3,Email (Merchant),UAE,Mauritius,1,0,1
PAYMENTS (IN),Disputes/Chargebacks,Standard,Tier 3,Email (Merchant),UK,UK,8,0,8
PAYMENTS (IN),Disputes/Chargebacks,Standard,Tier 3,Email (Merchant),Unknown,EEA,1,0,1
PAYMENTS (IN),Disputes/Chargebacks,Standard,Tier 3,Email (Merchant),Unknown,NORAM,1,0,1
PAYMENTS (IN),Disputes/Chargebacks,Standard,Tier 3,Email (Merchant),Unknown,UK,3,0,3
PAYMENTS (IN),Disputes/Chargebacks,Standard,Tier 3,Email (Merchant),WW,APAC,1,0,1
PAYMENTS (IN),Disputes/Chargebacks,Standard,Tier 3,Email (Merchant),WW,MENA,2,0,2
PAYMENTS (IN),Disputes/Chargebacks,Standard,Tier 3,Fin (Dashboard),Crypto,Crypto,0,2,2
PAYMENTS (IN),Disputes/Chargebacks,Standard,Tier 3,Fin (Dashboard),GCR,APAC,1,3,4
PAYMENTS (IN),Disputes/Chargebacks,Standard,Tier 3,Fin (Dashboard),NORAM,NORAM,0,1,1
PAYMENTS (IN),Disputes/Chargebacks,Standard,Tier 3,Fin (Dashboard),Northern Europe,EEA,1,1,2
PAYMENTS (IN),Disputes/Chargebacks,Standard,Tier 3,Fin (Dashboard),UAE,MENA,0,6,6
PAYMENTS (IN),Disputes/Chargebacks,Standard,Tier 3,Fin (Dashboard),UK,UK,1,1,2
PAYMENTS (IN),Disputes/Chargebacks,Standard,Tier 3,Fin (Dashboard),Unknown,Crypto,3,0,3
PAYMENTS (IN),Disputes/Chargebacks,Standard,Tier 3,Fin (Dashboard),Unknown,NORAM,0,1,1
PAYMENTS (IN),Disputes/Chargebacks,Standard,Tier 3,Fin (Dashboard),WW,Mauritius,0,2,2
PAYMENTS (IN),Disputes/Chargebacks,Standard,Tier 3,Other,GCR,APAC,1,0,1
PAYMENTS (IN),Disputes/Chargebacks,Standard,Tier 3,Other,UAE,MENA,2,0,2
PAYMENTS (IN),Disputes/Chargebacks,Standard,Tier 3,Webform & API,Central Europe,EEA,1,0,1
PAYMENTS (IN),Disputes/Chargebacks,Standard,Tier 3,Webform & API,Crypto,Crypto,8,0,8
PAYMENTS (IN),Disputes/Chargebacks,Standard,Tier 3,Webform & API,GCR,APAC,5,0,5
PAYMENTS (IN),Disputes/Chargebacks,Standard,Tier 3,Webform & API,KSA,EEA,1,0,1
PAYMENTS (IN),Disputes/Chargebacks,Standard,Tier 3,Webform & API,NORAM,Crypto,1,0,1
PAYMENTS (IN),Disputes/Chargebacks,Standard,Tier 3,Webform & API,NORAM,EEA,4,0,4
PAYMENTS (IN),Disputes/Chargebacks,Standard,Tier 3,Webform & API,NORAM,Israel,1,0,1
PAYMENTS (IN),Disputes/Chargebacks,Standard,Tier 3,Webform & API,NORAM,NORAM,22,0,22
PAYMENTS (IN),Disputes/Chargebacks,Standard,Tier 3,Webform & API,Northern Europe,EEA,9,0,9
PAYMENTS (IN),Disputes/Chargebacks,Standard,Tier 3,Webform & API,Singapore/ANZ,APAC,3,0,3
PAYMENTS (IN),Disputes/Chargebacks,Standard,Tier 3,Webform & API,Singapore/ANZ,NORAM,1,0,1
PAYMENTS (IN),Disputes/Chargebacks,Standard,Tier 3,Webform & API,Southern Europe,Crypto,1,0,1
PAYMENTS (IN),Disputes/Chargebacks,Standard,Tier 3,Webform & API,Southern Europe,EEA,1,0,1
PAYMENTS (IN),Disputes/Chargebacks,Standard,Tier 3,Webform & API,Southern Europe,Mauritius,1,0,1
PAYMENTS (IN),Disputes/Chargebacks,Standard,Tier 3,Webform & API,UAE,APAC,2,0,2
PAYMENTS (IN),Disputes/Chargebacks,Standard,Tier 3,Webform & API,UAE,MENA,9,0,9
PAYMENTS (IN),Disputes/Chargebacks,Standard,Tier 3,Webform & API,UAE,Mauritius,1,0,1
PAYMENTS (IN),Disputes/Chargebacks,Standard,Tier 3,Webform & API,UAE,UK,1,0,1
PAYMENTS (IN),Disputes/Chargebacks,Standard,Tier 3,Webform & API,UK,EEA,2,0,2
PAYMENTS (IN),Disputes/Chargebacks,Standard,Tier 3,Webform & API,UK,UK,24,0,24
PAYMENTS (IN),Disputes/Chargebacks,Standard,Tier 3,Webform & API,Unknown,Crypto,2,0,2
PAYMENTS (IN),Disputes/Chargebacks,Standard,Tier 3,Webform & API,Unknown,EEA,10,0,10
PAYMENTS (IN),Disputes/Chargebacks,Standard,Tier 3,Webform & API,Unknown,MENA,1,0,1
PAYMENTS (IN),Disputes/Chargebacks,Standard,Tier 3,Webform & API,Unknown,NORAM,1,0,1
PAYMENTS (IN),Disputes/Chargebacks,Standard,Tier 3,Webform & API,Unknown,UK,2,0,2
PAYMENTS (IN),Disputes/Chargebacks,Standard,Tier 3,Webform & API,WW,Mauritius,11,0,11
PAYMENTS (IN),Disputes/Chargebacks,Standard,Tier 4,Email (Internal),NORAM,NORAM,1,0,1
PAYMENTS (IN),Disputes/Chargebacks,Standard,Tier 4,Email (Internal),UAE,MENA,3,0,3
PAYMENTS (IN),Disputes/Chargebacks,Standard,Tier 4,Email (Internal),UK,UK,1,0,1
PAYMENTS (IN),Disputes/Chargebacks,Standard,Tier 4,Email (Internal),WW,EEA,1,0,1
PAYMENTS (IN),Disputes/Chargebacks,Standard,Tier 4,Email (Merchant),Central Europe,Mauritius,1,0,1
PAYMENTS (IN),Disputes/Chargebacks,Standard,Tier 4,Email (Merchant),Crypto,APAC,2,0,2
PAYMENTS (IN),Disputes/Chargebacks,Standard,Tier 4,Email (Merchant),Mauritius,Mauritius,1,0,1
PAYMENTS (IN),Disputes/Chargebacks,Standard,Tier 4,Email (Merchant),NORAM,NORAM,1,0,1
PAYMENTS (IN),Disputes/Chargebacks,Standard,Tier 4,Email (Merchant),Northern Europe,Mauritius,1,0,1
PAYMENTS (IN),Disputes/Chargebacks,Standard,Tier 4,Email (Merchant),Singapore/ANZ,NORAM,2,0,2
PAYMENTS (IN),Disputes/Chargebacks,Standard,Tier 4,Email (Merchant),UAE,MENA,4,0,4
PAYMENTS (IN),Disputes/Chargebacks,Standard,Tier 4,Email (Merchant),UK,Mauritius,1,0,1
PAYMENTS (IN),Disputes/Chargebacks,Standard,Tier 4,Email (Merchant),UK,UK,1,0,1
PAYMENTS (IN),Disputes/Chargebacks,Standard,Tier 4,Email (Merchant),Unknown,APAC,2,0,2
PAYMENTS (IN),Disputes/Chargebacks,Standard,Tier 4,Email (Merchant),Unknown,Crypto,1,0,1
PAYMENTS (IN),Disputes/Chargebacks,Standard,Tier 4,Email (Merchant),Unknown,EEA,2,0,2
PAYMENTS (IN),Disputes/Chargebacks,Standard,Tier 4,Email (Merchant),Unknown,Mauritius,2,0,2
PAYMENTS (IN),Disputes/Chargebacks,Standard,Tier 4,Email (Merchant),Unknown,UK,2,0,2
PAYMENTS (IN),Disputes/Chargebacks,Standard,Tier 4,Email (Merchant),WW,EEA,1,0,1
PAYMENTS (IN),Disputes/Chargebacks,Standard,Tier 4,Email (Merchant),WW,WW,4,0,4
PAYMENTS (IN),Disputes/Chargebacks,Standard,Tier 4,Fin (Dashboard),Crypto,Crypto,0,1,1
PAYMENTS (IN),Disputes/Chargebacks,Standard,Tier 4,Fin (Dashboard),GCR,APAC,4,1,5
PAYMENTS (IN),Disputes/Chargebacks,Standard,Tier 4,Fin (Dashboard),Mauritius,Mauritius,0,2,2
PAYMENTS (IN),Disputes/Chargebacks,Standard,Tier 4,Fin (Dashboard),NORAM,Mauritius,0,3,3
PAYMENTS (IN),Disputes/Chargebacks,Standard,Tier 4,Fin (Dashboard),NORAM,NORAM,2,2,4
PAYMENTS (IN),Disputes/Chargebacks,Standard,Tier 4,Fin (Dashboard),Singapore/ANZ,APAC,0,1,1
PAYMENTS (IN),Disputes/Chargebacks,Standard,Tier 4,Fin (Dashboard),UAE,MENA,0,1,1
PAYMENTS (IN),Disputes/Chargebacks,Standard,Tier 4,Fin (Dashboard),UK,Mauritius,0,3,3
PAYMENTS (IN),Disputes/Chargebacks,Standard,Tier 4,Fin (Dashboard),UK,UK,1,1,2
PAYMENTS (IN),Disputes/Chargebacks,Standard,Tier 4,Fin (Dashboard),Unknown,APAC,0,2,2
PAYMENTS (IN),Disputes/Chargebacks,Standard,Tier 4,Fin (Dashboard),Unknown,Mauritius,0,1,1
PAYMENTS (IN),Disputes/Chargebacks,Standard,Tier 4,Fin (Dashboard),Unknown,UK,0,1,1
PAYMENTS (IN),Disputes/Chargebacks,Standard,Tier 4,Other,Issuing,Mauritius,1,0,1
PAYMENTS (IN),Disputes/Chargebacks,Standard,Tier 4,Other,KSA,EEA,1,0,1
PAYMENTS (IN),Disputes/Chargebacks,Standard,Tier 4,Other,Mauritius,Mauritius,3,0,3
PAYMENTS (IN),Disputes/Chargebacks,Standard,Tier 4,Other,NORAM,NORAM,2,0,2
PAYMENTS (IN),Disputes/Chargebacks,Standard,Tier 4,Other,NORAM,UK,1,0,1
PAYMENTS (IN),Disputes/Chargebacks,Standard,Tier 4,Other,UAE,MENA,6,0,6
PAYMENTS (IN),Disputes/Chargebacks,Standard,Tier 4,Other,UK,UK,3,0,3
PAYMENTS (IN),Disputes/Chargebacks,Standard,Tier 4,Other,Unknown,WW,1,0,1
PAYMENTS (IN),Disputes/Chargebacks,Standard,Tier 4,Other,WW,EEA,1,0,1
PAYMENTS (IN),Disputes/Chargebacks,Standard,Tier 4,Other,WW,WW,2,0,2
PAYMENTS (IN),Disputes/Chargebacks,Standard,Tier 4,Webform & API,Central Europe,EEA,2,0,2
PAYMENTS (IN),Disputes/Chargebacks,Standard,Tier 4,Webform & API,Central Europe,Mauritius,1,0,1
PAYMENTS (IN),Disputes/Chargebacks,Standard,Tier 4,Webform & API,Crypto,APAC,1,0,1
PAYMENTS (IN),Disputes/Chargebacks,Standard,Tier 4,Webform & API,Crypto,Crypto,1,0,1
PAYMENTS (IN),Disputes/Chargebacks,Standard,Tier 4,Webform & API,EU,Mauritius,1,0,1
PAYMENTS (IN),Disputes/Chargebacks,Standard,Tier 4,Webform & API,GCR,APAC,2,0,2
PAYMENTS (IN),Disputes/Chargebacks,Standard,Tier 4,Webform & API,Issuing,UK,3,0,3
PAYMENTS (IN),Disputes/Chargebacks,Standard,Tier 4,Webform & API,KSA,EEA,1,0,1
PAYMENTS (IN),Disputes/Chargebacks,Standard,Tier 4,Webform & API,Mauritius,Mauritius,4,0,4
PAYMENTS (IN),Disputes/Chargebacks,Standard,Tier 4,Webform & API,NORAM,Mauritius,5,0,5
PAYMENTS (IN),Disputes/Chargebacks,Standard,Tier 4,Webform & API,NORAM,NORAM,16,0,16
PAYMENTS (IN),Disputes/Chargebacks,Standard,Tier 4,Webform & API,NORAM,UK,4,0,4
PAYMENTS (IN),Disputes/Chargebacks,Standard,Tier 4,Webform & API,NORAM,Unknown,6,0,6
PAYMENTS (IN),Disputes/Chargebacks,Standard,Tier 4,Webform & API,Singapore/ANZ,NORAM,6,0,6
PAYMENTS (IN),Disputes/Chargebacks,Standard,Tier 4,Webform & API,Southern Europe,EEA,1,0,1
PAYMENTS (IN),Disputes/Chargebacks,Standard,Tier 4,Webform & API,Southern Europe,WW,1,0,1
PAYMENTS (IN),Disputes/Chargebacks,Standard,Tier 4,Webform & API,UAE,MENA,15,0,15
PAYMENTS (IN),Disputes/Chargebacks,Standard,Tier 4,Webform & API,UAE,Mauritius,4,0,4
PAYMENTS (IN),Disputes/Chargebacks,Standard,Tier 4,Webform & API,UK,Mauritius,11,0,11
PAYMENTS (IN),Disputes/Chargebacks,Standard,Tier 4,Webform & API,UK,UK,20,0,20
PAYMENTS (IN),Disputes/Chargebacks,Standard,Tier 4,Webform & API,Unknown,APAC,19,0,19
PAYMENTS (IN),Disputes/Chargebacks,Standard,Tier 4,Webform & API,Unknown,Crypto,3,0,3
PAYMENTS (IN),Disputes/Chargebacks,Standard,Tier 4,Webform & API,Unknown,Mauritius,2,0,2
PAYMENTS (IN),Disputes/Chargebacks,Standard,Tier 4,Webform & API,Unknown,NORAM,1,0,1
PAYMENTS (IN),Disputes/Chargebacks,Standard,Tier 4,Webform & API,Unknown,UK,2,0,2
PAYMENTS (IN),Disputes/Chargebacks,Standard,Tier 4,Webform & API,WW,EEA,2,0,2
PAYMENTS (IN),Disputes/Chargebacks,Standard,Tier 4,Webform & API,WW,WW,2,0,2
PAYMENTS (IN),Disputes/Chargebacks,Standard,Unknown,Webform & API,Northern Europe,EEA,2,0,2
PAYMENTS (IN),Disputes/Chargebacks,Standard,Unknown,Webform & API,Unknown,NORAM,1,0,1
PAYMENTS (IN),Disputes/Chargebacks,Unmapped,Unknown,Email (Internal),Unknown,Unknown,30,0,30
PAYMENTS (IN),Disputes/Chargebacks,Unmapped,Unknown,Email (Merchant),Unknown,Unknown,55,0,55
PAYMENTS (IN),Disputes/Chargebacks,Unmapped,Unknown,Fin (Dashboard),Unknown,Unknown,0,9,9
PAYMENTS (IN),Disputes/Chargebacks,Unmapped,Unknown,Other,Unknown,Unknown,4,0,4
PAYMENTS (IN),Disputes/Chargebacks,Unmapped,Unknown,Webform & API,Unknown,Unknown,23,0,23
PAYMENTS (IN),Fraud & Risk Controls,Enterprise,Tier 1,Email (Internal),Crypto,Crypto,2,0,2
PAYMENTS (IN),Fraud & Risk Controls,Enterprise,Tier 1,Email (Internal),EU,EEA,2,0,2
PAYMENTS (IN),Fraud & Risk Controls,Enterprise,Tier 1,Email (Internal),GCR,APAC,1,0,1
PAYMENTS (IN),Fraud & Risk Controls,Enterprise,Tier 1,Email (Internal),NORAM,Crypto,1,0,1
PAYMENTS (IN),Fraud & Risk Controls,Enterprise,Tier 1,Email (Internal),NORAM,UK,3,0,3
PAYMENTS (IN),Fraud & Risk Controls,Enterprise,Tier 1,Email (Internal),Singapore/ANZ,APAC,1,0,1
PAYMENTS (IN),Fraud & Risk Controls,Enterprise,Tier 1,Email (Internal),UAE,MENA,1,0,1
PAYMENTS (IN),Fraud & Risk Controls,Enterprise,Tier 1,Email (Internal),UK,Crypto,1,0,1
PAYMENTS (IN),Fraud & Risk Controls,Enterprise,Tier 1,Email (Internal),UK,UK,2,0,2
PAYMENTS (IN),Fraud & Risk Controls,Enterprise,Tier 1,Email (Internal),Unknown,NORAM,1,0,1
PAYMENTS (IN),Fraud & Risk Controls,Enterprise,Tier 1,Email (Internal),WW,EEA,1,0,1
PAYMENTS (IN),Fraud & Risk Controls,Enterprise,Tier 1,Email (Internal),WW,Mauritius,1,0,1
PAYMENTS (IN),Fraud & Risk Controls,Enterprise,Tier 1,Email (Merchant),Crypto,Crypto,12,0,12
PAYMENTS (IN),Fraud & Risk Controls,Enterprise,Tier 1,Email (Merchant),NORAM,UK,2,0,2
PAYMENTS (IN),Fraud & Risk Controls,Enterprise,Tier 1,Email (Merchant),UAE,MENA,10,0,10
PAYMENTS (IN),Fraud & Risk Controls,Enterprise,Tier 1,Email (Merchant),UK,Crypto,2,0,2
PAYMENTS (IN),Fraud & Risk Controls,Enterprise,Tier 1,Email (Merchant),UK,Mauritius,1,0,1
PAYMENTS (IN),Fraud & Risk Controls,Enterprise,Tier 1,Email (Merchant),UK,UK,11,0,11
PAYMENTS (IN),Fraud & Risk Controls,Enterprise,Tier 1,Email (Merchant),Unknown,NORAM,1,0,1
PAYMENTS (IN),Fraud & Risk Controls,Enterprise,Tier 1,Email (Merchant),Unknown,UK,1,0,1
PAYMENTS (IN),Fraud & Risk Controls,Enterprise,Tier 1,Email (Merchant),WW,EEA,2,0,2
PAYMENTS (IN),Fraud & Risk Controls,Enterprise,Tier 1,Email (Merchant),WW,MENA,1,0,1
PAYMENTS (IN),Fraud & Risk Controls,Enterprise,Tier 1,Email (Merchant),WW,Mauritius,1,0,1
PAYMENTS (IN),Fraud & Risk Controls,Enterprise,Tier 1,Fin (Dashboard),Northern Europe,EEA,0,1,1
PAYMENTS (IN),Fraud & Risk Controls,Enterprise,Tier 1,Fin (Dashboard),UAE,MENA,0,1,1
PAYMENTS (IN),Fraud & Risk Controls,Enterprise,Tier 1,Fin (Dashboard),UK,Crypto,0,1,1
PAYMENTS (IN),Fraud & Risk Controls,Enterprise,Tier 1,Fin (Dashboard),Unknown,NORAM,1,0,1
PAYMENTS (IN),Fraud & Risk Controls,Enterprise,Tier 1,Other,Crypto,EEA,1,0,1
PAYMENTS (IN),Fraud & Risk Controls,Enterprise,Tier 1,Other,GCR,APAC,1,0,1
PAYMENTS (IN),Fraud & Risk Controls,Enterprise,Tier 1,Other,NORAM,UK,1,0,1
PAYMENTS (IN),Fraud & Risk Controls,Enterprise,Tier 1,Other,UAE,MENA,13,0,13
PAYMENTS (IN),Fraud & Risk Controls,Enterprise,Tier 1,Other,UK,UK,1,0,1
PAYMENTS (IN),Fraud & Risk Controls,Enterprise,Tier 1,Other,Unknown,NORAM,1,0,1
PAYMENTS (IN),Fraud & Risk Controls,Enterprise,Tier 1,Webform & API,Crypto,Crypto,1,0,1
PAYMENTS (IN),Fraud & Risk Controls,Enterprise,Tier 1,Webform & API,Crypto,EEA,3,0,3
PAYMENTS (IN),Fraud & Risk Controls,Enterprise,Tier 1,Webform & API,NORAM,Crypto,1,0,1
PAYMENTS (IN),Fraud & Risk Controls,Enterprise,Tier 1,Webform & API,NORAM,NORAM,1,0,1
PAYMENTS (IN),Fraud & Risk Controls,Enterprise,Tier 1,Webform & API,NORAM,UK,2,0,2
PAYMENTS (IN),Fraud & Risk Controls,Enterprise,Tier 1,Webform & API,UAE,MENA,3,0,3
PAYMENTS (IN),Fraud & Risk Controls,Enterprise,Tier 1,Webform & API,UK,Mauritius,1,0,1
PAYMENTS (IN),Fraud & Risk Controls,Enterprise,Tier 1,Webform & API,UK,UK,3,0,3
PAYMENTS (IN),Fraud & Risk Controls,Enterprise,Tier 1,Webform & API,Unknown,NORAM,4,0,4
PAYMENTS (IN),Fraud & Risk Controls,Enterprise,Tier 1,Webform & API,Unknown,UK,1,0,1
PAYMENTS (IN),Fraud & Risk Controls,Enterprise,Tier 2,Email (Internal),Central Europe,EEA,2,0,2
PAYMENTS (IN),Fraud & Risk Controls,Enterprise,Tier 2,Email (Internal),Crypto,Crypto,1,0,1
PAYMENTS (IN),Fraud & Risk Controls,Enterprise,Tier 2,Email (Internal),EU,EEA,1,0,1
PAYMENTS (IN),Fraud & Risk Controls,Enterprise,Tier 2,Email (Internal),GCR,APAC,3,0,3
PAYMENTS (IN),Fraud & Risk Controls,Enterprise,Tier 2,Email (Internal),NORAM,Israel,1,0,1
PAYMENTS (IN),Fraud & Risk Controls,Enterprise,Tier 2,Email (Internal),NORAM,UK,2,0,2
PAYMENTS (IN),Fraud & Risk Controls,Enterprise,Tier 2,Email (Internal),Southern Europe,EEA,3,0,3
PAYMENTS (IN),Fraud & Risk Controls,Enterprise,Tier 2,Email (Internal),UAE,MENA,8,0,8
PAYMENTS (IN),Fraud & Risk Controls,Enterprise,Tier 2,Email (Internal),UK,EEA,1,0,1
PAYMENTS (IN),Fraud & Risk Controls,Enterprise,Tier 2,Email (Internal),UK,UK,3,0,3
PAYMENTS (IN),Fraud & Risk Controls,Enterprise,Tier 2,Email (Internal),Unknown,EEA,1,0,1
PAYMENTS (IN),Fraud & Risk Controls,Enterprise,Tier 2,Email (Merchant),Central Europe,EEA,1,0,1
PAYMENTS (IN),Fraud & Risk Controls,Enterprise,Tier 2,Email (Merchant),Crypto,Crypto,4,0,4
PAYMENTS (IN),Fraud & Risk Controls,Enterprise,Tier 2,Email (Merchant),NORAM,NORAM,1,0,1
PAYMENTS (IN),Fraud & Risk Controls,Enterprise,Tier 2,Email (Merchant),NORAM,UK,7,0,7
PAYMENTS (IN),Fraud & Risk Controls,Enterprise,Tier 2,Email (Merchant),Singapore/ANZ,APAC,1,0,1
PAYMENTS (IN),Fraud & Risk Controls,Enterprise,Tier 2,Email (Merchant),UAE,MENA,10,0,10
PAYMENTS (IN),Fraud & Risk Controls,Enterprise,Tier 2,Email (Merchant),UK,EEA,1,0,1
PAYMENTS (IN),Fraud & Risk Controls,Enterprise,Tier 2,Email (Merchant),UK,UK,11,0,11
PAYMENTS (IN),Fraud & Risk Controls,Enterprise,Tier 2,Email (Merchant),Unknown,NORAM,1,0,1
PAYMENTS (IN),Fraud & Risk Controls,Enterprise,Tier 2,Email (Merchant),Unknown,UK,1,0,1
PAYMENTS (IN),Fraud & Risk Controls,Enterprise,Tier 2,Email (Merchant),WW,MENA,3,0,3
PAYMENTS (IN),Fraud & Risk Controls,Enterprise,Tier 2,Fin (Dashboard),GCR,APAC,0,1,1
PAYMENTS (IN),Fraud & Risk Controls,Enterprise,Tier 2,Fin (Dashboard),Issuing,UK,0,1,1
PAYMENTS (IN),Fraud & Risk Controls,Enterprise,Tier 2,Fin (Dashboard),NORAM,EEA,0,2,2
PAYMENTS (IN),Fraud & Risk Controls,Enterprise,Tier 2,Fin (Dashboard),NORAM,NORAM,0,1,1
PAYMENTS (IN),Fraud & Risk Controls,Enterprise,Tier 2,Fin (Dashboard),UK,UK,0,2,2
PAYMENTS (IN),Fraud & Risk Controls,Enterprise,Tier 2,Other,UAE,MENA,1,0,1
PAYMENTS (IN),Fraud & Risk Controls,Enterprise,Tier 2,Other,UK,UK,3,0,3
PAYMENTS (IN),Fraud & Risk Controls,Enterprise,Tier 2,Webform & API,Central Europe,EEA,1,0,1
PAYMENTS (IN),Fraud & Risk Controls,Enterprise,Tier 2,Webform & API,Crypto,Crypto,5,0,5
PAYMENTS (IN),Fraud & Risk Controls,Enterprise,Tier 2,Webform & API,Issuing,UK,3,0,3
PAYMENTS (IN),Fraud & Risk Controls,Enterprise,Tier 2,Webform & API,NORAM,EEA,2,0,2
PAYMENTS (IN),Fraud & Risk Controls,Enterprise,Tier 2,Webform & API,NORAM,Israel,1,0,1
PAYMENTS (IN),Fraud & Risk Controls,Enterprise,Tier 2,Webform & API,NORAM,NORAM,3,0,3
PAYMENTS (IN),Fraud & Risk Controls,Enterprise,Tier 2,Webform & API,NORAM,UK,1,0,1
PAYMENTS (IN),Fraud & Risk Controls,Enterprise,Tier 2,Webform & API,Singapore/ANZ,APAC,1,0,1
PAYMENTS (IN),Fraud & Risk Controls,Enterprise,Tier 2,Webform & API,UAE,MENA,14,0,14
PAYMENTS (IN),Fraud & Risk Controls,Enterprise,Tier 2,Webform & API,UK,UK,8,0,8
PAYMENTS (IN),Fraud & Risk Controls,Enterprise,Tier 2,Webform & API,Unknown,EEA,1,0,1
PAYMENTS (IN),Fraud & Risk Controls,Enterprise,Tier 2,Webform & API,Unknown,NORAM,1,0,1
PAYMENTS (IN),Fraud & Risk Controls,Enterprise,Tier 2,Webform & API,WW,EEA,5,0,5
PAYMENTS (IN),Fraud & Risk Controls,Enterprise,Tier 3,Email (Internal),UAE,MENA,1,0,1
PAYMENTS (IN),Fraud & Risk Controls,Enterprise,Tier 3,Email (Internal),WW,Israel,1,0,1
PAYMENTS (IN),Fraud & Risk Controls,Enterprise,Tier 3,Email (Merchant),UAE,MENA,15,0,15
PAYMENTS (IN),Fraud & Risk Controls,Enterprise,Tier 3,Fin (Dashboard),UAE,MENA,2,1,3
PAYMENTS (IN),Fraud & Risk Controls,Enterprise,Tier 3,Webform & API,GCR,APAC,1,0,1
PAYMENTS (IN),Fraud & Risk Controls,Enterprise,Tier 3,Webform & API,UAE,MENA,2,0,2
PAYMENTS (IN),Fraud & Risk Controls,Enterprise,Tier 4,Email (Merchant),UAE,MENA,6,0,6
PAYMENTS (IN),Fraud & Risk Controls,Enterprise,Tier 4,Other,UAE,MENA,2,0,2
PAYMENTS (IN),Fraud & Risk Controls,Premium,Tier 1,Email (Internal),GCR,APAC,2,0,2
PAYMENTS (IN),Fraud & Risk Controls,Premium,Tier 1,Email (Internal),NORAM,UK,2,0,2
PAYMENTS (IN),Fraud & Risk Controls,Premium,Tier 1,Email (Internal),Northern Europe,EEA,1,0,1
PAYMENTS (IN),Fraud & Risk Controls,Premium,Tier 1,Email (Internal),UAE,MENA,4,0,4
PAYMENTS (IN),Fraud & Risk Controls,Premium,Tier 1,Email (Internal),UK,EEA,1,0,1
PAYMENTS (IN),Fraud & Risk Controls,Premium,Tier 1,Email (Internal),Unknown,UK,2,0,2
PAYMENTS (IN),Fraud & Risk Controls,Premium,Tier 1,Email (Internal),WW,APAC,1,0,1
PAYMENTS (IN),Fraud & Risk Controls,Premium,Tier 1,Email (Internal),WW,EEA,2,0,2
PAYMENTS (IN),Fraud & Risk Controls,Premium,Tier 1,Email (Merchant),Crypto,Crypto,2,0,2
PAYMENTS (IN),Fraud & Risk Controls,Premium,Tier 1,Email (Merchant),GCR,APAC,1,0,1
PAYMENTS (IN),Fraud & Risk Controls,Premium,Tier 1,Email (Merchant),NORAM,EEA,1,0,1
PAYMENTS (IN),Fraud & Risk Controls,Premium,Tier 1,Email (Merchant),NORAM,Israel,1,0,1
PAYMENTS (IN),Fraud & Risk Controls,Premium,Tier 1,Email (Merchant),NORAM,UK,2,0,2
PAYMENTS (IN),Fraud & Risk Controls,Premium,Tier 1,Email (Merchant),SAT,SAT,1,0,1
PAYMENTS (IN),Fraud & Risk Controls,Premium,Tier 1,Email (Merchant),UAE,MENA,5,0,5
PAYMENTS (IN),Fraud & Risk Controls,Premium,Tier 1,Email (Merchant),UK,EEA,1,0,1
PAYMENTS (IN),Fraud & Risk Controls,Premium,Tier 1,Email (Merchant),UK,NORAM,2,0,2
PAYMENTS (IN),Fraud & Risk Controls,Premium,Tier 1,Email (Merchant),UK,UK,3,0,3
PAYMENTS (IN),Fraud & Risk Controls,Premium,Tier 1,Email (Merchant),WW,APAC,2,0,2
PAYMENTS (IN),Fraud & Risk Controls,Premium,Tier 1,Email (Merchant),WW,MENA,1,0,1
PAYMENTS (IN),Fraud & Risk Controls,Premium,Tier 1,Email (Merchant),WW,UK,2,0,2
PAYMENTS (IN),Fraud & Risk Controls,Premium,Tier 1,Email (Merchant),WW,WW,1,0,1
PAYMENTS (IN),Fraud & Risk Controls,Premium,Tier 1,Fin (Dashboard),Crypto,Crypto,0,1,1
PAYMENTS (IN),Fraud & Risk Controls,Premium,Tier 1,Fin (Dashboard),UK,UK,0,1,1
PAYMENTS (IN),Fraud & Risk Controls,Premium,Tier 1,Fin (Dashboard),WW,MENA,0,1,1
PAYMENTS (IN),Fraud & Risk Controls,Premium,Tier 1,Fin (Dashboard),WW,UK,0,1,1
PAYMENTS (IN),Fraud & Risk Controls,Premium,Tier 1,Other,GCR,APAC,3,0,3
PAYMENTS (IN),Fraud & Risk Controls,Premium,Tier 1,Other,UAE,MENA,1,0,1
PAYMENTS (IN),Fraud & Risk Controls,Premium,Tier 1,Webform & API,NORAM,Israel,1,0,1
PAYMENTS (IN),Fraud & Risk Controls,Premium,Tier 1,Webform & API,NORAM,NORAM,2,0,2
PAYMENTS (IN),Fraud & Risk Controls,Premium,Tier 1,Webform & API,Northern Europe,EEA,1,0,1
PAYMENTS (IN),Fraud & Risk Controls,Premium,Tier 1,Webform & API,UAE,MENA,17,0,17
PAYMENTS (IN),Fraud & Risk Controls,Premium,Tier 1,Webform & API,UK,EEA,2,0,2
PAYMENTS (IN),Fraud & Risk Controls,Premium,Tier 1,Webform & API,UK,NORAM,1,0,1
PAYMENTS (IN),Fraud & Risk Controls,Premium,Tier 1,Webform & API,UK,UK,2,0,2
PAYMENTS (IN),Fraud & Risk Controls,Premium,Tier 1,Webform & API,Unknown,Crypto,1,0,1
PAYMENTS (IN),Fraud & Risk Controls,Premium,Tier 1,Webform & API,Unknown,NORAM,1,0,1
PAYMENTS (IN),Fraud & Risk Controls,Standard,Tier 2,Email (Internal),Central Europe,EEA,1,0,1
PAYMENTS (IN),Fraud & Risk Controls,Standard,Tier 2,Email (Internal),GCR,APAC,2,0,2
PAYMENTS (IN),Fraud & Risk Controls,Standard,Tier 2,Email (Internal),NORAM,UK,1,0,1
PAYMENTS (IN),Fraud & Risk Controls,Standard,Tier 2,Email (Internal),Northern Europe,EEA,1,0,1
PAYMENTS (IN),Fraud & Risk Controls,Standard,Tier 2,Email (Internal),Singapore/ANZ,APAC,1,0,1
PAYMENTS (IN),Fraud & Risk Controls,Standard,Tier 2,Email (Internal),UK,UK,2,0,2
PAYMENTS (IN),Fraud & Risk Controls,Standard,Tier 2,Email (Merchant),NORAM,UK,1,0,1
PAYMENTS (IN),Fraud & Risk Controls,Standard,Tier 2,Email (Merchant),Singapore/ANZ,APAC,1,0,1
PAYMENTS (IN),Fraud & Risk Controls,Standard,Tier 2,Email (Merchant),UK,UK,2,0,2
PAYMENTS (IN),Fraud & Risk Controls,Standard,Tier 2,Email (Merchant),Unknown,APAC,1,0,1
PAYMENTS (IN),Fraud & Risk Controls,Standard,Tier 2,Email (Merchant),WW,UK,1,0,1
PAYMENTS (IN),Fraud & Risk Controls,Standard,Tier 2,Fin (Dashboard),Crypto,Crypto,0,4,4
PAYMENTS (IN),Fraud & Risk Controls,Standard,Tier 2,Fin (Dashboard),GCR,APAC,0,1,1
PAYMENTS (IN),Fraud & Risk Controls,Standard,Tier 2,Fin (Dashboard),NORAM,UK,0,1,1
PAYMENTS (IN),Fraud & Risk Controls,Standard,Tier 2,Fin (Dashboard),UK,UK,0,1,1
PAYMENTS (IN),Fraud & Risk Controls,Standard,Tier 2,Webform & API,Crypto,Crypto,2,0,2
PAYMENTS (IN),Fraud & Risk Controls,Standard,Tier 2,Webform & API,NORAM,NORAM,1,0,1
PAYMENTS (IN),Fraud & Risk Controls,Standard,Tier 2,Webform & API,Singapore/ANZ,APAC,2,0,2
PAYMENTS (IN),Fraud & Risk Controls,Standard,Tier 2,Webform & API,UK,UK,1,0,1
PAYMENTS (IN),Fraud & Risk Controls,Standard,Tier 3,Email (Internal),Central Europe,EEA,1,0,1
PAYMENTS (IN),Fraud & Risk Controls,Standard,Tier 3,Email (Internal),Crypto,Crypto,8,0,8
PAYMENTS (IN),Fraud & Risk Controls,Standard,Tier 3,Email (Internal),GCR,APAC,2,0,2
PAYMENTS (IN),Fraud & Risk Controls,Standard,Tier 3,Email (Internal),KSA,MENA,1,0,1
PAYMENTS (IN),Fraud & Risk Controls,Standard,Tier 3,Email (Internal),NORAM,NORAM,1,0,1
PAYMENTS (IN),Fraud & Risk Controls,Standard,Tier 3,Email (Internal),Northern Europe,EEA,2,0,2
PAYMENTS (IN),Fraud & Risk Controls,Standard,Tier 3,Email (Internal),Singapore/ANZ,APAC,1,0,1
PAYMENTS (IN),Fraud & Risk Controls,Standard,Tier 3,Email (Internal),Southern Europe,EEA,1,0,1
PAYMENTS (IN),Fraud & Risk Controls,Standard,Tier 3,Email (Internal),UAE,MENA,3,0,3
PAYMENTS (IN),Fraud & Risk Controls,Standard,Tier 3,Email (Internal),UK,Mauritius,1,0,1
PAYMENTS (IN),Fraud & Risk Controls,Standard,Tier 3,Email (Internal),UK,UK,1,0,1
PAYMENTS (IN),Fraud & Risk Controls,Standard,Tier 3,Email (Internal),Unknown,EEA,3,0,3
PAYMENTS (IN),Fraud & Risk Controls,Standard,Tier 3,Email (Internal),Unknown,UK,4,0,4
PAYMENTS (IN),Fraud & Risk Controls,Standard,Tier 3,Email (Internal),WW,EEA,1,0,1
PAYMENTS (IN),Fraud & Risk Controls,Standard,Tier 3,Email (Internal),WW,MENA,2,0,2
PAYMENTS (IN),Fraud & Risk Controls,Standard,Tier 3,Email (Merchant),Central Europe,EEA,5,0,5
PAYMENTS (IN),Fraud & Risk Controls,Standard,Tier 3,Email (Merchant),Crypto,Crypto,5,0,5
PAYMENTS (IN),Fraud & Risk Controls,Standard,Tier 3,Email (Merchant),NORAM,Israel,2,0,2
PAYMENTS (IN),Fraud & Risk Controls,Standard,Tier 3,Email (Merchant),NORAM,MENA,1,0,1
PAYMENTS (IN),Fraud & Risk Controls,Standard,Tier 3,Email (Merchant),NORAM,UK,1,0,1
PAYMENTS (IN),Fraud & Risk Controls,Standard,Tier 3,Email (Merchant),Southern Europe,EEA,3,0,3
PAYMENTS (IN),Fraud & Risk Controls,Standard,Tier 3,Email (Merchant),UAE,MENA,18,0,18
PAYMENTS (IN),Fraud & Risk Controls,Standard,Tier 3,Email (Merchant),UAE,Mauritius,2,0,2
PAYMENTS (IN),Fraud & Risk Controls,Standard,Tier 3,Email (Merchant),UK,Mauritius,1,0,1
PAYMENTS (IN),Fraud & Risk Controls,Standard,Tier 3,Email (Merchant),UK,NORAM,2,0,2
PAYMENTS (IN),Fraud & Risk Controls,Standard,Tier 3,Email (Merchant),UK,UK,3,0,3
PAYMENTS (IN),Fraud & Risk Controls,Standard,Tier 3,Email (Merchant),Ubble,EEA,2,0,2
PAYMENTS (IN),Fraud & Risk Controls,Standard,Tier 3,Email (Merchant),Unknown,Crypto,1,0,1
PAYMENTS (IN),Fraud & Risk Controls,Standard,Tier 3,Email (Merchant),Unknown,EEA,4,0,4
PAYMENTS (IN),Fraud & Risk Controls,Standard,Tier 3,Email (Merchant),Unknown,MENA,2,0,2
PAYMENTS (IN),Fraud & Risk Controls,Standard,Tier 3,Email (Merchant),Unknown,UK,1,0,1
PAYMENTS (IN),Fraud & Risk Controls,Standard,Tier 3,Email (Merchant),WW,MENA,3,0,3
PAYMENTS (IN),Fraud & Risk Controls,Standard,Tier 3,Fin (Dashboard),Central Europe,EEA,0,1,1
PAYMENTS (IN),Fraud & Risk Controls,Standard,Tier 3,Fin (Dashboard),Crypto,Crypto,0,1,1
PAYMENTS (IN),Fraud & Risk Controls,Standard,Tier 3,Fin (Dashboard),GCR,APAC,0,1,1
PAYMENTS (IN),Fraud & Risk Controls,Standard,Tier 3,Fin (Dashboard),NORAM,UK,0,1,1
PAYMENTS (IN),Fraud & Risk Controls,Standard,Tier 3,Fin (Dashboard),UAE,MENA,1,1,2
PAYMENTS (IN),Fraud & Risk Controls,Standard,Tier 3,Fin (Dashboard),UAE,Mauritius,2,0,2
PAYMENTS (IN),Fraud & Risk Controls,Standard,Tier 3,Fin (Dashboard),UK,Mauritius,0,1,1
PAYMENTS (IN),Fraud & Risk Controls,Standard,Tier 3,Fin (Dashboard),UK,UK,1,1,2
PAYMENTS (IN),Fraud & Risk Controls,Standard,Tier 3,Fin (Dashboard),Unknown,Crypto,0,1,1
PAYMENTS (IN),Fraud & Risk Controls,Standard,Tier 3,Fin (Dashboard),Unknown,EEA,2,2,4
PAYMENTS (IN),Fraud & Risk Controls,Standard,Tier 3,Fin (Dashboard),WW,MENA,1,0,1
PAYMENTS (IN),Fraud & Risk Controls,Standard,Tier 3,Other,NORAM,NORAM,1,0,1
PAYMENTS (IN),Fraud & Risk Controls,Standard,Tier 3,Other,UAE,MENA,1,0,1
PAYMENTS (IN),Fraud & Risk Controls,Standard,Tier 3,Other,UK,UK,2,0,2
PAYMENTS (IN),Fraud & Risk Controls,Standard,Tier 3,Other,Ubble,EEA,1,0,1
PAYMENTS (IN),Fraud & Risk Controls,Standard,Tier 3,Other,Unknown,Crypto,1,0,1
PAYMENTS (IN),Fraud & Risk Controls,Standard,Tier 3,Webform & API,Central Europe,EEA,1,0,1
PAYMENTS (IN),Fraud & Risk Controls,Standard,Tier 3,Webform & API,Crypto,Crypto,7,0,7
PAYMENTS (IN),Fraud & Risk Controls,Standard,Tier 3,Webform & API,EU,EEA,1,0,1
PAYMENTS (IN),Fraud & Risk Controls,Standard,Tier 3,Webform & API,GCR,APAC,1,0,1
PAYMENTS (IN),Fraud & Risk Controls,Standard,Tier 3,Webform & API,Issuing,EEA,3,0,3
PAYMENTS (IN),Fraud & Risk Controls,Standard,Tier 3,Webform & API,KSA,MENA,1,0,1
PAYMENTS (IN),Fraud & Risk Controls,Standard,Tier 3,Webform & API,NORAM,Israel,1,0,1
PAYMENTS (IN),Fraud & Risk Controls,Standard,Tier 3,Webform & API,NORAM,NORAM,7,0,7
PAYMENTS (IN),Fraud & Risk Controls,Standard,Tier 3,Webform & API,NORAM,UK,1,0,1
PAYMENTS (IN),Fraud & Risk Controls,Standard,Tier 3,Webform & API,Northern Europe,EEA,4,0,4
PAYMENTS (IN),Fraud & Risk Controls,Standard,Tier 3,Webform & API,Singapore/ANZ,APAC,2,0,2
PAYMENTS (IN),Fraud & Risk Controls,Standard,Tier 3,Webform & API,Southern Europe,Crypto,1,0,1
PAYMENTS (IN),Fraud & Risk Controls,Standard,Tier 3,Webform & API,Southern Europe,EEA,1,0,1
PAYMENTS (IN),Fraud & Risk Controls,Standard,Tier 3,Webform & API,UAE,MENA,15,0,15
PAYMENTS (IN),Fraud & Risk Controls,Standard,Tier 3,Webform & API,UAE,Mauritius,3,0,3
PAYMENTS (IN),Fraud & Risk Controls,Standard,Tier 3,Webform & API,UK,Mauritius,3,0,3
PAYMENTS (IN),Fraud & Risk Controls,Standard,Tier 3,Webform & API,UK,NORAM,1,0,1
PAYMENTS (IN),Fraud & Risk Controls,Standard,Tier 3,Webform & API,UK,UK,3,0,3
PAYMENTS (IN),Fraud & Risk Controls,Standard,Tier 3,Webform & API,Ubble,EEA,5,0,5
PAYMENTS (IN),Fraud & Risk Controls,Standard,Tier 3,Webform & API,Unknown,APAC,2,0,2
PAYMENTS (IN),Fraud & Risk Controls,Standard,Tier 3,Webform & API,Unknown,Crypto,3,0,3
PAYMENTS (IN),Fraud & Risk Controls,Standard,Tier 3,Webform & API,Unknown,EEA,14,0,14
PAYMENTS (IN),Fraud & Risk Controls,Standard,Tier 3,Webform & API,Unknown,NORAM,1,0,1
PAYMENTS (IN),Fraud & Risk Controls,Standard,Tier 3,Webform & API,Unknown,UK,1,0,1
PAYMENTS (IN),Fraud & Risk Controls,Standard,Tier 3,Webform & API,WW,MENA,1,0,1
PAYMENTS (IN),Fraud & Risk Controls,Standard,Tier 4,Email (Internal),Crypto,APAC,1,0,1
PAYMENTS (IN),Fraud & Risk Controls,Standard,Tier 4,Email (Internal),Mauritius,Mauritius,1,0,1
PAYMENTS (IN),Fraud & Risk Controls,Standard,Tier 4,Email (Internal),NORAM,Mauritius,5,0,5
PAYMENTS (IN),Fraud & Risk Controls,Standard,Tier 4,Email (Internal),NORAM,UK,2,0,2
PAYMENTS (IN),Fraud & Risk Controls,Standard,Tier 4,Email (Internal),UAE,MENA,5,0,5
PAYMENTS (IN),Fraud & Risk Controls,Standard,Tier 4,Email (Internal),UK,Mauritius,1,0,1
PAYMENTS (IN),Fraud & Risk Controls,Standard,Tier 4,Email (Internal),UK,UK,1,0,1
PAYMENTS (IN),Fraud & Risk Controls,Standard,Tier 4,Email (Internal),Unknown,EEA,2,0,2
PAYMENTS (IN),Fraud & Risk Controls,Standard,Tier 4,Email (Internal),Unknown,MENA,1,0,1
PAYMENTS (IN),Fraud & Risk Controls,Standard,Tier 4,Email (Internal),Unknown,Mauritius,1,0,1
PAYMENTS (IN),Fraud & Risk Controls,Standard,Tier 4,Email (Merchant),Central Europe,Mauritius,1,0,1
PAYMENTS (IN),Fraud & Risk Controls,Standard,Tier 4,Email (Merchant),Crypto,Crypto,3,0,3
PAYMENTS (IN),Fraud & Risk Controls,Standard,Tier 4,Email (Merchant),GCR,APAC,7,0,7
PAYMENTS (IN),Fraud & Risk Controls,Standard,Tier 4,Email (Merchant),Mauritius,Mauritius,4,0,4
PAYMENTS (IN),Fraud & Risk Controls,Standard,Tier 4,Email (Merchant),Mauritius,NORAM,2,0,2
PAYMENTS (IN),Fraud & Risk Controls,Standard,Tier 4,Email (Merchant),NORAM,Mauritius,3,0,3
PAYMENTS (IN),Fraud & Risk Controls,Standard,Tier 4,Email (Merchant),NORAM,NORAM,9,0,9
PAYMENTS (IN),Fraud & Risk Controls,Standard,Tier 4,Email (Merchant),Southern Europe,EEA,1,0,1
PAYMENTS (IN),Fraud & Risk Controls,Standard,Tier 4,Email (Merchant),UAE,MENA,15,0,15
PAYMENTS (IN),Fraud & Risk Controls,Standard,Tier 4,Email (Merchant),UAE,Mauritius,1,0,1
PAYMENTS (IN),Fraud & Risk Controls,Standard,Tier 4,Email (Merchant),UAE,WW,1,0,1
PAYMENTS (IN),Fraud & Risk Controls,Standard,Tier 4,Email (Merchant),UK,Mauritius,4,0,4
PAYMENTS (IN),Fraud & Risk Controls,Standard,Tier 4,Email (Merchant),Unknown,APAC,4,0,4
PAYMENTS (IN),Fraud & Risk Controls,Standard,Tier 4,Email (Merchant),Unknown,Crypto,3,0,3
PAYMENTS (IN),Fraud & Risk Controls,Standard,Tier 4,Email (Merchant),Unknown,MENA,6,0,6
PAYMENTS (IN),Fraud & Risk Controls,Standard,Tier 4,Email (Merchant),Unknown,Mauritius,1,0,1
PAYMENTS (IN),Fraud & Risk Controls,Standard,Tier 4,Email (Merchant),Unknown,Unknown,2,0,2
PAYMENTS (IN),Fraud & Risk Controls,Standard,Tier 4,Email (Merchant),WW,Mauritius,1,0,1
PAYMENTS (IN),Fraud & Risk Controls,Standard,Tier 4,Email (Merchant),WW,UK,1,0,1
PAYMENTS (IN),Fraud & Risk Controls,Standard,Tier 4,Email (Merchant),WW,WW,1,0,1
PAYMENTS (IN),Fraud & Risk Controls,Standard,Tier 4,Fin (Dashboard),GCR,APAC,1,1,2
PAYMENTS (IN),Fraud & Risk Controls,Standard,Tier 4,Fin (Dashboard),KSA,EEA,1,1,2
PAYMENTS (IN),Fraud & Risk Controls,Standard,Tier 4,Fin (Dashboard),Mauritius,Mauritius,0,1,1
PAYMENTS (IN),Fraud & Risk Controls,Standard,Tier 4,Fin (Dashboard),NORAM,Mauritius,0,1,1
PAYMENTS (IN),Fraud & Risk Controls,Standard,Tier 4,Fin (Dashboard),NORAM,NORAM,0,5,5
PAYMENTS (IN),Fraud & Risk Controls,Standard,Tier 4,Fin (Dashboard),NORAM,UK,0,1,1
PAYMENTS (IN),Fraud & Risk Controls,Standard,Tier 4,Fin (Dashboard),Singapore/ANZ,APAC,0,2,2
PAYMENTS (IN),Fraud & Risk Controls,Standard,Tier 4,Fin (Dashboard),UAE,MENA,0,9,9
PAYMENTS (IN),Fraud & Risk Controls,Standard,Tier 4,Fin (Dashboard),UAE,Mauritius,0,2,2
PAYMENTS (IN),Fraud & Risk Controls,Standard,Tier 4,Fin (Dashboard),UK,Mauritius,0,3,3
PAYMENTS (IN),Fraud & Risk Controls,Standard,Tier 4,Fin (Dashboard),UK,UK,1,2,3
PAYMENTS (IN),Fraud & Risk Controls,Standard,Tier 4,Fin (Dashboard),Unknown,APAC,0,3,3
PAYMENTS (IN),Fraud & Risk Controls,Standard,Tier 4,Fin (Dashboard),Unknown,Crypto,0,2,2
PAYMENTS (IN),Fraud & Risk Controls,Standard,Tier 4,Fin (Dashboard),Unknown,EEA,0,2,2
PAYMENTS (IN),Fraud & Risk Controls,Standard,Tier 4,Fin (Dashboard),Unknown,NORAM,0,2,2
PAYMENTS (IN),Fraud & Risk Controls,Standard,Tier 4,Fin (Dashboard),Unknown,UK,0,1,1
PAYMENTS (IN),Fraud & Risk Controls,Standard,Tier 4,Other,Central Europe,Mauritius,1,0,1
PAYMENTS (IN),Fraud & Risk Controls,Standard,Tier 4,Other,Crypto,Crypto,1,0,1
PAYMENTS (IN),Fraud & Risk Controls,Standard,Tier 4,Other,GCR,APAC,1,0,1
PAYMENTS (IN),Fraud & Risk Controls,Standard,Tier 4,Other,Issuing,Mauritius,1,0,1
PAYMENTS (IN),Fraud & Risk Controls,Standard,Tier 4,Other,Issuing,UK,1,0,1
PAYMENTS (IN),Fraud & Risk Controls,Standard,Tier 4,Other,NORAM,Mauritius,2,0,2
PAYMENTS (IN),Fraud & Risk Controls,Standard,Tier 4,Other,NORAM,NORAM,2,0,2
PAYMENTS (IN),Fraud & Risk Controls,Standard,Tier 4,Other,UAE,MENA,3,0,3
PAYMENTS (IN),Fraud & Risk Controls,Standard,Tier 4,Other,UAE,Mauritius,2,0,2
PAYMENTS (IN),Fraud & Risk Controls,Standard,Tier 4,Other,UK,Mauritius,1,0,1
PAYMENTS (IN),Fraud & Risk Controls,Standard,Tier 4,Other,UK,UK,5,0,5
PAYMENTS (IN),Fraud & Risk Controls,Standard,Tier 4,Other,Unknown,APAC,2,0,2
PAYMENTS (IN),Fraud & Risk Controls,Standard,Tier 4,Other,Unknown,MENA,2,0,2
PAYMENTS (IN),Fraud & Risk Controls,Standard,Tier 4,Other,Unknown,NORAM,2,0,2
PAYMENTS (IN),Fraud & Risk Controls,Standard,Tier 4,Other,WW,WW,2,0,2
PAYMENTS (IN),Fraud & Risk Controls,Standard,Tier 4,Webform & API,Central Europe,EEA,1,0,1
PAYMENTS (IN),Fraud & Risk Controls,Standard,Tier 4,Webform & API,Central Europe,Mauritius,2,0,2
PAYMENTS (IN),Fraud & Risk Controls,Standard,Tier 4,Webform & API,Crypto,APAC,1,0,1
PAYMENTS (IN),Fraud & Risk Controls,Standard,Tier 4,Webform & API,Crypto,Crypto,5,0,5
PAYMENTS (IN),Fraud & Risk Controls,Standard,Tier 4,Webform & API,EU,Mauritius,4,0,4
PAYMENTS (IN),Fraud & Risk Controls,Standard,Tier 4,Webform & API,GCR,APAC,9,0,9
PAYMENTS (IN),Fraud & Risk Controls,Standard,Tier 4,Webform & API,GCR,UK,1,0,1
PAYMENTS (IN),Fraud & Risk Controls,Standard,Tier 4,Webform & API,KSA,EEA,4,0,4
PAYMENTS (IN),Fraud & Risk Controls,Standard,Tier 4,Webform & API,Mauritius,Mauritius,2,0,2
PAYMENTS (IN),Fraud & Risk Controls,Standard,Tier 4,Webform & API,NORAM,Mauritius,2,0,2
PAYMENTS (IN),Fraud & Risk Controls,Standard,Tier 4,Webform & API,NORAM,NORAM,12,0,12
PAYMENTS (IN),Fraud & Risk Controls,Standard,Tier 4,Webform & API,NORAM,UK,4,0,4
PAYMENTS (IN),Fraud & Risk Controls,Standard,Tier 4,Webform & API,Singapore/ANZ,NORAM,3,0,3
PAYMENTS (IN),Fraud & Risk Controls,Standard,Tier 4,Webform & API,Southern Europe,EEA,1,0,1
PAYMENTS (IN),Fraud & Risk Controls,Standard,Tier 4,Webform & API,UAE,MENA,21,0,21
PAYMENTS (IN),Fraud & Risk Controls,Standard,Tier 4,Webform & API,UAE,Mauritius,1,0,1
PAYMENTS (IN),Fraud & Risk Controls,Standard,Tier 4,Webform & API,UAE,UK,2,0,2
PAYMENTS (IN),Fraud & Risk Controls,Standard,Tier 4,Webform & API,UK,APAC,1,0,1
PAYMENTS (IN),Fraud & Risk Controls,Standard,Tier 4,Webform & API,UK,Mauritius,7,0,7
PAYMENTS (IN),Fraud & Risk Controls,Standard,Tier 4,Webform & API,UK,UK,9,0,9
PAYMENTS (IN),Fraud & Risk Controls,Standard,Tier 4,Webform & API,Unknown,APAC,4,0,4
PAYMENTS (IN),Fraud & Risk Controls,Standard,Tier 4,Webform & API,Unknown,Crypto,4,0,4
PAYMENTS (IN),Fraud & Risk Controls,Standard,Tier 4,Webform & API,Unknown,EEA,2,0,2
PAYMENTS (IN),Fraud & Risk Controls,Standard,Tier 4,Webform & API,Unknown,MENA,3,0,3
PAYMENTS (IN),Fraud & Risk Controls,Standard,Tier 4,Webform & API,Unknown,Mauritius,2,0,2
PAYMENTS (IN),Fraud & Risk Controls,Standard,Tier 4,Webform & API,Unknown,NORAM,3,0,3
PAYMENTS (IN),Fraud & Risk Controls,Standard,Tier 4,Webform & API,Unknown,UK,1,0,1
PAYMENTS (IN),Fraud & Risk Controls,Standard,Tier 4,Webform & API,WW,EEA,1,0,1
PAYMENTS (IN),Fraud & Risk Controls,Standard,Tier 4,Webform & API,WW,MENA,2,0,2
PAYMENTS (IN),Fraud & Risk Controls,Standard,Tier 4,Webform & API,WW,Mauritius,1,0,1
PAYMENTS (IN),Fraud & Risk Controls,Standard,Tier 4,Webform & API,WW,WW,6,0,6
PAYMENTS (IN),Fraud & Risk Controls,Standard,Unknown,Email (Merchant),Mauritius,Mauritius,1,0,1
PAYMENTS (IN),Fraud & Risk Controls,Standard,Unknown,Email (Merchant),Northern Europe,EEA,1,0,1
PAYMENTS (IN),Fraud & Risk Controls,Standard,Unknown,Other,Northern Europe,EEA,1,0,1
PAYMENTS (IN),Fraud & Risk Controls,Standard,Unknown,Webform & API,UK,UK,4,0,4
PAYMENTS (IN),Fraud & Risk Controls,Unmapped,Unknown,Email (Internal),Unknown,Unknown,11,0,11
PAYMENTS (IN),Fraud & Risk Controls,Unmapped,Unknown,Email (Merchant),Unknown,Unknown,74,0,74
PAYMENTS (IN),Fraud & Risk Controls,Unmapped,Unknown,Fin (Dashboard),Unknown,Unknown,0,6,6
PAYMENTS (IN),Fraud & Risk Controls,Unmapped,Unknown,Other,Unknown,Unknown,9,0,9
PAYMENTS (IN),Fraud & Risk Controls,Unmapped,Unknown,Webform & API,Unknown,Unknown,16,0,16
PAYMENTS (IN),Performance,Enterprise,Tier 1,Email (Internal),Crypto,Crypto,1,0,1
PAYMENTS (IN),Performance,Enterprise,Tier 1,Email (Internal),EU,EEA,1,0,1
PAYMENTS (IN),Performance,Enterprise,Tier 1,Email (Internal),GCR,APAC,1,0,1
PAYMENTS (IN),Performance,Enterprise,Tier 1,Email (Internal),NORAM,Crypto,1,0,1
PAYMENTS (IN),Performance,Enterprise,Tier 1,Email (Internal),Singapore/ANZ,APAC,1,0,1
PAYMENTS (IN),Performance,Enterprise,Tier 1,Email (Internal),UAE,MENA,4,0,4
PAYMENTS (IN),Performance,Enterprise,Tier 1,Email (Internal),UK,EEA,1,0,1
PAYMENTS (IN),Performance,Enterprise,Tier 1,Email (Internal),Unknown,NORAM,1,0,1
PAYMENTS (IN),Performance,Enterprise,Tier 1,Email (Internal),WW,Mauritius,1,0,1
PAYMENTS (IN),Performance,Enterprise,Tier 1,Email (Internal),WW,UK,1,0,1
PAYMENTS (IN),Performance,Enterprise,Tier 1,Email (Merchant),NORAM,UK,5,0,5
PAYMENTS (IN),Performance,Enterprise,Tier 1,Email (Merchant),Singapore/ANZ,APAC,1,0,1
PAYMENTS (IN),Performance,Enterprise,Tier 1,Email (Merchant),UAE,MENA,23,0,23
PAYMENTS (IN),Performance,Enterprise,Tier 1,Email (Merchant),UK,Crypto,1,0,1
PAYMENTS (IN),Performance,Enterprise,Tier 1,Email (Merchant),UK,UK,14,0,14
PAYMENTS (IN),Performance,Enterprise,Tier 1,Email (Merchant),Unknown,NORAM,2,0,2
PAYMENTS (IN),Performance,Enterprise,Tier 1,Email (Merchant),WW,MENA,1,0,1
PAYMENTS (IN),Performance,Enterprise,Tier 1,Email (Merchant),WW,UK,2,0,2
PAYMENTS (IN),Performance,Enterprise,Tier 1,Fin (Dashboard),WW,UK,0,1,1
PAYMENTS (IN),Performance,Enterprise,Tier 1,Other,UAE,MENA,4,0,4
PAYMENTS (IN),Performance,Enterprise,Tier 1,Other,UK,UK,3,0,3
PAYMENTS (IN),Performance,Enterprise,Tier 1,Webform & API,Crypto,Crypto,1,0,1
PAYMENTS (IN),Performance,Enterprise,Tier 1,Webform & API,UAE,MENA,1,0,1
PAYMENTS (IN),Performance,Enterprise,Tier 1,Webform & API,UK,UK,2,0,2
PAYMENTS (IN),Performance,Enterprise,Tier 1,Webform & API,Unknown,NORAM,1,0,1
PAYMENTS (IN),Performance,Enterprise,Tier 1,Webform & API,Unknown,UK,1,0,1
PAYMENTS (IN),Performance,Enterprise,Tier 1,Webform & API,WW,MENA,1,0,1
PAYMENTS (IN),Performance,Enterprise,Tier 2,Email (Internal),Central Europe,EEA,1,0,1
PAYMENTS (IN),Performance,Enterprise,Tier 2,Email (Internal),Crypto,Crypto,1,0,1
PAYMENTS (IN),Performance,Enterprise,Tier 2,Email (Internal),GCR,APAC,1,0,1
PAYMENTS (IN),Performance,Enterprise,Tier 2,Email (Internal),KSA,MENA,1,0,1
PAYMENTS (IN),Performance,Enterprise,Tier 2,Email (Internal),NORAM,EEA,1,0,1
PAYMENTS (IN),Performance,Enterprise,Tier 2,Email (Internal),NORAM,UK,6,0,6
PAYMENTS (IN),Performance,Enterprise,Tier 2,Email (Internal),Northern Europe,EEA,1,0,1
PAYMENTS (IN),Performance,Enterprise,Tier 2,Email (Internal),Singapore/ANZ,APAC,1,0,1
PAYMENTS (IN),Performance,Enterprise,Tier 2,Email (Internal),UAE,MENA,18,0,18
PAYMENTS (IN),Performance,Enterprise,Tier 2,Email (Internal),UK,UK,7,0,7
PAYMENTS (IN),Performance,Enterprise,Tier 2,Email (Internal),Unknown,MENA,1,0,1
PAYMENTS (IN),Performance,Enterprise,Tier 2,Email (Internal),Unknown,NORAM,1,0,1
PAYMENTS (IN),Performance,Enterprise,Tier 2,Email (Merchant),Central Europe,EEA,1,0,1
PAYMENTS (IN),Performance,Enterprise,Tier 2,Email (Merchant),Crypto,Crypto,3,0,3
PAYMENTS (IN),Performance,Enterprise,Tier 2,Email (Merchant),GCR,APAC,2,0,2
PAYMENTS (IN),Performance,Enterprise,Tier 2,Email (Merchant),NORAM,NORAM,1,0,1
PAYMENTS (IN),Performance,Enterprise,Tier 2,Email (Merchant),NORAM,UK,1,0,1
PAYMENTS (IN),Performance,Enterprise,Tier 2,Email (Merchant),UAE,MENA,80,0,80
PAYMENTS (IN),Performance,Enterprise,Tier 2,Email (Merchant),UK,EEA,2,0,2
PAYMENTS (IN),Performance,Enterprise,Tier 2,Email (Merchant),UK,UK,2,0,2
PAYMENTS (IN),Performance,Enterprise,Tier 2,Email (Merchant),Unknown,EEA,2,0,2
PAYMENTS (IN),Performance,Enterprise,Tier 2,Email (Merchant),Unknown,MENA,1,0,1
PAYMENTS (IN),Performance,Enterprise,Tier 2,Email (Merchant),WW,MENA,3,0,3
PAYMENTS (IN),Performance,Enterprise,Tier 2,Email (Merchant),WW,UK,1,0,1
PAYMENTS (IN),Performance,Enterprise,Tier 2,Fin (Dashboard),UK,UK,1,0,1
PAYMENTS (IN),Performance,Enterprise,Tier 2,Other,Crypto,Crypto,1,0,1
PAYMENTS (IN),Performance,Enterprise,Tier 2,Other,NORAM,NORAM,1,0,1
PAYMENTS (IN),Performance,Enterprise,Tier 2,Other,Southern Europe,EEA,2,0,2
PAYMENTS (IN),Performance,Enterprise,Tier 2,Other,UAE,MENA,21,0,21
PAYMENTS (IN),Performance,Enterprise,Tier 2,Other,WW,EEA,2,0,2
PAYMENTS (IN),Performance,Enterprise,Tier 2,Webform & API,UAE,MENA,2,0,2
PAYMENTS (IN),Performance,Enterprise,Tier 2,Webform & API,UK,UK,10,0,10
PAYMENTS (IN),Performance,Enterprise,Tier 2,Webform & API,Unknown,EEA,1,0,1
PAYMENTS (IN),Performance,Enterprise,Tier 2,Webform & API,Unknown,NORAM,1,0,1
PAYMENTS (IN),Performance,Enterprise,Tier 2,Webform & API,WW,Mauritius,2,0,2
PAYMENTS (IN),Performance,Enterprise,Tier 3,Email (Internal),GCR,APAC,1,0,1
PAYMENTS (IN),Performance,Enterprise,Tier 3,Email (Internal),WW,Israel,2,0,2
PAYMENTS (IN),Performance,Enterprise,Tier 3,Email (Merchant),UAE,MENA,10,0,10
PAYMENTS (IN),Performance,Enterprise,Tier 3,Fin (Dashboard),WW,EEA,0,1,1
PAYMENTS (IN),Performance,Enterprise,Tier 3,Other,UAE,MENA,7,0,7
PAYMENTS (IN),Performance,Enterprise,Tier 3,Webform & API,UAE,MENA,1,0,1
PAYMENTS (IN),Performance,Enterprise,Tier 4,Email (Merchant),UAE,MENA,2,0,2
PAYMENTS (IN),Performance,Enterprise,Tier 4,Other,UAE,MENA,2,0,2
PAYMENTS (IN),Performance,Enterprise,Tier 4,Webform & API,UAE,MENA,1,0,1
PAYMENTS (IN),Performance,Premium,Tier 1,Email (Internal),GCR,APAC,1,0,1
PAYMENTS (IN),Performance,Premium,Tier 1,Email (Internal),NORAM,EEA,1,0,1
PAYMENTS (IN),Performance,Premium,Tier 1,Email (Internal),SAT,SAT,1,0,1
PAYMENTS (IN),Performance,Premium,Tier 1,Email (Internal),UAE,MENA,7,0,7
PAYMENTS (IN),Performance,Premium,Tier 1,Email (Internal),Unknown,UK,1,0,1
PAYMENTS (IN),Performance,Premium,Tier 1,Email (Internal),WW,APAC,3,0,3
PAYMENTS (IN),Performance,Premium,Tier 1,Email (Internal),WW,EEA,1,0,1
PAYMENTS (IN),Performance,Premium,Tier 1,Email (Internal),WW,WW,1,0,1
PAYMENTS (IN),Performance,Premium,Tier 1,Email (Merchant),Crypto,Crypto,2,0,2
PAYMENTS (IN),Performance,Premium,Tier 1,Email (Merchant),GCR,APAC,5,0,5
PAYMENTS (IN),Performance,Premium,Tier 1,Email (Merchant),Singapore/ANZ,APAC,1,0,1
PAYMENTS (IN),Performance,Premium,Tier 1,Email (Merchant),UAE,MENA,41,0,41
PAYMENTS (IN),Performance,Premium,Tier 1,Email (Merchant),UK,UK,15,0,15
PAYMENTS (IN),Performance,Premium,Tier 1,Email (Merchant),WW,APAC,5,0,5
PAYMENTS (IN),Performance,Premium,Tier 1,Email (Merchant),WW,EEA,11,0,11
PAYMENTS (IN),Performance,Premium,Tier 1,Email (Merchant),WW,MENA,11,0,11
PAYMENTS (IN),Performance,Premium,Tier 1,Email (Merchant),WW,UK,6,0,6
PAYMENTS (IN),Performance,Premium,Tier 1,Email (Merchant),WW,WW,1,0,1
PAYMENTS (IN),Performance,Premium,Tier 1,Fin (Dashboard),NORAM,Israel,0,1,1
PAYMENTS (IN),Performance,Premium,Tier 1,Other,GCR,APAC,3,0,3
PAYMENTS (IN),Performance,Premium,Tier 1,Other,UAE,MENA,1,0,1
PAYMENTS (IN),Performance,Premium,Tier 1,Other,UK,UK,3,0,3
PAYMENTS (IN),Performance,Premium,Tier 1,Other,WW,APAC,2,0,2
PAYMENTS (IN),Performance,Premium,Tier 1,Other,WW,EEA,1,0,1
PAYMENTS (IN),Performance,Premium,Tier 1,Webform & API,Crypto,Crypto,3,0,3
PAYMENTS (IN),Performance,Premium,Tier 1,Webform & API,UAE,MENA,11,0,11
PAYMENTS (IN),Performance,Premium,Tier 1,Webform & API,UK,EEA,1,0,1
PAYMENTS (IN),Performance,Premium,Tier 1,Webform & API,UK,UK,9,0,9
PAYMENTS (IN),Performance,Standard,Tier 2,Email (Internal),UK,UK,2,0,2
PAYMENTS (IN),Performance,Standard,Tier 2,Email (Internal),WW,UK,1,0,1
PAYMENTS (IN),Performance,Standard,Tier 2,Email (Internal),WW,WW,1,0,1
PAYMENTS (IN),Performance,Standard,Tier 2,Email (Merchant),Crypto,Crypto,1,0,1
PAYMENTS (IN),Performance,Standard,Tier 2,Email (Merchant),UK,UK,3,0,3
PAYMENTS (IN),Performance,Standard,Tier 2,Fin (Dashboard),Crypto,Crypto,0,1,1
PAYMENTS (IN),Performance,Standard,Tier 3,Email (Internal),Central Europe,EEA,1,0,1
PAYMENTS (IN),Performance,Standard,Tier 3,Email (Internal),Central Europe,Mauritius,3,0,3
PAYMENTS (IN),Performance,Standard,Tier 3,Email (Internal),Crypto,Crypto,1,0,1
PAYMENTS (IN),Performance,Standard,Tier 3,Email (Internal),GCR,APAC,2,0,2
PAYMENTS (IN),Performance,Standard,Tier 3,Email (Internal),KSA,MENA,1,0,1
PAYMENTS (IN),Performance,Standard,Tier 3,Email (Internal),Northern Europe,EEA,2,0,2
PAYMENTS (IN),Performance,Standard,Tier 3,Email (Internal),Southern Europe,Mauritius,1,0,1
PAYMENTS (IN),Performance,Standard,Tier 3,Email (Internal),UAE,MENA,7,0,7
PAYMENTS (IN),Performance,Standard,Tier 3,Email (Internal),Unknown,EEA,1,0,1
PAYMENTS (IN),Performance,Standard,Tier 3,Email (Internal),Unknown,UK,2,0,2
PAYMENTS (IN),Performance,Standard,Tier 3,Email (Merchant),Crypto,Crypto,4,0,4
PAYMENTS (IN),Performance,Standard,Tier 3,Email (Merchant),KSA,MENA,1,0,1
PAYMENTS (IN),Performance,Standard,Tier 3,Email (Merchant),NORAM,MENA,2,0,2
PAYMENTS (IN),Performance,Standard,Tier 3,Email (Merchant),UAE,MENA,34,0,34
PAYMENTS (IN),Performance,Standard,Tier 3,Email (Merchant),UK,EEA,2,0,2
PAYMENTS (IN),Performance,Standard,Tier 3,Email (Merchant),UK,NORAM,1,0,1
PAYMENTS (IN),Performance,Standard,Tier 3,Email (Merchant),UK,UK,3,0,3
PAYMENTS (IN),Performance,Standard,Tier 3,Email (Merchant),Ubble,EEA,1,0,1
PAYMENTS (IN),Performance,Standard,Tier 3,Email (Merchant),Unknown,Crypto,2,0,2
PAYMENTS (IN),Performance,Standard,Tier 3,Email (Merchant),Unknown,EEA,2,0,2
PAYMENTS (IN),Performance,Standard,Tier 3,Email (Merchant),Unknown,NORAM,1,0,1
PAYMENTS (IN),Performance,Standard,Tier 3,Email (Merchant),WW,MENA,4,0,4
PAYMENTS (IN),Performance,Standard,Tier 3,Fin (Dashboard),UAE,MENA,1,1,2
PAYMENTS (IN),Performance,Standard,Tier 3,Fin (Dashboard),WW,MENA,1,0,1
PAYMENTS (IN),Performance,Standard,Tier 3,Other,Crypto,Crypto,1,0,1
PAYMENTS (IN),Performance,Standard,Tier 3,Other,GCR,APAC,1,0,1
PAYMENTS (IN),Performance,Standard,Tier 3,Other,UAE,MENA,2,0,2
PAYMENTS (IN),Performance,Standard,Tier 3,Other,UK,UK,1,0,1
PAYMENTS (IN),Performance,Standard,Tier 3,Other,Unknown,EEA,1,0,1
PAYMENTS (IN),Performance,Standard,Tier 3,Webform & API,Crypto,Crypto,4,0,4
PAYMENTS (IN),Performance,Standard,Tier 3,Webform & API,GCR,APAC,1,0,1
PAYMENTS (IN),Performance,Standard,Tier 3,Webform & API,Issuing,EEA,1,0,1
PAYMENTS (IN),Performance,Standard,Tier 3,Webform & API,KSA,MENA,1,0,1
PAYMENTS (IN),Performance,Standard,Tier 3,Webform & API,NORAM,NORAM,6,0,6
PAYMENTS (IN),Performance,Standard,Tier 3,Webform & API,Northern Europe,EEA,1,0,1
PAYMENTS (IN),Performance,Standard,Tier 3,Webform & API,Southern Europe,Crypto,1,0,1
PAYMENTS (IN),Performance,Standard,Tier 3,Webform & API,Southern Europe,EEA,1,0,1
PAYMENTS (IN),Performance,Standard,Tier 3,Webform & API,UAE,MENA,8,0,8
PAYMENTS (IN),Performance,Standard,Tier 3,Webform & API,UK,Crypto,1,0,1
PAYMENTS (IN),Performance,Standard,Tier 3,Webform & API,UK,UK,4,0,4
PAYMENTS (IN),Performance,Standard,Tier 3,Webform & API,Unknown,Crypto,1,0,1
PAYMENTS (IN),Performance,Standard,Tier 3,Webform & API,WW,WW,1,0,1
PAYMENTS (IN),Performance,Standard,Tier 4,Email (Internal),Central Europe,Mauritius,3,0,3
PAYMENTS (IN),Performance,Standard,Tier 4,Email (Internal),GCR,APAC,1,0,1
PAYMENTS (IN),Performance,Standard,Tier 4,Email (Internal),Mauritius,Mauritius,1,0,1
PAYMENTS (IN),Performance,Standard,Tier 4,Email (Internal),NORAM,Mauritius,4,0,4
PAYMENTS (IN),Performance,Standard,Tier 4,Email (Internal),NORAM,UK,2,0,2
PAYMENTS (IN),Performance,Standard,Tier 4,Email (Internal),UAE,MENA,4,0,4
PAYMENTS (IN),Performance,Standard,Tier 4,Email (Internal),UK,Mauritius,2,0,2
PAYMENTS (IN),Performance,Standard,Tier 4,Email (Internal),UK,UK,2,0,2
PAYMENTS (IN),Performance,Standard,Tier 4,Email (Internal),Unknown,EEA,2,0,2
PAYMENTS (IN),Performance,Standard,Tier 4,Email (Internal),Unknown,Mauritius,1,0,1
PAYMENTS (IN),Performance,Standard,Tier 4,Email (Internal),Unknown,WW,1,0,1
PAYMENTS (IN),Performance,Standard,Tier 4,Email (Merchant),Central Europe,EEA,1,0,1
PAYMENTS (IN),Performance,Standard,Tier 4,Email (Merchant),Central Europe,Mauritius,2,0,2
PAYMENTS (IN),Performance,Standard,Tier 4,Email (Merchant),Crypto,Crypto,5,0,5
PAYMENTS (IN),Performance,Standard,Tier 4,Email (Merchant),EU,UK,1,0,1
PAYMENTS (IN),Performance,Standard,Tier 4,Email (Merchant),GCR,APAC,2,0,2
PAYMENTS (IN),Performance,Standard,Tier 4,Email (Merchant),Issuing,UK,1,0,1
PAYMENTS (IN),Performance,Standard,Tier 4,Email (Merchant),KSA,EEA,1,0,1
PAYMENTS (IN),Performance,Standard,Tier 4,Email (Merchant),Mauritius,Mauritius,2,0,2
PAYMENTS (IN),Performance,Standard,Tier 4,Email (Merchant),Mauritius,NORAM,1,0,1
PAYMENTS (IN),Performance,Standard,Tier 4,Email (Merchant),NORAM,Mauritius,5,0,5
PAYMENTS (IN),Performance,Standard,Tier 4,Email (Merchant),NORAM,UK,1,0,1
PAYMENTS (IN),Performance,Standard,Tier 4,Email (Merchant),UAE,MENA,9,0,9
PAYMENTS (IN),Performance,Standard,Tier 4,Email (Merchant),UAE,Mauritius,1,0,1
PAYMENTS (IN),Performance,Standard,Tier 4,Email (Merchant),UK,Mauritius,2,0,2
PAYMENTS (IN),Performance,Standard,Tier 4,Email (Merchant),UK,UK,4,0,4
PAYMENTS (IN),Performance,Standard,Tier 4,Email (Merchant),Unknown,APAC,1,0,1
PAYMENTS (IN),Performance,Standard,Tier 4,Email (Merchant),Unknown,EEA,1,0,1
PAYMENTS (IN),Performance,Standard,Tier 4,Email (Merchant),Unknown,MENA,2,0,2
PAYMENTS (IN),Performance,Standard,Tier 4,Email (Merchant),Unknown,NORAM,1,0,1
PAYMENTS (IN),Performance,Standard,Tier 4,Email (Merchant),Unknown,UK,1,0,1
PAYMENTS (IN),Performance,Standard,Tier 4,Email (Merchant),WW,WW,1,0,1
PAYMENTS (IN),Performance,Standard,Tier 4,Fin (Dashboard),EU,Mauritius,0,1,1
PAYMENTS (IN),Performance,Standard,Tier 4,Fin (Dashboard),Singapore/ANZ,NORAM,1,0,1
PAYMENTS (IN),Performance,Standard,Tier 4,Fin (Dashboard),UAE,MENA,0,1,1
PAYMENTS (IN),Performance,Standard,Tier 4,Fin (Dashboard),UAE,Mauritius,1,0,1
PAYMENTS (IN),Performance,Standard,Tier 4,Fin (Dashboard),UK,UK,1,0,1
PAYMENTS (IN),Performance,Standard,Tier 4,Fin (Dashboard),Unknown,Crypto,0,1,1
PAYMENTS (IN),Performance,Standard,Tier 4,Fin (Dashboard),Unknown,Unknown,0,1,1
PAYMENTS (IN),Performance,Standard,Tier 4,Fin (Dashboard),WW,Mauritius,0,1,1
PAYMENTS (IN),Performance,Standard,Tier 4,Fin (Dashboard),WW,WW,0,1,1
PAYMENTS (IN),Performance,Standard,Tier 4,Other,Issuing,UK,2,0,2
PAYMENTS (IN),Performance,Standard,Tier 4,Other,Mauritius,Mauritius,2,0,2
PAYMENTS (IN),Performance,Standard,Tier 4,Other,NORAM,Mauritius,3,0,3
PAYMENTS (IN),Performance,Standard,Tier 4,Other,UAE,MENA,8,0,8
PAYMENTS (IN),Performance,Standard,Tier 4,Other,UAE,Mauritius,2,0,2
PAYMENTS (IN),Performance,Standard,Tier 4,Other,UK,UK,1,0,1
PAYMENTS (IN),Performance,Standard,Tier 4,Other,Unknown,Crypto,1,0,1
PAYMENTS (IN),Performance,Standard,Tier 4,Other,Unknown,MENA,1,0,1
PAYMENTS (IN),Performance,Standard,Tier 4,Other,Unknown,NORAM,1,0,1
PAYMENTS (IN),Performance,Standard,Tier 4,Webform & API,Central Europe,EEA,2,0,2
PAYMENTS (IN),Performance,Standard,Tier 4,Webform & API,Central Europe,Mauritius,1,0,1
PAYMENTS (IN),Performance,Standard,Tier 4,Webform & API,Crypto,Crypto,1,0,1
PAYMENTS (IN),Performance,Standard,Tier 4,Webform & API,EU,UK,1,0,1
PAYMENTS (IN),Performance,Standard,Tier 4,Webform & API,GCR,APAC,2,0,2
PAYMENTS (IN),Performance,Standard,Tier 4,Webform & API,KSA,EEA,1,0,1
PAYMENTS (IN),Performance,Standard,Tier 4,Webform & API,Mauritius,Mauritius,2,0,2
PAYMENTS (IN),Performance,Standard,Tier 4,Webform & API,NORAM,Mauritius,3,0,3
PAYMENTS (IN),Performance,Standard,Tier 4,Webform & API,NORAM,NORAM,4,0,4
PAYMENTS (IN),Performance,Standard,Tier 4,Webform & API,NORAM,UK,2,0,2
PAYMENTS (IN),Performance,Standard,Tier 4,Webform & API,Singapore/ANZ,APAC,1,0,1
PAYMENTS (IN),Performance,Standard,Tier 4,Webform & API,Singapore/ANZ,NORAM,1,0,1
PAYMENTS (IN),Performance,Standard,Tier 4,Webform & API,UAE,MENA,10,0,10
PAYMENTS (IN),Performance,Standard,Tier 4,Webform & API,UK,UK,3,0,3
PAYMENTS (IN),Performance,Standard,Tier 4,Webform & API,Unknown,MENA,6,0,6
PAYMENTS (IN),Performance,Standard,Tier 4,Webform & API,Unknown,Mauritius,2,0,2
PAYMENTS (IN),Performance,Standard,Tier 4,Webform & API,Unknown,NORAM,1,0,1
PAYMENTS (IN),Performance,Standard,Tier 4,Webform & API,Unknown,UK,1,0,1
PAYMENTS (IN),Performance,Standard,Tier 4,Webform & API,WW,MENA,1,0,1
PAYMENTS (IN),Performance,Standard,Tier 4,Webform & API,WW,Mauritius,1,0,1
PAYMENTS (IN),Performance,Standard,Tier 4,Webform & API,WW,WW,1,0,1
PAYMENTS (IN),Performance,Standard,Unknown,Fin (Dashboard),UK,UK,1,0,1
PAYMENTS (IN),Performance,Unmapped,Unknown,Email (Internal),Unknown,Unknown,5,0,5
PAYMENTS (IN),Performance,Unmapped,Unknown,Email (Merchant),Unknown,Unknown,14,0,14
PAYMENTS (IN),Performance,Unmapped,Unknown,Fin (Dashboard),Unknown,Unknown,0,3,3
PAYMENTS (IN),Performance,Unmapped,Unknown,Other,Unknown,Unknown,4,0,4
PAYMENTS (IN),Performance,Unmapped,Unknown,Webform & API,Unknown,Unknown,10,0,10
PAYMENTS (IN),Refunds,Enterprise,Tier 1,Email (Internal),GCR,APAC,1,0,1
PAYMENTS (IN),Refunds,Enterprise,Tier 1,Email (Internal),NORAM,UK,1,0,1
PAYMENTS (IN),Refunds,Enterprise,Tier 1,Email (Internal),Northern Europe,EEA,1,0,1
PAYMENTS (IN),Refunds,Enterprise,Tier 1,Email (Internal),Singapore/ANZ,APAC,1,0,1
PAYMENTS (IN),Refunds,Enterprise,Tier 1,Email (Internal),Southern Europe,EEA,1,0,1
PAYMENTS (IN),Refunds,Enterprise,Tier 1,Email (Internal),UAE,MENA,10,0,10
PAYMENTS (IN),Refunds,Enterprise,Tier 1,Email (Internal),UK,Mauritius,1,0,1
PAYMENTS (IN),Refunds,Enterprise,Tier 1,Email (Internal),WW,UK,1,0,1
PAYMENTS (IN),Refunds,Enterprise,Tier 1,Email (Merchant),Crypto,Crypto,10,0,10
PAYMENTS (IN),Refunds,Enterprise,Tier 1,Email (Merchant),GCR,APAC,3,0,3
PAYMENTS (IN),Refunds,Enterprise,Tier 1,Email (Merchant),NORAM,NORAM,3,0,3
PAYMENTS (IN),Refunds,Enterprise,Tier 1,Email (Merchant),NORAM,UK,32,0,32
PAYMENTS (IN),Refunds,Enterprise,Tier 1,Email (Merchant),Singapore/ANZ,APAC,22,0,22
PAYMENTS (IN),Refunds,Enterprise,Tier 1,Email (Merchant),UAE,MENA,333,0,333
PAYMENTS (IN),Refunds,Enterprise,Tier 1,Email (Merchant),UK,APAC,1,0,1
PAYMENTS (IN),Refunds,Enterprise,Tier 1,Email (Merchant),UK,Crypto,4,0,4
PAYMENTS (IN),Refunds,Enterprise,Tier 1,Email (Merchant),UK,Mauritius,4,0,4
PAYMENTS (IN),Refunds,Enterprise,Tier 1,Email (Merchant),UK,UK,175,0,175
PAYMENTS (IN),Refunds,Enterprise,Tier 1,Email (Merchant),Unknown,NORAM,2,0,2
PAYMENTS (IN),Refunds,Enterprise,Tier 1,Email (Merchant),Unknown,UK,45,0,45
PAYMENTS (IN),Refunds,Enterprise,Tier 1,Email (Merchant),WW,APAC,1,0,1
PAYMENTS (IN),Refunds,Enterprise,Tier 1,Email (Merchant),WW,EEA,3,0,3
PAYMENTS (IN),Refunds,Enterprise,Tier 1,Email (Merchant),WW,Mauritius,2,0,2
PAYMENTS (IN),Refunds,Enterprise,Tier 1,Fin (Dashboard),Crypto,Crypto,0,1,1
PAYMENTS (IN),Refunds,Enterprise,Tier 1,Fin (Dashboard),GCR,APAC,1,0,1
PAYMENTS (IN),Refunds,Enterprise,Tier 1,Fin (Dashboard),UAE,MENA,1,0,1
PAYMENTS (IN),Refunds,Enterprise,Tier 1,Fin (Dashboard),UK,EEA,0,1,1
PAYMENTS (IN),Refunds,Enterprise,Tier 1,Fin (Dashboard),UK,UK,1,0,1
PAYMENTS (IN),Refunds,Enterprise,Tier 1,Fin (Dashboard),Unknown,NORAM,1,0,1
PAYMENTS (IN),Refunds,Enterprise,Tier 1,Other,Crypto,EEA,1,0,1
PAYMENTS (IN),Refunds,Enterprise,Tier 1,Other,NORAM,UK,2,0,2
PAYMENTS (IN),Refunds,Enterprise,Tier 1,Other,Northern Europe,EEA,1,0,1
PAYMENTS (IN),Refunds,Enterprise,Tier 1,Other,Singapore/ANZ,APAC,2,0,2
PAYMENTS (IN),Refunds,Enterprise,Tier 1,Other,Southern Europe,EEA,1,0,1
PAYMENTS (IN),Refunds,Enterprise,Tier 1,Other,UAE,MENA,10,0,10
PAYMENTS (IN),Refunds,Enterprise,Tier 1,Other,UK,EEA,1,0,1
PAYMENTS (IN),Refunds,Enterprise,Tier 1,Other,UK,UK,10,0,10
PAYMENTS (IN),Refunds,Enterprise,Tier 1,Other,Unknown,UK,3,0,3
PAYMENTS (IN),Refunds,Enterprise,Tier 1,Other,WW,EEA,3,0,3
PAYMENTS (IN),Refunds,Enterprise,Tier 1,Webform & API,Crypto,Crypto,8,0,8
PAYMENTS (IN),Refunds,Enterprise,Tier 1,Webform & API,GCR,APAC,3,0,3
PAYMENTS (IN),Refunds,Enterprise,Tier 1,Webform & API,Mauritius,UK,1,0,1
PAYMENTS (IN),Refunds,Enterprise,Tier 1,Webform & API,NORAM,EEA,1,0,1
PAYMENTS (IN),Refunds,Enterprise,Tier 1,Webform & API,NORAM,NORAM,11,0,11
PAYMENTS (IN),Refunds,Enterprise,Tier 1,Webform & API,NORAM,UK,1,0,1
PAYMENTS (IN),Refunds,Enterprise,Tier 1,Webform & API,Southern Europe,EEA,3,0,3
PAYMENTS (IN),Refunds,Enterprise,Tier 1,Webform & API,UAE,MENA,125,0,125
PAYMENTS (IN),Refunds,Enterprise,Tier 1,Webform & API,UK,EEA,3,0,3
PAYMENTS (IN),Refunds,Enterprise,Tier 1,Webform & API,UK,UK,10,0,10
PAYMENTS (IN),Refunds,Enterprise,Tier 1,Webform & API,Unknown,NORAM,6,0,6
PAYMENTS (IN),Refunds,Enterprise,Tier 1,Webform & API,WW,EEA,1,0,1
PAYMENTS (IN),Refunds,Enterprise,Tier 1,Webform & API,WW,MENA,2,0,2
PAYMENTS (IN),Refunds,Enterprise,Tier 2,Email (Internal),Central Europe,EEA,2,0,2
PAYMENTS (IN),Refunds,Enterprise,Tier 2,Email (Internal),Crypto,APAC,3,0,3
PAYMENTS (IN),Refunds,Enterprise,Tier 2,Email (Internal),EU,EEA,1,0,1
PAYMENTS (IN),Refunds,Enterprise,Tier 2,Email (Internal),NORAM,UK,1,0,1
PAYMENTS (IN),Refunds,Enterprise,Tier 2,Email (Internal),Southern Europe,EEA,5,0,5
PAYMENTS (IN),Refunds,Enterprise,Tier 2,Email (Internal),UAE,MENA,3,0,3
PAYMENTS (IN),Refunds,Enterprise,Tier 2,Email (Internal),UK,UK,3,0,3
PAYMENTS (IN),Refunds,Enterprise,Tier 2,Email (Internal),Unknown,EEA,2,0,2
PAYMENTS (IN),Refunds,Enterprise,Tier 2,Email (Internal),WW,EEA,5,0,5
PAYMENTS (IN),Refunds,Enterprise,Tier 2,Email (Merchant),Central Europe,EEA,19,0,19
PAYMENTS (IN),Refunds,Enterprise,Tier 2,Email (Merchant),Crypto,APAC,1,0,1
PAYMENTS (IN),Refunds,Enterprise,Tier 2,Email (Merchant),Crypto,Crypto,5,0,5
PAYMENTS (IN),Refunds,Enterprise,Tier 2,Email (Merchant),GCR,APAC,21,0,21
PAYMENTS (IN),Refunds,Enterprise,Tier 2,Email (Merchant),NORAM,EEA,1,0,1
PAYMENTS (IN),Refunds,Enterprise,Tier 2,Email (Merchant),NORAM,NORAM,1,0,1
PAYMENTS (IN),Refunds,Enterprise,Tier 2,Email (Merchant),NORAM,UK,6,0,6
PAYMENTS (IN),Refunds,Enterprise,Tier 2,Email (Merchant),Northern Europe,EEA,1,0,1
PAYMENTS (IN),Refunds,Enterprise,Tier 2,Email (Merchant),Singapore/ANZ,APAC,19,0,19
PAYMENTS (IN),Refunds,Enterprise,Tier 2,Email (Merchant),Southern Europe,EEA,2,0,2
PAYMENTS (IN),Refunds,Enterprise,Tier 2,Email (Merchant),UAE,MENA,746,0,746
PAYMENTS (IN),Refunds,Enterprise,Tier 2,Email (Merchant),UK,EEA,64,0,64
PAYMENTS (IN),Refunds,Enterprise,Tier 2,Email (Merchant),UK,UK,173,0,173
PAYMENTS (IN),Refunds,Enterprise,Tier 2,Email (Merchant),Unknown,NORAM,4,0,4
PAYMENTS (IN),Refunds,Enterprise,Tier 2,Email (Merchant),Unknown,UK,2,0,2
PAYMENTS (IN),Refunds,Enterprise,Tier 2,Email (Merchant),WW,EEA,27,0,27
PAYMENTS (IN),Refunds,Enterprise,Tier 2,Email (Merchant),WW,MENA,1,0,1
PAYMENTS (IN),Refunds,Enterprise,Tier 2,Fin (Dashboard),Central Europe,EEA,1,0,1
PAYMENTS (IN),Refunds,Enterprise,Tier 2,Fin (Dashboard),NORAM,Crypto,2,0,2
PAYMENTS (IN),Refunds,Enterprise,Tier 2,Fin (Dashboard),NORAM,NORAM,0,1,1
PAYMENTS (IN),Refunds,Enterprise,Tier 2,Fin (Dashboard),NORAM,UK,0,1,1
PAYMENTS (IN),Refunds,Enterprise,Tier 2,Fin (Dashboard),Northern Europe,EEA,0,1,1
PAYMENTS (IN),Refunds,Enterprise,Tier 2,Fin (Dashboard),Southern Europe,EEA,0,1,1
PAYMENTS (IN),Refunds,Enterprise,Tier 2,Fin (Dashboard),UAE,MENA,0,2,2
PAYMENTS (IN),Refunds,Enterprise,Tier 2,Fin (Dashboard),UK,UK,2,0,2
PAYMENTS (IN),Refunds,Enterprise,Tier 2,Fin (Dashboard),WW,MENA,1,0,1
PAYMENTS (IN),Refunds,Enterprise,Tier 2,Other,Central Europe,EEA,3,0,3
PAYMENTS (IN),Refunds,Enterprise,Tier 2,Other,Crypto,Crypto,1,0,1
PAYMENTS (IN),Refunds,Enterprise,Tier 2,Other,GCR,APAC,1,0,1
PAYMENTS (IN),Refunds,Enterprise,Tier 2,Other,KSA,EEA,1,0,1
PAYMENTS (IN),Refunds,Enterprise,Tier 2,Other,Southern Europe,EEA,43,0,43
PAYMENTS (IN),Refunds,Enterprise,Tier 2,Other,UAE,MENA,66,0,66
PAYMENTS (IN),Refunds,Enterprise,Tier 2,Other,UK,EEA,2,0,2
PAYMENTS (IN),Refunds,Enterprise,Tier 2,Other,UK,UK,11,0,11
PAYMENTS (IN),Refunds,Enterprise,Tier 2,Other,Unknown,EEA,7,0,7
PAYMENTS (IN),Refunds,Enterprise,Tier 2,Other,WW,EEA,3,0,3
PAYMENTS (IN),Refunds,Enterprise,Tier 2,Other,WW,MENA,1,0,1
PAYMENTS (IN),Refunds,Enterprise,Tier 2,Webform & API,Central Europe,EEA,18,0,18
PAYMENTS (IN),Refunds,Enterprise,Tier 2,Webform & API,Crypto,APAC,4,0,4
PAYMENTS (IN),Refunds,Enterprise,Tier 2,Webform & API,Crypto,Crypto,6,0,6
PAYMENTS (IN),Refunds,Enterprise,Tier 2,Webform & API,Issuing,UK,1,0,1
PAYMENTS (IN),Refunds,Enterprise,Tier 2,Webform & API,KSA,MENA,10,0,10
PAYMENTS (IN),Refunds,Enterprise,Tier 2,Webform & API,NORAM,Crypto,2,0,2
PAYMENTS (IN),Refunds,Enterprise,Tier 2,Webform & API,NORAM,EEA,9,0,9
PAYMENTS (IN),Refunds,Enterprise,Tier 2,Webform & API,NORAM,NORAM,11,0,11
PAYMENTS (IN),Refunds,Enterprise,Tier 2,Webform & API,NORAM,UK,14,0,14
PAYMENTS (IN),Refunds,Enterprise,Tier 2,Webform & API,Singapore/ANZ,APAC,26,0,26
PAYMENTS (IN),Refunds,Enterprise,Tier 2,Webform & API,Southern Europe,EEA,79,0,79
PAYMENTS (IN),Refunds,Enterprise,Tier 2,Webform & API,UAE,MENA,290,0,290
PAYMENTS (IN),Refunds,Enterprise,Tier 2,Webform & API,UK,EEA,16,0,16
PAYMENTS (IN),Refunds,Enterprise,Tier 2,Webform & API,UK,UK,42,0,42
PAYMENTS (IN),Refunds,Enterprise,Tier 2,Webform & API,Unknown,MENA,1,0,1
PAYMENTS (IN),Refunds,Enterprise,Tier 2,Webform & API,Unknown,NORAM,4,0,4
PAYMENTS (IN),Refunds,Enterprise,Tier 2,Webform & API,Unknown,UK,1,0,1
PAYMENTS (IN),Refunds,Enterprise,Tier 2,Webform & API,WW,EEA,34,0,34
PAYMENTS (IN),Refunds,Enterprise,Tier 2,Webform & API,WW,MENA,18,0,18
PAYMENTS (IN),Refunds,Enterprise,Tier 3,Email (Internal),NORAM,MENA,1,0,1
PAYMENTS (IN),Refunds,Enterprise,Tier 3,Email (Internal),UK,UK,2,0,2
PAYMENTS (IN),Refunds,Enterprise,Tier 3,Email (Internal),Unknown,EEA,2,0,2
PAYMENTS (IN),Refunds,Enterprise,Tier 3,Email (Merchant),GCR,APAC,5,0,5
PAYMENTS (IN),Refunds,Enterprise,Tier 3,Email (Merchant),UAE,MENA,77,0,77
PAYMENTS (IN),Refunds,Enterprise,Tier 3,Email (Merchant),UK,NORAM,1,0,1
PAYMENTS (IN),Refunds,Enterprise,Tier 3,Email (Merchant),UK,UK,11,0,11
PAYMENTS (IN),Refunds,Enterprise,Tier 3,Fin (Dashboard),GCR,APAC,1,0,1
PAYMENTS (IN),Refunds,Enterprise,Tier 3,Other,UAE,MENA,3,0,3
PAYMENTS (IN),Refunds,Enterprise,Tier 3,Other,Unknown,EEA,2,0,2
PAYMENTS (IN),Refunds,Enterprise,Tier 3,Webform & API,Central Europe,EEA,4,0,4
PAYMENTS (IN),Refunds,Enterprise,Tier 3,Webform & API,GCR,APAC,1,0,1
PAYMENTS (IN),Refunds,Enterprise,Tier 3,Webform & API,UAE,MENA,7,0,7
PAYMENTS (IN),Refunds,Enterprise,Tier 3,Webform & API,UK,UK,1,0,1
PAYMENTS (IN),Refunds,Enterprise,Tier 3,Webform & API,Unknown,EEA,14,0,14
PAYMENTS (IN),Refunds,Enterprise,Tier 4,Email (Internal),UAE,MENA,2,0,2
PAYMENTS (IN),Refunds,Enterprise,Tier 4,Email (Merchant),UAE,MENA,26,0,26
PAYMENTS (IN),Refunds,Enterprise,Tier 4,Fin (Dashboard),UAE,MENA,0,3,3
PAYMENTS (IN),Refunds,Enterprise,Tier 4,Other,UAE,MENA,12,0,12
PAYMENTS (IN),Refunds,Enterprise,Tier 4,Webform & API,KSA,MENA,1,0,1
PAYMENTS (IN),Refunds,Enterprise,Tier 4,Webform & API,UAE,MENA,4,0,4
PAYMENTS (IN),Refunds,Premium,Tier 1,Email (Internal),GCR,APAC,13,0,13
PAYMENTS (IN),Refunds,Premium,Tier 1,Email (Internal),NORAM,Israel,1,0,1
PAYMENTS (IN),Refunds,Premium,Tier 1,Email (Internal),NORAM,NORAM,4,0,4
PAYMENTS (IN),Refunds,Premium,Tier 1,Email (Internal),NORAM,UK,3,0,3
PAYMENTS (IN),Refunds,Premium,Tier 1,Email (Internal),Northern Europe,EEA,1,0,1
PAYMENTS (IN),Refunds,Premium,Tier 1,Email (Internal),SAT,SAT,3,0,3
PAYMENTS (IN),Refunds,Premium,Tier 1,Email (Internal),Singapore/ANZ,APAC,4,0,4
PAYMENTS (IN),Refunds,Premium,Tier 1,Email (Internal),Southern Europe,EEA,2,0,2
PAYMENTS (IN),Refunds,Premium,Tier 1,Email (Internal),UAE,MENA,4,0,4
PAYMENTS (IN),Refunds,Premium,Tier 1,Email (Internal),UK,EEA,1,0,1
PAYMENTS (IN),Refunds,Premium,Tier 1,Email (Internal),UK,UK,5,0,5
PAYMENTS (IN),Refunds,Premium,Tier 1,Email (Internal),WW,EEA,6,0,6
PAYMENTS (IN),Refunds,Premium,Tier 1,Email (Internal),WW,MENA,9,0,9
PAYMENTS (IN),Refunds,Premium,Tier 1,Email (Internal),WW,UK,6,0,6
PAYMENTS (IN),Refunds,Premium,Tier 1,Email (Internal),WW,WW,1,0,1
PAYMENTS (IN),Refunds,Premium,Tier 1,Email (Merchant),Crypto,Crypto,9,0,9
PAYMENTS (IN),Refunds,Premium,Tier 1,Email (Merchant),GCR,APAC,105,0,105
PAYMENTS (IN),Refunds,Premium,Tier 1,Email (Merchant),NORAM,Crypto,4,0,4
PAYMENTS (IN),Refunds,Premium,Tier 1,Email (Merchant),NORAM,NORAM,1,0,1
PAYMENTS (IN),Refunds,Premium,Tier 1,Email (Merchant),NORAM,UK,120,0,120
PAYMENTS (IN),Refunds,Premium,Tier 1,Email (Merchant),SAT,NORAM,2,0,2
PAYMENTS (IN),Refunds,Premium,Tier 1,Email (Merchant),SAT,SAT,5,0,5
PAYMENTS (IN),Refunds,Premium,Tier 1,Email (Merchant),Singapore/ANZ,APAC,40,0,40
PAYMENTS (IN),Refunds,Premium,Tier 1,Email (Merchant),Singapore/ANZ,NORAM,3,0,3
PAYMENTS (IN),Refunds,Premium,Tier 1,Email (Merchant),Southern Europe,EEA,2,0,2
PAYMENTS (IN),Refunds,Premium,Tier 1,Email (Merchant),UAE,MENA,1262,0,1262
PAYMENTS (IN),Refunds,Premium,Tier 1,Email (Merchant),UK,EEA,9,0,9
PAYMENTS (IN),Refunds,Premium,Tier 1,Email (Merchant),UK,UK,34,0,34
PAYMENTS (IN),Refunds,Premium,Tier 1,Email (Merchant),Unknown,UK,1,0,1
PAYMENTS (IN),Refunds,Premium,Tier 1,Email (Merchant),WW,APAC,3,0,3
PAYMENTS (IN),Refunds,Premium,Tier 1,Email (Merchant),WW,EEA,196,0,196
PAYMENTS (IN),Refunds,Premium,Tier 1,Email (Merchant),WW,MENA,8,0,8
PAYMENTS (IN),Refunds,Premium,Tier 1,Email (Merchant),WW,UK,49,0,49
PAYMENTS (IN),Refunds,Premium,Tier 1,Email (Merchant),WW,WW,17,0,17
PAYMENTS (IN),Refunds,Premium,Tier 1,Fin (Dashboard),NORAM,UK,0,1,1
PAYMENTS (IN),Refunds,Premium,Tier 1,Fin (Dashboard),Northern Europe,EEA,0,1,1
PAYMENTS (IN),Refunds,Premium,Tier 1,Fin (Dashboard),SAT,NORAM,1,0,1
PAYMENTS (IN),Refunds,Premium,Tier 1,Fin (Dashboard),Singapore/ANZ,APAC,1,0,1
PAYMENTS (IN),Refunds,Premium,Tier 1,Fin (Dashboard),UK,EEA,1,0,1
PAYMENTS (IN),Refunds,Premium,Tier 1,Fin (Dashboard),UK,UK,0,1,1
PAYMENTS (IN),Refunds,Premium,Tier 1,Fin (Dashboard),WW,EEA,4,5,9
PAYMENTS (IN),Refunds,Premium,Tier 1,Fin (Dashboard),WW,MENA,0,1,1
PAYMENTS (IN),Refunds,Premium,Tier 1,Fin (Dashboard),WW,UK,0,2,2
PAYMENTS (IN),Refunds,Premium,Tier 1,Other,GCR,APAC,733,0,733
PAYMENTS (IN),Refunds,Premium,Tier 1,Other,NORAM,UK,20,0,20
PAYMENTS (IN),Refunds,Premium,Tier 1,Other,SAT,SAT,1,0,1
PAYMENTS (IN),Refunds,Premium,Tier 1,Other,UAE,MENA,25,0,25
PAYMENTS (IN),Refunds,Premium,Tier 1,Other,UAE,WW,1,0,1
PAYMENTS (IN),Refunds,Premium,Tier 1,Other,UK,EEA,3,0,3
PAYMENTS (IN),Refunds,Premium,Tier 1,Other,UK,UK,3,0,3
PAYMENTS (IN),Refunds,Premium,Tier 1,Other,WW,EEA,12,0,12
PAYMENTS (IN),Refunds,Premium,Tier 1,Other,WW,UK,1,0,1
PAYMENTS (IN),Refunds,Premium,Tier 1,Webform & API,Crypto,Crypto,2,0,2
PAYMENTS (IN),Refunds,Premium,Tier 1,Webform & API,NORAM,Israel,2,0,2
PAYMENTS (IN),Refunds,Premium,Tier 1,Webform & API,NORAM,NORAM,80,0,80
PAYMENTS (IN),Refunds,Premium,Tier 1,Webform & API,NORAM,UK,9,0,9
PAYMENTS (IN),Refunds,Premium,Tier 1,Webform & API,Northern Europe,EEA,8,0,8
PAYMENTS (IN),Refunds,Premium,Tier 1,Webform & API,SAT,NORAM,4,0,4
PAYMENTS (IN),Refunds,Premium,Tier 1,Webform & API,Singapore/ANZ,APAC,7,0,7
PAYMENTS (IN),Refunds,Premium,Tier 1,Webform & API,Singapore/ANZ,NORAM,9,0,9
PAYMENTS (IN),Refunds,Premium,Tier 1,Webform & API,UAE,MENA,74,0,74
PAYMENTS (IN),Refunds,Premium,Tier 1,Webform & API,UK,EEA,22,0,22
PAYMENTS (IN),Refunds,Premium,Tier 1,Webform & API,UK,UK,74,0,74
PAYMENTS (IN),Refunds,Premium,Tier 1,Webform & API,Unknown,Crypto,3,0,3
PAYMENTS (IN),Refunds,Premium,Tier 1,Webform & API,Unknown,NORAM,1,0,1
PAYMENTS (IN),Refunds,Premium,Tier 1,Webform & API,Unknown,UK,3,0,3
PAYMENTS (IN),Refunds,Premium,Tier 1,Webform & API,WW,EEA,43,0,43
PAYMENTS (IN),Refunds,Premium,Tier 1,Webform & API,WW,MENA,3,0,3
PAYMENTS (IN),Refunds,Premium,Tier 1,Webform & API,WW,UK,9,0,9
PAYMENTS (IN),Refunds,Standard,Tier 2,Email (Merchant),Crypto,Crypto,1,0,1
PAYMENTS (IN),Refunds,Standard,Tier 2,Email (Merchant),Singapore/ANZ,APAC,2,0,2
PAYMENTS (IN),Refunds,Standard,Tier 2,Email (Merchant),UK,UK,23,0,23
PAYMENTS (IN),Refunds,Standard,Tier 2,Email (Merchant),Unknown,APAC,2,0,2
PAYMENTS (IN),Refunds,Standard,Tier 2,Email (Merchant),WW,UK,3,0,3
PAYMENTS (IN),Refunds,Standard,Tier 2,Fin (Dashboard),NORAM,UK,0,1,1
PAYMENTS (IN),Refunds,Standard,Tier 2,Other,UK,UK,4,0,4
PAYMENTS (IN),Refunds,Standard,Tier 2,Webform & API,Crypto,Crypto,3,0,3
PAYMENTS (IN),Refunds,Standard,Tier 2,Webform & API,NORAM,UK,3,0,3
PAYMENTS (IN),Refunds,Standard,Tier 2,Webform & API,UK,UK,18,0,18
PAYMENTS (IN),Refunds,Standard,Tier 3,Email (Internal),Central Europe,EEA,1,0,1
PAYMENTS (IN),Refunds,Standard,Tier 3,Email (Internal),GCR,APAC,1,0,1
PAYMENTS (IN),Refunds,Standard,Tier 3,Email (Internal),Mauritius,NORAM,1,0,1
PAYMENTS (IN),Refunds,Standard,Tier 3,Email (Internal),NORAM,APAC,1,0,1
PAYMENTS (IN),Refunds,Standard,Tier 3,Email (Internal),NORAM,EEA,5,0,5
PAYMENTS (IN),Refunds,Standard,Tier 3,Email (Internal),NORAM,UK,2,0,2
PAYMENTS (IN),Refunds,Standard,Tier 3,Email (Internal),Northern Europe,EEA,8,0,8
PAYMENTS (IN),Refunds,Standard,Tier 3,Email (Internal),Singapore/ANZ,NORAM,3,0,3
PAYMENTS (IN),Refunds,Standard,Tier 3,Email (Internal),Southern Europe,EEA,5,0,5
PAYMENTS (IN),Refunds,Standard,Tier 3,Email (Internal),UAE,MENA,13,0,13
PAYMENTS (IN),Refunds,Standard,Tier 3,Email (Internal),UAE,Mauritius,1,0,1
PAYMENTS (IN),Refunds,Standard,Tier 3,Email (Internal),UK,UK,2,0,2
PAYMENTS (IN),Refunds,Standard,Tier 3,Email (Internal),Unknown,Crypto,1,0,1
PAYMENTS (IN),Refunds,Standard,Tier 3,Email (Internal),Unknown,UK,1,0,1
PAYMENTS (IN),Refunds,Standard,Tier 3,Email (Internal),WW,APAC,1,0,1
PAYMENTS (IN),Refunds,Standard,Tier 3,Email (Merchant),Central Europe,EEA,2,0,2
PAYMENTS (IN),Refunds,Standard,Tier 3,Email (Merchant),Crypto,APAC,6,0,6
PAYMENTS (IN),Refunds,Standard,Tier 3,Email (Merchant),Crypto,Crypto,1,0,1
PAYMENTS (IN),Refunds,Standard,Tier 3,Email (Merchant),EU,EEA,3,0,3
PAYMENTS (IN),Refunds,Standard,Tier 3,Email (Merchant),GCR,APAC,4,0,4
PAYMENTS (IN),Refunds,Standard,Tier 3,Email (Merchant),KSA,MENA,1,0,1
PAYMENTS (IN),Refunds,Standard,Tier 3,Email (Merchant),NORAM,EEA,5,0,5
PAYMENTS (IN),Refunds,Standard,Tier 3,Email (Merchant),NORAM,Israel,2,0,2
PAYMENTS (IN),Refunds,Standard,Tier 3,Email (Merchant),NORAM,MENA,1,0,1
PAYMENTS (IN),Refunds,Standard,Tier 3,Email (Merchant),NORAM,NORAM,3,0,3
PAYMENTS (IN),Refunds,Standard,Tier 3,Email (Merchant),Northern Europe,EEA,5,0,5
PAYMENTS (IN),Refunds,Standard,Tier 3,Email (Merchant),Singapore/ANZ,APAC,1,0,1
PAYMENTS (IN),Refunds,Standard,Tier 3,Email (Merchant),Singapore/ANZ,NORAM,1,0,1
PAYMENTS (IN),Refunds,Standard,Tier 3,Email (Merchant),Southern Europe,EEA,1,0,1
PAYMENTS (IN),Refunds,Standard,Tier 3,Email (Merchant),UAE,MENA,161,0,161
PAYMENTS (IN),Refunds,Standard,Tier 3,Email (Merchant),UAE,Mauritius,3,0,3
PAYMENTS (IN),Refunds,Standard,Tier 3,Email (Merchant),UK,NORAM,1,0,1
PAYMENTS (IN),Refunds,Standard,Tier 3,Email (Merchant),UK,UK,41,0,41
PAYMENTS (IN),Refunds,Standard,Tier 3,Email (Merchant),Unknown,Crypto,1,0,1
PAYMENTS (IN),Refunds,Standard,Tier 3,Email (Merchant),Unknown,EEA,3,0,3
PAYMENTS (IN),Refunds,Standard,Tier 3,Email (Merchant),Unknown,NORAM,1,0,1
PAYMENTS (IN),Refunds,Standard,Tier 3,Email (Merchant),Unknown,UK,7,0,7
PAYMENTS (IN),Refunds,Standard,Tier 3,Email (Merchant),WW,APAC,4,0,4
PAYMENTS (IN),Refunds,Standard,Tier 3,Email (Merchant),WW,MENA,24,0,24
PAYMENTS (IN),Refunds,Standard,Tier 3,Email (Merchant),WW,Mauritius,3,0,3
PAYMENTS (IN),Refunds,Standard,Tier 3,Fin (Dashboard),Central Europe,EEA,0,1,1
PAYMENTS (IN),Refunds,Standard,Tier 3,Fin (Dashboard),Crypto,Crypto,0,1,1
PAYMENTS (IN),Refunds,Standard,Tier 3,Fin (Dashboard),EU,EEA,1,0,1
PAYMENTS (IN),Refunds,Standard,Tier 3,Fin (Dashboard),GCR,APAC,1,1,2
PAYMENTS (IN),Refunds,Standard,Tier 3,Fin (Dashboard),NORAM,EEA,1,0,1
PAYMENTS (IN),Refunds,Standard,Tier 3,Fin (Dashboard),NORAM,MENA,1,0,1
PAYMENTS (IN),Refunds,Standard,Tier 3,Fin (Dashboard),Northern Europe,EEA,0,3,3
PAYMENTS (IN),Refunds,Standard,Tier 3,Fin (Dashboard),Singapore/ANZ,APAC,1,1,2
PAYMENTS (IN),Refunds,Standard,Tier 3,Fin (Dashboard),Singapore/ANZ,NORAM,0,1,1
PAYMENTS (IN),Refunds,Standard,Tier 3,Fin (Dashboard),Southern Europe,EEA,0,2,2
PAYMENTS (IN),Refunds,Standard,Tier 3,Fin (Dashboard),UAE,MENA,1,5,6
PAYMENTS (IN),Refunds,Standard,Tier 3,Fin (Dashboard),UK,UK,6,1,7
PAYMENTS (IN),Refunds,Standard,Tier 3,Fin (Dashboard),Unknown,NORAM,2,1,3
PAYMENTS (IN),Refunds,Standard,Tier 3,Fin (Dashboard),WW,MENA,0,1,1
PAYMENTS (IN),Refunds,Standard,Tier 3,Fin (Dashboard),WW,Mauritius,0,1,1
PAYMENTS (IN),Refunds,Standard,Tier 3,Other,GCR,APAC,2,0,2
PAYMENTS (IN),Refunds,Standard,Tier 3,Other,NORAM,APAC,1,0,1
PAYMENTS (IN),Refunds,Standard,Tier 3,Other,NORAM,NORAM,1,0,1
PAYMENTS (IN),Refunds,Standard,Tier 3,Other,NORAM,UK,1,0,1
PAYMENTS (IN),Refunds,Standard,Tier 3,Other,Northern Europe,EEA,3,0,3
PAYMENTS (IN),Refunds,Standard,Tier 3,Other,Southern Europe,EEA,4,0,4
PAYMENTS (IN),Refunds,Standard,Tier 3,Other,UAE,MENA,5,0,5
PAYMENTS (IN),Refunds,Standard,Tier 3,Other,UK,UK,5,0,5
PAYMENTS (IN),Refunds,Standard,Tier 3,Other,Unknown,UK,1,0,1
PAYMENTS (IN),Refunds,Standard,Tier 3,Other,WW,Mauritius,1,0,1
PAYMENTS (IN),Refunds,Standard,Tier 3,Webform & API,Central Europe,EEA,13,0,13
PAYMENTS (IN),Refunds,Standard,Tier 3,Webform & API,Central Europe,Mauritius,1,0,1
PAYMENTS (IN),Refunds,Standard,Tier 3,Webform & API,Crypto,Crypto,18,0,18
PAYMENTS (IN),Refunds,Standard,Tier 3,Webform & API,GCR,APAC,28,0,28
PAYMENTS (IN),Refunds,Standard,Tier 3,Webform & API,Issuing,EEA,2,0,2
PAYMENTS (IN),Refunds,Standard,Tier 3,Webform & API,NORAM,EEA,4,0,4
PAYMENTS (IN),Refunds,Standard,Tier 3,Webform & API,NORAM,Israel,3,0,3
PAYMENTS (IN),Refunds,Standard,Tier 3,Webform & API,NORAM,NORAM,5,0,5
PAYMENTS (IN),Refunds,Standard,Tier 3,Webform & API,NORAM,UK,2,0,2
PAYMENTS (IN),Refunds,Standard,Tier 3,Webform & API,Northern Europe,EEA,19,0,19
PAYMENTS (IN),Refunds,Standard,Tier 3,Webform & API,Singapore/ANZ,APAC,8,0,8
PAYMENTS (IN),Refunds,Standard,Tier 3,Webform & API,Singapore/ANZ,NORAM,1,0,1
PAYMENTS (IN),Refunds,Standard,Tier 3,Webform & API,Southern Europe,Crypto,1,0,1
PAYMENTS (IN),Refunds,Standard,Tier 3,Webform & API,UAE,APAC,1,0,1
PAYMENTS (IN),Refunds,Standard,Tier 3,Webform & API,UAE,MENA,176,0,176
PAYMENTS (IN),Refunds,Standard,Tier 3,Webform & API,UAE,Mauritius,1,0,1
PAYMENTS (IN),Refunds,Standard,Tier 3,Webform & API,UK,Mauritius,1,0,1
PAYMENTS (IN),Refunds,Standard,Tier 3,Webform & API,UK,NORAM,4,0,4
PAYMENTS (IN),Refunds,Standard,Tier 3,Webform & API,UK,UK,42,0,42
PAYMENTS (IN),Refunds,Standard,Tier 3,Webform & API,Ubble,EEA,1,0,1
PAYMENTS (IN),Refunds,Standard,Tier 3,Webform & API,Unknown,APAC,3,0,3
PAYMENTS (IN),Refunds,Standard,Tier 3,Webform & API,Unknown,Crypto,5,0,5
PAYMENTS (IN),Refunds,Standard,Tier 3,Webform & API,Unknown,EEA,5,0,5
PAYMENTS (IN),Refunds,Standard,Tier 3,Webform & API,Unknown,MENA,4,0,4
PAYMENTS (IN),Refunds,Standard,Tier 3,Webform & API,Unknown,NORAM,11,0,11
PAYMENTS (IN),Refunds,Standard,Tier 3,Webform & API,Unknown,UK,3,0,3
PAYMENTS (IN),Refunds,Standard,Tier 3,Webform & API,Unknown,Unknown,1,0,1
PAYMENTS (IN),Refunds,Standard,Tier 3,Webform & API,WW,APAC,1,0,1
PAYMENTS (IN),Refunds,Standard,Tier 3,Webform & API,WW,MENA,3,0,3
PAYMENTS (IN),Refunds,Standard,Tier 3,Webform & API,WW,Mauritius,3,0,3
PAYMENTS (IN),Refunds,Standard,Tier 4,Email (Internal),Central Europe,Mauritius,2,0,2
PAYMENTS (IN),Refunds,Standard,Tier 4,Email (Internal),KSA,MENA,1,0,1
PAYMENTS (IN),Refunds,Standard,Tier 4,Email (Internal),Mauritius,Mauritius,2,0,2
PAYMENTS (IN),Refunds,Standard,Tier 4,Email (Internal),UAE,MENA,12,0,12
PAYMENTS (IN),Refunds,Standard,Tier 4,Email (Internal),UK,Mauritius,1,0,1
PAYMENTS (IN),Refunds,Standard,Tier 4,Email (Internal),Unknown,Mauritius,1,0,1
PAYMENTS (IN),Refunds,Standard,Tier 4,Email (Internal),WW,WW,1,0,1
PAYMENTS (IN),Refunds,Standard,Tier 4,Email (Merchant),Central Europe,Mauritius,1,0,1
PAYMENTS (IN),Refunds,Standard,Tier 4,Email (Merchant),Crypto,Crypto,3,0,3
PAYMENTS (IN),Refunds,Standard,Tier 4,Email (Merchant),EU,Mauritius,1,0,1
PAYMENTS (IN),Refunds,Standard,Tier 4,Email (Merchant),GCR,APAC,8,0,8
PAYMENTS (IN),Refunds,Standard,Tier 4,Email (Merchant),GCR,WW,1,0,1
PAYMENTS (IN),Refunds,Standard,Tier 4,Email (Merchant),Mauritius,Mauritius,10,0,10
PAYMENTS (IN),Refunds,Standard,Tier 4,Email (Merchant),NORAM,NORAM,9,0,9
PAYMENTS (IN),Refunds,Standard,Tier 4,Email (Merchant),NORAM,UK,2,0,2
PAYMENTS (IN),Refunds,Standard,Tier 4,Email (Merchant),Northern Europe,Mauritius,3,0,3
PAYMENTS (IN),Refunds,Standard,Tier 4,Email (Merchant),UAE,MENA,319,0,319
PAYMENTS (IN),Refunds,Standard,Tier 4,Email (Merchant),UAE,Mauritius,4,0,4
PAYMENTS (IN),Refunds,Standard,Tier 4,Email (Merchant),UK,Mauritius,6,0,6
PAYMENTS (IN),Refunds,Standard,Tier 4,Email (Merchant),UK,UK,10,0,10
PAYMENTS (IN),Refunds,Standard,Tier 4,Email (Merchant),Unknown,APAC,3,0,3
PAYMENTS (IN),Refunds,Standard,Tier 4,Email (Merchant),Unknown,EEA,2,0,2
PAYMENTS (IN),Refunds,Standard,Tier 4,Email (Merchant),Unknown,MENA,7,0,7
PAYMENTS (IN),Refunds,Standard,Tier 4,Email (Merchant),Unknown,Unknown,1,0,1
PAYMENTS (IN),Refunds,Standard,Tier 4,Email (Merchant),WW,WW,3,0,3
PAYMENTS (IN),Refunds,Standard,Tier 4,Fin (Dashboard),Crypto,APAC,1,0,1
PAYMENTS (IN),Refunds,Standard,Tier 4,Fin (Dashboard),GCR,APAC,1,0,1
PAYMENTS (IN),Refunds,Standard,Tier 4,Fin (Dashboard),Mauritius,Mauritius,1,3,4
PAYMENTS (IN),Refunds,Standard,Tier 4,Fin (Dashboard),NORAM,Mauritius,0,1,1
PAYMENTS (IN),Refunds,Standard,Tier 4,Fin (Dashboard),NORAM,NORAM,0,1,1
PAYMENTS (IN),Refunds,Standard,Tier 4,Fin (Dashboard),NORAM,UK,0,1,1
PAYMENTS (IN),Refunds,Standard,Tier 4,Fin (Dashboard),Northern Europe,Mauritius,2,0,2
PAYMENTS (IN),Refunds,Standard,Tier 4,Fin (Dashboard),Singapore/ANZ,APAC,0,1,1
PAYMENTS (IN),Refunds,Standard,Tier 4,Fin (Dashboard),UAE,MENA,2,13,15
PAYMENTS (IN),Refunds,Standard,Tier 4,Fin (Dashboard),UK,Mauritius,0,2,2
PAYMENTS (IN),Refunds,Standard,Tier 4,Fin (Dashboard),UK,UK,0,3,3
PAYMENTS (IN),Refunds,Standard,Tier 4,Fin (Dashboard),Unknown,APAC,1,0,1
PAYMENTS (IN),Refunds,Standard,Tier 4,Fin (Dashboard),Unknown,EEA,0,1,1
PAYMENTS (IN),Refunds,Standard,Tier 4,Fin (Dashboard),Unknown,MENA,0,1,1
PAYMENTS (IN),Refunds,Standard,Tier 4,Fin (Dashboard),Unknown,Mauritius,2,0,2
PAYMENTS (IN),Refunds,Standard,Tier 4,Fin (Dashboard),Unknown,NORAM,1,0,1
PAYMENTS (IN),Refunds,Standard,Tier 4,Other,Central Europe,EEA,1,0,1
PAYMENTS (IN),Refunds,Standard,Tier 4,Other,Central Europe,Mauritius,1,0,1
PAYMENTS (IN),Refunds,Standard,Tier 4,Other,Crypto,APAC,1,0,1
PAYMENTS (IN),Refunds,Standard,Tier 4,Other,EU,EEA,1,0,1
PAYMENTS (IN),Refunds,Standard,Tier 4,Other,GCR,APAC,2,0,2
PAYMENTS (IN),Refunds,Standard,Tier 4,Other,Issuing,Mauritius,1,0,1
PAYMENTS (IN),Refunds,Standard,Tier 4,Other,KSA,MENA,1,0,1
PAYMENTS (IN),Refunds,Standard,Tier 4,Other,Mauritius,Mauritius,5,0,5
PAYMENTS (IN),Refunds,Standard,Tier 4,Other,NORAM,UK,2,0,2
PAYMENTS (IN),Refunds,Standard,Tier 4,Other,Southern Europe,EEA,3,0,3
PAYMENTS (IN),Refunds,Standard,Tier 4,Other,UAE,MENA,23,0,23
PAYMENTS (IN),Refunds,Standard,Tier 4,Other,UK,Mauritius,5,0,5
PAYMENTS (IN),Refunds,Standard,Tier 4,Other,UK,UK,3,0,3
PAYMENTS (IN),Refunds,Standard,Tier 4,Other,Unknown,APAC,1,0,1
PAYMENTS (IN),Refunds,Standard,Tier 4,Other,Unknown,EEA,1,0,1
PAYMENTS (IN),Refunds,Standard,Tier 4,Other,Unknown,MENA,3,0,3
PAYMENTS (IN),Refunds,Standard,Tier 4,Other,Unknown,Mauritius,2,0,2
PAYMENTS (IN),Refunds,Standard,Tier 4,Other,Unknown,UK,4,0,4
PAYMENTS (IN),Refunds,Standard,Tier 4,Other,WW,WW,2,0,2
PAYMENTS (IN),Refunds,Standard,Tier 4,Webform & API,Central Europe,EEA,9,0,9
PAYMENTS (IN),Refunds,Standard,Tier 4,Webform & API,Central Europe,Mauritius,2,0,2
PAYMENTS (IN),Refunds,Standard,Tier 4,Webform & API,Crypto,Crypto,3,0,3
PAYMENTS (IN),Refunds,Standard,Tier 4,Webform & API,EU,Mauritius,2,0,2
PAYMENTS (IN),Refunds,Standard,Tier 4,Webform & API,GCR,APAC,8,0,8
PAYMENTS (IN),Refunds,Standard,Tier 4,Webform & API,Issuing,Mauritius,4,0,4
PAYMENTS (IN),Refunds,Standard,Tier 4,Webform & API,Issuing,UK,1,0,1
PAYMENTS (IN),Refunds,Standard,Tier 4,Webform & API,KSA,EEA,2,0,2
PAYMENTS (IN),Refunds,Standard,Tier 4,Webform & API,Mauritius,Mauritius,20,0,20
PAYMENTS (IN),Refunds,Standard,Tier 4,Webform & API,NORAM,Mauritius,3,0,3
PAYMENTS (IN),Refunds,Standard,Tier 4,Webform & API,NORAM,NORAM,3,0,3
PAYMENTS (IN),Refunds,Standard,Tier 4,Webform & API,NORAM,UK,1,0,1
PAYMENTS (IN),Refunds,Standard,Tier 4,Webform & API,Northern Europe,EEA,1,0,1
PAYMENTS (IN),Refunds,Standard,Tier 4,Webform & API,Northern Europe,Mauritius,1,0,1
PAYMENTS (IN),Refunds,Standard,Tier 4,Webform & API,Singapore/ANZ,NORAM,2,0,2
PAYMENTS (IN),Refunds,Standard,Tier 4,Webform & API,Southern Europe,EEA,6,0,6
PAYMENTS (IN),Refunds,Standard,Tier 4,Webform & API,UAE,MENA,171,0,171
PAYMENTS (IN),Refunds,Standard,Tier 4,Webform & API,UAE,Mauritius,2,0,2
PAYMENTS (IN),Refunds,Standard,Tier 4,Webform & API,UK,APAC,1,0,1
PAYMENTS (IN),Refunds,Standard,Tier 4,Webform & API,UK,Mauritius,36,0,36
PAYMENTS (IN),Refunds,Standard,Tier 4,Webform & API,UK,UK,47,0,47
PAYMENTS (IN),Refunds,Standard,Tier 4,Webform & API,Unknown,APAC,10,0,10
PAYMENTS (IN),Refunds,Standard,Tier 4,Webform & API,Unknown,Crypto,1,0,1
PAYMENTS (IN),Refunds,Standard,Tier 4,Webform & API,Unknown,EEA,2,0,2
PAYMENTS (IN),Refunds,Standard,Tier 4,Webform & API,Unknown,MENA,38,0,38
PAYMENTS (IN),Refunds,Standard,Tier 4,Webform & API,Unknown,Mauritius,9,0,9
PAYMENTS (IN),Refunds,Standard,Tier 4,Webform & API,Unknown,NORAM,4,0,4
PAYMENTS (IN),Refunds,Standard,Tier 4,Webform & API,Unknown,UK,6,0,6
PAYMENTS (IN),Refunds,Standard,Tier 4,Webform & API,WW,EEA,1,0,1
PAYMENTS (IN),Refunds,Standard,Tier 4,Webform & API,WW,WW,19,0,19
PAYMENTS (IN),Refunds,Standard,Unknown,Webform & API,Unknown,NORAM,1,0,1
PAYMENTS (IN),Refunds,Unmapped,Unknown,Email (Internal),Unknown,Unknown,24,0,24
PAYMENTS (IN),Refunds,Unmapped,Unknown,Email (Merchant),Unknown,Unknown,191,0,191
PAYMENTS (IN),Refunds,Unmapped,Unknown,Fin (Dashboard),Unknown,Unknown,1,7,8
PAYMENTS (IN),Refunds,Unmapped,Unknown,Other,Unknown,Unknown,28,0,28
PAYMENTS (IN),Refunds,Unmapped,Unknown,Webform & API,Unknown,Unknown,46,0,46
PAYMENTS (IN),Transaction status (non 3DS & Refunds),Enterprise,Tier 1,Email (Internal),Crypto,Crypto,3,0,3
PAYMENTS (IN),Transaction status (non 3DS & Refunds),Enterprise,Tier 1,Email (Internal),EU,EEA,2,0,2
PAYMENTS (IN),Transaction status (non 3DS & Refunds),Enterprise,Tier 1,Email (Internal),GCR,APAC,1,0,1
PAYMENTS (IN),Transaction status (non 3DS & Refunds),Enterprise,Tier 1,Email (Internal),NORAM,UK,4,0,4
PAYMENTS (IN),Transaction status (non 3DS & Refunds),Enterprise,Tier 1,Email (Internal),Northern Europe,EEA,1,0,1
PAYMENTS (IN),Transaction status (non 3DS & Refunds),Enterprise,Tier 1,Email (Internal),Singapore/ANZ,APAC,2,0,2
PAYMENTS (IN),Transaction status (non 3DS & Refunds),Enterprise,Tier 1,Email (Internal),UAE,MENA,20,0,20
PAYMENTS (IN),Transaction status (non 3DS & Refunds),Enterprise,Tier 1,Email (Internal),UK,EEA,9,0,9
PAYMENTS (IN),Transaction status (non 3DS & Refunds),Enterprise,Tier 1,Email (Internal),UK,UK,2,0,2
PAYMENTS (IN),Transaction status (non 3DS & Refunds),Enterprise,Tier 1,Email (Internal),Unknown,NORAM,1,0,1
PAYMENTS (IN),Transaction status (non 3DS & Refunds),Enterprise,Tier 1,Email (Internal),WW,APAC,3,0,3
PAYMENTS (IN),Transaction status (non 3DS & Refunds),Enterprise,Tier 1,Email (Internal),WW,EEA,1,0,1
PAYMENTS (IN),Transaction status (non 3DS & Refunds),Enterprise,Tier 1,Email (Internal),WW,MENA,1,0,1
PAYMENTS (IN),Transaction status (non 3DS & Refunds),Enterprise,Tier 1,Email (Internal),WW,Mauritius,1,0,1
PAYMENTS (IN),Transaction status (non 3DS & Refunds),Enterprise,Tier 1,Email (Internal),WW,UK,1,0,1
PAYMENTS (IN),Transaction status (non 3DS & Refunds),Enterprise,Tier 1,Email (Merchant),Crypto,Crypto,73,0,73
PAYMENTS (IN),Transaction status (non 3DS & Refunds),Enterprise,Tier 1,Email (Merchant),Crypto,EEA,3,0,3
PAYMENTS (IN),Transaction status (non 3DS & Refunds),Enterprise,Tier 1,Email (Merchant),EU,EEA,1,0,1
PAYMENTS (IN),Transaction status (non 3DS & Refunds),Enterprise,Tier 1,Email (Merchant),GCR,APAC,2,0,2
PAYMENTS (IN),Transaction status (non 3DS & Refunds),Enterprise,Tier 1,Email (Merchant),NORAM,NORAM,1,0,1
PAYMENTS (IN),Transaction status (non 3DS & Refunds),Enterprise,Tier 1,Email (Merchant),NORAM,UK,62,0,62
PAYMENTS (IN),Transaction status (non 3DS & Refunds),Enterprise,Tier 1,Email (Merchant),Singapore/ANZ,APAC,5,0,5
PAYMENTS (IN),Transaction status (non 3DS & Refunds),Enterprise,Tier 1,Email (Merchant),UAE,MENA,320,0,320
PAYMENTS (IN),Transaction status (non 3DS & Refunds),Enterprise,Tier 1,Email (Merchant),UK,APAC,9,0,9
PAYMENTS (IN),Transaction status (non 3DS & Refunds),Enterprise,Tier 1,Email (Merchant),UK,Crypto,21,0,21
PAYMENTS (IN),Transaction status (non 3DS & Refunds),Enterprise,Tier 1,Email (Merchant),UK,EEA,2,0,2
PAYMENTS (IN),Transaction status (non 3DS & Refunds),Enterprise,Tier 1,Email (Merchant),UK,Mauritius,4,0,4
PAYMENTS (IN),Transaction status (non 3DS & Refunds),Enterprise,Tier 1,Email (Merchant),UK,UK,160,0,160
PAYMENTS (IN),Transaction status (non 3DS & Refunds),Enterprise,Tier 1,Email (Merchant),Unknown,Crypto,3,0,3
PAYMENTS (IN),Transaction status (non 3DS & Refunds),Enterprise,Tier 1,Email (Merchant),Unknown,NORAM,5,0,5
PAYMENTS (IN),Transaction status (non 3DS & Refunds),Enterprise,Tier 1,Email (Merchant),Unknown,UK,15,0,15
PAYMENTS (IN),Transaction status (non 3DS & Refunds),Enterprise,Tier 1,Email (Merchant),WW,EEA,11,0,11
PAYMENTS (IN),Transaction status (non 3DS & Refunds),Enterprise,Tier 1,Email (Merchant),WW,MENA,4,0,4
PAYMENTS (IN),Transaction status (non 3DS & Refunds),Enterprise,Tier 1,Email (Merchant),WW,Mauritius,6,0,6
PAYMENTS (IN),Transaction status (non 3DS & Refunds),Enterprise,Tier 1,Email (Merchant),WW,UK,6,0,6
PAYMENTS (IN),Transaction status (non 3DS & Refunds),Enterprise,Tier 1,Fin (Dashboard),Crypto,Crypto,1,6,7
PAYMENTS (IN),Transaction status (non 3DS & Refunds),Enterprise,Tier 1,Fin (Dashboard),UAE,MENA,2,4,6
PAYMENTS (IN),Transaction status (non 3DS & Refunds),Enterprise,Tier 1,Fin (Dashboard),UK,EEA,2,1,3
PAYMENTS (IN),Transaction status (non 3DS & Refunds),Enterprise,Tier 1,Fin (Dashboard),UK,UK,0,1,1
PAYMENTS (IN),Transaction status (non 3DS & Refunds),Enterprise,Tier 1,Fin (Dashboard),Unknown,NORAM,0,2,2
PAYMENTS (IN),Transaction status (non 3DS & Refunds),Enterprise,Tier 1,Fin (Dashboard),WW,EEA,1,0,1
PAYMENTS (IN),Transaction status (non 3DS & Refunds),Enterprise,Tier 1,Other,Central Europe,EEA,1,0,1
PAYMENTS (IN),Transaction status (non 3DS & Refunds),Enterprise,Tier 1,Other,Crypto,Crypto,5,0,5
PAYMENTS (IN),Transaction status (non 3DS & Refunds),Enterprise,Tier 1,Other,Crypto,EEA,2,0,2
PAYMENTS (IN),Transaction status (non 3DS & Refunds),Enterprise,Tier 1,Other,GCR,APAC,21,0,21
PAYMENTS (IN),Transaction status (non 3DS & Refunds),Enterprise,Tier 1,Other,NORAM,EEA,4,0,4
PAYMENTS (IN),Transaction status (non 3DS & Refunds),Enterprise,Tier 1,Other,NORAM,UK,31,0,31
PAYMENTS (IN),Transaction status (non 3DS & Refunds),Enterprise,Tier 1,Other,Northern Europe,EEA,1,0,1
PAYMENTS (IN),Transaction status (non 3DS & Refunds),Enterprise,Tier 1,Other,Southern Europe,EEA,1,0,1
PAYMENTS (IN),Transaction status (non 3DS & Refunds),Enterprise,Tier 1,Other,UAE,MENA,5,0,5
PAYMENTS (IN),Transaction status (non 3DS & Refunds),Enterprise,Tier 1,Other,UK,APAC,1,0,1
PAYMENTS (IN),Transaction status (non 3DS & Refunds),Enterprise,Tier 1,Other,UK,EEA,2,0,2
PAYMENTS (IN),Transaction status (non 3DS & Refunds),Enterprise,Tier 1,Other,UK,UK,12,0,12
PAYMENTS (IN),Transaction status (non 3DS & Refunds),Enterprise,Tier 1,Other,Unknown,EEA,1,0,1
PAYMENTS (IN),Transaction status (non 3DS & Refunds),Enterprise,Tier 1,Other,Unknown,UK,2,0,2
PAYMENTS (IN),Transaction status (non 3DS & Refunds),Enterprise,Tier 1,Other,WW,APAC,32,0,32
PAYMENTS (IN),Transaction status (non 3DS & Refunds),Enterprise,Tier 1,Other,WW,EEA,2,0,2
PAYMENTS (IN),Transaction status (non 3DS & Refunds),Enterprise,Tier 1,Webform & API,Crypto,Crypto,54,0,54
PAYMENTS (IN),Transaction status (non 3DS & Refunds),Enterprise,Tier 1,Webform & API,Crypto,EEA,1,0,1
PAYMENTS (IN),Transaction status (non 3DS & Refunds),Enterprise,Tier 1,Webform & API,NORAM,Crypto,2,0,2
PAYMENTS (IN),Transaction status (non 3DS & Refunds),Enterprise,Tier 1,Webform & API,NORAM,NORAM,4,0,4
PAYMENTS (IN),Transaction status (non 3DS & Refunds),Enterprise,Tier 1,Webform & API,NORAM,UK,4,0,4
PAYMENTS (IN),Transaction status (non 3DS & Refunds),Enterprise,Tier 1,Webform & API,Northern Europe,EEA,1,0,1
PAYMENTS (IN),Transaction status (non 3DS & Refunds),Enterprise,Tier 1,Webform & API,Singapore/ANZ,APAC,1,0,1
PAYMENTS (IN),Transaction status (non 3DS & Refunds),Enterprise,Tier 1,Webform & API,Southern Europe,EEA,2,0,2
PAYMENTS (IN),Transaction status (non 3DS & Refunds),Enterprise,Tier 1,Webform & API,UAE,MENA,25,0,25
PAYMENTS (IN),Transaction status (non 3DS & Refunds),Enterprise,Tier 1,Webform & API,UK,Crypto,8,0,8
PAYMENTS (IN),Transaction status (non 3DS & Refunds),Enterprise,Tier 1,Webform & API,UK,EEA,3,0,3
PAYMENTS (IN),Transaction status (non 3DS & Refunds),Enterprise,Tier 1,Webform & API,UK,UK,34,0,34
PAYMENTS (IN),Transaction status (non 3DS & Refunds),Enterprise,Tier 1,Webform & API,Unknown,NORAM,13,0,13
PAYMENTS (IN),Transaction status (non 3DS & Refunds),Enterprise,Tier 1,Webform & API,Unknown,UK,3,0,3
PAYMENTS (IN),Transaction status (non 3DS & Refunds),Enterprise,Tier 1,Webform & API,WW,EEA,2,0,2
PAYMENTS (IN),Transaction status (non 3DS & Refunds),Enterprise,Tier 1,Webform & API,WW,MENA,3,0,3
PAYMENTS (IN),Transaction status (non 3DS & Refunds),Enterprise,Tier 2,Email (Internal),Central Europe,EEA,3,0,3
PAYMENTS (IN),Transaction status (non 3DS & Refunds),Enterprise,Tier 2,Email (Internal),Crypto,APAC,5,0,5
PAYMENTS (IN),Transaction status (non 3DS & Refunds),Enterprise,Tier 2,Email (Internal),Crypto,Crypto,5,0,5
PAYMENTS (IN),Transaction status (non 3DS & Refunds),Enterprise,Tier 2,Email (Internal),GCR,APAC,1,0,1
PAYMENTS (IN),Transaction status (non 3DS & Refunds),Enterprise,Tier 2,Email (Internal),NORAM,Israel,1,0,1
PAYMENTS (IN),Transaction status (non 3DS & Refunds),Enterprise,Tier 2,Email (Internal),NORAM,NORAM,2,0,2
PAYMENTS (IN),Transaction status (non 3DS & Refunds),Enterprise,Tier 2,Email (Internal),NORAM,UK,2,0,2
PAYMENTS (IN),Transaction status (non 3DS & Refunds),Enterprise,Tier 2,Email (Internal),Singapore/ANZ,APAC,1,0,1
PAYMENTS (IN),Transaction status (non 3DS & Refunds),Enterprise,Tier 2,Email (Internal),Southern Europe,EEA,6,0,6
PAYMENTS (IN),Transaction status (non 3DS & Refunds),Enterprise,Tier 2,Email (Internal),UAE,MENA,12,0,12
PAYMENTS (IN),Transaction status (non 3DS & Refunds),Enterprise,Tier 2,Email (Internal),UK,UK,10,0,10
PAYMENTS (IN),Transaction status (non 3DS & Refunds),Enterprise,Tier 2,Email (Internal),Unknown,EEA,6,0,6
PAYMENTS (IN),Transaction status (non 3DS & Refunds),Enterprise,Tier 2,Email (Internal),WW,EEA,2,0,2
PAYMENTS (IN),Transaction status (non 3DS & Refunds),Enterprise,Tier 2,Email (Merchant),Central Europe,EEA,6,0,6
PAYMENTS (IN),Transaction status (non 3DS & Refunds),Enterprise,Tier 2,Email (Merchant),Crypto,APAC,1,0,1
PAYMENTS (IN),Transaction status (non 3DS & Refunds),Enterprise,Tier 2,Email (Merchant),Crypto,Crypto,26,0,26
PAYMENTS (IN),Transaction status (non 3DS & Refunds),Enterprise,Tier 2,Email (Merchant),EU,EEA,12,0,12
PAYMENTS (IN),Transaction status (non 3DS & Refunds),Enterprise,Tier 2,Email (Merchant),GCR,APAC,25,0,25
PAYMENTS (IN),Transaction status (non 3DS & Refunds),Enterprise,Tier 2,Email (Merchant),KSA,EEA,3,0,3
PAYMENTS (IN),Transaction status (non 3DS & Refunds),Enterprise,Tier 2,Email (Merchant),NORAM,Israel,2,0,2
PAYMENTS (IN),Transaction status (non 3DS & Refunds),Enterprise,Tier 2,Email (Merchant),NORAM,NORAM,3,0,3
PAYMENTS (IN),Transaction status (non 3DS & Refunds),Enterprise,Tier 2,Email (Merchant),NORAM,UK,16,0,16
PAYMENTS (IN),Transaction status (non 3DS & Refunds),Enterprise,Tier 2,Email (Merchant),Singapore/ANZ,APAC,5,0,5
PAYMENTS (IN),Transaction status (non 3DS & Refunds),Enterprise,Tier 2,Email (Merchant),Southern Europe,EEA,4,0,4
PAYMENTS (IN),Transaction status (non 3DS & Refunds),Enterprise,Tier 2,Email (Merchant),UAE,MENA,80,0,80
PAYMENTS (IN),Transaction status (non 3DS & Refunds),Enterprise,Tier 2,Email (Merchant),UK,EEA,6,0,6
PAYMENTS (IN),Transaction status (non 3DS & Refunds),Enterprise,Tier 2,Email (Merchant),UK,UK,121,0,121
PAYMENTS (IN),Transaction status (non 3DS & Refunds),Enterprise,Tier 2,Email (Merchant),Unknown,EEA,6,0,6
PAYMENTS (IN),Transaction status (non 3DS & Refunds),Enterprise,Tier 2,Email (Merchant),Unknown,MENA,1,0,1
PAYMENTS (IN),Transaction status (non 3DS & Refunds),Enterprise,Tier 2,Email (Merchant),Unknown,NORAM,9,0,9
PAYMENTS (IN),Transaction status (non 3DS & Refunds),Enterprise,Tier 2,Email (Merchant),WW,EEA,5,0,5
PAYMENTS (IN),Transaction status (non 3DS & Refunds),Enterprise,Tier 2,Email (Merchant),WW,MENA,5,0,5
PAYMENTS (IN),Transaction status (non 3DS & Refunds),Enterprise,Tier 2,Email (Merchant),WW,Mauritius,7,0,7
PAYMENTS (IN),Transaction status (non 3DS & Refunds),Enterprise,Tier 2,Fin (Dashboard),Central Europe,EEA,0,2,2
PAYMENTS (IN),Transaction status (non 3DS & Refunds),Enterprise,Tier 2,Fin (Dashboard),Crypto,APAC,2,1,3
PAYMENTS (IN),Transaction status (non 3DS & Refunds),Enterprise,Tier 2,Fin (Dashboard),GCR,APAC,1,0,1
PAYMENTS (IN),Transaction status (non 3DS & Refunds),Enterprise,Tier 2,Fin (Dashboard),NORAM,Israel,0,1,1
PAYMENTS (IN),Transaction status (non 3DS & Refunds),Enterprise,Tier 2,Fin (Dashboard),NORAM,UK,3,7,10
PAYMENTS (IN),Transaction status (non 3DS & Refunds),Enterprise,Tier 2,Fin (Dashboard),UAE,MENA,2,0,2
PAYMENTS (IN),Transaction status (non 3DS & Refunds),Enterprise,Tier 2,Fin (Dashboard),UK,UK,1,9,10
PAYMENTS (IN),Transaction status (non 3DS & Refunds),Enterprise,Tier 2,Fin (Dashboard),Unknown,NORAM,0,1,1
PAYMENTS (IN),Transaction status (non 3DS & Refunds),Enterprise,Tier 2,Fin (Dashboard),WW,EEA,1,0,1
PAYMENTS (IN),Transaction status (non 3DS & Refunds),Enterprise,Tier 2,Other,Central Europe,EEA,5,0,5
PAYMENTS (IN),Transaction status (non 3DS & Refunds),Enterprise,Tier 2,Other,Crypto,Crypto,1,0,1
PAYMENTS (IN),Transaction status (non 3DS & Refunds),Enterprise,Tier 2,Other,GCR,APAC,2,0,2
PAYMENTS (IN),Transaction status (non 3DS & Refunds),Enterprise,Tier 2,Other,NORAM,NORAM,2,0,2
PAYMENTS (IN),Transaction status (non 3DS & Refunds),Enterprise,Tier 2,Other,Singapore/ANZ,APAC,1,0,1
PAYMENTS (IN),Transaction status (non 3DS & Refunds),Enterprise,Tier 2,Other,Southern Europe,EEA,13,0,13
PAYMENTS (IN),Transaction status (non 3DS & Refunds),Enterprise,Tier 2,Other,UAE,MENA,5,0,5
PAYMENTS (IN),Transaction status (non 3DS & Refunds),Enterprise,Tier 2,Other,UK,EEA,3,0,3
PAYMENTS (IN),Transaction status (non 3DS & Refunds),Enterprise,Tier 2,Other,UK,UK,6,0,6
PAYMENTS (IN),Transaction status (non 3DS & Refunds),Enterprise,Tier 2,Other,Unknown,EEA,8,0,8
PAYMENTS (IN),Transaction status (non 3DS & Refunds),Enterprise,Tier 2,Other,Unknown,NORAM,1,0,1
PAYMENTS (IN),Transaction status (non 3DS & Refunds),Enterprise,Tier 2,Other,WW,MENA,1,0,1
PAYMENTS (IN),Transaction status (non 3DS & Refunds),Enterprise,Tier 2,Webform & API,Central Europe,EEA,9,0,9
PAYMENTS (IN),Transaction status (non 3DS & Refunds),Enterprise,Tier 2,Webform & API,Crypto,APAC,3,0,3
PAYMENTS (IN),Transaction status (non 3DS & Refunds),Enterprise,Tier 2,Webform & API,Crypto,Crypto,36,0,36
PAYMENTS (IN),Transaction status (non 3DS & Refunds),Enterprise,Tier 2,Webform & API,EU,EEA,1,0,1
PAYMENTS (IN),Transaction status (non 3DS & Refunds),Enterprise,Tier 2,Webform & API,Issuing,UK,3,0,3
PAYMENTS (IN),Transaction status (non 3DS & Refunds),Enterprise,Tier 2,Webform & API,KSA,MENA,1,0,1
PAYMENTS (IN),Transaction status (non 3DS & Refunds),Enterprise,Tier 2,Webform & API,NORAM,EEA,2,0,2
PAYMENTS (IN),Transaction status (non 3DS & Refunds),Enterprise,Tier 2,Webform & API,NORAM,Israel,1,0,1
PAYMENTS (IN),Transaction status (non 3DS & Refunds),Enterprise,Tier 2,Webform & API,NORAM,NORAM,11,0,11
PAYMENTS (IN),Transaction status (non 3DS & Refunds),Enterprise,Tier 2,Webform & API,NORAM,UK,13,0,13
PAYMENTS (IN),Transaction status (non 3DS & Refunds),Enterprise,Tier 2,Webform & API,Singapore/ANZ,APAC,4,0,4
PAYMENTS (IN),Transaction status (non 3DS & Refunds),Enterprise,Tier 2,Webform & API,Southern Europe,EEA,58,0,58
PAYMENTS (IN),Transaction status (non 3DS & Refunds),Enterprise,Tier 2,Webform & API,UAE,MENA,51,0,51
PAYMENTS (IN),Transaction status (non 3DS & Refunds),Enterprise,Tier 2,Webform & API,UK,APAC,1,0,1
PAYMENTS (IN),Transaction status (non 3DS & Refunds),Enterprise,Tier 2,Webform & API,UK,EEA,5,0,5
PAYMENTS (IN),Transaction status (non 3DS & Refunds),Enterprise,Tier 2,Webform & API,UK,UK,30,0,30
PAYMENTS (IN),Transaction status (non 3DS & Refunds),Enterprise,Tier 2,Webform & API,Unknown,EEA,2,0,2
PAYMENTS (IN),Transaction status (non 3DS & Refunds),Enterprise,Tier 2,Webform & API,Unknown,NORAM,12,0,12
PAYMENTS (IN),Transaction status (non 3DS & Refunds),Enterprise,Tier 2,Webform & API,WW,EEA,15,0,15
PAYMENTS (IN),Transaction status (non 3DS & Refunds),Enterprise,Tier 2,Webform & API,WW,MENA,1,0,1
PAYMENTS (IN),Transaction status (non 3DS & Refunds),Enterprise,Tier 2,Webform & API,WW,Mauritius,4,0,4
PAYMENTS (IN),Transaction status (non 3DS & Refunds),Enterprise,Tier 3,Email (Internal),GCR,APAC,3,0,3
PAYMENTS (IN),Transaction status (non 3DS & Refunds),Enterprise,Tier 3,Email (Internal),NORAM,NORAM,1,0,1
PAYMENTS (IN),Transaction status (non 3DS & Refunds),Enterprise,Tier 3,Email (Internal),Northern Europe,EEA,1,0,1
PAYMENTS (IN),Transaction status (non 3DS & Refunds),Enterprise,Tier 3,Email (Internal),UAE,MENA,2,0,2
PAYMENTS (IN),Transaction status (non 3DS & Refunds),Enterprise,Tier 3,Email (Internal),UK,UK,1,0,1
PAYMENTS (IN),Transaction status (non 3DS & Refunds),Enterprise,Tier 3,Email (Internal),Unknown,EEA,3,0,3
PAYMENTS (IN),Transaction status (non 3DS & Refunds),Enterprise,Tier 3,Email (Merchant),Central Europe,EEA,1,0,1
PAYMENTS (IN),Transaction status (non 3DS & Refunds),Enterprise,Tier 3,Email (Merchant),GCR,APAC,3,0,3
PAYMENTS (IN),Transaction status (non 3DS & Refunds),Enterprise,Tier 3,Email (Merchant),UAE,MENA,31,0,31
PAYMENTS (IN),Transaction status (non 3DS & Refunds),Enterprise,Tier 3,Email (Merchant),UK,UK,8,0,8
PAYMENTS (IN),Transaction status (non 3DS & Refunds),Enterprise,Tier 3,Email (Merchant),WW,EEA,2,0,2
PAYMENTS (IN),Transaction status (non 3DS & Refunds),Enterprise,Tier 3,Email (Merchant),WW,Israel,1,0,1
PAYMENTS (IN),Transaction status (non 3DS & Refunds),Enterprise,Tier 3,Fin (Dashboard),UAE,MENA,0,2,2
PAYMENTS (IN),Transaction status (non 3DS & Refunds),Enterprise,Tier 3,Fin (Dashboard),UK,UK,0,1,1
PAYMENTS (IN),Transaction status (non 3DS & Refunds),Enterprise,Tier 3,Fin (Dashboard),Unknown,EEA,0,1,1
PAYMENTS (IN),Transaction status (non 3DS & Refunds),Enterprise,Tier 3,Other,UAE,MENA,2,0,2
PAYMENTS (IN),Transaction status (non 3DS & Refunds),Enterprise,Tier 3,Other,WW,EEA,1,0,1
PAYMENTS (IN),Transaction status (non 3DS & Refunds),Enterprise,Tier 3,Webform & API,Central Europe,EEA,2,0,2
PAYMENTS (IN),Transaction status (non 3DS & Refunds),Enterprise,Tier 3,Webform & API,UAE,MENA,10,0,10
PAYMENTS (IN),Transaction status (non 3DS & Refunds),Enterprise,Tier 3,Webform & API,UK,UK,1,0,1
PAYMENTS (IN),Transaction status (non 3DS & Refunds),Enterprise,Tier 3,Webform & API,Unknown,EEA,10,0,10
PAYMENTS (IN),Transaction status (non 3DS & Refunds),Enterprise,Tier 3,Webform & API,WW,EEA,1,0,1
PAYMENTS (IN),Transaction status (non 3DS & Refunds),Enterprise,Tier 4,Email (Merchant),UAE,MENA,6,0,6
PAYMENTS (IN),Transaction status (non 3DS & Refunds),Enterprise,Tier 4,Fin (Dashboard),UK,UK,0,2,2
PAYMENTS (IN),Transaction status (non 3DS & Refunds),Enterprise,Tier 4,Other,UAE,MENA,3,0,3
PAYMENTS (IN),Transaction status (non 3DS & Refunds),Enterprise,Tier 4,Other,UK,UK,1,0,1
PAYMENTS (IN),Transaction status (non 3DS & Refunds),Enterprise,Tier 4,Webform & API,KSA,MENA,1,0,1
PAYMENTS (IN),Transaction status (non 3DS & Refunds),Enterprise,Tier 4,Webform & API,UAE,MENA,3,0,3
PAYMENTS (IN),Transaction status (non 3DS & Refunds),Enterprise,Tier 4,Webform & API,UK,UK,1,0,1
PAYMENTS (IN),Transaction status (non 3DS & Refunds),Enterprise,Unknown,Webform & API,NORAM,NORAM,1,0,1
PAYMENTS (IN),Transaction status (non 3DS & Refunds),Enterprise,Unknown,Webform & API,NORAM,UK,2,0,2
PAYMENTS (IN),Transaction status (non 3DS & Refunds),Enterprise,Unknown,Webform & API,Unknown,EEA,2,0,2
PAYMENTS (IN),Transaction status (non 3DS & Refunds),Premium,Tier 1,Email (Internal),Crypto,Crypto,4,0,4
PAYMENTS (IN),Transaction status (non 3DS & Refunds),Premium,Tier 1,Email (Internal),GCR,APAC,5,0,5
PAYMENTS (IN),Transaction status (non 3DS & Refunds),Premium,Tier 1,Email (Internal),NORAM,NORAM,8,0,8
PAYMENTS (IN),Transaction status (non 3DS & Refunds),Premium,Tier 1,Email (Internal),NORAM,UK,7,0,7
PAYMENTS (IN),Transaction status (non 3DS & Refunds),Premium,Tier 1,Email (Internal),SAT,SAT,1,0,1
PAYMENTS (IN),Transaction status (non 3DS & Refunds),Premium,Tier 1,Email (Internal),Singapore/ANZ,APAC,2,0,2
PAYMENTS (IN),Transaction status (non 3DS & Refunds),Premium,Tier 1,Email (Internal),Singapore/ANZ,NORAM,1,0,1
PAYMENTS (IN),Transaction status (non 3DS & Refunds),Premium,Tier 1,Email (Internal),UAE,MENA,13,0,13
PAYMENTS (IN),Transaction status (non 3DS & Refunds),Premium,Tier 1,Email (Internal),UAE,WW,1,0,1
PAYMENTS (IN),Transaction status (non 3DS & Refunds),Premium,Tier 1,Email (Internal),UK,Crypto,1,0,1
PAYMENTS (IN),Transaction status (non 3DS & Refunds),Premium,Tier 1,Email (Internal),UK,UK,6,0,6
PAYMENTS (IN),Transaction status (non 3DS & Refunds),Premium,Tier 1,Email (Internal),Unknown,UK,1,0,1
PAYMENTS (IN),Transaction status (non 3DS & Refunds),Premium,Tier 1,Email (Internal),WW,APAC,2,0,2
PAYMENTS (IN),Transaction status (non 3DS & Refunds),Premium,Tier 1,Email (Internal),WW,EEA,3,0,3
PAYMENTS (IN),Transaction status (non 3DS & Refunds),Premium,Tier 1,Email (Internal),WW,UK,3,0,3
PAYMENTS (IN),Transaction status (non 3DS & Refunds),Premium,Tier 1,Email (Internal),WW,WW,1,0,1
PAYMENTS (IN),Transaction status (non 3DS & Refunds),Premium,Tier 1,Email (Merchant),Crypto,Crypto,15,0,15
PAYMENTS (IN),Transaction status (non 3DS & Refunds),Premium,Tier 1,Email (Merchant),GCR,APAC,67,0,67
PAYMENTS (IN),Transaction status (non 3DS & Refunds),Premium,Tier 1,Email (Merchant),NORAM,EEA,1,0,1
PAYMENTS (IN),Transaction status (non 3DS & Refunds),Premium,Tier 1,Email (Merchant),NORAM,NORAM,2,0,2
PAYMENTS (IN),Transaction status (non 3DS & Refunds),Premium,Tier 1,Email (Merchant),NORAM,UK,87,0,87
PAYMENTS (IN),Transaction status (non 3DS & Refunds),Premium,Tier 1,Email (Merchant),SAT,SAT,5,0,5
PAYMENTS (IN),Transaction status (non 3DS & Refunds),Premium,Tier 1,Email (Merchant),Singapore/ANZ,APAC,103,0,103
PAYMENTS (IN),Transaction status (non 3DS & Refunds),Premium,Tier 1,Email (Merchant),Singapore/ANZ,NORAM,1,0,1
PAYMENTS (IN),Transaction status (non 3DS & Refunds),Premium,Tier 1,Email (Merchant),UAE,MENA,1876,0,1876
PAYMENTS (IN),Transaction status (non 3DS & Refunds),Premium,Tier 1,Email (Merchant),UAE,WW,1,0,1
PAYMENTS (IN),Transaction status (non 3DS & Refunds),Premium,Tier 1,Email (Merchant),UK,EEA,20,0,20
PAYMENTS (IN),Transaction status (non 3DS & Refunds),Premium,Tier 1,Email (Merchant),UK,NORAM,3,0,3
PAYMENTS (IN),Transaction status (non 3DS & Refunds),Premium,Tier 1,Email (Merchant),UK,UK,57,0,57
PAYMENTS (IN),Transaction status (non 3DS & Refunds),Premium,Tier 1,Email (Merchant),Unknown,Crypto,4,0,4
PAYMENTS (IN),Transaction status (non 3DS & Refunds),Premium,Tier 1,Email (Merchant),Unknown,NORAM,1,0,1
PAYMENTS (IN),Transaction status (non 3DS & Refunds),Premium,Tier 1,Email (Merchant),Unknown,UK,2,0,2
PAYMENTS (IN),Transaction status (non 3DS & Refunds),Premium,Tier 1,Email (Merchant),WW,APAC,20,0,20
PAYMENTS (IN),Transaction status (non 3DS & Refunds),Premium,Tier 1,Email (Merchant),WW,EEA,12,0,12
PAYMENTS (IN),Transaction status (non 3DS & Refunds),Premium,Tier 1,Email (Merchant),WW,MENA,8,0,8
PAYMENTS (IN),Transaction status (non 3DS & Refunds),Premium,Tier 1,Email (Merchant),WW,UK,172,0,172
PAYMENTS (IN),Transaction status (non 3DS & Refunds),Premium,Tier 1,Email (Merchant),WW,WW,1,0,1
PAYMENTS (IN),Transaction status (non 3DS & Refunds),Premium,Tier 1,Fin (Dashboard),NORAM,UK,0,6,6
PAYMENTS (IN),Transaction status (non 3DS & Refunds),Premium,Tier 1,Fin (Dashboard),Singapore/ANZ,APAC,0,1,1
PAYMENTS (IN),Transaction status (non 3DS & Refunds),Premium,Tier 1,Fin (Dashboard),UAE,MENA,0,2,2
PAYMENTS (IN),Transaction status (non 3DS & Refunds),Premium,Tier 1,Fin (Dashboard),UK,EEA,0,3,3
PAYMENTS (IN),Transaction status (non 3DS & Refunds),Premium,Tier 1,Fin (Dashboard),UK,NORAM,0,1,1
PAYMENTS (IN),Transaction status (non 3DS & Refunds),Premium,Tier 1,Fin (Dashboard),UK,UK,0,12,12
PAYMENTS (IN),Transaction status (non 3DS & Refunds),Premium,Tier 1,Fin (Dashboard),WW,EEA,2,6,8
PAYMENTS (IN),Transaction status (non 3DS & Refunds),Premium,Tier 1,Other,Crypto,Crypto,2,0,2
PAYMENTS (IN),Transaction status (non 3DS & Refunds),Premium,Tier 1,Other,GCR,APAC,73,0,73
PAYMENTS (IN),Transaction status (non 3DS & Refunds),Premium,Tier 1,Other,NORAM,EEA,4,0,4
PAYMENTS (IN),Transaction status (non 3DS & Refunds),Premium,Tier 1,Other,NORAM,UK,8,0,8
PAYMENTS (IN),Transaction status (non 3DS & Refunds),Premium,Tier 1,Other,SAT,SAT,2,0,2
PAYMENTS (IN),Transaction status (non 3DS & Refunds),Premium,Tier 1,Other,Singapore/ANZ,APAC,1,0,1
PAYMENTS (IN),Transaction status (non 3DS & Refunds),Premium,Tier 1,Other,Southern Europe,EEA,1,0,1
PAYMENTS (IN),Transaction status (non 3DS & Refunds),Premium,Tier 1,Other,UAE,MENA,36,0,36
PAYMENTS (IN),Transaction status (non 3DS & Refunds),Premium,Tier 1,Other,UK,EEA,6,0,6
PAYMENTS (IN),Transaction status (non 3DS & Refunds),Premium,Tier 1,Other,UK,NORAM,1,0,1
PAYMENTS (IN),Transaction status (non 3DS & Refunds),Premium,Tier 1,Other,UK,UK,11,0,11
PAYMENTS (IN),Transaction status (non 3DS & Refunds),Premium,Tier 1,Other,WW,APAC,3,0,3
PAYMENTS (IN),Transaction status (non 3DS & Refunds),Premium,Tier 1,Other,WW,EEA,6,0,6
PAYMENTS (IN),Transaction status (non 3DS & Refunds),Premium,Tier 1,Other,WW,MENA,1,0,1
PAYMENTS (IN),Transaction status (non 3DS & Refunds),Premium,Tier 1,Other,WW,UK,2,0,2
PAYMENTS (IN),Transaction status (non 3DS & Refunds),Premium,Tier 1,Other,WW,WW,1,0,1
PAYMENTS (IN),Transaction status (non 3DS & Refunds),Premium,Tier 1,Webform & API,Crypto,Crypto,6,0,6
PAYMENTS (IN),Transaction status (non 3DS & Refunds),Premium,Tier 1,Webform & API,NORAM,NORAM,7,0,7
PAYMENTS (IN),Transaction status (non 3DS & Refunds),Premium,Tier 1,Webform & API,NORAM,UK,4,0,4
PAYMENTS (IN),Transaction status (non 3DS & Refunds),Premium,Tier 1,Webform & API,Northern Europe,EEA,1,0,1
PAYMENTS (IN),Transaction status (non 3DS & Refunds),Premium,Tier 1,Webform & API,Singapore/ANZ,APAC,4,0,4
PAYMENTS (IN),Transaction status (non 3DS & Refunds),Premium,Tier 1,Webform & API,Singapore/ANZ,NORAM,5,0,5
PAYMENTS (IN),Transaction status (non 3DS & Refunds),Premium,Tier 1,Webform & API,UAE,MENA,63,0,63
PAYMENTS (IN),Transaction status (non 3DS & Refunds),Premium,Tier 1,Webform & API,UK,Crypto,1,0,1
PAYMENTS (IN),Transaction status (non 3DS & Refunds),Premium,Tier 1,Webform & API,UK,EEA,13,0,13
PAYMENTS (IN),Transaction status (non 3DS & Refunds),Premium,Tier 1,Webform & API,UK,UK,505,0,505
PAYMENTS (IN),Transaction status (non 3DS & Refunds),Premium,Tier 1,Webform & API,Unknown,Crypto,3,0,3
PAYMENTS (IN),Transaction status (non 3DS & Refunds),Premium,Tier 1,Webform & API,Unknown,NORAM,1,0,1
PAYMENTS (IN),Transaction status (non 3DS & Refunds),Premium,Tier 1,Webform & API,Unknown,UK,5,0,5
PAYMENTS (IN),Transaction status (non 3DS & Refunds),Premium,Tier 1,Webform & API,WW,EEA,8,0,8
PAYMENTS (IN),Transaction status (non 3DS & Refunds),Premium,Tier 1,Webform & API,WW,MENA,1,0,1
PAYMENTS (IN),Transaction status (non 3DS & Refunds),Premium,Tier 1,Webform & API,WW,UK,9,0,9
PAYMENTS (IN),Transaction status (non 3DS & Refunds),Standard,Tier 2,Email (Internal),Crypto,Crypto,1,0,1
PAYMENTS (IN),Transaction status (non 3DS & Refunds),Standard,Tier 2,Email (Internal),GCR,APAC,2,0,2
PAYMENTS (IN),Transaction status (non 3DS & Refunds),Standard,Tier 2,Email (Internal),UK,UK,4,0,4
PAYMENTS (IN),Transaction status (non 3DS & Refunds),Standard,Tier 2,Email (Merchant),Crypto,Crypto,54,0,54
PAYMENTS (IN),Transaction status (non 3DS & Refunds),Standard,Tier 2,Email (Merchant),GCR,Crypto,4,0,4
PAYMENTS (IN),Transaction status (non 3DS & Refunds),Standard,Tier 2,Email (Merchant),Mauritius,NORAM,1,0,1
PAYMENTS (IN),Transaction status (non 3DS & Refunds),Standard,Tier 2,Email (Merchant),NORAM,NORAM,1,0,1
PAYMENTS (IN),Transaction status (non 3DS & Refunds),Standard,Tier 2,Email (Merchant),Singapore/ANZ,APAC,18,0,18
PAYMENTS (IN),Transaction status (non 3DS & Refunds),Standard,Tier 2,Email (Merchant),UK,UK,27,0,27
PAYMENTS (IN),Transaction status (non 3DS & Refunds),Standard,Tier 2,Email (Merchant),Unknown,APAC,19,0,19
PAYMENTS (IN),Transaction status (non 3DS & Refunds),Standard,Tier 2,Fin (Dashboard),Crypto,Crypto,1,5,6
PAYMENTS (IN),Transaction status (non 3DS & Refunds),Standard,Tier 2,Fin (Dashboard),NORAM,NORAM,1,2,3
PAYMENTS (IN),Transaction status (non 3DS & Refunds),Standard,Tier 2,Other,Crypto,Crypto,23,0,23
PAYMENTS (IN),Transaction status (non 3DS & Refunds),Standard,Tier 2,Webform & API,Crypto,Crypto,143,0,143
PAYMENTS (IN),Transaction status (non 3DS & Refunds),Standard,Tier 2,Webform & API,GCR,APAC,1,0,1
PAYMENTS (IN),Transaction status (non 3DS & Refunds),Standard,Tier 2,Webform & API,GCR,Crypto,3,0,3
PAYMENTS (IN),Transaction status (non 3DS & Refunds),Standard,Tier 2,Webform & API,NORAM,UK,1,0,1
PAYMENTS (IN),Transaction status (non 3DS & Refunds),Standard,Tier 2,Webform & API,Singapore/ANZ,APAC,11,0,11
PAYMENTS (IN),Transaction status (non 3DS & Refunds),Standard,Tier 2,Webform & API,UAE,MENA,1,0,1
PAYMENTS (IN),Transaction status (non 3DS & Refunds),Standard,Tier 2,Webform & API,UK,UK,3,0,3
PAYMENTS (IN),Transaction status (non 3DS & Refunds),Standard,Tier 3,Email (Internal),Central Europe,EEA,1,0,1
PAYMENTS (IN),Transaction status (non 3DS & Refunds),Standard,Tier 3,Email (Internal),Central Europe,Mauritius,1,0,1
PAYMENTS (IN),Transaction status (non 3DS & Refunds),Standard,Tier 3,Email (Internal),Crypto,Crypto,5,0,5
PAYMENTS (IN),Transaction status (non 3DS & Refunds),Standard,Tier 3,Email (Internal),KSA,MENA,1,0,1
PAYMENTS (IN),Transaction status (non 3DS & Refunds),Standard,Tier 3,Email (Internal),Mauritius,NORAM,4,0,4
PAYMENTS (IN),Transaction status (non 3DS & Refunds),Standard,Tier 3,Email (Internal),NORAM,EEA,1,0,1
PAYMENTS (IN),Transaction status (non 3DS & Refunds),Standard,Tier 3,Email (Internal),NORAM,NORAM,6,0,6
PAYMENTS (IN),Transaction status (non 3DS & Refunds),Standard,Tier 3,Email (Internal),NORAM,UK,2,0,2
PAYMENTS (IN),Transaction status (non 3DS & Refunds),Standard,Tier 3,Email (Internal),Northern Europe,EEA,13,0,13
PAYMENTS (IN),Transaction status (non 3DS & Refunds),Standard,Tier 3,Email (Internal),Singapore/ANZ,APAC,3,0,3
PAYMENTS (IN),Transaction status (non 3DS & Refunds),Standard,Tier 3,Email (Internal),Southern Europe,EEA,4,0,4
PAYMENTS (IN),Transaction status (non 3DS & Refunds),Standard,Tier 3,Email (Internal),UAE,MENA,26,0,26
PAYMENTS (IN),Transaction status (non 3DS & Refunds),Standard,Tier 3,Email (Internal),UAE,Mauritius,1,0,1
PAYMENTS (IN),Transaction status (non 3DS & Refunds),Standard,Tier 3,Email (Internal),UK,EEA,1,0,1
PAYMENTS (IN),Transaction status (non 3DS & Refunds),Standard,Tier 3,Email (Internal),UK,Israel,1,0,1
PAYMENTS (IN),Transaction status (non 3DS & Refunds),Standard,Tier 3,Email (Internal),UK,Mauritius,1,0,1
PAYMENTS (IN),Transaction status (non 3DS & Refunds),Standard,Tier 3,Email (Internal),UK,UK,2,0,2
PAYMENTS (IN),Transaction status (non 3DS & Refunds),Standard,Tier 3,Email (Internal),Unknown,EEA,9,0,9
PAYMENTS (IN),Transaction status (non 3DS & Refunds),Standard,Tier 3,Email (Internal),Unknown,UK,2,0,2
PAYMENTS (IN),Transaction status (non 3DS & Refunds),Standard,Tier 3,Email (Internal),WW,EEA,1,0,1
PAYMENTS (IN),Transaction status (non 3DS & Refunds),Standard,Tier 3,Email (Merchant),Central Europe,EEA,6,0,6
PAYMENTS (IN),Transaction status (non 3DS & Refunds),Standard,Tier 3,Email (Merchant),Crypto,APAC,1,0,1
PAYMENTS (IN),Transaction status (non 3DS & Refunds),Standard,Tier 3,Email (Merchant),Crypto,Crypto,18,0,18
PAYMENTS (IN),Transaction status (non 3DS & Refunds),Standard,Tier 3,Email (Merchant),EU,EEA,17,0,17
PAYMENTS (IN),Transaction status (non 3DS & Refunds),Standard,Tier 3,Email (Merchant),GCR,APAC,4,0,4
PAYMENTS (IN),Transaction status (non 3DS & Refunds),Standard,Tier 3,Email (Merchant),Issuing,EEA,2,0,2
PAYMENTS (IN),Transaction status (non 3DS & Refunds),Standard,Tier 3,Email (Merchant),KSA,EEA,2,0,2
PAYMENTS (IN),Transaction status (non 3DS & Refunds),Standard,Tier 3,Email (Merchant),NORAM,Israel,6,0,6
PAYMENTS (IN),Transaction status (non 3DS & Refunds),Standard,Tier 3,Email (Merchant),NORAM,MENA,1,0,1
PAYMENTS (IN),Transaction status (non 3DS & Refunds),Standard,Tier 3,Email (Merchant),NORAM,NORAM,1,0,1
PAYMENTS (IN),Transaction status (non 3DS & Refunds),Standard,Tier 3,Email (Merchant),Northern Europe,EEA,3,0,3
PAYMENTS (IN),Transaction status (non 3DS & Refunds),Standard,Tier 3,Email (Merchant),Singapore/ANZ,APAC,1,0,1
PAYMENTS (IN),Transaction status (non 3DS & Refunds),Standard,Tier 3,Email (Merchant),Singapore/ANZ,NORAM,1,0,1
PAYMENTS (IN),Transaction status (non 3DS & Refunds),Standard,Tier 3,Email (Merchant),Southern Europe,EEA,2,0,2
PAYMENTS (IN),Transaction status (non 3DS & Refunds),Standard,Tier 3,Email (Merchant),UAE,MENA,135,0,135
PAYMENTS (IN),Transaction status (non 3DS & Refunds),Standard,Tier 3,Email (Merchant),UAE,Mauritius,3,0,3
PAYMENTS (IN),Transaction status (non 3DS & Refunds),Standard,Tier 3,Email (Merchant),UK,Israel,1,0,1
PAYMENTS (IN),Transaction status (non 3DS & Refunds),Standard,Tier 3,Email (Merchant),UK,Mauritius,1,0,1
PAYMENTS (IN),Transaction status (non 3DS & Refunds),Standard,Tier 3,Email (Merchant),UK,NORAM,5,0,5
PAYMENTS (IN),Transaction status (non 3DS & Refunds),Standard,Tier 3,Email (Merchant),UK,UK,38,0,38
PAYMENTS (IN),Transaction status (non 3DS & Refunds),Standard,Tier 3,Email (Merchant),Unknown,Crypto,7,0,7
PAYMENTS (IN),Transaction status (non 3DS & Refunds),Standard,Tier 3,Email (Merchant),Unknown,EEA,21,0,21
PAYMENTS (IN),Transaction status (non 3DS & Refunds),Standard,Tier 3,Email (Merchant),Unknown,MENA,1,0,1
PAYMENTS (IN),Transaction status (non 3DS & Refunds),Standard,Tier 3,Email (Merchant),Unknown,UK,12,0,12
PAYMENTS (IN),Transaction status (non 3DS & Refunds),Standard,Tier 3,Email (Merchant),WW,APAC,3,0,3
PAYMENTS (IN),Transaction status (non 3DS & Refunds),Standard,Tier 3,Email (Merchant),WW,EEA,7,0,7
PAYMENTS (IN),Transaction status (non 3DS & Refunds),Standard,Tier 3,Email (Merchant),WW,MENA,7,0,7
PAYMENTS (IN),Transaction status (non 3DS & Refunds),Standard,Tier 3,Email (Merchant),WW,Mauritius,1,0,1
PAYMENTS (IN),Transaction status (non 3DS & Refunds),Standard,Tier 3,Email (Merchant),WW,WW,1,0,1
PAYMENTS (IN),Transaction status (non 3DS & Refunds),Standard,Tier 3,Fin (Dashboard),Central Europe,EEA,0,5,5
PAYMENTS (IN),Transaction status (non 3DS & Refunds),Standard,Tier 3,Fin (Dashboard),Crypto,Crypto,0,2,2
PAYMENTS (IN),Transaction status (non 3DS & Refunds),Standard,Tier 3,Fin (Dashboard),GCR,APAC,1,1,2
PAYMENTS (IN),Transaction status (non 3DS & Refunds),Standard,Tier 3,Fin (Dashboard),NORAM,Crypto,1,0,1
PAYMENTS (IN),Transaction status (non 3DS & Refunds),Standard,Tier 3,Fin (Dashboard),NORAM,EEA,0,1,1
PAYMENTS (IN),Transaction status (non 3DS & Refunds),Standard,Tier 3,Fin (Dashboard),NORAM,MENA,0,1,1
PAYMENTS (IN),Transaction status (non 3DS & Refunds),Standard,Tier 3,Fin (Dashboard),NORAM,NORAM,1,2,3
PAYMENTS (IN),Transaction status (non 3DS & Refunds),Standard,Tier 3,Fin (Dashboard),Northern Europe,EEA,1,3,4
PAYMENTS (IN),Transaction status (non 3DS & Refunds),Standard,Tier 3,Fin (Dashboard),Singapore/ANZ,NORAM,1,3,4
PAYMENTS (IN),Transaction status (non 3DS & Refunds),Standard,Tier 3,Fin (Dashboard),Southern Europe,EEA,2,0,2
PAYMENTS (IN),Transaction status (non 3DS & Refunds),Standard,Tier 3,Fin (Dashboard),UAE,APAC,1,0,1
PAYMENTS (IN),Transaction status (non 3DS & Refunds),Standard,Tier 3,Fin (Dashboard),UAE,MENA,2,20,22
PAYMENTS (IN),Transaction status (non 3DS & Refunds),Standard,Tier 3,Fin (Dashboard),UAE,Mauritius,0,1,1
PAYMENTS (IN),Transaction status (non 3DS & Refunds),Standard,Tier 3,Fin (Dashboard),UK,UK,2,6,8
PAYMENTS (IN),Transaction status (non 3DS & Refunds),Standard,Tier 3,Fin (Dashboard),Unknown,Crypto,1,0,1
PAYMENTS (IN),Transaction status (non 3DS & Refunds),Standard,Tier 3,Fin (Dashboard),Unknown,UK,1,0,1
PAYMENTS (IN),Transaction status (non 3DS & Refunds),Standard,Tier 3,Fin (Dashboard),WW,MENA,0,2,2
PAYMENTS (IN),Transaction status (non 3DS & Refunds),Standard,Tier 3,Other,Central Europe,EEA,3,0,3
PAYMENTS (IN),Transaction status (non 3DS & Refunds),Standard,Tier 3,Other,GCR,APAC,1,0,1
PAYMENTS (IN),Transaction status (non 3DS & Refunds),Standard,Tier 3,Other,NORAM,MENA,1,0,1
PAYMENTS (IN),Transaction status (non 3DS & Refunds),Standard,Tier 3,Other,NORAM,NORAM,2,0,2
PAYMENTS (IN),Transaction status (non 3DS & Refunds),Standard,Tier 3,Other,Northern Europe,EEA,1,0,1
PAYMENTS (IN),Transaction status (non 3DS & Refunds),Standard,Tier 3,Other,Southern Europe,EEA,1,0,1
PAYMENTS (IN),Transaction status (non 3DS & Refunds),Standard,Tier 3,Other,UAE,MENA,4,0,4
PAYMENTS (IN),Transaction status (non 3DS & Refunds),Standard,Tier 3,Other,UK,UK,4,0,4
PAYMENTS (IN),Transaction status (non 3DS & Refunds),Standard,Tier 3,Other,Ubble,EEA,1,0,1
PAYMENTS (IN),Transaction status (non 3DS & Refunds),Standard,Tier 3,Other,Unknown,Crypto,1,0,1
PAYMENTS (IN),Transaction status (non 3DS & Refunds),Standard,Tier 3,Other,Unknown,UK,1,0,1
PAYMENTS (IN),Transaction status (non 3DS & Refunds),Standard,Tier 3,Other,WW,EEA,8,0,8
PAYMENTS (IN),Transaction status (non 3DS & Refunds),Standard,Tier 3,Other,WW,MENA,1,0,1
PAYMENTS (IN),Transaction status (non 3DS & Refunds),Standard,Tier 3,Webform & API,Central Europe,EEA,14,0,14
PAYMENTS (IN),Transaction status (non 3DS & Refunds),Standard,Tier 3,Webform & API,Central Europe,Mauritius,4,0,4
PAYMENTS (IN),Transaction status (non 3DS & Refunds),Standard,Tier 3,Webform & API,Crypto,Crypto,49,0,49
PAYMENTS (IN),Transaction status (non 3DS & Refunds),Standard,Tier 3,Webform & API,EU,EEA,2,0,2
PAYMENTS (IN),Transaction status (non 3DS & Refunds),Standard,Tier 3,Webform & API,GCR,APAC,2,0,2
PAYMENTS (IN),Transaction status (non 3DS & Refunds),Standard,Tier 3,Webform & API,Issuing,EEA,6,0,6
PAYMENTS (IN),Transaction status (non 3DS & Refunds),Standard,Tier 3,Webform & API,KSA,MENA,1,0,1
PAYMENTS (IN),Transaction status (non 3DS & Refunds),Standard,Tier 3,Webform & API,NORAM,EEA,3,0,3
PAYMENTS (IN),Transaction status (non 3DS & Refunds),Standard,Tier 3,Webform & API,NORAM,NORAM,74,0,74
PAYMENTS (IN),Transaction status (non 3DS & Refunds),Standard,Tier 3,Webform & API,NORAM,UK,2,0,2
PAYMENTS (IN),Transaction status (non 3DS & Refunds),Standard,Tier 3,Webform & API,Northern Europe,EEA,15,0,15
PAYMENTS (IN),Transaction status (non 3DS & Refunds),Standard,Tier 3,Webform & API,Singapore/ANZ,APAC,5,0,5
PAYMENTS (IN),Transaction status (non 3DS & Refunds),Standard,Tier 3,Webform & API,Singapore/ANZ,NORAM,8,0,8
PAYMENTS (IN),Transaction status (non 3DS & Refunds),Standard,Tier 3,Webform & API,Southern Europe,EEA,15,0,15
PAYMENTS (IN),Transaction status (non 3DS & Refunds),Standard,Tier 3,Webform & API,Southern Europe,Mauritius,1,0,1
PAYMENTS (IN),Transaction status (non 3DS & Refunds),Standard,Tier 3,Webform & API,UAE,MENA,87,0,87
PAYMENTS (IN),Transaction status (non 3DS & Refunds),Standard,Tier 3,Webform & API,UAE,Mauritius,6,0,6
PAYMENTS (IN),Transaction status (non 3DS & Refunds),Standard,Tier 3,Webform & API,UAE,UK,1,0,1
PAYMENTS (IN),Transaction status (non 3DS & Refunds),Standard,Tier 3,Webform & API,UAE,Unknown,3,0,3
PAYMENTS (IN),Transaction status (non 3DS & Refunds),Standard,Tier 3,Webform & API,UK,Crypto,4,0,4
PAYMENTS (IN),Transaction status (non 3DS & Refunds),Standard,Tier 3,Webform & API,UK,EEA,2,0,2
PAYMENTS (IN),Transaction status (non 3DS & Refunds),Standard,Tier 3,Webform & API,UK,Mauritius,2,0,2
PAYMENTS (IN),Transaction status (non 3DS & Refunds),Standard,Tier 3,Webform & API,UK,NORAM,6,0,6
PAYMENTS (IN),Transaction status (non 3DS & Refunds),Standard,Tier 3,Webform & API,UK,UK,138,0,138
PAYMENTS (IN),Transaction status (non 3DS & Refunds),Standard,Tier 3,Webform & API,Ubble,EEA,1,0,1
PAYMENTS (IN),Transaction status (non 3DS & Refunds),Standard,Tier 3,Webform & API,Unknown,Crypto,25,0,25
PAYMENTS (IN),Transaction status (non 3DS & Refunds),Standard,Tier 3,Webform & API,Unknown,EEA,9,0,9
PAYMENTS (IN),Transaction status (non 3DS & Refunds),Standard,Tier 3,Webform & API,Unknown,NORAM,1,0,1
PAYMENTS (IN),Transaction status (non 3DS & Refunds),Standard,Tier 3,Webform & API,Unknown,Unknown,2,0,2
PAYMENTS (IN),Transaction status (non 3DS & Refunds),Standard,Tier 3,Webform & API,WW,EEA,7,0,7
PAYMENTS (IN),Transaction status (non 3DS & Refunds),Standard,Tier 3,Webform & API,WW,MENA,3,0,3
PAYMENTS (IN),Transaction status (non 3DS & Refunds),Standard,Tier 3,Webform & API,WW,Mauritius,2,0,2
PAYMENTS (IN),Transaction status (non 3DS & Refunds),Standard,Tier 3,Webform & API,WW,NORAM,1,0,1
PAYMENTS (IN),Transaction status (non 3DS & Refunds),Standard,Tier 3,Webform & API,WW,WW,1,0,1
PAYMENTS (IN),Transaction status (non 3DS & Refunds),Standard,Tier 4,Email (Internal),Central Europe,EEA,1,0,1
PAYMENTS (IN),Transaction status (non 3DS & Refunds),Standard,Tier 4,Email (Internal),Central Europe,Mauritius,1,0,1
PAYMENTS (IN),Transaction status (non 3DS & Refunds),Standard,Tier 4,Email (Internal),Crypto,Crypto,1,0,1
PAYMENTS (IN),Transaction status (non 3DS & Refunds),Standard,Tier 4,Email (Internal),Mauritius,Mauritius,2,0,2
PAYMENTS (IN),Transaction status (non 3DS & Refunds),Standard,Tier 4,Email (Internal),NORAM,Mauritius,3,0,3
PAYMENTS (IN),Transaction status (non 3DS & Refunds),Standard,Tier 4,Email (Internal),Singapore/ANZ,APAC,1,0,1
PAYMENTS (IN),Transaction status (non 3DS & Refunds),Standard,Tier 4,Email (Internal),UAE,MENA,10,0,10
PAYMENTS (IN),Transaction status (non 3DS & Refunds),Standard,Tier 4,Email (Internal),UAE,Mauritius,1,0,1
PAYMENTS (IN),Transaction status (non 3DS & Refunds),Standard,Tier 4,Email (Internal),UK,Mauritius,4,0,4
PAYMENTS (IN),Transaction status (non 3DS & Refunds),Standard,Tier 4,Email (Internal),UK,UK,2,0,2
PAYMENTS (IN),Transaction status (non 3DS & Refunds),Standard,Tier 4,Email (Internal),Unknown,MENA,1,0,1
PAYMENTS (IN),Transaction status (non 3DS & Refunds),Standard,Tier 4,Email (Internal),Unknown,Mauritius,1,0,1
PAYMENTS (IN),Transaction status (non 3DS & Refunds),Standard,Tier 4,Email (Internal),Unknown,UK,1,0,1
PAYMENTS (IN),Transaction status (non 3DS & Refunds),Standard,Tier 4,Email (Internal),Unknown,Unknown,1,0,1
PAYMENTS (IN),Transaction status (non 3DS & Refunds),Standard,Tier 4,Email (Internal),WW,WW,1,0,1
PAYMENTS (IN),Transaction status (non 3DS & Refunds),Standard,Tier 4,Email (Merchant),Central Europe,EEA,1,0,1
PAYMENTS (IN),Transaction status (non 3DS & Refunds),Standard,Tier 4,Email (Merchant),Central Europe,Mauritius,1,0,1
PAYMENTS (IN),Transaction status (non 3DS & Refunds),Standard,Tier 4,Email (Merchant),Crypto,Crypto,11,0,11
PAYMENTS (IN),Transaction status (non 3DS & Refunds),Standard,Tier 4,Email (Merchant),EU,UK,2,0,2
PAYMENTS (IN),Transaction status (non 3DS & Refunds),Standard,Tier 4,Email (Merchant),GCR,APAC,10,0,10
PAYMENTS (IN),Transaction status (non 3DS & Refunds),Standard,Tier 4,Email (Merchant),Mauritius,Mauritius,19,0,19
PAYMENTS (IN),Transaction status (non 3DS & Refunds),Standard,Tier 4,Email (Merchant),Mauritius,NORAM,1,0,1
PAYMENTS (IN),Transaction status (non 3DS & Refunds),Standard,Tier 4,Email (Merchant),NORAM,Mauritius,5,0,5
PAYMENTS (IN),Transaction status (non 3DS & Refunds),Standard,Tier 4,Email (Merchant),NORAM,NORAM,7,0,7
PAYMENTS (IN),Transaction status (non 3DS & Refunds),Standard,Tier 4,Email (Merchant),NORAM,UK,2,0,2
PAYMENTS (IN),Transaction status (non 3DS & Refunds),Standard,Tier 4,Email (Merchant),Northern Europe,Mauritius,5,0,5
PAYMENTS (IN),Transaction status (non 3DS & Refunds),Standard,Tier 4,Email (Merchant),Singapore/ANZ,APAC,1,0,1
PAYMENTS (IN),Transaction status (non 3DS & Refunds),Standard,Tier 4,Email (Merchant),UAE,MENA,63,0,63
PAYMENTS (IN),Transaction status (non 3DS & Refunds),Standard,Tier 4,Email (Merchant),UAE,WW,2,0,2
PAYMENTS (IN),Transaction status (non 3DS & Refunds),Standard,Tier 4,Email (Merchant),UK,Crypto,1,0,1
PAYMENTS (IN),Transaction status (non 3DS & Refunds),Standard,Tier 4,Email (Merchant),UK,Mauritius,15,0,15
PAYMENTS (IN),Transaction status (non 3DS & Refunds),Standard,Tier 4,Email (Merchant),UK,UK,9,0,9
PAYMENTS (IN),Transaction status (non 3DS & Refunds),Standard,Tier 4,Email (Merchant),Unknown,APAC,3,0,3
PAYMENTS (IN),Transaction status (non 3DS & Refunds),Standard,Tier 4,Email (Merchant),Unknown,Crypto,1,0,1
PAYMENTS (IN),Transaction status (non 3DS & Refunds),Standard,Tier 4,Email (Merchant),Unknown,EEA,2,0,2
PAYMENTS (IN),Transaction status (non 3DS & Refunds),Standard,Tier 4,Email (Merchant),Unknown,MENA,5,0,5
PAYMENTS (IN),Transaction status (non 3DS & Refunds),Standard,Tier 4,Email (Merchant),Unknown,Mauritius,2,0,2
PAYMENTS (IN),Transaction status (non 3DS & Refunds),Standard,Tier 4,Email (Merchant),Unknown,NORAM,3,0,3
PAYMENTS (IN),Transaction status (non 3DS & Refunds),Standard,Tier 4,Email (Merchant),Unknown,UK,3,0,3
PAYMENTS (IN),Transaction status (non 3DS & Refunds),Standard,Tier 4,Email (Merchant),WW,EEA,6,0,6
PAYMENTS (IN),Transaction status (non 3DS & Refunds),Standard,Tier 4,Email (Merchant),WW,Mauritius,2,0,2
PAYMENTS (IN),Transaction status (non 3DS & Refunds),Standard,Tier 4,Email (Merchant),WW,UK,1,0,1
PAYMENTS (IN),Transaction status (non 3DS & Refunds),Standard,Tier 4,Email (Merchant),WW,WW,3,0,3
PAYMENTS (IN),Transaction status (non 3DS & Refunds),Standard,Tier 4,Fin (Dashboard),Central Europe,EEA,1,0,1
PAYMENTS (IN),Transaction status (non 3DS & Refunds),Standard,Tier 4,Fin (Dashboard),Central Europe,Mauritius,1,1,2
PAYMENTS (IN),Transaction status (non 3DS & Refunds),Standard,Tier 4,Fin (Dashboard),Crypto,Crypto,0,3,3
PAYMENTS (IN),Transaction status (non 3DS & Refunds),Standard,Tier 4,Fin (Dashboard),EU,Mauritius,0,2,2
PAYMENTS (IN),Transaction status (non 3DS & Refunds),Standard,Tier 4,Fin (Dashboard),Issuing,UK,0,2,2
PAYMENTS (IN),Transaction status (non 3DS & Refunds),Standard,Tier 4,Fin (Dashboard),Mauritius,Mauritius,2,6,8
PAYMENTS (IN),Transaction status (non 3DS & Refunds),Standard,Tier 4,Fin (Dashboard),NORAM,NORAM,2,4,6
PAYMENTS (IN),Transaction status (non 3DS & Refunds),Standard,Tier 4,Fin (Dashboard),NORAM,UK,0,2,2
PAYMENTS (IN),Transaction status (non 3DS & Refunds),Standard,Tier 4,Fin (Dashboard),Northern Europe,Mauritius,0,1,1
PAYMENTS (IN),Transaction status (non 3DS & Refunds),Standard,Tier 4,Fin (Dashboard),Singapore/ANZ,APAC,0,1,1
PAYMENTS (IN),Transaction status (non 3DS & Refunds),Standard,Tier 4,Fin (Dashboard),UAE,MENA,5,18,23
PAYMENTS (IN),Transaction status (non 3DS & Refunds),Standard,Tier 4,Fin (Dashboard),UAE,Mauritius,0,4,4
PAYMENTS (IN),Transaction status (non 3DS & Refunds),Standard,Tier 4,Fin (Dashboard),UAE,WW,0,1,1
PAYMENTS (IN),Transaction status (non 3DS & Refunds),Standard,Tier 4,Fin (Dashboard),UK,Mauritius,0,5,5
PAYMENTS (IN),Transaction status (non 3DS & Refunds),Standard,Tier 4,Fin (Dashboard),UK,UK,2,5,7
PAYMENTS (IN),Transaction status (non 3DS & Refunds),Standard,Tier 4,Fin (Dashboard),Unknown,APAC,0,3,3
PAYMENTS (IN),Transaction status (non 3DS & Refunds),Standard,Tier 4,Fin (Dashboard),Unknown,Crypto,0,1,1
PAYMENTS (IN),Transaction status (non 3DS & Refunds),Standard,Tier 4,Fin (Dashboard),Unknown,EEA,1,2,3
PAYMENTS (IN),Transaction status (non 3DS & Refunds),Standard,Tier 4,Fin (Dashboard),Unknown,MENA,0,1,1
PAYMENTS (IN),Transaction status (non 3DS & Refunds),Standard,Tier 4,Fin (Dashboard),Unknown,Mauritius,0,3,3
PAYMENTS (IN),Transaction status (non 3DS & Refunds),Standard,Tier 4,Fin (Dashboard),Unknown,NORAM,1,2,3
PAYMENTS (IN),Transaction status (non 3DS & Refunds),Standard,Tier 4,Fin (Dashboard),Unknown,UK,0,2,2
PAYMENTS (IN),Transaction status (non 3DS & Refunds),Standard,Tier 4,Fin (Dashboard),Unknown,Unknown,0,7,7
PAYMENTS (IN),Transaction status (non 3DS & Refunds),Standard,Tier 4,Fin (Dashboard),WW,WW,0,1,1
PAYMENTS (IN),Transaction status (non 3DS & Refunds),Standard,Tier 4,Other,Central Europe,Mauritius,4,0,4
PAYMENTS (IN),Transaction status (non 3DS & Refunds),Standard,Tier 4,Other,Crypto,Crypto,6,0,6
PAYMENTS (IN),Transaction status (non 3DS & Refunds),Standard,Tier 4,Other,GCR,APAC,2,0,2
PAYMENTS (IN),Transaction status (non 3DS & Refunds),Standard,Tier 4,Other,Issuing,UK,1,0,1
PAYMENTS (IN),Transaction status (non 3DS & Refunds),Standard,Tier 4,Other,Mauritius,Mauritius,11,0,11
PAYMENTS (IN),Transaction status (non 3DS & Refunds),Standard,Tier 4,Other,NORAM,Mauritius,1,0,1
PAYMENTS (IN),Transaction status (non 3DS & Refunds),Standard,Tier 4,Other,NORAM,NORAM,4,0,4
PAYMENTS (IN),Transaction status (non 3DS & Refunds),Standard,Tier 4,Other,NORAM,UK,1,0,1
PAYMENTS (IN),Transaction status (non 3DS & Refunds),Standard,Tier 4,Other,Northern Europe,Mauritius,15,0,15
PAYMENTS (IN),Transaction status (non 3DS & Refunds),Standard,Tier 4,Other,Southern Europe,EEA,1,0,1
PAYMENTS (IN),Transaction status (non 3DS & Refunds),Standard,Tier 4,Other,UAE,MENA,12,0,12
PAYMENTS (IN),Transaction status (non 3DS & Refunds),Standard,Tier 4,Other,UAE,Mauritius,3,0,3
PAYMENTS (IN),Transaction status (non 3DS & Refunds),Standard,Tier 4,Other,UK,Mauritius,9,0,9
PAYMENTS (IN),Transaction status (non 3DS & Refunds),Standard,Tier 4,Other,UK,UK,1,0,1
PAYMENTS (IN),Transaction status (non 3DS & Refunds),Standard,Tier 4,Other,Unknown,APAC,1,0,1
PAYMENTS (IN),Transaction status (non 3DS & Refunds),Standard,Tier 4,Other,Unknown,MENA,3,0,3
PAYMENTS (IN),Transaction status (non 3DS & Refunds),Standard,Tier 4,Other,Unknown,NORAM,1,0,1
PAYMENTS (IN),Transaction status (non 3DS & Refunds),Standard,Tier 4,Other,Unknown,WW,1,0,1
PAYMENTS (IN),Transaction status (non 3DS & Refunds),Standard,Tier 4,Other,WW,EEA,1,0,1
PAYMENTS (IN),Transaction status (non 3DS & Refunds),Standard,Tier 4,Other,WW,WW,2,0,2
PAYMENTS (IN),Transaction status (non 3DS & Refunds),Standard,Tier 4,Webform & API,Central Europe,EEA,12,0,12
PAYMENTS (IN),Transaction status (non 3DS & Refunds),Standard,Tier 4,Webform & API,Central Europe,Mauritius,2,0,2
PAYMENTS (IN),Transaction status (non 3DS & Refunds),Standard,Tier 4,Webform & API,Crypto,APAC,2,0,2
PAYMENTS (IN),Transaction status (non 3DS & Refunds),Standard,Tier 4,Webform & API,Crypto,Crypto,8,0,8
PAYMENTS (IN),Transaction status (non 3DS & Refunds),Standard,Tier 4,Webform & API,EU,EEA,1,0,1
PAYMENTS (IN),Transaction status (non 3DS & Refunds),Standard,Tier 4,Webform & API,EU,Mauritius,8,0,8
PAYMENTS (IN),Transaction status (non 3DS & Refunds),Standard,Tier 4,Webform & API,EU,UK,1,0,1
PAYMENTS (IN),Transaction status (non 3DS & Refunds),Standard,Tier 4,Webform & API,GCR,APAC,12,0,12
PAYMENTS (IN),Transaction status (non 3DS & Refunds),Standard,Tier 4,Webform & API,Issuing,UK,3,0,3
PAYMENTS (IN),Transaction status (non 3DS & Refunds),Standard,Tier 4,Webform & API,KSA,EEA,7,0,7
PAYMENTS (IN),Transaction status (non 3DS & Refunds),Standard,Tier 4,Webform & API,KSA,MENA,2,0,2
PAYMENTS (IN),Transaction status (non 3DS & Refunds),Standard,Tier 4,Webform & API,Mauritius,Mauritius,15,0,15
PAYMENTS (IN),Transaction status (non 3DS & Refunds),Standard,Tier 4,Webform & API,NORAM,Mauritius,9,0,9
PAYMENTS (IN),Transaction status (non 3DS & Refunds),Standard,Tier 4,Webform & API,NORAM,NORAM,25,0,25
PAYMENTS (IN),Transaction status (non 3DS & Refunds),Standard,Tier 4,Webform & API,NORAM,UK,6,0,6
PAYMENTS (IN),Transaction status (non 3DS & Refunds),Standard,Tier 4,Webform & API,Northern Europe,Mauritius,9,0,9
PAYMENTS (IN),Transaction status (non 3DS & Refunds),Standard,Tier 4,Webform & API,Singapore/ANZ,APAC,1,0,1
PAYMENTS (IN),Transaction status (non 3DS & Refunds),Standard,Tier 4,Webform & API,Singapore/ANZ,NORAM,5,0,5
PAYMENTS (IN),Transaction status (non 3DS & Refunds),Standard,Tier 4,Webform & API,Southern Europe,EEA,7,0,7
PAYMENTS (IN),Transaction status (non 3DS & Refunds),Standard,Tier 4,Webform & API,UAE,MENA,97,0,97
PAYMENTS (IN),Transaction status (non 3DS & Refunds),Standard,Tier 4,Webform & API,UAE,Mauritius,8,0,8
PAYMENTS (IN),Transaction status (non 3DS & Refunds),Standard,Tier 4,Webform & API,UK,APAC,1,0,1
PAYMENTS (IN),Transaction status (non 3DS & Refunds),Standard,Tier 4,Webform & API,UK,Mauritius,14,0,14
PAYMENTS (IN),Transaction status (non 3DS & Refunds),Standard,Tier 4,Webform & API,UK,UK,39,0,39
PAYMENTS (IN),Transaction status (non 3DS & Refunds),Standard,Tier 4,Webform & API,Unknown,APAC,6,0,6
PAYMENTS (IN),Transaction status (non 3DS & Refunds),Standard,Tier 4,Webform & API,Unknown,Crypto,9,0,9
PAYMENTS (IN),Transaction status (non 3DS & Refunds),Standard,Tier 4,Webform & API,Unknown,EEA,6,0,6
PAYMENTS (IN),Transaction status (non 3DS & Refunds),Standard,Tier 4,Webform & API,Unknown,MENA,23,0,23
PAYMENTS (IN),Transaction status (non 3DS & Refunds),Standard,Tier 4,Webform & API,Unknown,Mauritius,9,0,9
PAYMENTS (IN),Transaction status (non 3DS & Refunds),Standard,Tier 4,Webform & API,Unknown,NORAM,8,0,8
PAYMENTS (IN),Transaction status (non 3DS & Refunds),Standard,Tier 4,Webform & API,Unknown,UK,5,0,5
PAYMENTS (IN),Transaction status (non 3DS & Refunds),Standard,Tier 4,Webform & API,WW,EEA,2,0,2
PAYMENTS (IN),Transaction status (non 3DS & Refunds),Standard,Tier 4,Webform & API,WW,UK,1,0,1
PAYMENTS (IN),Transaction status (non 3DS & Refunds),Standard,Tier 4,Webform & API,WW,WW,14,0,14
PAYMENTS (IN),Transaction status (non 3DS & Refunds),Standard,Unknown,Email (Internal),Northern Europe,EEA,1,0,1
PAYMENTS (IN),Transaction status (non 3DS & Refunds),Standard,Unknown,Email (Merchant),Mauritius,Mauritius,1,0,1
PAYMENTS (IN),Transaction status (non 3DS & Refunds),Standard,Unknown,Webform & API,Crypto,Crypto,4,0,4
PAYMENTS (IN),Transaction status (non 3DS & Refunds),Standard,Unknown,Webform & API,Northern Europe,EEA,1,0,1
PAYMENTS (IN),Transaction status (non 3DS & Refunds),Standard,Unknown,Webform & API,UK,UK,1,0,1
PAYMENTS (IN),Transaction status (non 3DS & Refunds),Standard,Unknown,Webform & API,Unknown,NORAM,1,0,1
PAYMENTS (IN),Transaction status (non 3DS & Refunds),Unmapped,Unknown,Email (Internal),Unknown,Unknown,77,0,77
PAYMENTS (IN),Transaction status (non 3DS & Refunds),Unmapped,Unknown,Email (Merchant),Unknown,Unknown,154,0,154
PAYMENTS (IN),Transaction status (non 3DS & Refunds),Unmapped,Unknown,Fin (Dashboard),Unknown,Unknown,0,20,20
PAYMENTS (IN),Transaction status (non 3DS & Refunds),Unmapped,Unknown,Other,Unknown,Unknown,41,0,41
PAYMENTS (IN),Transaction status (non 3DS & Refunds),Unmapped,Unknown,Webform & API,Unknown,Unknown,63,0,63
PAYOUTS,Bank Payouts,Enterprise,Tier 1,Email (Internal),Southern Europe,EEA,1,0,1
PAYOUTS,Bank Payouts,Enterprise,Tier 1,Email (Internal),UK,APAC,1,0,1
PAYOUTS,Bank Payouts,Enterprise,Tier 1,Email (Internal),UK,UK,1,0,1
PAYOUTS,Bank Payouts,Enterprise,Tier 1,Email (Internal),WW,UK,1,0,1
PAYOUTS,Bank Payouts,Enterprise,Tier 1,Email (Merchant),Crypto,Crypto,25,0,25
PAYOUTS,Bank Payouts,Enterprise,Tier 1,Email (Merchant),Crypto,EEA,22,0,22
PAYOUTS,Bank Payouts,Enterprise,Tier 1,Email (Merchant),GCR,APAC,1,0,1
PAYOUTS,Bank Payouts,Enterprise,Tier 1,Email (Merchant),UAE,MENA,1,0,1
PAYOUTS,Bank Payouts,Enterprise,Tier 1,Email (Merchant),UK,Crypto,14,0,14
PAYOUTS,Bank Payouts,Enterprise,Tier 1,Email (Merchant),UK,UK,139,0,139
PAYOUTS,Bank Payouts,Enterprise,Tier 1,Email (Merchant),Unknown,Crypto,3,0,3
PAYOUTS,Bank Payouts,Enterprise,Tier 1,Email (Merchant),WW,UK,4,0,4
PAYOUTS,Bank Payouts,Enterprise,Tier 1,Fin (Dashboard),Crypto,Crypto,1,3,4
PAYOUTS,Bank Payouts,Enterprise,Tier 1,Other,Crypto,EEA,1,0,1
PAYOUTS,Bank Payouts,Enterprise,Tier 1,Other,UAE,MENA,2,0,2
PAYOUTS,Bank Payouts,Enterprise,Tier 1,Other,UK,UK,5,0,5
PAYOUTS,Bank Payouts,Enterprise,Tier 1,Webform & API,Crypto,Crypto,16,0,16
PAYOUTS,Bank Payouts,Enterprise,Tier 1,Webform & API,NORAM,Crypto,4,0,4
PAYOUTS,Bank Payouts,Enterprise,Tier 1,Webform & API,UAE,MENA,9,0,9
PAYOUTS,Bank Payouts,Enterprise,Tier 1,Webform & API,UK,Crypto,11,0,11
PAYOUTS,Bank Payouts,Enterprise,Tier 1,Webform & API,UK,UK,25,0,25
PAYOUTS,Bank Payouts,Enterprise,Tier 1,Webform & API,Unknown,Crypto,1,0,1
PAYOUTS,Bank Payouts,Enterprise,Tier 2,Email (Internal),Northern Europe,EEA,1,0,1
PAYOUTS,Bank Payouts,Enterprise,Tier 2,Email (Internal),UK,UK,1,0,1
PAYOUTS,Bank Payouts,Enterprise,Tier 2,Email (Merchant),Crypto,Crypto,2,0,2
PAYOUTS,Bank Payouts,Enterprise,Tier 2,Email (Merchant),NORAM,UK,11,0,11
PAYOUTS,Bank Payouts,Enterprise,Tier 2,Email (Merchant),Singapore/ANZ,APAC,1,0,1
PAYOUTS,Bank Payouts,Enterprise,Tier 2,Email (Merchant),UK,UK,54,0,54
PAYOUTS,Bank Payouts,Enterprise,Tier 2,Fin (Dashboard),Northern Europe,EEA,1,0,1
PAYOUTS,Bank Payouts,Enterprise,Tier 2,Fin (Dashboard),Singapore/ANZ,APAC,1,0,1
PAYOUTS,Bank Payouts,Enterprise,Tier 2,Other,UK,UK,2,0,2
PAYOUTS,Bank Payouts,Enterprise,Tier 2,Webform & API,Crypto,Crypto,10,0,10
PAYOUTS,Bank Payouts,Enterprise,Tier 2,Webform & API,NORAM,NORAM,3,0,3
PAYOUTS,Bank Payouts,Enterprise,Tier 2,Webform & API,NORAM,UK,3,0,3
PAYOUTS,Bank Payouts,Enterprise,Tier 2,Webform & API,Northern Europe,EEA,1,0,1
PAYOUTS,Bank Payouts,Enterprise,Tier 2,Webform & API,UAE,MENA,3,0,3
PAYOUTS,Bank Payouts,Enterprise,Tier 2,Webform & API,UK,UK,4,0,4
PAYOUTS,Bank Payouts,Enterprise,Unknown,Webform & API,Unknown,EEA,1,0,1
PAYOUTS,Bank Payouts,Premium,Tier 1,Email (Internal),Crypto,Crypto,1,0,1
PAYOUTS,Bank Payouts,Premium,Tier 1,Email (Internal),NORAM,NORAM,1,0,1
PAYOUTS,Bank Payouts,Premium,Tier 1,Email (Internal),UK,UK,1,0,1
PAYOUTS,Bank Payouts,Premium,Tier 1,Email (Merchant),Crypto,Crypto,31,0,31
PAYOUTS,Bank Payouts,Premium,Tier 1,Email (Merchant),GCR,APAC,26,0,26
PAYOUTS,Bank Payouts,Premium,Tier 1,Email (Merchant),NORAM,UK,25,0,25
PAYOUTS,Bank Payouts,Premium,Tier 1,Email (Merchant),Singapore/ANZ,NORAM,1,0,1
PAYOUTS,Bank Payouts,Premium,Tier 1,Email (Merchant),UK,UK,39,0,39
PAYOUTS,Bank Payouts,Premium,Tier 1,Email (Merchant),Unknown,Crypto,1,0,1
PAYOUTS,Bank Payouts,Premium,Tier 1,Email (Merchant),WW,UK,133,0,133
PAYOUTS,Bank Payouts,Premium,Tier 1,Fin (Dashboard),NORAM,UK,2,7,9
PAYOUTS,Bank Payouts,Premium,Tier 1,Other,Crypto,Crypto,1,0,1
PAYOUTS,Bank Payouts,Premium,Tier 1,Other,GCR,APAC,2,0,2
PAYOUTS,Bank Payouts,Premium,Tier 1,Other,NORAM,UK,1,0,1
PAYOUTS,Bank Payouts,Premium,Tier 1,Other,UK,UK,2,0,2
PAYOUTS,Bank Payouts,Premium,Tier 1,Other,WW,APAC,2,0,2
PAYOUTS,Bank Payouts,Premium,Tier 1,Other,WW,UK,1,0,1
PAYOUTS,Bank Payouts,Premium,Tier 1,Webform & API,Crypto,Crypto,7,0,7
PAYOUTS,Bank Payouts,Premium,Tier 1,Webform & API,UK,UK,48,0,48
PAYOUTS,Bank Payouts,Premium,Tier 1,Webform & API,Unknown,Crypto,8,0,8
PAYOUTS,Bank Payouts,Standard,Tier 2,Webform & API,Crypto,Crypto,2,0,2
PAYOUTS,Bank Payouts,Standard,Tier 2,Webform & API,Mauritius,NORAM,1,0,1
PAYOUTS,Bank Payouts,Standard,Tier 2,Webform & API,UAE,MENA,1,0,1
PAYOUTS,Bank Payouts,Standard,Tier 2,Webform & API,UK,UK,2,0,2
PAYOUTS,Bank Payouts,Standard,Tier 3,Email (Internal),UK,UK,2,0,2
PAYOUTS,Bank Payouts,Standard,Tier 3,Email (Internal),Unknown,EEA,2,0,2
PAYOUTS,Bank Payouts,Standard,Tier 3,Email (Merchant),Crypto,Crypto,2,0,2
PAYOUTS,Bank Payouts,Standard,Tier 3,Email (Merchant),NORAM,Israel,3,0,3
PAYOUTS,Bank Payouts,Standard,Tier 3,Email (Merchant),NORAM,NORAM,2,0,2
PAYOUTS,Bank Payouts,Standard,Tier 3,Email (Merchant),Singapore/ANZ,NORAM,1,0,1
PAYOUTS,Bank Payouts,Standard,Tier 3,Email (Merchant),Southern Europe,EEA,1,0,1
PAYOUTS,Bank Payouts,Standard,Tier 3,Email (Merchant),UK,UK,55,0,55
PAYOUTS,Bank Payouts,Standard,Tier 3,Email (Merchant),Unknown,Crypto,3,0,3
PAYOUTS,Bank Payouts,Standard,Tier 3,Email (Merchant),Unknown,EEA,128,0,128
PAYOUTS,Bank Payouts,Standard,Tier 3,Email (Merchant),WW,EEA,1,0,1
PAYOUTS,Bank Payouts,Standard,Tier 3,Fin (Dashboard),UK,UK,0,1,1
PAYOUTS,Bank Payouts,Standard,Tier 3,Fin (Dashboard),Unknown,Crypto,0,1,1
PAYOUTS,Bank Payouts,Standard,Tier 3,Fin (Dashboard),Unknown,UK,1,0,1
PAYOUTS,Bank Payouts,Standard,Tier 3,Other,UAE,Mauritius,1,0,1
PAYOUTS,Bank Payouts,Standard,Tier 3,Other,Unknown,EEA,1,0,1
PAYOUTS,Bank Payouts,Standard,Tier 3,Webform & API,Crypto,Crypto,4,0,4
PAYOUTS,Bank Payouts,Standard,Tier 3,Webform & API,NORAM,Israel,1,0,1
PAYOUTS,Bank Payouts,Standard,Tier 3,Webform & API,NORAM,NORAM,15,0,15
PAYOUTS,Bank Payouts,Standard,Tier 3,Webform & API,UAE,UK,5,0,5
PAYOUTS,Bank Payouts,Standard,Tier 3,Webform & API,UK,Crypto,1,0,1
PAYOUTS,Bank Payouts,Standard,Tier 3,Webform & API,UK,Israel,2,0,2
PAYOUTS,Bank Payouts,Standard,Tier 3,Webform & API,UK,UK,99,0,99
PAYOUTS,Bank Payouts,Standard,Tier 3,Webform & API,Unknown,Crypto,17,0,17
PAYOUTS,Bank Payouts,Standard,Tier 3,Webform & API,WW,EEA,1,0,1
PAYOUTS,Bank Payouts,Standard,Tier 4,Email (Internal),Crypto,APAC,1,0,1
PAYOUTS,Bank Payouts,Standard,Tier 4,Email (Internal),Crypto,Crypto,2,0,2
PAYOUTS,Bank Payouts,Standard,Tier 4,Email (Internal),KSA,MENA,1,0,1
PAYOUTS,Bank Payouts,Standard,Tier 4,Email (Internal),UAE,MENA,2,0,2
PAYOUTS,Bank Payouts,Standard,Tier 4,Email (Internal),UK,APAC,1,0,1
PAYOUTS,Bank Payouts,Standard,Tier 4,Email (Internal),UK,Mauritius,1,0,1
PAYOUTS,Bank Payouts,Standard,Tier 4,Email (Internal),Unknown,APAC,1,0,1
PAYOUTS,Bank Payouts,Standard,Tier 4,Email (Internal),WW,EEA,1,0,1
PAYOUTS,Bank Payouts,Standard,Tier 4,Email (Internal),WW,WW,2,0,2
PAYOUTS,Bank Payouts,Standard,Tier 4,Email (Merchant),Crypto,Crypto,1,0,1
PAYOUTS,Bank Payouts,Standard,Tier 4,Email (Merchant),GCR,APAC,3,0,3
PAYOUTS,Bank Payouts,Standard,Tier 4,Email (Merchant),UAE,MENA,1,0,1
PAYOUTS,Bank Payouts,Standard,Tier 4,Email (Merchant),Unknown,APAC,1,0,1
PAYOUTS,Bank Payouts,Standard,Tier 4,Email (Merchant),WW,EEA,3,0,3
PAYOUTS,Bank Payouts,Standard,Tier 4,Fin (Dashboard),WW,EEA,0,1,1
PAYOUTS,Bank Payouts,Standard,Tier 4,Fin (Dashboard),WW,WW,0,1,1
PAYOUTS,Bank Payouts,Standard,Tier 4,Other,GCR,APAC,1,0,1
PAYOUTS,Bank Payouts,Standard,Tier 4,Other,UAE,MENA,3,0,3
PAYOUTS,Bank Payouts,Standard,Tier 4,Other,UK,UK,1,0,1
PAYOUTS,Bank Payouts,Standard,Tier 4,Other,Unknown,APAC,1,0,1
PAYOUTS,Bank Payouts,Standard,Tier 4,Other,Unknown,UK,1,0,1
PAYOUTS,Bank Payouts,Standard,Tier 4,Webform & API,GCR,APAC,1,0,1
PAYOUTS,Bank Payouts,Standard,Tier 4,Webform & API,KSA,EEA,4,0,4
PAYOUTS,Bank Payouts,Standard,Tier 4,Webform & API,Mauritius,Mauritius,5,0,5
PAYOUTS,Bank Payouts,Standard,Tier 4,Webform & API,NORAM,NORAM,3,0,3
PAYOUTS,Bank Payouts,Standard,Tier 4,Webform & API,UAE,MENA,3,0,3
PAYOUTS,Bank Payouts,Standard,Tier 4,Webform & API,UK,UK,1,0,1
PAYOUTS,Bank Payouts,Standard,Tier 4,Webform & API,WW,WW,3,0,3
PAYOUTS,Bank Payouts,Unmapped,Unknown,Email (Internal),Unknown,Unknown,15,0,15
PAYOUTS,Bank Payouts,Unmapped,Unknown,Email (Merchant),Unknown,Unknown,37,0,37
PAYOUTS,Bank Payouts,Unmapped,Unknown,Webform & API,Unknown,Unknown,1,0,1
PAYOUTS,Card Payouts,Enterprise,Tier 1,Email (Internal),Crypto,Crypto,5,0,5
PAYOUTS,Card Payouts,Enterprise,Tier 1,Email (Internal),NORAM,UK,1,0,1
PAYOUTS,Card Payouts,Enterprise,Tier 1,Email (Internal),UK,Crypto,1,0,1
PAYOUTS,Card Payouts,Enterprise,Tier 1,Email (Internal),UK,UK,1,0,1
PAYOUTS,Card Payouts,Enterprise,Tier 1,Email (Internal),Unknown,NORAM,7,0,7
PAYOUTS,Card Payouts,Enterprise,Tier 1,Email (Merchant),Crypto,Crypto,173,0,173
PAYOUTS,Card Payouts,Enterprise,Tier 1,Email (Merchant),Crypto,EEA,89,0,89
PAYOUTS,Card Payouts,Enterprise,Tier 1,Email (Merchant),UAE,MENA,1,0,1
PAYOUTS,Card Payouts,Enterprise,Tier 1,Email (Merchant),UK,Crypto,77,0,77
PAYOUTS,Card Payouts,Enterprise,Tier 1,Email (Merchant),UK,UK,294,0,294
PAYOUTS,Card Payouts,Enterprise,Tier 1,Email (Merchant),Unknown,Crypto,13,0,13
PAYOUTS,Card Payouts,Enterprise,Tier 1,Email (Merchant),Unknown,NORAM,1,0,1
PAYOUTS,Card Payouts,Enterprise,Tier 1,Email (Merchant),Unknown,UK,6,0,6
PAYOUTS,Card Payouts,Enterprise,Tier 1,Email (Merchant),WW,UK,3,0,3
PAYOUTS,Card Payouts,Enterprise,Tier 1,Fin (Dashboard),Crypto,Crypto,2,5,7
PAYOUTS,Card Payouts,Enterprise,Tier 1,Fin (Dashboard),NORAM,Crypto,0,1,1
PAYOUTS,Card Payouts,Enterprise,Tier 1,Fin (Dashboard),UK,Crypto,0,1,1
PAYOUTS,Card Payouts,Enterprise,Tier 1,Fin (Dashboard),WW,UK,1,0,1
PAYOUTS,Card Payouts,Enterprise,Tier 1,Other,Crypto,Crypto,1,0,1
PAYOUTS,Card Payouts,Enterprise,Tier 1,Other,Crypto,EEA,5,0,5
PAYOUTS,Card Payouts,Enterprise,Tier 1,Other,GCR,APAC,1,0,1
PAYOUTS,Card Payouts,Enterprise,Tier 1,Other,UAE,MENA,1,0,1
PAYOUTS,Card Payouts,Enterprise,Tier 1,Other,UK,Crypto,1,0,1
PAYOUTS,Card Payouts,Enterprise,Tier 1,Other,UK,UK,21,0,21
PAYOUTS,Card Payouts,Enterprise,Tier 1,Other,Unknown,NORAM,1,0,1
PAYOUTS,Card Payouts,Enterprise,Tier 1,Webform & API,Crypto,Crypto,124,0,124
PAYOUTS,Card Payouts,Enterprise,Tier 1,Webform & API,NORAM,Crypto,27,0,27
PAYOUTS,Card Payouts,Enterprise,Tier 1,Webform & API,UAE,MENA,13,0,13
PAYOUTS,Card Payouts,Enterprise,Tier 1,Webform & API,UK,Crypto,36,0,36
PAYOUTS,Card Payouts,Enterprise,Tier 1,Webform & API,UK,UK,59,0,59
PAYOUTS,Card Payouts,Enterprise,Tier 1,Webform & API,Unknown,Crypto,1,0,1
PAYOUTS,Card Payouts,Enterprise,Tier 1,Webform & API,Unknown,NORAM,1,0,1
PAYOUTS,Card Payouts,Enterprise,Tier 2,Email (Internal),Crypto,Crypto,1,0,1
PAYOUTS,Card Payouts,Enterprise,Tier 2,Email (Internal),NORAM,UK,2,0,2
PAYOUTS,Card Payouts,Enterprise,Tier 2,Email (Internal),UK,UK,4,0,4
PAYOUTS,Card Payouts,Enterprise,Tier 2,Email (Merchant),Crypto,Crypto,1,0,1
PAYOUTS,Card Payouts,Enterprise,Tier 2,Email (Merchant),EU,EEA,2,0,2
PAYOUTS,Card Payouts,Enterprise,Tier 2,Email (Merchant),GCR,APAC,6,0,6
PAYOUTS,Card Payouts,Enterprise,Tier 2,Email (Merchant),NORAM,Crypto,3,0,3
PAYOUTS,Card Payouts,Enterprise,Tier 2,Email (Merchant),NORAM,EEA,1,0,1
PAYOUTS,Card Payouts,Enterprise,Tier 2,Email (Merchant),NORAM,UK,21,0,21
PAYOUTS,Card Payouts,Enterprise,Tier 2,Email (Merchant),Singapore/ANZ,APAC,1,0,1
PAYOUTS,Card Payouts,Enterprise,Tier 2,Email (Merchant),UAE,MENA,6,0,6
PAYOUTS,Card Payouts,Enterprise,Tier 2,Email (Merchant),UK,UK,139,0,139
PAYOUTS,Card Payouts,Enterprise,Tier 2,Fin (Dashboard),NORAM,NORAM,0,1,1
PAYOUTS,Card Payouts,Enterprise,Tier 2,Fin (Dashboard),NORAM,UK,1,1,2
PAYOUTS,Card Payouts,Enterprise,Tier 2,Fin (Dashboard),UK,UK,0,2,2
PAYOUTS,Card Payouts,Enterprise,Tier 2,Other,Crypto,Crypto,1,0,1
PAYOUTS,Card Payouts,Enterprise,Tier 2,Other,NORAM,UK,2,0,2
PAYOUTS,Card Payouts,Enterprise,Tier 2,Other,UAE,MENA,1,0,1
PAYOUTS,Card Payouts,Enterprise,Tier 2,Other,UK,UK,5,0,5
PAYOUTS,Card Payouts,Enterprise,Tier 2,Webform & API,Crypto,Crypto,26,0,26
PAYOUTS,Card Payouts,Enterprise,Tier 2,Webform & API,NORAM,Crypto,3,0,3
PAYOUTS,Card Payouts,Enterprise,Tier 2,Webform & API,NORAM,NORAM,7,0,7
PAYOUTS,Card Payouts,Enterprise,Tier 2,Webform & API,NORAM,UK,27,0,27
PAYOUTS,Card Payouts,Enterprise,Tier 2,Webform & API,UAE,MENA,12,0,12
PAYOUTS,Card Payouts,Enterprise,Tier 2,Webform & API,UK,UK,5,0,5
PAYOUTS,Card Payouts,Enterprise,Tier 2,Webform & API,WW,EEA,1,0,1
PAYOUTS,Card Payouts,Enterprise,Tier 3,Email (Merchant),WW,Israel,1,0,1
PAYOUTS,Card Payouts,Enterprise,Tier 4,Email (Internal),UK,UK,1,0,1
PAYOUTS,Card Payouts,Enterprise,Unknown,Email (Internal),Unknown,EEA,1,0,1
PAYOUTS,Card Payouts,Enterprise,Unknown,Webform & API,Unknown,EEA,7,0,7
PAYOUTS,Card Payouts,Premium,Tier 1,Email (Internal),Crypto,Crypto,4,0,4
PAYOUTS,Card Payouts,Premium,Tier 1,Email (Internal),GCR,APAC,3,0,3
PAYOUTS,Card Payouts,Premium,Tier 1,Email (Internal),NORAM,NORAM,1,0,1
PAYOUTS,Card Payouts,Premium,Tier 1,Email (Internal),NORAM,UK,13,0,13
PAYOUTS,Card Payouts,Premium,Tier 1,Email (Internal),UK,Crypto,2,0,2
PAYOUTS,Card Payouts,Premium,Tier 1,Email (Internal),UK,UK,6,0,6
PAYOUTS,Card Payouts,Premium,Tier 1,Email (Merchant),Crypto,Crypto,86,0,86
PAYOUTS,Card Payouts,Premium,Tier 1,Email (Merchant),GCR,APAC,269,0,269
PAYOUTS,Card Payouts,Premium,Tier 1,Email (Merchant),NORAM,UK,66,0,66
PAYOUTS,Card Payouts,Premium,Tier 1,Email (Merchant),UK,UK,185,0,185
PAYOUTS,Card Payouts,Premium,Tier 1,Email (Merchant),Unknown,Crypto,1,0,1
PAYOUTS,Card Payouts,Premium,Tier 1,Email (Merchant),WW,APAC,1,0,1
PAYOUTS,Card Payouts,Premium,Tier 1,Email (Merchant),WW,EEA,1,0,1
PAYOUTS,Card Payouts,Premium,Tier 1,Email (Merchant),WW,UK,271,0,271
PAYOUTS,Card Payouts,Premium,Tier 1,Fin (Dashboard),NORAM,UK,1,1,2
PAYOUTS,Card Payouts,Premium,Tier 1,Fin (Dashboard),UK,UK,0,1,1
PAYOUTS,Card Payouts,Premium,Tier 1,Other,Crypto,Crypto,10,0,10
PAYOUTS,Card Payouts,Premium,Tier 1,Other,GCR,APAC,7,0,7
PAYOUTS,Card Payouts,Premium,Tier 1,Other,NORAM,UK,9,0,9
PAYOUTS,Card Payouts,Premium,Tier 1,Other,UK,EEA,1,0,1
PAYOUTS,Card Payouts,Premium,Tier 1,Other,UK,UK,6,0,6
PAYOUTS,Card Payouts,Premium,Tier 1,Webform & API,Crypto,Crypto,30,0,30
PAYOUTS,Card Payouts,Premium,Tier 1,Webform & API,NORAM,UK,1,0,1
PAYOUTS,Card Payouts,Premium,Tier 1,Webform & API,Singapore/ANZ,NORAM,3,0,3
PAYOUTS,Card Payouts,Premium,Tier 1,Webform & API,UK,Crypto,1,0,1
PAYOUTS,Card Payouts,Premium,Tier 1,Webform & API,UK,UK,10,0,10
PAYOUTS,Card Payouts,Premium,Tier 1,Webform & API,Unknown,Crypto,8,0,8
PAYOUTS,Card Payouts,Premium,Tier 1,Webform & API,WW,EEA,2,0,2
PAYOUTS,Card Payouts,Standard,Tier 2,Email (Merchant),Mauritius,NORAM,1,0,1
PAYOUTS,Card Payouts,Standard,Tier 2,Email (Merchant),Singapore/ANZ,APAC,1,0,1
PAYOUTS,Card Payouts,Standard,Tier 2,Email (Merchant),UK,UK,2,0,2
PAYOUTS,Card Payouts,Standard,Tier 2,Webform & API,Crypto,Crypto,16,0,16
PAYOUTS,Card Payouts,Standard,Tier 2,Webform & API,UK,UK,4,0,4
PAYOUTS,Card Payouts,Standard,Tier 3,Email (Internal),Central Europe,EEA,1,0,1
PAYOUTS,Card Payouts,Standard,Tier 3,Email (Internal),Crypto,Crypto,2,0,2
PAYOUTS,Card Payouts,Standard,Tier 3,Email (Internal),NORAM,EEA,1,0,1
PAYOUTS,Card Payouts,Standard,Tier 3,Email (Internal),NORAM,Israel,2,0,2
PAYOUTS,Card Payouts,Standard,Tier 3,Email (Internal),Northern Europe,EEA,2,0,2
PAYOUTS,Card Payouts,Standard,Tier 3,Email (Internal),UAE,MENA,3,0,3
PAYOUTS,Card Payouts,Standard,Tier 3,Email (Internal),UK,UK,10,0,10
PAYOUTS,Card Payouts,Standard,Tier 3,Email (Internal),Unknown,Crypto,1,0,1
PAYOUTS,Card Payouts,Standard,Tier 3,Email (Internal),Unknown,EEA,1,0,1
PAYOUTS,Card Payouts,Standard,Tier 3,Email (Internal),Unknown,UK,2,0,2
PAYOUTS,Card Payouts,Standard,Tier 3,Email (Merchant),Crypto,Crypto,7,0,7
PAYOUTS,Card Payouts,Standard,Tier 3,Email (Merchant),NORAM,Israel,3,0,3
PAYOUTS,Card Payouts,Standard,Tier 3,Email (Merchant),Southern Europe,EEA,13,0,13
PAYOUTS,Card Payouts,Standard,Tier 3,Email (Merchant),UAE,MENA,2,0,2
PAYOUTS,Card Payouts,Standard,Tier 3,Email (Merchant),UAE,Unknown,1,0,1
PAYOUTS,Card Payouts,Standard,Tier 3,Email (Merchant),UK,UK,107,0,107
PAYOUTS,Card Payouts,Standard,Tier 3,Email (Merchant),Unknown,Crypto,12,0,12
PAYOUTS,Card Payouts,Standard,Tier 3,Email (Merchant),Unknown,EEA,42,0,42
PAYOUTS,Card Payouts,Standard,Tier 3,Email (Merchant),WW,EEA,4,0,4
PAYOUTS,Card Payouts,Standard,Tier 3,Fin (Dashboard),NORAM,NORAM,1,0,1
PAYOUTS,Card Payouts,Standard,Tier 3,Fin (Dashboard),UK,UK,1,0,1
PAYOUTS,Card Payouts,Standard,Tier 3,Fin (Dashboard),Unknown,Crypto,1,0,1
PAYOUTS,Card Payouts,Standard,Tier 3,Other,Crypto,Crypto,1,0,1
PAYOUTS,Card Payouts,Standard,Tier 3,Other,UK,UK,1,0,1
PAYOUTS,Card Payouts,Standard,Tier 3,Other,Unknown,EEA,2,0,2
PAYOUTS,Card Payouts,Standard,Tier 3,Webform & API,Crypto,Crypto,16,0,16
PAYOUTS,Card Payouts,Standard,Tier 3,Webform & API,NORAM,Israel,1,0,1
PAYOUTS,Card Payouts,Standard,Tier 3,Webform & API,NORAM,NORAM,3,0,3
PAYOUTS,Card Payouts,Standard,Tier 3,Webform & API,Northern Europe,EEA,1,0,1
PAYOUTS,Card Payouts,Standard,Tier 3,Webform & API,Southern Europe,EEA,1,0,1
PAYOUTS,Card Payouts,Standard,Tier 3,Webform & API,UAE,MENA,2,0,2
PAYOUTS,Card Payouts,Standard,Tier 3,Webform & API,UAE,UK,11,0,11
PAYOUTS,Card Payouts,Standard,Tier 3,Webform & API,UAE,Unknown,2,0,2
PAYOUTS,Card Payouts,Standard,Tier 3,Webform & API,UK,UK,98,0,98
PAYOUTS,Card Payouts,Standard,Tier 3,Webform & API,Unknown,Crypto,35,0,35
PAYOUTS,Card Payouts,Standard,Tier 3,Webform & API,Unknown,EEA,1,0,1
PAYOUTS,Card Payouts,Standard,Tier 3,Webform & API,WW,EEA,3,0,3
PAYOUTS,Card Payouts,Standard,Tier 4,Email (Internal),Mauritius,Mauritius,1,0,1
PAYOUTS,Card Payouts,Standard,Tier 4,Email (Merchant),Crypto,Crypto,1,0,1
PAYOUTS,Card Payouts,Standard,Tier 4,Email (Merchant),GCR,APAC,7,0,7
PAYOUTS,Card Payouts,Standard,Tier 4,Email (Merchant),Issuing,Issuing,2,0,2
PAYOUTS,Card Payouts,Standard,Tier 4,Email (Merchant),Mauritius,Mauritius,5,0,5
PAYOUTS,Card Payouts,Standard,Tier 4,Email (Merchant),NORAM,UK,1,0,1
PAYOUTS,Card Payouts,Standard,Tier 4,Email (Merchant),UAE,MENA,2,0,2
PAYOUTS,Card Payouts,Standard,Tier 4,Email (Merchant),UK,UK,1,0,1
PAYOUTS,Card Payouts,Standard,Tier 4,Email (Merchant),Unknown,MENA,1,0,1
PAYOUTS,Card Payouts,Standard,Tier 4,Email (Merchant),Unknown,UK,2,0,2
PAYOUTS,Card Payouts,Standard,Tier 4,Email (Merchant),WW,EEA,11,0,11
PAYOUTS,Card Payouts,Standard,Tier 4,Fin (Dashboard),Crypto,Crypto,0,1,1
PAYOUTS,Card Payouts,Standard,Tier 4,Fin (Dashboard),KSA,EEA,1,0,1
PAYOUTS,Card Payouts,Standard,Tier 4,Other,KSA,EEA,1,0,1
PAYOUTS,Card Payouts,Standard,Tier 4,Other,Mauritius,Mauritius,2,0,2
PAYOUTS,Card Payouts,Standard,Tier 4,Other,UAE,MENA,4,0,4
PAYOUTS,Card Payouts,Standard,Tier 4,Other,UK,UK,1,0,1
PAYOUTS,Card Payouts,Standard,Tier 4,Other,Unknown,MENA,1,0,1
PAYOUTS,Card Payouts,Standard,Tier 4,Other,Unknown,UK,5,0,5
PAYOUTS,Card Payouts,Standard,Tier 4,Webform & API,GCR,APAC,1,0,1
PAYOUTS,Card Payouts,Standard,Tier 4,Webform & API,KSA,EEA,20,0,20
PAYOUTS,Card Payouts,Standard,Tier 4,Webform & API,Mauritius,Mauritius,16,0,16
PAYOUTS,Card Payouts,Standard,Tier 4,Webform & API,NORAM,NORAM,13,0,13
PAYOUTS,Card Payouts,Standard,Tier 4,Webform & API,NORAM,UK,2,0,2
PAYOUTS,Card Payouts,Standard,Tier 4,Webform & API,UK,UK,8,0,8
PAYOUTS,Card Payouts,Standard,Tier 4,Webform & API,Unknown,UK,7,0,7
PAYOUTS,Card Payouts,Standard,Tier 4,Webform & API,WW,EEA,1,0,1
PAYOUTS,Card Payouts,Standard,Unknown,Email (Internal),UK,UK,1,0,1
PAYOUTS,Card Payouts,Standard,Unknown,Email (Merchant),UK,UK,1,0,1
PAYOUTS,Card Payouts,Standard,Unknown,Webform & API,UK,UK,1,0,1
PAYOUTS,Card Payouts,Unmapped,Unknown,Email (Internal),Unknown,Unknown,7,0,7
PAYOUTS,Card Payouts,Unmapped,Unknown,Email (Merchant),Unknown,Unknown,40,0,40
PAYOUTS,Card Payouts,Unmapped,Unknown,Fin (Dashboard),Unknown,Unknown,0,2,2
PAYOUTS,Card Payouts,Unmapped,Unknown,Other,Unknown,Unknown,1,0,1
PAYOUTS,Card Payouts,Unmapped,Unknown,Webform & API,Unknown,Unknown,8,0,8
PLATFORMS,Sub-Merchant onboarding,Enterprise,Tier 1,Email (Merchant),UAE,MENA,2,0,2
PLATFORMS,Sub-Merchant onboarding,Enterprise,Tier 1,Email (Merchant),WW,Mauritius,1,0,1
PLATFORMS,Sub-Merchant onboarding,Enterprise,Tier 1,Email (Merchant),WW,UK,1,0,1
PLATFORMS,Sub-Merchant onboarding,Enterprise,Tier 2,Email (Merchant),Central Europe,EEA,2,0,2
PLATFORMS,Sub-Merchant onboarding,Enterprise,Tier 3,Email (Internal),WW,EEA,1,0,1
PLATFORMS,Sub-Merchant onboarding,Enterprise,Tier 3,Fin (Dashboard),WW,EEA,0,1,1
PLATFORMS,Sub-Merchant onboarding,Premium,Tier 1,Email (Merchant),WW,EEA,2,0,2
PLATFORMS,Sub-Merchant onboarding,Premium,Tier 1,Fin (Dashboard),WW,EEA,0,1,1
PLATFORMS,Sub-Merchant onboarding,Standard,Tier 3,Email (Internal),GCR,APAC,1,0,1
PLATFORMS,Sub-Merchant onboarding,Standard,Tier 3,Email (Internal),NORAM,NORAM,1,0,1
PLATFORMS,Sub-Merchant onboarding,Standard,Tier 3,Email (Internal),UAE,MENA,2,0,2
PLATFORMS,Sub-Merchant onboarding,Standard,Tier 3,Email (Merchant),NORAM,Israel,12,0,12
PLATFORMS,Sub-Merchant onboarding,Standard,Tier 3,Email (Merchant),UAE,MENA,2,0,2
PLATFORMS,Sub-Merchant onboarding,Standard,Tier 3,Email (Merchant),Unknown,UK,1,0,1
PLATFORMS,Sub-Merchant onboarding,Standard,Tier 3,Fin (Dashboard),NORAM,Israel,0,1,1
PLATFORMS,Sub-Merchant onboarding,Standard,Tier 3,Fin (Dashboard),NORAM,NORAM,2,4,6
PLATFORMS,Sub-Merchant onboarding,Standard,Tier 3,Fin (Dashboard),Northern Europe,EEA,0,1,1
PLATFORMS,Sub-Merchant onboarding,Standard,Tier 3,Fin (Dashboard),UAE,MENA,0,1,1
PLATFORMS,Sub-Merchant onboarding,Standard,Tier 3,Fin (Dashboard),Unknown,UK,0,1,1
PLATFORMS,Sub-Merchant onboarding,Standard,Tier 3,Other,UAE,MENA,1,0,1
PLATFORMS,Sub-Merchant onboarding,Standard,Tier 3,Webform & API,EU,EEA,1,0,1
PLATFORMS,Sub-Merchant onboarding,Standard,Tier 3,Webform & API,NORAM,Israel,3,0,3
PLATFORMS,Sub-Merchant onboarding,Standard,Tier 3,Webform & API,NORAM,NORAM,1,0,1
PLATFORMS,Sub-Merchant onboarding,Standard,Tier 3,Webform & API,Northern Europe,EEA,1,0,1
PLATFORMS,Sub-Merchant onboarding,Standard,Tier 3,Webform & API,UAE,MENA,2,0,2
PLATFORMS,Sub-Merchant onboarding,Standard,Tier 4,Email (Internal),NORAM,NORAM,2,0,2
PLATFORMS,Sub-Merchant onboarding,Standard,Tier 4,Email (Merchant),NORAM,NORAM,14,0,14
PLATFORMS,Sub-Merchant onboarding,Standard,Tier 4,Fin (Dashboard),NORAM,NORAM,1,0,1
PLATFORMS,Sub-Merchant onboarding,Standard,Tier 4,Fin (Dashboard),Unknown,APAC,0,1,1
PLATFORMS,Sub-Merchant onboarding,Standard,Tier 4,Fin (Dashboard),Unknown,NORAM,0,1,1
PLATFORMS,Sub-Merchant onboarding,Standard,Tier 4,Other,NORAM,NORAM,1,0,1
PLATFORMS,Sub-Merchant onboarding,Standard,Tier 4,Webform & API,NORAM,NORAM,20,0,20
PLATFORMS,Sub-Merchant onboarding,Unmapped,Unknown,Email (Internal),Unknown,Unknown,2,0,2
PLATFORMS,Sub-Merchant onboarding,Unmapped,Unknown,Email (Merchant),Unknown,Unknown,5,0,5
PLATFORMS,Sub-Merchant onboarding,Unmapped,Unknown,Fin (Dashboard),Unknown,Unknown,2,3,5
PLATFORMS,Sub-Merchant onboarding,Unmapped,Unknown,Other,Unknown,Unknown,4,0,4
PLATFORMS,Sub-Merchant onboarding,Unmapped,Unknown,Webform & API,Unknown,Unknown,3,0,3
PLATFORMS,Transfers & Splits,Enterprise,Tier 1,Email (Internal),UK,Mauritius,1,0,1
PLATFORMS,Transfers & Splits,Enterprise,Tier 1,Email (Internal),WW,UK,1,0,1
PLATFORMS,Transfers & Splits,Enterprise,Tier 1,Webform & API,Unknown,NORAM,1,0,1
PLATFORMS,Transfers & Splits,Enterprise,Tier 2,Fin (Dashboard),GCR,APAC,0,1,1
PLATFORMS,Transfers & Splits,Premium,Tier 1,Email (Merchant),NORAM,UK,1,0,1
PLATFORMS,Transfers & Splits,Premium,Tier 1,Email (Merchant),WW,APAC,1,0,1
PLATFORMS,Transfers & Splits,Standard,Tier 3,Email (Merchant),NORAM,Israel,2,0,2
PLATFORMS,Transfers & Splits,Standard,Tier 3,Email (Merchant),NORAM,NORAM,1,0,1
PLATFORMS,Transfers & Splits,Standard,Tier 3,Fin (Dashboard),NORAM,NORAM,0,1,1
PLATFORMS,Transfers & Splits,Standard,Tier 3,Webform & API,UK,UK,1,0,1
PLATFORMS,Transfers & Splits,Standard,Tier 4,Email (Merchant),NORAM,NORAM,1,0,1
PLATFORMS,Transfers & Splits,Standard,Tier 4,Email (Merchant),UAE,MENA,2,0,2
PLATFORMS,Transfers & Splits,Standard,Tier 4,Fin (Dashboard),Crypto,APAC,0,1,1
PLATFORMS,Transfers & Splits,Standard,Tier 4,Fin (Dashboard),WW,EEA,1,0,1
PLATFORMS,Transfers & Splits,Standard,Tier 4,Webform & API,NORAM,NORAM,1,0,1
PLATFORMS,Transfers & Splits,Standard,Tier 4,Webform & API,Singapore/ANZ,APAC,1,0,1
PLATFORMS,Transfers & Splits,Standard,Tier 4,Webform & API,UAE,MENA,1,0,1
PLATFORMS,Transfers & Splits,Unmapped,Unknown,Email (Merchant),Unknown,Unknown,3,0,3
PLATFORMS,Transfers & Splits,Unmapped,Unknown,Other,Unknown,Unknown,1,0,1
PLATFORMS,Transfers & Splits,Unmapped,Unknown,Webform & API,Unknown,Unknown,1,0,1
TECHNICAL ISSUE,API Credentials,Enterprise,Tier 1,Email (Internal),Northern Europe,EEA,2,0,2
TECHNICAL ISSUE,API Credentials,Enterprise,Tier 1,Email (Internal),UAE,MENA,1,0,1
TECHNICAL ISSUE,API Credentials,Enterprise,Tier 1,Email (Merchant),Crypto,Crypto,6,0,6
TECHNICAL ISSUE,API Credentials,Enterprise,Tier 1,Email (Merchant),Crypto,EEA,1,0,1
TECHNICAL ISSUE,API Credentials,Enterprise,Tier 1,Email (Merchant),NORAM,Crypto,1,0,1
TECHNICAL ISSUE,API Credentials,Enterprise,Tier 1,Email (Merchant),UK,UK,1,0,1
TECHNICAL ISSUE,API Credentials,Enterprise,Tier 1,Other,Crypto,EEA,1,0,1
TECHNICAL ISSUE,API Credentials,Enterprise,Tier 1,Other,WW,MENA,1,0,1
TECHNICAL ISSUE,API Credentials,Enterprise,Tier 1,Webform & API,NORAM,Crypto,2,0,2
TECHNICAL ISSUE,API Credentials,Enterprise,Tier 1,Webform & API,UK,UK,1,0,1
TECHNICAL ISSUE,API Credentials,Enterprise,Tier 2,Email (Internal),NORAM,UK,1,0,1
TECHNICAL ISSUE,API Credentials,Enterprise,Tier 2,Email (Internal),Southern Europe,EEA,1,0,1
TECHNICAL ISSUE,API Credentials,Enterprise,Tier 2,Email (Internal),UAE,MENA,1,0,1
TECHNICAL ISSUE,API Credentials,Enterprise,Tier 2,Email (Internal),UK,UK,2,0,2
TECHNICAL ISSUE,API Credentials,Enterprise,Tier 2,Email (Merchant),Central Europe,EEA,1,0,1
TECHNICAL ISSUE,API Credentials,Enterprise,Tier 2,Email (Merchant),Crypto,Crypto,9,0,9
TECHNICAL ISSUE,API Credentials,Enterprise,Tier 2,Email (Merchant),Singapore/ANZ,APAC,1,0,1
TECHNICAL ISSUE,API Credentials,Enterprise,Tier 2,Email (Merchant),UAE,MENA,2,0,2
TECHNICAL ISSUE,API Credentials,Enterprise,Tier 2,Email (Merchant),UK,UK,1,0,1
TECHNICAL ISSUE,API Credentials,Enterprise,Tier 2,Fin (Dashboard),Crypto,APAC,1,1,2
TECHNICAL ISSUE,API Credentials,Enterprise,Tier 2,Other,Central Europe,EEA,2,0,2
TECHNICAL ISSUE,API Credentials,Enterprise,Tier 2,Other,Crypto,Crypto,3,0,3
TECHNICAL ISSUE,API Credentials,Enterprise,Tier 2,Other,UK,UK,2,0,2
TECHNICAL ISSUE,API Credentials,Enterprise,Tier 2,Webform & API,NORAM,Crypto,1,0,1
TECHNICAL ISSUE,API Credentials,Enterprise,Tier 2,Webform & API,NORAM,EEA,2,0,2
TECHNICAL ISSUE,API Credentials,Enterprise,Tier 3,Email (Merchant),UAE,MENA,2,0,2
TECHNICAL ISSUE,API Credentials,Enterprise,Tier 3,Fin (Dashboard),UAE,MENA,0,1,1
TECHNICAL ISSUE,API Credentials,Enterprise,Tier 3,Webform & API,UK,UK,1,0,1
TECHNICAL ISSUE,API Credentials,Enterprise,Tier 4,Email (Merchant),UAE,MENA,1,0,1
TECHNICAL ISSUE,API Credentials,Enterprise,Tier 4,Email (Merchant),UK,UK,1,0,1
TECHNICAL ISSUE,API Credentials,Enterprise,Tier 4,Fin (Dashboard),UK,UK,0,1,1
TECHNICAL ISSUE,API Credentials,Enterprise,Tier 4,Other,UAE,MENA,1,0,1
TECHNICAL ISSUE,API Credentials,Enterprise,Tier 4,Webform & API,UAE,MENA,2,0,2
TECHNICAL ISSUE,API Credentials,Enterprise,Tier 4,Webform & API,UK,UK,1,0,1
TECHNICAL ISSUE,API Credentials,Premium,Tier 1,Email (Internal),Crypto,Crypto,1,0,1
TECHNICAL ISSUE,API Credentials,Premium,Tier 1,Email (Internal),NORAM,UK,1,0,1
TECHNICAL ISSUE,API Credentials,Premium,Tier 1,Email (Internal),WW,UK,1,0,1
TECHNICAL ISSUE,API Credentials,Premium,Tier 1,Email (Merchant),Crypto,Crypto,1,0,1
TECHNICAL ISSUE,API Credentials,Premium,Tier 1,Email (Merchant),NORAM,Israel,2,0,2
TECHNICAL ISSUE,API Credentials,Premium,Tier 1,Email (Merchant),NORAM,NORAM,1,0,1
TECHNICAL ISSUE,API Credentials,Premium,Tier 1,Email (Merchant),SAT,NORAM,1,0,1
TECHNICAL ISSUE,API Credentials,Premium,Tier 1,Email (Merchant),UK,Crypto,1,0,1
TECHNICAL ISSUE,API Credentials,Premium,Tier 1,Email (Merchant),UK,NORAM,1,0,1
TECHNICAL ISSUE,API Credentials,Premium,Tier 1,Email (Merchant),WW,APAC,1,0,1
TECHNICAL ISSUE,API Credentials,Premium,Tier 1,Fin (Dashboard),UAE,MENA,0,1,1
TECHNICAL ISSUE,API Credentials,Premium,Tier 1,Fin (Dashboard),WW,MENA,0,1,1
TECHNICAL ISSUE,API Credentials,Premium,Tier 1,Other,UK,EEA,1,0,1
TECHNICAL ISSUE,API Credentials,Premium,Tier 1,Webform & API,NORAM,NORAM,1,0,1
TECHNICAL ISSUE,API Credentials,Premium,Tier 1,Webform & API,UK,UK,1,0,1
TECHNICAL ISSUE,API Credentials,Standard,Tier 2,Email (Merchant),UAE,MENA,1,0,1
TECHNICAL ISSUE,API Credentials,Standard,Tier 2,Email (Merchant),UK,UK,1,0,1
TECHNICAL ISSUE,API Credentials,Standard,Tier 3,Email (Internal),Crypto,Crypto,1,0,1
TECHNICAL ISSUE,API Credentials,Standard,Tier 3,Email (Internal),Issuing,Unknown,1,0,1
TECHNICAL ISSUE,API Credentials,Standard,Tier 3,Email (Internal),NORAM,MENA,1,0,1
TECHNICAL ISSUE,API Credentials,Standard,Tier 3,Email (Internal),Unknown,UK,1,0,1
TECHNICAL ISSUE,API Credentials,Standard,Tier 3,Email (Internal),WW,MENA,1,0,1
TECHNICAL ISSUE,API Credentials,Standard,Tier 3,Email (Internal),WW,NORAM,1,0,1
TECHNICAL ISSUE,API Credentials,Standard,Tier 3,Email (Merchant),Crypto,Crypto,2,0,2
TECHNICAL ISSUE,API Credentials,Standard,Tier 3,Email (Merchant),Northern Europe,EEA,2,0,2
TECHNICAL ISSUE,API Credentials,Standard,Tier 3,Email (Merchant),UAE,MENA,5,0,5
TECHNICAL ISSUE,API Credentials,Standard,Tier 3,Email (Merchant),Unknown,Crypto,1,0,1
TECHNICAL ISSUE,API Credentials,Standard,Tier 3,Email (Merchant),Unknown,EEA,1,0,1
TECHNICAL ISSUE,API Credentials,Standard,Tier 3,Email (Merchant),WW,MENA,3,0,3
TECHNICAL ISSUE,API Credentials,Standard,Tier 3,Email (Merchant),WW,NORAM,1,0,1
TECHNICAL ISSUE,API Credentials,Standard,Tier 3,Fin (Dashboard),NORAM,NORAM,1,0,1
TECHNICAL ISSUE,API Credentials,Standard,Tier 3,Fin (Dashboard),Singapore/ANZ,APAC,0,1,1
TECHNICAL ISSUE,API Credentials,Standard,Tier 3,Fin (Dashboard),Southern Europe,Mauritius,1,0,1
TECHNICAL ISSUE,API Credentials,Standard,Tier 3,Fin (Dashboard),UAE,MENA,0,3,3
TECHNICAL ISSUE,API Credentials,Standard,Tier 3,Fin (Dashboard),Ubble,EEA,0,1,1
TECHNICAL ISSUE,API Credentials,Standard,Tier 3,Fin (Dashboard),WW,NORAM,0,1,1
TECHNICAL ISSUE,API Credentials,Standard,Tier 3,Other,Unknown,UK,1,0,1
TECHNICAL ISSUE,API Credentials,Standard,Tier 3,Webform & API,Issuing,EEA,1,0,1
TECHNICAL ISSUE,API Credentials,Standard,Tier 3,Webform & API,Northern Europe,EEA,1,0,1
TECHNICAL ISSUE,API Credentials,Standard,Tier 4,Email (Internal),Mauritius,NORAM,1,0,1
TECHNICAL ISSUE,API Credentials,Standard,Tier 4,Email (Internal),UAE,MENA,2,0,2
TECHNICAL ISSUE,API Credentials,Standard,Tier 4,Email (Merchant),Central Europe,EEA,2,0,2
TECHNICAL ISSUE,API Credentials,Standard,Tier 4,Email (Merchant),Crypto,APAC,1,0,1
TECHNICAL ISSUE,API Credentials,Standard,Tier 4,Email (Merchant),Crypto,Crypto,1,0,1
TECHNICAL ISSUE,API Credentials,Standard,Tier 4,Email (Merchant),EU,UK,1,0,1
TECHNICAL ISSUE,API Credentials,Standard,Tier 4,Email (Merchant),GCR,APAC,2,0,2
TECHNICAL ISSUE,API Credentials,Standard,Tier 4,Email (Merchant),Mauritius,Mauritius,6,0,6
TECHNICAL ISSUE,API Credentials,Standard,Tier 4,Email (Merchant),UAE,MENA,2,0,2
TECHNICAL ISSUE,API Credentials,Standard,Tier 4,Email (Merchant),UK,Mauritius,1,0,1
TECHNICAL ISSUE,API Credentials,Standard,Tier 4,Email (Merchant),Unknown,UK,1,0,1
TECHNICAL ISSUE,API Credentials,Standard,Tier 4,Email (Merchant),WW,EEA,1,0,1
TECHNICAL ISSUE,API Credentials,Standard,Tier 4,Email (Merchant),WW,WW,1,0,1
TECHNICAL ISSUE,API Credentials,Standard,Tier 4,Fin (Dashboard),KSA,EEA,0,1,1
TECHNICAL ISSUE,API Credentials,Standard,Tier 4,Fin (Dashboard),UAE,MENA,0,1,1
TECHNICAL ISSUE,API Credentials,Standard,Tier 4,Fin (Dashboard),Unknown,EEA,0,1,1
TECHNICAL ISSUE,API Credentials,Standard,Tier 4,Fin (Dashboard),Unknown,MENA,0,1,1
TECHNICAL ISSUE,API Credentials,Standard,Tier 4,Fin (Dashboard),WW,Mauritius,0,1,1
TECHNICAL ISSUE,API Credentials,Standard,Tier 4,Other,Central Europe,EEA,2,0,2
TECHNICAL ISSUE,API Credentials,Standard,Tier 4,Other,Crypto,APAC,1,0,1
TECHNICAL ISSUE,API Credentials,Standard,Tier 4,Other,Mauritius,Mauritius,8,0,8
TECHNICAL ISSUE,API Credentials,Standard,Tier 4,Other,UAE,MENA,5,0,5
TECHNICAL ISSUE,API Credentials,Standard,Tier 4,Other,Unknown,APAC,1,0,1
TECHNICAL ISSUE,API Credentials,Standard,Tier 4,Other,Unknown,Crypto,2,0,2
TECHNICAL ISSUE,API Credentials,Standard,Tier 4,Webform & API,Central Europe,EEA,1,0,1
TECHNICAL ISSUE,API Credentials,Standard,Tier 4,Webform & API,Crypto,APAC,1,0,1
TECHNICAL ISSUE,API Credentials,Standard,Tier 4,Webform & API,Crypto,Crypto,1,0,1
TECHNICAL ISSUE,API Credentials,Standard,Tier 4,Webform & API,EU,UK,1,0,1
TECHNICAL ISSUE,API Credentials,Standard,Tier 4,Webform & API,GCR,APAC,1,0,1
TECHNICAL ISSUE,API Credentials,Standard,Tier 4,Webform & API,KSA,MENA,1,0,1
TECHNICAL ISSUE,API Credentials,Standard,Tier 4,Webform & API,Mauritius,Mauritius,1,0,1
TECHNICAL ISSUE,API Credentials,Standard,Tier 4,Webform & API,NORAM,Mauritius,2,0,2
TECHNICAL ISSUE,API Credentials,Standard,Tier 4,Webform & API,NORAM,NORAM,1,0,1
TECHNICAL ISSUE,API Credentials,Standard,Tier 4,Webform & API,NORAM,UK,1,0,1
TECHNICAL ISSUE,API Credentials,Standard,Tier 4,Webform & API,UAE,MENA,5,0,5
TECHNICAL ISSUE,API Credentials,Standard,Tier 4,Webform & API,UK,Mauritius,1,0,1
TECHNICAL ISSUE,API Credentials,Standard,Tier 4,Webform & API,Unknown,EEA,1,0,1
TECHNICAL ISSUE,API Credentials,Standard,Tier 4,Webform & API,Unknown,MENA,1,0,1
TECHNICAL ISSUE,API Credentials,Standard,Tier 4,Webform & API,Unknown,UK,1,0,1
TECHNICAL ISSUE,API Credentials,Unmapped,Unknown,Email (Internal),Unknown,Unknown,9,0,9
TECHNICAL ISSUE,API Credentials,Unmapped,Unknown,Email (Merchant),Unknown,Unknown,190,0,190
TECHNICAL ISSUE,API Credentials,Unmapped,Unknown,Fin (Dashboard),Unknown,Unknown,1,0,1
TECHNICAL ISSUE,API Credentials,Unmapped,Unknown,Other,Unknown,Unknown,4,0,4
TECHNICAL ISSUE,API Credentials,Unmapped,Unknown,Webform & API,Unknown,Unknown,4,0,4
TECHNICAL ISSUE,API Integration,Enterprise,Tier 1,Email (Internal),Crypto,Crypto,3,0,3
TECHNICAL ISSUE,API Integration,Enterprise,Tier 1,Email (Internal),NORAM,EEA,1,0,1
TECHNICAL ISSUE,API Integration,Enterprise,Tier 1,Email (Internal),Northern Europe,EEA,1,0,1
TECHNICAL ISSUE,API Integration,Enterprise,Tier 1,Email (Internal),UAE,MENA,5,0,5
TECHNICAL ISSUE,API Integration,Enterprise,Tier 1,Email (Internal),UK,EEA,1,0,1
TECHNICAL ISSUE,API Integration,Enterprise,Tier 1,Email (Internal),UK,UK,3,0,3
TECHNICAL ISSUE,API Integration,Enterprise,Tier 1,Email (Internal),Unknown,NORAM,1,0,1
TECHNICAL ISSUE,API Integration,Enterprise,Tier 1,Email (Internal),WW,APAC,1,0,1
TECHNICAL ISSUE,API Integration,Enterprise,Tier 1,Email (Internal),WW,EEA,2,0,2
TECHNICAL ISSUE,API Integration,Enterprise,Tier 1,Email (Internal),WW,MENA,2,0,2
TECHNICAL ISSUE,API Integration,Enterprise,Tier 1,Email (Merchant),Crypto,Crypto,5,0,5
TECHNICAL ISSUE,API Integration,Enterprise,Tier 1,Email (Merchant),GCR,APAC,1,0,1
TECHNICAL ISSUE,API Integration,Enterprise,Tier 1,Email (Merchant),NORAM,UK,8,0,8
TECHNICAL ISSUE,API Integration,Enterprise,Tier 1,Email (Merchant),UAE,MENA,10,0,10
TECHNICAL ISSUE,API Integration,Enterprise,Tier 1,Email (Merchant),UK,Crypto,3,0,3
TECHNICAL ISSUE,API Integration,Enterprise,Tier 1,Email (Merchant),UK,EEA,1,0,1
TECHNICAL ISSUE,API Integration,Enterprise,Tier 1,Email (Merchant),UK,UK,10,0,10
TECHNICAL ISSUE,API Integration,Enterprise,Tier 1,Email (Merchant),Unknown,Crypto,1,0,1
TECHNICAL ISSUE,API Integration,Enterprise,Tier 1,Email (Merchant),Unknown,NORAM,1,0,1
TECHNICAL ISSUE,API Integration,Enterprise,Tier 1,Email (Merchant),Unknown,UK,2,0,2
TECHNICAL ISSUE,API Integration,Enterprise,Tier 1,Email (Merchant),WW,MENA,4,0,4
TECHNICAL ISSUE,API Integration,Enterprise,Tier 1,Email (Merchant),WW,UK,1,0,1
TECHNICAL ISSUE,API Integration,Enterprise,Tier 1,Fin (Dashboard),Crypto,Crypto,1,0,1
TECHNICAL ISSUE,API Integration,Enterprise,Tier 1,Fin (Dashboard),UK,Crypto,0,1,1
TECHNICAL ISSUE,API Integration,Enterprise,Tier 1,Other,Crypto,EEA,2,0,2
TECHNICAL ISSUE,API Integration,Enterprise,Tier 1,Other,GCR,APAC,1,0,1
TECHNICAL ISSUE,API Integration,Enterprise,Tier 1,Other,Unknown,Crypto,1,0,1
TECHNICAL ISSUE,API Integration,Enterprise,Tier 1,Webform & API,Crypto,Crypto,5,0,5
TECHNICAL ISSUE,API Integration,Enterprise,Tier 1,Webform & API,NORAM,Crypto,1,0,1
TECHNICAL ISSUE,API Integration,Enterprise,Tier 1,Webform & API,NORAM,NORAM,2,0,2
TECHNICAL ISSUE,API Integration,Enterprise,Tier 1,Webform & API,UAE,MENA,3,0,3
TECHNICAL ISSUE,API Integration,Enterprise,Tier 1,Webform & API,Unknown,UK,2,0,2
TECHNICAL ISSUE,API Integration,Enterprise,Tier 2,Email (Internal),Crypto,Crypto,1,0,1
TECHNICAL ISSUE,API Integration,Enterprise,Tier 2,Email (Internal),Southern Europe,EEA,5,0,5
TECHNICAL ISSUE,API Integration,Enterprise,Tier 2,Email (Internal),UAE,MENA,5,0,5
TECHNICAL ISSUE,API Integration,Enterprise,Tier 2,Email (Internal),UK,UK,1,0,1
TECHNICAL ISSUE,API Integration,Enterprise,Tier 2,Email (Internal),Unknown,UK,1,0,1
TECHNICAL ISSUE,API Integration,Enterprise,Tier 2,Email (Internal),WW,EEA,1,0,1
TECHNICAL ISSUE,API Integration,Enterprise,Tier 2,Email (Internal),WW,UK,1,0,1
TECHNICAL ISSUE,API Integration,Enterprise,Tier 2,Email (Merchant),Central Europe,EEA,4,0,4
TECHNICAL ISSUE,API Integration,Enterprise,Tier 2,Email (Merchant),Crypto,Crypto,14,0,14
TECHNICAL ISSUE,API Integration,Enterprise,Tier 2,Email (Merchant),NORAM,Crypto,1,0,1
TECHNICAL ISSUE,API Integration,Enterprise,Tier 2,Email (Merchant),NORAM,Israel,1,0,1
TECHNICAL ISSUE,API Integration,Enterprise,Tier 2,Email (Merchant),NORAM,NORAM,4,0,4
TECHNICAL ISSUE,API Integration,Enterprise,Tier 2,Email (Merchant),NORAM,UK,2,0,2
TECHNICAL ISSUE,API Integration,Enterprise,Tier 2,Email (Merchant),UAE,MENA,24,0,24
TECHNICAL ISSUE,API Integration,Enterprise,Tier 2,Email (Merchant),UK,EEA,5,0,5
TECHNICAL ISSUE,API Integration,Enterprise,Tier 2,Email (Merchant),UK,UK,21,0,21
TECHNICAL ISSUE,API Integration,Enterprise,Tier 2,Email (Merchant),Unknown,NORAM,4,0,4
TECHNICAL ISSUE,API Integration,Enterprise,Tier 2,Email (Merchant),Unknown,UK,1,0,1
TECHNICAL ISSUE,API Integration,Enterprise,Tier 2,Email (Merchant),WW,MENA,3,0,3
TECHNICAL ISSUE,API Integration,Enterprise,Tier 2,Email (Merchant),WW,UK,1,0,1
TECHNICAL ISSUE,API Integration,Enterprise,Tier 2,Fin (Dashboard),NORAM,UK,0,1,1
TECHNICAL ISSUE,API Integration,Enterprise,Tier 2,Fin (Dashboard),UAE,MENA,0,1,1
TECHNICAL ISSUE,API Integration,Enterprise,Tier 2,Fin (Dashboard),Unknown,EEA,1,0,1
TECHNICAL ISSUE,API Integration,Enterprise,Tier 2,Fin (Dashboard),WW,EEA,0,2,2
TECHNICAL ISSUE,API Integration,Enterprise,Tier 2,Other,Central Europe,EEA,1,0,1
TECHNICAL ISSUE,API Integration,Enterprise,Tier 2,Other,Crypto,Crypto,3,0,3
TECHNICAL ISSUE,API Integration,Enterprise,Tier 2,Other,NORAM,UK,2,0,2
TECHNICAL ISSUE,API Integration,Enterprise,Tier 2,Other,UK,EEA,3,0,3
TECHNICAL ISSUE,API Integration,Enterprise,Tier 2,Webform & API,Issuing,UK,4,0,4
TECHNICAL ISSUE,API Integration,Enterprise,Tier 2,Webform & API,NORAM,UK,1,0,1
TECHNICAL ISSUE,API Integration,Enterprise,Tier 2,Webform & API,Northern Europe,EEA,1,0,1
TECHNICAL ISSUE,API Integration,Enterprise,Tier 2,Webform & API,Southern Europe,EEA,1,0,1
TECHNICAL ISSUE,API Integration,Enterprise,Tier 2,Webform & API,UAE,MENA,8,0,8
TECHNICAL ISSUE,API Integration,Enterprise,Tier 2,Webform & API,UK,UK,3,0,3
TECHNICAL ISSUE,API Integration,Enterprise,Tier 2,Webform & API,Unknown,Crypto,1,0,1
TECHNICAL ISSUE,API Integration,Enterprise,Tier 2,Webform & API,Unknown,UK,1,0,1
TECHNICAL ISSUE,API Integration,Enterprise,Tier 2,Webform & API,WW,EEA,5,0,5
TECHNICAL ISSUE,API Integration,Enterprise,Tier 3,Email (Internal),GCR,APAC,3,0,3
TECHNICAL ISSUE,API Integration,Enterprise,Tier 3,Email (Internal),UAE,MENA,1,0,1
TECHNICAL ISSUE,API Integration,Enterprise,Tier 3,Email (Internal),WW,Israel,2,0,2
TECHNICAL ISSUE,API Integration,Enterprise,Tier 3,Email (Merchant),GCR,APAC,1,0,1
TECHNICAL ISSUE,API Integration,Enterprise,Tier 3,Email (Merchant),NORAM,NORAM,1,0,1
TECHNICAL ISSUE,API Integration,Enterprise,Tier 3,Email (Merchant),UAE,MENA,19,0,19
TECHNICAL ISSUE,API Integration,Enterprise,Tier 3,Email (Merchant),UK,NORAM,1,0,1
TECHNICAL ISSUE,API Integration,Enterprise,Tier 3,Email (Merchant),UK,UK,4,0,4
TECHNICAL ISSUE,API Integration,Enterprise,Tier 3,Email (Merchant),WW,Israel,2,0,2
TECHNICAL ISSUE,API Integration,Enterprise,Tier 3,Fin (Dashboard),Unknown,EEA,1,0,1
TECHNICAL ISSUE,API Integration,Enterprise,Tier 3,Other,UAE,MENA,3,0,3
TECHNICAL ISSUE,API Integration,Enterprise,Tier 3,Other,UK,UK,1,0,1
TECHNICAL ISSUE,API Integration,Enterprise,Tier 3,Webform & API,UAE,MENA,1,0,1
TECHNICAL ISSUE,API Integration,Enterprise,Tier 4,Email (Merchant),UAE,MENA,2,0,2
TECHNICAL ISSUE,API Integration,Enterprise,Tier 4,Webform & API,UAE,MENA,1,0,1
TECHNICAL ISSUE,API Integration,Enterprise,Unknown,Webform & API,NORAM,Unknown,1,0,1
TECHNICAL ISSUE,API Integration,Premium,Tier 1,Email (Internal),Crypto,Crypto,2,0,2
TECHNICAL ISSUE,API Integration,Premium,Tier 1,Email (Internal),GCR,APAC,2,0,2
TECHNICAL ISSUE,API Integration,Premium,Tier 1,Email (Internal),NORAM,Crypto,1,0,1
TECHNICAL ISSUE,API Integration,Premium,Tier 1,Email (Internal),NORAM,NORAM,1,0,1
TECHNICAL ISSUE,API Integration,Premium,Tier 1,Email (Internal),NORAM,UK,1,0,1
TECHNICAL ISSUE,API Integration,Premium,Tier 1,Email (Internal),SAT,SAT,1,0,1
TECHNICAL ISSUE,API Integration,Premium,Tier 1,Email (Internal),Singapore/ANZ,NORAM,1,0,1
TECHNICAL ISSUE,API Integration,Premium,Tier 1,Email (Internal),UAE,MENA,3,0,3
TECHNICAL ISSUE,API Integration,Premium,Tier 1,Email (Internal),UK,UK,1,0,1
TECHNICAL ISSUE,API Integration,Premium,Tier 1,Email (Internal),Unknown,UK,1,0,1
TECHNICAL ISSUE,API Integration,Premium,Tier 1,Email (Internal),WW,APAC,4,0,4
TECHNICAL ISSUE,API Integration,Premium,Tier 1,Email (Internal),WW,EEA,2,0,2
TECHNICAL ISSUE,API Integration,Premium,Tier 1,Email (Internal),WW,MENA,1,0,1
TECHNICAL ISSUE,API Integration,Premium,Tier 1,Email (Internal),WW,UK,3,0,3
TECHNICAL ISSUE,API Integration,Premium,Tier 1,Email (Merchant),Crypto,Crypto,8,0,8
TECHNICAL ISSUE,API Integration,Premium,Tier 1,Email (Merchant),GCR,APAC,10,0,10
TECHNICAL ISSUE,API Integration,Premium,Tier 1,Email (Merchant),NORAM,EEA,1,0,1
TECHNICAL ISSUE,API Integration,Premium,Tier 1,Email (Merchant),NORAM,Israel,4,0,4
TECHNICAL ISSUE,API Integration,Premium,Tier 1,Email (Merchant),NORAM,NORAM,1,0,1
TECHNICAL ISSUE,API Integration,Premium,Tier 1,Email (Merchant),NORAM,UK,5,0,5
TECHNICAL ISSUE,API Integration,Premium,Tier 1,Email (Merchant),SAT,NORAM,1,0,1
TECHNICAL ISSUE,API Integration,Premium,Tier 1,Email (Merchant),SAT,SAT,1,0,1
TECHNICAL ISSUE,API Integration,Premium,Tier 1,Email (Merchant),Singapore/ANZ,APAC,5,0,5
TECHNICAL ISSUE,API Integration,Premium,Tier 1,Email (Merchant),UAE,MENA,26,0,26
TECHNICAL ISSUE,API Integration,Premium,Tier 1,Email (Merchant),UK,EEA,2,0,2
TECHNICAL ISSUE,API Integration,Premium,Tier 1,Email (Merchant),UK,UK,4,0,4
TECHNICAL ISSUE,API Integration,Premium,Tier 1,Email (Merchant),Unknown,NORAM,1,0,1
TECHNICAL ISSUE,API Integration,Premium,Tier 1,Email (Merchant),Unknown,UK,2,0,2
TECHNICAL ISSUE,API Integration,Premium,Tier 1,Email (Merchant),WW,APAC,4,0,4
TECHNICAL ISSUE,API Integration,Premium,Tier 1,Email (Merchant),WW,EEA,6,0,6
TECHNICAL ISSUE,API Integration,Premium,Tier 1,Email (Merchant),WW,MENA,1,0,1
TECHNICAL ISSUE,API Integration,Premium,Tier 1,Email (Merchant),WW,UK,6,0,6
TECHNICAL ISSUE,API Integration,Premium,Tier 1,Fin (Dashboard),UK,UK,1,0,1
TECHNICAL ISSUE,API Integration,Premium,Tier 1,Other,GCR,APAC,4,0,4
TECHNICAL ISSUE,API Integration,Premium,Tier 1,Other,NORAM,EEA,2,0,2
TECHNICAL ISSUE,API Integration,Premium,Tier 1,Other,UAE,MENA,5,0,5
TECHNICAL ISSUE,API Integration,Premium,Tier 1,Other,UK,EEA,1,0,1
TECHNICAL ISSUE,API Integration,Premium,Tier 1,Other,Unknown,UK,2,0,2
TECHNICAL ISSUE,API Integration,Premium,Tier 1,Other,WW,APAC,1,0,1
TECHNICAL ISSUE,API Integration,Premium,Tier 1,Other,WW,EEA,1,0,1
TECHNICAL ISSUE,API Integration,Premium,Tier 1,Webform & API,GCR,APAC,1,0,1
TECHNICAL ISSUE,API Integration,Premium,Tier 1,Webform & API,UAE,MENA,1,0,1
TECHNICAL ISSUE,API Integration,Premium,Tier 1,Webform & API,WW,EEA,1,0,1
TECHNICAL ISSUE,API Integration,Premium,Tier 1,Webform & API,WW,MENA,1,0,1
TECHNICAL ISSUE,API Integration,Standard,Tier 2,Email (Internal),UK,UK,3,0,3
TECHNICAL ISSUE,API Integration,Standard,Tier 2,Email (Internal),WW,WW,1,0,1
TECHNICAL ISSUE,API Integration,Standard,Tier 2,Email (Merchant),Crypto,Crypto,3,0,3
TECHNICAL ISSUE,API Integration,Standard,Tier 2,Email (Merchant),GCR,Crypto,1,0,1
TECHNICAL ISSUE,API Integration,Standard,Tier 2,Email (Merchant),NORAM,NORAM,1,0,1
TECHNICAL ISSUE,API Integration,Standard,Tier 2,Email (Merchant),UK,UK,4,0,4
TECHNICAL ISSUE,API Integration,Standard,Tier 2,Webform & API,Crypto,Crypto,2,0,2
TECHNICAL ISSUE,API Integration,Standard,Tier 2,Webform & API,NORAM,NORAM,1,0,1
TECHNICAL ISSUE,API Integration,Standard,Tier 3,Email (Internal),Central Europe,EEA,1,0,1
TECHNICAL ISSUE,API Integration,Standard,Tier 3,Email (Internal),Crypto,Crypto,3,0,3
TECHNICAL ISSUE,API Integration,Standard,Tier 3,Email (Internal),EU,EEA,1,0,1
TECHNICAL ISSUE,API Integration,Standard,Tier 3,Email (Internal),GCR,APAC,1,0,1
TECHNICAL ISSUE,API Integration,Standard,Tier 3,Email (Internal),KSA,EEA,1,0,1
TECHNICAL ISSUE,API Integration,Standard,Tier 3,Email (Internal),NORAM,APAC,1,0,1
TECHNICAL ISSUE,API Integration,Standard,Tier 3,Email (Internal),NORAM,NORAM,1,0,1
TECHNICAL ISSUE,API Integration,Standard,Tier 3,Email (Internal),Northern Europe,EEA,3,0,3
TECHNICAL ISSUE,API Integration,Standard,Tier 3,Email (Internal),Singapore/ANZ,NORAM,1,0,1
TECHNICAL ISSUE,API Integration,Standard,Tier 3,Email (Internal),UAE,MENA,4,0,4
TECHNICAL ISSUE,API Integration,Standard,Tier 3,Email (Internal),UAE,Mauritius,1,0,1
TECHNICAL ISSUE,API Integration,Standard,Tier 3,Email (Internal),UK,EEA,1,0,1
TECHNICAL ISSUE,API Integration,Standard,Tier 3,Email (Internal),UK,Israel,1,0,1
TECHNICAL ISSUE,API Integration,Standard,Tier 3,Email (Internal),UK,UK,1,0,1
TECHNICAL ISSUE,API Integration,Standard,Tier 3,Email (Internal),Unknown,EEA,1,0,1
TECHNICAL ISSUE,API Integration,Standard,Tier 3,Email (Internal),Unknown,UK,2,0,2
TECHNICAL ISSUE,API Integration,Standard,Tier 3,Email (Internal),WW,MENA,1,0,1
TECHNICAL ISSUE,API Integration,Standard,Tier 3,Email (Merchant),Central Europe,Mauritius,1,0,1
TECHNICAL ISSUE,API Integration,Standard,Tier 3,Email (Merchant),Crypto,Crypto,15,0,15
TECHNICAL ISSUE,API Integration,Standard,Tier 3,Email (Merchant),GCR,APAC,1,0,1
TECHNICAL ISSUE,API Integration,Standard,Tier 3,Email (Merchant),Issuing,EEA,1,0,1
TECHNICAL ISSUE,API Integration,Standard,Tier 3,Email (Merchant),Mauritius,NORAM,1,0,1
TECHNICAL ISSUE,API Integration,Standard,Tier 3,Email (Merchant),NORAM,Crypto,1,0,1
TECHNICAL ISSUE,API Integration,Standard,Tier 3,Email (Merchant),NORAM,Israel,1,0,1
TECHNICAL ISSUE,API Integration,Standard,Tier 3,Email (Merchant),NORAM,MENA,1,0,1
TECHNICAL ISSUE,API Integration,Standard,Tier 3,Email (Merchant),NORAM,UK,2,0,2
TECHNICAL ISSUE,API Integration,Standard,Tier 3,Email (Merchant),Northern Europe,EEA,4,0,4
TECHNICAL ISSUE,API Integration,Standard,Tier 3,Email (Merchant),Singapore/ANZ,APAC,1,0,1
TECHNICAL ISSUE,API Integration,Standard,Tier 3,Email (Merchant),Southern Europe,EEA,1,0,1
TECHNICAL ISSUE,API Integration,Standard,Tier 3,Email (Merchant),UAE,MENA,24,0,24
TECHNICAL ISSUE,API Integration,Standard,Tier 3,Email (Merchant),UAE,Mauritius,1,0,1
TECHNICAL ISSUE,API Integration,Standard,Tier 3,Email (Merchant),UK,UK,8,0,8
TECHNICAL ISSUE,API Integration,Standard,Tier 3,Email (Merchant),Ubble,EEA,1,0,1
TECHNICAL ISSUE,API Integration,Standard,Tier 3,Email (Merchant),Unknown,Crypto,2,0,2
TECHNICAL ISSUE,API Integration,Standard,Tier 3,Email (Merchant),Unknown,EEA,6,0,6
TECHNICAL ISSUE,API Integration,Standard,Tier 3,Email (Merchant),Unknown,MENA,1,0,1
TECHNICAL ISSUE,API Integration,Standard,Tier 3,Email (Merchant),WW,EEA,1,0,1
TECHNICAL ISSUE,API Integration,Standard,Tier 3,Email (Merchant),WW,MENA,7,0,7
TECHNICAL ISSUE,API Integration,Standard,Tier 3,Fin (Dashboard),GCR,APAC,0,1,1
TECHNICAL ISSUE,API Integration,Standard,Tier 3,Fin (Dashboard),KSA,MENA,1,1,2
TECHNICAL ISSUE,API Integration,Standard,Tier 3,Fin (Dashboard),Northern Europe,EEA,1,0,1
TECHNICAL ISSUE,API Integration,Standard,Tier 3,Fin (Dashboard),Southern Europe,EEA,0,2,2
TECHNICAL ISSUE,API Integration,Standard,Tier 3,Fin (Dashboard),UAE,MENA,0,1,1
TECHNICAL ISSUE,API Integration,Standard,Tier 3,Other,GCR,APAC,3,0,3
TECHNICAL ISSUE,API Integration,Standard,Tier 3,Other,NORAM,NORAM,1,0,1
TECHNICAL ISSUE,API Integration,Standard,Tier 3,Other,UAE,MENA,2,0,2
TECHNICAL ISSUE,API Integration,Standard,Tier 3,Other,UK,EEA,1,0,1
TECHNICAL ISSUE,API Integration,Standard,Tier 3,Other,UK,UK,2,0,2
TECHNICAL ISSUE,API Integration,Standard,Tier 3,Other,WW,MENA,1,0,1
TECHNICAL ISSUE,API Integration,Standard,Tier 3,Webform & API,Central Europe,EEA,3,0,3
TECHNICAL ISSUE,API Integration,Standard,Tier 3,Webform & API,Crypto,Crypto,2,0,2
TECHNICAL ISSUE,API Integration,Standard,Tier 3,Webform & API,EU,EEA,2,0,2
TECHNICAL ISSUE,API Integration,Standard,Tier 3,Webform & API,GCR,APAC,1,0,1
TECHNICAL ISSUE,API Integration,Standard,Tier 3,Webform & API,KSA,MENA,1,0,1
TECHNICAL ISSUE,API Integration,Standard,Tier 3,Webform & API,NORAM,NORAM,8,0,8
TECHNICAL ISSUE,API Integration,Standard,Tier 3,Webform & API,Singapore/ANZ,APAC,1,0,1
TECHNICAL ISSUE,API Integration,Standard,Tier 3,Webform & API,Southern Europe,EEA,3,0,3
TECHNICAL ISSUE,API Integration,Standard,Tier 3,Webform & API,Southern Europe,Mauritius,1,0,1
TECHNICAL ISSUE,API Integration,Standard,Tier 3,Webform & API,UAE,MENA,7,0,7
TECHNICAL ISSUE,API Integration,Standard,Tier 3,Webform & API,UAE,Mauritius,1,0,1
TECHNICAL ISSUE,API Integration,Standard,Tier 3,Webform & API,UK,Crypto,1,0,1
TECHNICAL ISSUE,API Integration,Standard,Tier 3,Webform & API,UK,UK,3,0,3
TECHNICAL ISSUE,API Integration,Standard,Tier 3,Webform & API,Unknown,EEA,1,0,1
TECHNICAL ISSUE,API Integration,Standard,Tier 3,Webform & API,Unknown,UK,1,0,1
TECHNICAL ISSUE,API Integration,Standard,Tier 4,Email (Internal),Central Europe,Mauritius,2,0,2
TECHNICAL ISSUE,API Integration,Standard,Tier 4,Email (Internal),GCR,APAC,1,0,1
TECHNICAL ISSUE,API Integration,Standard,Tier 4,Email (Internal),Mauritius,Mauritius,2,0,2
TECHNICAL ISSUE,API Integration,Standard,Tier 4,Email (Internal),NORAM,Mauritius,3,0,3
TECHNICAL ISSUE,API Integration,Standard,Tier 4,Email (Internal),NORAM,NORAM,1,0,1
TECHNICAL ISSUE,API Integration,Standard,Tier 4,Email (Internal),UAE,MENA,4,0,4
TECHNICAL ISSUE,API Integration,Standard,Tier 4,Email (Internal),UK,Mauritius,1,0,1
TECHNICAL ISSUE,API Integration,Standard,Tier 4,Email (Internal),UK,UK,1,0,1
TECHNICAL ISSUE,API Integration,Standard,Tier 4,Email (Internal),Unknown,APAC,1,0,1
TECHNICAL ISSUE,API Integration,Standard,Tier 4,Email (Internal),Unknown,NORAM,1,0,1
TECHNICAL ISSUE,API Integration,Standard,Tier 4,Email (Internal),Unknown,UK,1,0,1
TECHNICAL ISSUE,API Integration,Standard,Tier 4,Email (Merchant),Central Europe,EEA,3,0,3
TECHNICAL ISSUE,API Integration,Standard,Tier 4,Email (Merchant),Central Europe,Mauritius,1,0,1
TECHNICAL ISSUE,API Integration,Standard,Tier 4,Email (Merchant),Crypto,Crypto,6,0,6
TECHNICAL ISSUE,API Integration,Standard,Tier 4,Email (Merchant),Crypto,Mauritius,1,0,1
TECHNICAL ISSUE,API Integration,Standard,Tier 4,Email (Merchant),GCR,APAC,5,0,5
TECHNICAL ISSUE,API Integration,Standard,Tier 4,Email (Merchant),Issuing,UK,1,0,1
TECHNICAL ISSUE,API Integration,Standard,Tier 4,Email (Merchant),KSA,EEA,2,0,2
TECHNICAL ISSUE,API Integration,Standard,Tier 4,Email (Merchant),Mauritius,Mauritius,6,0,6
TECHNICAL ISSUE,API Integration,Standard,Tier 4,Email (Merchant),NORAM,Mauritius,1,0,1
TECHNICAL ISSUE,API Integration,Standard,Tier 4,Email (Merchant),NORAM,NORAM,5,0,5
TECHNICAL ISSUE,API Integration,Standard,Tier 4,Email (Merchant),NORAM,UK,4,0,4
TECHNICAL ISSUE,API Integration,Standard,Tier 4,Email (Merchant),Northern Europe,Mauritius,1,0,1
TECHNICAL ISSUE,API Integration,Standard,Tier 4,Email (Merchant),Southern Europe,EEA,3,0,3
TECHNICAL ISSUE,API Integration,Standard,Tier 4,Email (Merchant),UAE,MENA,17,0,17
TECHNICAL ISSUE,API Integration,Standard,Tier 4,Email (Merchant),UAE,Mauritius,4,0,4
TECHNICAL ISSUE,API Integration,Standard,Tier 4,Email (Merchant),UK,Mauritius,4,0,4
TECHNICAL ISSUE,API Integration,Standard,Tier 4,Email (Merchant),UK,UK,3,0,3
TECHNICAL ISSUE,API Integration,Standard,Tier 4,Email (Merchant),Unknown,Crypto,2,0,2
TECHNICAL ISSUE,API Integration,Standard,Tier 4,Email (Merchant),Unknown,EEA,1,0,1
TECHNICAL ISSUE,API Integration,Standard,Tier 4,Email (Merchant),Unknown,MENA,2,0,2
TECHNICAL ISSUE,API Integration,Standard,Tier 4,Email (Merchant),Unknown,NORAM,1,0,1
TECHNICAL ISSUE,API Integration,Standard,Tier 4,Email (Merchant),WW,EEA,2,0,2
TECHNICAL ISSUE,API Integration,Standard,Tier 4,Email (Merchant),WW,WW,3,0,3
TECHNICAL ISSUE,API Integration,Standard,Tier 4,Fin (Dashboard),KSA,MENA,0,1,1
TECHNICAL ISSUE,API Integration,Standard,Tier 4,Fin (Dashboard),Mauritius,Mauritius,0,1,1
TECHNICAL ISSUE,API Integration,Standard,Tier 4,Fin (Dashboard),NORAM,NORAM,0,2,2
TECHNICAL ISSUE,API Integration,Standard,Tier 4,Fin (Dashboard),Southern Europe,EEA,0,1,1
TECHNICAL ISSUE,API Integration,Standard,Tier 4,Fin (Dashboard),UAE,MENA,0,2,2
TECHNICAL ISSUE,API Integration,Standard,Tier 4,Fin (Dashboard),UK,MENA,0,1,1
TECHNICAL ISSUE,API Integration,Standard,Tier 4,Fin (Dashboard),UK,UK,0,1,1
TECHNICAL ISSUE,API Integration,Standard,Tier 4,Fin (Dashboard),Unknown,APAC,0,1,1
TECHNICAL ISSUE,API Integration,Standard,Tier 4,Fin (Dashboard),Unknown,Crypto,1,1,2
TECHNICAL ISSUE,API Integration,Standard,Tier 4,Fin (Dashboard),Unknown,UK,1,1,2
TECHNICAL ISSUE,API Integration,Standard,Tier 4,Other,Central Europe,EEA,1,0,1
TECHNICAL ISSUE,API Integration,Standard,Tier 4,Other,Crypto,Crypto,11,0,11
TECHNICAL ISSUE,API Integration,Standard,Tier 4,Other,EU,UK,1,0,1
TECHNICAL ISSUE,API Integration,Standard,Tier 4,Other,GCR,APAC,1,0,1
TECHNICAL ISSUE,API Integration,Standard,Tier 4,Other,Issuing,UK,1,0,1
TECHNICAL ISSUE,API Integration,Standard,Tier 4,Other,Mauritius,Mauritius,3,0,3
TECHNICAL ISSUE,API Integration,Standard,Tier 4,Other,UAE,MENA,16,0,16
TECHNICAL ISSUE,API Integration,Standard,Tier 4,Other,UK,Mauritius,3,0,3
TECHNICAL ISSUE,API Integration,Standard,Tier 4,Other,UK,UK,2,0,2
TECHNICAL ISSUE,API Integration,Standard,Tier 4,Other,Unknown,APAC,2,0,2
TECHNICAL ISSUE,API Integration,Standard,Tier 4,Other,Unknown,MENA,2,0,2
TECHNICAL ISSUE,API Integration,Standard,Tier 4,Other,WW,EEA,2,0,2
TECHNICAL ISSUE,API Integration,Standard,Tier 4,Webform & API,Central Europe,EEA,5,0,5
TECHNICAL ISSUE,API Integration,Standard,Tier 4,Webform & API,Central Europe,Mauritius,1,0,1
TECHNICAL ISSUE,API Integration,Standard,Tier 4,Webform & API,Crypto,Crypto,3,0,3
TECHNICAL ISSUE,API Integration,Standard,Tier 4,Webform & API,EU,Mauritius,2,0,2
TECHNICAL ISSUE,API Integration,Standard,Tier 4,Webform & API,GCR,APAC,2,0,2
TECHNICAL ISSUE,API Integration,Standard,Tier 4,Webform & API,Issuing,UK,4,0,4
TECHNICAL ISSUE,API Integration,Standard,Tier 4,Webform & API,KSA,EEA,1,0,1
TECHNICAL ISSUE,API Integration,Standard,Tier 4,Webform & API,Mauritius,Mauritius,5,0,5
TECHNICAL ISSUE,API Integration,Standard,Tier 4,Webform & API,NORAM,Mauritius,1,0,1
TECHNICAL ISSUE,API Integration,Standard,Tier 4,Webform & API,NORAM,NORAM,7,0,7
TECHNICAL ISSUE,API Integration,Standard,Tier 4,Webform & API,NORAM,UK,5,0,5
TECHNICAL ISSUE,API Integration,Standard,Tier 4,Webform & API,Southern Europe,EEA,3,0,3
TECHNICAL ISSUE,API Integration,Standard,Tier 4,Webform & API,UAE,MENA,11,0,11
TECHNICAL ISSUE,API Integration,Standard,Tier 4,Webform & API,UAE,Mauritius,1,0,1
TECHNICAL ISSUE,API Integration,Standard,Tier 4,Webform & API,UK,Mauritius,6,0,6
TECHNICAL ISSUE,API Integration,Standard,Tier 4,Webform & API,UK,UK,9,0,9
TECHNICAL ISSUE,API Integration,Standard,Tier 4,Webform & API,Unknown,APAC,2,0,2
TECHNICAL ISSUE,API Integration,Standard,Tier 4,Webform & API,Unknown,Crypto,2,0,2
TECHNICAL ISSUE,API Integration,Standard,Tier 4,Webform & API,Unknown,MENA,1,0,1
TECHNICAL ISSUE,API Integration,Standard,Tier 4,Webform & API,Unknown,NORAM,1,0,1
TECHNICAL ISSUE,API Integration,Standard,Tier 4,Webform & API,Unknown,UK,1,0,1
TECHNICAL ISSUE,API Integration,Standard,Tier 4,Webform & API,WW,EEA,2,0,2
TECHNICAL ISSUE,API Integration,Standard,Tier 4,Webform & API,WW,WW,2,0,2
TECHNICAL ISSUE,API Integration,Standard,Unknown,Email (Merchant),Northern Europe,EEA,1,0,1
TECHNICAL ISSUE,API Integration,Standard,Unknown,Fin (Dashboard),UK,UK,0,1,1
TECHNICAL ISSUE,API Integration,Unmapped,Unknown,Email (Internal),Unknown,Unknown,12,0,12
TECHNICAL ISSUE,API Integration,Unmapped,Unknown,Email (Merchant),Unknown,Unknown,47,0,47
TECHNICAL ISSUE,API Integration,Unmapped,Unknown,Fin (Dashboard),Unknown,Unknown,1,1,2
TECHNICAL ISSUE,API Integration,Unmapped,Unknown,Other,Unknown,Unknown,18,0,18
TECHNICAL ISSUE,Environment,Enterprise,Tier 1,Email (Internal),Crypto,Crypto,2,0,2
TECHNICAL ISSUE,Environment,Enterprise,Tier 1,Email (Internal),UAE,MENA,1,0,1
TECHNICAL ISSUE,Environment,Enterprise,Tier 1,Email (Internal),UK,UK,1,0,1
TECHNICAL ISSUE,Environment,Enterprise,Tier 1,Email (Internal),WW,EEA,1,0,1
TECHNICAL ISSUE,Environment,Enterprise,Tier 1,Email (Internal),WW,Mauritius,1,0,1
TECHNICAL ISSUE,Environment,Enterprise,Tier 1,Email (Merchant),Crypto,Crypto,2,0,2
TECHNICAL ISSUE,Environment,Enterprise,Tier 1,Email (Merchant),Singapore/ANZ,APAC,1,0,1
TECHNICAL ISSUE,Environment,Enterprise,Tier 1,Email (Merchant),UAE,MENA,3,0,3
TECHNICAL ISSUE,Environment,Enterprise,Tier 1,Email (Merchant),UK,UK,4,0,4
TECHNICAL ISSUE,Environment,Enterprise,Tier 1,Email (Merchant),WW,MENA,2,0,2
TECHNICAL ISSUE,Environment,Enterprise,Tier 1,Email (Merchant),WW,Mauritius,3,0,3
TECHNICAL ISSUE,Environment,Enterprise,Tier 1,Email (Merchant),WW,UK,2,0,2
TECHNICAL ISSUE,Environment,Enterprise,Tier 1,Fin (Dashboard),GCR,APAC,0,1,1
TECHNICAL ISSUE,Environment,Enterprise,Tier 1,Other,WW,EEA,1,0,1
TECHNICAL ISSUE,Environment,Enterprise,Tier 1,Webform & API,NORAM,NORAM,1,0,1
TECHNICAL ISSUE,Environment,Enterprise,Tier 1,Webform & API,WW,Mauritius,1,0,1
TECHNICAL ISSUE,Environment,Enterprise,Tier 2,Email (Internal),Central Europe,EEA,1,0,1
TECHNICAL ISSUE,Environment,Enterprise,Tier 2,Email (Internal),Crypto,Crypto,2,0,2
TECHNICAL ISSUE,Environment,Enterprise,Tier 2,Email (Internal),KSA,EEA,2,0,2
TECHNICAL ISSUE,Environment,Enterprise,Tier 2,Email (Internal),UAE,MENA,1,0,1
TECHNICAL ISSUE,Environment,Enterprise,Tier 2,Email (Internal),UK,UK,1,0,1
TECHNICAL ISSUE,Environment,Enterprise,Tier 2,Email (Internal),Unknown,EEA,2,0,2
TECHNICAL ISSUE,Environment,Enterprise,Tier 2,Email (Internal),WW,EEA,1,0,1
TECHNICAL ISSUE,Environment,Enterprise,Tier 2,Email (Merchant),Central Europe,EEA,2,0,2
TECHNICAL ISSUE,Environment,Enterprise,Tier 2,Email (Merchant),Crypto,Crypto,7,0,7
TECHNICAL ISSUE,Environment,Enterprise,Tier 2,Email (Merchant),NORAM,Israel,1,0,1
TECHNICAL ISSUE,Environment,Enterprise,Tier 2,Email (Merchant),NORAM,NORAM,1,0,1
TECHNICAL ISSUE,Environment,Enterprise,Tier 2,Email (Merchant),NORAM,UK,1,0,1
TECHNICAL ISSUE,Environment,Enterprise,Tier 2,Email (Merchant),UAE,MENA,14,0,14
TECHNICAL ISSUE,Environment,Enterprise,Tier 2,Email (Merchant),UK,UK,5,0,5
TECHNICAL ISSUE,Environment,Enterprise,Tier 2,Email (Merchant),Unknown,NORAM,8,0,8
TECHNICAL ISSUE,Environment,Enterprise,Tier 2,Email (Merchant),WW,MENA,1,0,1
TECHNICAL ISSUE,Environment,Enterprise,Tier 2,Webform & API,UAE,MENA,3,0,3
TECHNICAL ISSUE,Environment,Enterprise,Tier 2,Webform & API,UK,UK,2,0,2
TECHNICAL ISSUE,Environment,Enterprise,Tier 2,Webform & API,WW,EEA,3,0,3
TECHNICAL ISSUE,Environment,Enterprise,Tier 3,Email (Internal),UAE,MENA,1,0,1
TECHNICAL ISSUE,Environment,Enterprise,Tier 3,Email (Merchant),UAE,MENA,3,0,3
TECHNICAL ISSUE,Environment,Enterprise,Tier 3,Email (Merchant),WW,Israel,1,0,1
TECHNICAL ISSUE,Environment,Enterprise,Tier 3,Webform & API,UK,UK,2,0,2
TECHNICAL ISSUE,Environment,Premium,Tier 1,Email (Internal),Crypto,Crypto,2,0,2
TECHNICAL ISSUE,Environment,Premium,Tier 1,Email (Internal),GCR,APAC,1,0,1
TECHNICAL ISSUE,Environment,Premium,Tier 1,Email (Internal),NORAM,UK,1,0,1
TECHNICAL ISSUE,Environment,Premium,Tier 1,Email (Internal),UAE,MENA,2,0,2
TECHNICAL ISSUE,Environment,Premium,Tier 1,Email (Internal),UK,Crypto,1,0,1
TECHNICAL ISSUE,Environment,Premium,Tier 1,Email (Internal),WW,UK,1,0,1
TECHNICAL ISSUE,Environment,Premium,Tier 1,Email (Internal),WW,WW,1,0,1
TECHNICAL ISSUE,Environment,Premium,Tier 1,Email (Merchant),Crypto,Crypto,3,0,3
TECHNICAL ISSUE,Environment,Premium,Tier 1,Email (Merchant),NORAM,Israel,1,0,1
TECHNICAL ISSUE,Environment,Premium,Tier 1,Email (Merchant),NORAM,UK,2,0,2
TECHNICAL ISSUE,Environment,Premium,Tier 1,Email (Merchant),UAE,MENA,2,0,2
TECHNICAL ISSUE,Environment,Premium,Tier 1,Email (Merchant),Unknown,Crypto,1,0,1
TECHNICAL ISSUE,Environment,Premium,Tier 1,Email (Merchant),WW,EEA,1,0,1
TECHNICAL ISSUE,Environment,Premium,Tier 1,Other,Southern Europe,EEA,1,0,1
TECHNICAL ISSUE,Environment,Premium,Tier 1,Webform & API,WW,EEA,1,0,1
TECHNICAL ISSUE,Environment,Standard,Tier 2,Email (Internal),UK,UK,1,0,1
TECHNICAL ISSUE,Environment,Standard,Tier 2,Email (Merchant),UK,UK,1,0,1
TECHNICAL ISSUE,Environment,Standard,Tier 3,Email (Internal),GCR,APAC,2,0,2
TECHNICAL ISSUE,Environment,Standard,Tier 3,Email (Internal),KSA,EEA,1,0,1
TECHNICAL ISSUE,Environment,Standard,Tier 3,Email (Internal),NORAM,UK,1,0,1
TECHNICAL ISSUE,Environment,Standard,Tier 3,Email (Internal),Singapore/ANZ,NORAM,1,0,1
TECHNICAL ISSUE,Environment,Standard,Tier 3,Email (Internal),UK,Mauritius,1,0,1
TECHNICAL ISSUE,Environment,Standard,Tier 3,Email (Internal),Unknown,EEA,1,0,1
TECHNICAL ISSUE,Environment,Standard,Tier 3,Email (Internal),Unknown,UK,1,0,1
TECHNICAL ISSUE,Environment,Standard,Tier 3,Email (Merchant),Crypto,Crypto,2,0,2
TECHNICAL ISSUE,Environment,Standard,Tier 3,Email (Merchant),Crypto,EEA,1,0,1
TECHNICAL ISSUE,Environment,Standard,Tier 3,Email (Merchant),Mauritius,NORAM,1,0,1
TECHNICAL ISSUE,Environment,Standard,Tier 3,Email (Merchant),NORAM,Crypto,1,0,1
TECHNICAL ISSUE,Environment,Standard,Tier 3,Email (Merchant),NORAM,MENA,1,0,1
TECHNICAL ISSUE,Environment,Standard,Tier 3,Email (Merchant),NORAM,NORAM,1,0,1
TECHNICAL ISSUE,Environment,Standard,Tier 3,Email (Merchant),Singapore/ANZ,NORAM,1,0,1
TECHNICAL ISSUE,Environment,Standard,Tier 3,Email (Merchant),Southern Europe,EEA,1,0,1
TECHNICAL ISSUE,Environment,Standard,Tier 3,Email (Merchant),UAE,MENA,17,0,17
TECHNICAL ISSUE,Environment,Standard,Tier 3,Email (Merchant),UAE,Unknown,1,0,1
TECHNICAL ISSUE,Environment,Standard,Tier 3,Email (Merchant),UK,UK,1,0,1
TECHNICAL ISSUE,Environment,Standard,Tier 3,Email (Merchant),Unknown,EEA,4,0,4
TECHNICAL ISSUE,Environment,Standard,Tier 3,Email (Merchant),WW,MENA,6,0,6
TECHNICAL ISSUE,Environment,Standard,Tier 3,Fin (Dashboard),UAE,MENA,0,2,2
TECHNICAL ISSUE,Environment,Standard,Tier 3,Fin (Dashboard),UK,UK,0,1,1
TECHNICAL ISSUE,Environment,Standard,Tier 3,Other,NORAM,NORAM,2,0,2
TECHNICAL ISSUE,Environment,Standard,Tier 3,Other,UK,UK,1,0,1
TECHNICAL ISSUE,Environment,Standard,Tier 3,Other,WW,MENA,1,0,1
TECHNICAL ISSUE,Environment,Standard,Tier 3,Webform & API,EU,EEA,2,0,2
TECHNICAL ISSUE,Environment,Standard,Tier 3,Webform & API,Issuing,EEA,2,0,2
TECHNICAL ISSUE,Environment,Standard,Tier 3,Webform & API,NORAM,Crypto,1,0,1
TECHNICAL ISSUE,Environment,Standard,Tier 3,Webform & API,NORAM,NORAM,1,0,1
TECHNICAL ISSUE,Environment,Standard,Tier 3,Webform & API,Southern Europe,EEA,1,0,1
TECHNICAL ISSUE,Environment,Standard,Tier 3,Webform & API,UAE,MENA,3,0,3
TECHNICAL ISSUE,Environment,Standard,Tier 3,Webform & API,UK,NORAM,1,0,1
TECHNICAL ISSUE,Environment,Standard,Tier 3,Webform & API,Unknown,MENA,1,0,1
TECHNICAL ISSUE,Environment,Standard,Tier 3,Webform & API,Unknown,Unknown,1,0,1
TECHNICAL ISSUE,Environment,Standard,Tier 4,Email (Internal),Mauritius,Mauritius,1,0,1
TECHNICAL ISSUE,Environment,Standard,Tier 4,Email (Internal),NORAM,Mauritius,2,0,2
TECHNICAL ISSUE,Environment,Standard,Tier 4,Email (Internal),UAE,MENA,1,0,1
TECHNICAL ISSUE,Environment,Standard,Tier 4,Email (Internal),Unknown,Mauritius,1,0,1
TECHNICAL ISSUE,Environment,Standard,Tier 4,Email (Merchant),Crypto,APAC,4,0,4
TECHNICAL ISSUE,Environment,Standard,Tier 4,Email (Merchant),Crypto,Crypto,2,0,2
TECHNICAL ISSUE,Environment,Standard,Tier 4,Email (Merchant),EU,UK,1,0,1
TECHNICAL ISSUE,Environment,Standard,Tier 4,Email (Merchant),GCR,APAC,3,0,3
TECHNICAL ISSUE,Environment,Standard,Tier 4,Email (Merchant),Mauritius,Mauritius,9,0,9
TECHNICAL ISSUE,Environment,Standard,Tier 4,Email (Merchant),NORAM,Mauritius,2,0,2
TECHNICAL ISSUE,Environment,Standard,Tier 4,Email (Merchant),NORAM,NORAM,1,0,1
TECHNICAL ISSUE,Environment,Standard,Tier 4,Email (Merchant),UAE,EEA,1,0,1
TECHNICAL ISSUE,Environment,Standard,Tier 4,Email (Merchant),UAE,MENA,14,0,14
TECHNICAL ISSUE,Environment,Standard,Tier 4,Email (Merchant),UK,MENA,2,0,2
TECHNICAL ISSUE,Environment,Standard,Tier 4,Email (Merchant),UK,Mauritius,3,0,3
TECHNICAL ISSUE,Environment,Standard,Tier 4,Email (Merchant),UK,UK,2,0,2
TECHNICAL ISSUE,Environment,Standard,Tier 4,Email (Merchant),Unknown,Crypto,4,0,4
TECHNICAL ISSUE,Environment,Standard,Tier 4,Email (Merchant),Unknown,EEA,2,0,2
TECHNICAL ISSUE,Environment,Standard,Tier 4,Email (Merchant),Unknown,MENA,3,0,3
TECHNICAL ISSUE,Environment,Standard,Tier 4,Email (Merchant),Unknown,Mauritius,1,0,1
TECHNICAL ISSUE,Environment,Standard,Tier 4,Email (Merchant),Unknown,NORAM,1,0,1
TECHNICAL ISSUE,Environment,Standard,Tier 4,Email (Merchant),Unknown,UK,2,0,2
TECHNICAL ISSUE,Environment,Standard,Tier 4,Email (Merchant),WW,WW,2,0,2
TECHNICAL ISSUE,Environment,Standard,Tier 4,Fin (Dashboard),NORAM,NORAM,0,1,1
TECHNICAL ISSUE,Environment,Standard,Tier 4,Fin (Dashboard),UAE,MENA,0,1,1
TECHNICAL ISSUE,Environment,Standard,Tier 4,Fin (Dashboard),UK,Mauritius,0,1,1
TECHNICAL ISSUE,Environment,Standard,Tier 4,Fin (Dashboard),UK,UK,0,1,1
TECHNICAL ISSUE,Environment,Standard,Tier 4,Fin (Dashboard),Unknown,APAC,0,1,1
TECHNICAL ISSUE,Environment,Standard,Tier 4,Fin (Dashboard),Unknown,Crypto,2,1,3
TECHNICAL ISSUE,Environment,Standard,Tier 4,Fin (Dashboard),Unknown,UK,0,2,2
TECHNICAL ISSUE,Environment,Standard,Tier 4,Other,Crypto,Crypto,5,0,5
TECHNICAL ISSUE,Environment,Standard,Tier 4,Other,UAE,MENA,2,0,2
TECHNICAL ISSUE,Environment,Standard,Tier 4,Other,UK,UK,1,0,1
TECHNICAL ISSUE,Environment,Standard,Tier 4,Other,Unknown,Crypto,1,0,1
TECHNICAL ISSUE,Environment,Standard,Tier 4,Other,Unknown,Mauritius,2,0,2
TECHNICAL ISSUE,Environment,Standard,Tier 4,Webform & API,Crypto,APAC,2,0,2
TECHNICAL ISSUE,Environment,Standard,Tier 4,Webform & API,GCR,APAC,4,0,4
TECHNICAL ISSUE,Environment,Standard,Tier 4,Webform & API,Mauritius,Mauritius,2,0,2
TECHNICAL ISSUE,Environment,Standard,Tier 4,Webform & API,NORAM,Mauritius,4,0,4
TECHNICAL ISSUE,Environment,Standard,Tier 4,Webform & API,NORAM,UK,1,0,1
TECHNICAL ISSUE,Environment,Standard,Tier 4,Webform & API,UAE,MENA,8,0,8
TECHNICAL ISSUE,Environment,Standard,Tier 4,Webform & API,UK,Mauritius,1,0,1
TECHNICAL ISSUE,Environment,Standard,Tier 4,Webform & API,UK,UK,6,0,6
TECHNICAL ISSUE,Environment,Standard,Tier 4,Webform & API,Unknown,APAC,1,0,1
TECHNICAL ISSUE,Environment,Standard,Tier 4,Webform & API,Unknown,Crypto,1,0,1
TECHNICAL ISSUE,Environment,Standard,Tier 4,Webform & API,Unknown,EEA,1,0,1
TECHNICAL ISSUE,Environment,Standard,Tier 4,Webform & API,Unknown,MENA,1,0,1
TECHNICAL ISSUE,Environment,Standard,Tier 4,Webform & API,Unknown,Mauritius,1,0,1
TECHNICAL ISSUE,Environment,Standard,Tier 4,Webform & API,Unknown,UK,1,0,1
TECHNICAL ISSUE,Environment,Standard,Tier 4,Webform & API,WW,Mauritius,1,0,1
TECHNICAL ISSUE,Environment,Standard,Unknown,Webform & API,Mauritius,Mauritius,1,0,1
TECHNICAL ISSUE,Environment,Unmapped,Unknown,Email (Internal),Unknown,Unknown,15,0,15
TECHNICAL ISSUE,Environment,Unmapped,Unknown,Email (Merchant),Unknown,Unknown,41,0,41
TECHNICAL ISSUE,Environment,Unmapped,Unknown,Fin (Dashboard),Unknown,Unknown,0,1,1
TECHNICAL ISSUE,Environment,Unmapped,Unknown,Other,Unknown,Unknown,11,0,11
TECHNICAL ISSUE,Environment,Unmapped,Unknown,Webform & API,Unknown,Unknown,8,0,8
TECHNICAL ISSUE,Integration methods,Enterprise,Tier 1,Email (Internal),Crypto,Crypto,6,0,6
TECHNICAL ISSUE,Integration methods,Enterprise,Tier 1,Email (Internal),Crypto,EEA,1,0,1
TECHNICAL ISSUE,Integration methods,Enterprise,Tier 1,Email (Internal),EU,EEA,1,0,1
TECHNICAL ISSUE,Integration methods,Enterprise,Tier 1,Email (Internal),NORAM,Crypto,1,0,1
TECHNICAL ISSUE,Integration methods,Enterprise,Tier 1,Email (Internal),NORAM,UK,1,0,1
TECHNICAL ISSUE,Integration methods,Enterprise,Tier 1,Email (Internal),Southern Europe,EEA,1,0,1
TECHNICAL ISSUE,Integration methods,Enterprise,Tier 1,Email (Internal),UAE,MENA,3,0,3
TECHNICAL ISSUE,Integration methods,Enterprise,Tier 1,Email (Internal),UK,APAC,1,0,1
TECHNICAL ISSUE,Integration methods,Enterprise,Tier 1,Email (Internal),UK,EEA,1,0,1
TECHNICAL ISSUE,Integration methods,Enterprise,Tier 1,Email (Internal),UK,UK,1,0,1
TECHNICAL ISSUE,Integration methods,Enterprise,Tier 1,Email (Merchant),Crypto,Crypto,2,0,2
TECHNICAL ISSUE,Integration methods,Enterprise,Tier 1,Email (Merchant),NORAM,UK,2,0,2
TECHNICAL ISSUE,Integration methods,Enterprise,Tier 1,Email (Merchant),UAE,MENA,6,0,6
TECHNICAL ISSUE,Integration methods,Enterprise,Tier 1,Email (Merchant),UK,APAC,1,0,1
TECHNICAL ISSUE,Integration methods,Enterprise,Tier 1,Email (Merchant),UK,Crypto,2,0,2
TECHNICAL ISSUE,Integration methods,Enterprise,Tier 1,Email (Merchant),UK,UK,1,0,1
TECHNICAL ISSUE,Integration methods,Enterprise,Tier 1,Email (Merchant),WW,EEA,1,0,1
TECHNICAL ISSUE,Integration methods,Enterprise,Tier 1,Email (Merchant),WW,MENA,8,0,8
TECHNICAL ISSUE,Integration methods,Enterprise,Tier 1,Email (Merchant),WW,UK,3,0,3
TECHNICAL ISSUE,Integration methods,Enterprise,Tier 1,Fin (Dashboard),UK,UK,0,1,1
TECHNICAL ISSUE,Integration methods,Enterprise,Tier 1,Other,Crypto,Crypto,2,0,2
TECHNICAL ISSUE,Integration methods,Enterprise,Tier 1,Other,Crypto,EEA,1,0,1
TECHNICAL ISSUE,Integration methods,Enterprise,Tier 1,Webform & API,NORAM,NORAM,2,0,2
TECHNICAL ISSUE,Integration methods,Enterprise,Tier 1,Webform & API,UAE,MENA,2,0,2
TECHNICAL ISSUE,Integration methods,Enterprise,Tier 1,Webform & API,UK,UK,1,0,1
TECHNICAL ISSUE,Integration methods,Enterprise,Tier 1,Webform & API,Unknown,NORAM,1,0,1
TECHNICAL ISSUE,Integration methods,Enterprise,Tier 2,Email (Internal),Crypto,APAC,1,0,1
TECHNICAL ISSUE,Integration methods,Enterprise,Tier 2,Email (Internal),Crypto,Crypto,1,0,1
TECHNICAL ISSUE,Integration methods,Enterprise,Tier 2,Email (Internal),NORAM,EEA,1,0,1
TECHNICAL ISSUE,Integration methods,Enterprise,Tier 2,Email (Internal),NORAM,UK,3,0,3
TECHNICAL ISSUE,Integration methods,Enterprise,Tier 2,Email (Internal),Singapore/ANZ,APAC,1,0,1
TECHNICAL ISSUE,Integration methods,Enterprise,Tier 2,Email (Internal),Southern Europe,EEA,4,0,4
TECHNICAL ISSUE,Integration methods,Enterprise,Tier 2,Email (Internal),UAE,MENA,2,0,2
TECHNICAL ISSUE,Integration methods,Enterprise,Tier 2,Email (Internal),UK,UK,2,0,2
TECHNICAL ISSUE,Integration methods,Enterprise,Tier 2,Email (Internal),Unknown,EEA,1,0,1
TECHNICAL ISSUE,Integration methods,Enterprise,Tier 2,Email (Internal),Unknown,UK,1,0,1
TECHNICAL ISSUE,Integration methods,Enterprise,Tier 2,Email (Merchant),Central Europe,EEA,5,0,5
TECHNICAL ISSUE,Integration methods,Enterprise,Tier 2,Email (Merchant),Crypto,Crypto,7,0,7
TECHNICAL ISSUE,Integration methods,Enterprise,Tier 2,Email (Merchant),EU,EEA,1,0,1
TECHNICAL ISSUE,Integration methods,Enterprise,Tier 2,Email (Merchant),KSA,EEA,1,0,1
TECHNICAL ISSUE,Integration methods,Enterprise,Tier 2,Email (Merchant),NORAM,Crypto,3,0,3
TECHNICAL ISSUE,Integration methods,Enterprise,Tier 2,Email (Merchant),NORAM,Israel,2,0,2
TECHNICAL ISSUE,Integration methods,Enterprise,Tier 2,Email (Merchant),NORAM,UK,1,0,1
TECHNICAL ISSUE,Integration methods,Enterprise,Tier 2,Email (Merchant),UAE,MENA,16,0,16
TECHNICAL ISSUE,Integration methods,Enterprise,Tier 2,Email (Merchant),UK,UK,14,0,14
TECHNICAL ISSUE,Integration methods,Enterprise,Tier 2,Email (Merchant),Unknown,EEA,1,0,1
TECHNICAL ISSUE,Integration methods,Enterprise,Tier 2,Email (Merchant),Unknown,NORAM,6,0,6
TECHNICAL ISSUE,Integration methods,Enterprise,Tier 2,Email (Merchant),Unknown,UK,3,0,3
TECHNICAL ISSUE,Integration methods,Enterprise,Tier 2,Email (Merchant),WW,EEA,1,0,1
TECHNICAL ISSUE,Integration methods,Enterprise,Tier 2,Email (Merchant),WW,MENA,1,0,1
TECHNICAL ISSUE,Integration methods,Enterprise,Tier 2,Fin (Dashboard),Crypto,Crypto,0,1,1
TECHNICAL ISSUE,Integration methods,Enterprise,Tier 2,Fin (Dashboard),NORAM,UK,0,1,1
TECHNICAL ISSUE,Integration methods,Enterprise,Tier 2,Fin (Dashboard),Southern Europe,EEA,0,1,1
TECHNICAL ISSUE,Integration methods,Enterprise,Tier 2,Fin (Dashboard),UK,UK,0,1,1
TECHNICAL ISSUE,Integration methods,Enterprise,Tier 2,Other,Southern Europe,EEA,1,0,1
TECHNICAL ISSUE,Integration methods,Enterprise,Tier 2,Other,UAE,MENA,2,0,2
TECHNICAL ISSUE,Integration methods,Enterprise,Tier 2,Other,UK,UK,1,0,1
TECHNICAL ISSUE,Integration methods,Enterprise,Tier 2,Webform & API,Crypto,APAC,2,0,2
TECHNICAL ISSUE,Integration methods,Enterprise,Tier 2,Webform & API,EU,EEA,1,0,1
TECHNICAL ISSUE,Integration methods,Enterprise,Tier 2,Webform & API,NORAM,UK,1,0,1
TECHNICAL ISSUE,Integration methods,Enterprise,Tier 2,Webform & API,Singapore/ANZ,APAC,1,0,1
TECHNICAL ISSUE,Integration methods,Enterprise,Tier 2,Webform & API,UAE,MENA,2,0,2
TECHNICAL ISSUE,Integration methods,Enterprise,Tier 2,Webform & API,UK,UK,2,0,2
TECHNICAL ISSUE,Integration methods,Enterprise,Tier 2,Webform & API,Unknown,Crypto,1,0,1
TECHNICAL ISSUE,Integration methods,Enterprise,Tier 2,Webform & API,WW,EEA,1,0,1
TECHNICAL ISSUE,Integration methods,Enterprise,Tier 3,Email (Internal),Central Europe,EEA,1,0,1
TECHNICAL ISSUE,Integration methods,Enterprise,Tier 3,Email (Internal),Central Europe,MENA,1,0,1
TECHNICAL ISSUE,Integration methods,Enterprise,Tier 3,Email (Internal),GCR,APAC,1,0,1
TECHNICAL ISSUE,Integration methods,Enterprise,Tier 3,Email (Internal),UAE,MENA,1,0,1
TECHNICAL ISSUE,Integration methods,Enterprise,Tier 3,Email (Merchant),GCR,APAC,2,0,2
TECHNICAL ISSUE,Integration methods,Enterprise,Tier 3,Email (Merchant),UAE,MENA,3,0,3
TECHNICAL ISSUE,Integration methods,Enterprise,Tier 3,Email (Merchant),UK,UK,2,0,2
TECHNICAL ISSUE,Integration methods,Enterprise,Tier 3,Email (Merchant),WW,EEA,1,0,1
TECHNICAL ISSUE,Integration methods,Enterprise,Tier 3,Email (Merchant),WW,Israel,1,0,1
TECHNICAL ISSUE,Integration methods,Enterprise,Tier 3,Fin (Dashboard),UAE,MENA,0,1,1
TECHNICAL ISSUE,Integration methods,Enterprise,Tier 3,Fin (Dashboard),UK,UK,1,0,1
TECHNICAL ISSUE,Integration methods,Enterprise,Tier 3,Other,UAE,MENA,11,0,11
TECHNICAL ISSUE,Integration methods,Enterprise,Tier 3,Webform & API,UK,UK,2,0,2
TECHNICAL ISSUE,Integration methods,Enterprise,Tier 4,Email (Internal),UAE,MENA,1,0,1
TECHNICAL ISSUE,Integration methods,Enterprise,Tier 4,Email (Merchant),UAE,MENA,12,0,12
TECHNICAL ISSUE,Integration methods,Enterprise,Tier 4,Webform & API,UAE,MENA,3,0,3
TECHNICAL ISSUE,Integration methods,Enterprise,Unknown,Fin (Dashboard),Northern Europe,EEA,0,2,2
TECHNICAL ISSUE,Integration methods,Premium,Tier 1,Email (Internal),Crypto,Crypto,4,0,4
TECHNICAL ISSUE,Integration methods,Premium,Tier 1,Email (Internal),UAE,MENA,1,0,1
TECHNICAL ISSUE,Integration methods,Premium,Tier 1,Email (Internal),WW,MENA,1,0,1
TECHNICAL ISSUE,Integration methods,Premium,Tier 1,Email (Merchant),Crypto,Crypto,2,0,2
TECHNICAL ISSUE,Integration methods,Premium,Tier 1,Email (Merchant),NORAM,Israel,1,0,1
TECHNICAL ISSUE,Integration methods,Premium,Tier 1,Email (Merchant),NORAM,UK,3,0,3
TECHNICAL ISSUE,Integration methods,Premium,Tier 1,Email (Merchant),UAE,MENA,3,0,3
TECHNICAL ISSUE,Integration methods,Premium,Tier 1,Other,GCR,APAC,1,0,1
TECHNICAL ISSUE,Integration methods,Premium,Tier 1,Other,WW,EEA,1,0,1
TECHNICAL ISSUE,Integration methods,Premium,Tier 1,Webform & API,UAE,WW,1,0,1
TECHNICAL ISSUE,Integration methods,Premium,Tier 1,Webform & API,UK,EEA,1,0,1
TECHNICAL ISSUE,Integration methods,Premium,Tier 1,Webform & API,UK,UK,1,0,1
TECHNICAL ISSUE,Integration methods,Standard,Tier 2,Email (Internal),UK,UK,1,0,1
TECHNICAL ISSUE,Integration methods,Standard,Tier 2,Email (Merchant),Crypto,Crypto,4,0,4
TECHNICAL ISSUE,Integration methods,Standard,Tier 2,Email (Merchant),GCR,Crypto,1,0,1
TECHNICAL ISSUE,Integration methods,Standard,Tier 2,Email (Merchant),NORAM,NORAM,2,0,2
TECHNICAL ISSUE,Integration methods,Standard,Tier 2,Email (Merchant),NORAM,UK,2,0,2
TECHNICAL ISSUE,Integration methods,Standard,Tier 2,Email (Merchant),WW,UK,1,0,1
TECHNICAL ISSUE,Integration methods,Standard,Tier 2,Webform & API,Crypto,Crypto,1,0,1
TECHNICAL ISSUE,Integration methods,Standard,Tier 2,Webform & API,NORAM,NORAM,1,0,1
TECHNICAL ISSUE,Integration methods,Standard,Tier 2,Webform & API,UK,UK,1,0,1
TECHNICAL ISSUE,Integration methods,Standard,Tier 3,Email (Internal),Central Europe,EEA,3,0,3
TECHNICAL ISSUE,Integration methods,Standard,Tier 3,Email (Internal),Central Europe,Mauritius,1,0,1
TECHNICAL ISSUE,Integration methods,Standard,Tier 3,Email (Internal),Crypto,APAC,1,0,1
TECHNICAL ISSUE,Integration methods,Standard,Tier 3,Email (Internal),Crypto,Crypto,2,0,2
TECHNICAL ISSUE,Integration methods,Standard,Tier 3,Email (Internal),Northern Europe,EEA,4,0,4
TECHNICAL ISSUE,Integration methods,Standard,Tier 3,Email (Internal),Singapore/ANZ,APAC,1,0,1
TECHNICAL ISSUE,Integration methods,Standard,Tier 3,Email (Internal),Southern Europe,EEA,1,0,1
TECHNICAL ISSUE,Integration methods,Standard,Tier 3,Email (Internal),UAE,APAC,1,0,1
TECHNICAL ISSUE,Integration methods,Standard,Tier 3,Email (Internal),UAE,MENA,13,0,13
TECHNICAL ISSUE,Integration methods,Standard,Tier 3,Email (Internal),UAE,Mauritius,1,0,1
TECHNICAL ISSUE,Integration methods,Standard,Tier 3,Email (Internal),UK,EEA,1,0,1
TECHNICAL ISSUE,Integration methods,Standard,Tier 3,Email (Internal),UK,UK,1,0,1
TECHNICAL ISSUE,Integration methods,Standard,Tier 3,Email (Internal),Unknown,Crypto,1,0,1
TECHNICAL ISSUE,Integration methods,Standard,Tier 3,Email (Internal),Unknown,EEA,3,0,3
TECHNICAL ISSUE,Integration methods,Standard,Tier 3,Email (Internal),Unknown,Mauritius,2,0,2
TECHNICAL ISSUE,Integration methods,Standard,Tier 3,Email (Internal),Unknown,UK,2,0,2
TECHNICAL ISSUE,Integration methods,Standard,Tier 3,Email (Internal),Unknown,Unknown,1,0,1
TECHNICAL ISSUE,Integration methods,Standard,Tier 3,Email (Merchant),Central Europe,EEA,8,0,8
TECHNICAL ISSUE,Integration methods,Standard,Tier 3,Email (Merchant),Crypto,Crypto,7,0,7
TECHNICAL ISSUE,Integration methods,Standard,Tier 3,Email (Merchant),Crypto,EEA,1,0,1
TECHNICAL ISSUE,Integration methods,Standard,Tier 3,Email (Merchant),GCR,APAC,7,0,7
TECHNICAL ISSUE,Integration methods,Standard,Tier 3,Email (Merchant),Northern Europe,EEA,3,0,3
TECHNICAL ISSUE,Integration methods,Standard,Tier 3,Email (Merchant),Singapore/ANZ,NORAM,5,0,5
TECHNICAL ISSUE,Integration methods,Standard,Tier 3,Email (Merchant),Southern Europe,EEA,4,0,4
TECHNICAL ISSUE,Integration methods,Standard,Tier 3,Email (Merchant),UAE,MENA,34,0,34
TECHNICAL ISSUE,Integration methods,Standard,Tier 3,Email (Merchant),UK,NORAM,1,0,1
TECHNICAL ISSUE,Integration methods,Standard,Tier 3,Email (Merchant),UK,UK,8,0,8
TECHNICAL ISSUE,Integration methods,Standard,Tier 3,Email (Merchant),Ubble,EEA,2,0,2
TECHNICAL ISSUE,Integration methods,Standard,Tier 3,Email (Merchant),Unknown,Crypto,2,0,2
TECHNICAL ISSUE,Integration methods,Standard,Tier 3,Email (Merchant),Unknown,EEA,10,0,10
TECHNICAL ISSUE,Integration methods,Standard,Tier 3,Email (Merchant),Unknown,MENA,1,0,1
TECHNICAL ISSUE,Integration methods,Standard,Tier 3,Email (Merchant),Unknown,NORAM,1,0,1
TECHNICAL ISSUE,Integration methods,Standard,Tier 3,Email (Merchant),Unknown,UK,2,0,2
TECHNICAL ISSUE,Integration methods,Standard,Tier 3,Email (Merchant),WW,MENA,13,0,13
TECHNICAL ISSUE,Integration methods,Standard,Tier 3,Fin (Dashboard),Central Europe,EEA,0,1,1
TECHNICAL ISSUE,Integration methods,Standard,Tier 3,Fin (Dashboard),GCR,APAC,1,0,1
TECHNICAL ISSUE,Integration methods,Standard,Tier 3,Fin (Dashboard),KSA,MENA,0,2,2
TECHNICAL ISSUE,Integration methods,Standard,Tier 3,Fin (Dashboard),Singapore/ANZ,NORAM,1,1,2
TECHNICAL ISSUE,Integration methods,Standard,Tier 3,Fin (Dashboard),Southern Europe,EEA,0,2,2
TECHNICAL ISSUE,Integration methods,Standard,Tier 3,Fin (Dashboard),UAE,MENA,0,1,1
TECHNICAL ISSUE,Integration methods,Standard,Tier 3,Fin (Dashboard),UAE,Mauritius,1,0,1
TECHNICAL ISSUE,Integration methods,Standard,Tier 3,Fin (Dashboard),Unknown,Crypto,1,0,1
TECHNICAL ISSUE,Integration methods,Standard,Tier 3,Other,GCR,APAC,3,0,3
TECHNICAL ISSUE,Integration methods,Standard,Tier 3,Other,Unknown,EEA,2,0,2
TECHNICAL ISSUE,Integration methods,Standard,Tier 3,Other,Unknown,NORAM,1,0,1
TECHNICAL ISSUE,Integration methods,Standard,Tier 3,Other,WW,MENA,1,0,1
TECHNICAL ISSUE,Integration methods,Standard,Tier 3,Webform & API,Central Europe,EEA,2,0,2
TECHNICAL ISSUE,Integration methods,Standard,Tier 3,Webform & API,EU,EEA,1,0,1
TECHNICAL ISSUE,Integration methods,Standard,Tier 3,Webform & API,EU,UK,1,0,1
TECHNICAL ISSUE,Integration methods,Standard,Tier 3,Webform & API,GCR,APAC,2,0,2
TECHNICAL ISSUE,Integration methods,Standard,Tier 3,Webform & API,KSA,MENA,1,0,1
TECHNICAL ISSUE,Integration methods,Standard,Tier 3,Webform & API,NORAM,Israel,1,0,1
TECHNICAL ISSUE,Integration methods,Standard,Tier 3,Webform & API,NORAM,NORAM,2,0,2
TECHNICAL ISSUE,Integration methods,Standard,Tier 3,Webform & API,Northern Europe,EEA,1,0,1
TECHNICAL ISSUE,Integration methods,Standard,Tier 3,Webform & API,Southern Europe,EEA,1,0,1
TECHNICAL ISSUE,Integration methods,Standard,Tier 3,Webform & API,UAE,MENA,11,0,11
TECHNICAL ISSUE,Integration methods,Standard,Tier 3,Webform & API,UAE,Mauritius,1,0,1
TECHNICAL ISSUE,Integration methods,Standard,Tier 3,Webform & API,UAE,UK,1,0,1
TECHNICAL ISSUE,Integration methods,Standard,Tier 3,Webform & API,UK,EEA,1,0,1
TECHNICAL ISSUE,Integration methods,Standard,Tier 3,Webform & API,Ubble,EEA,1,0,1
TECHNICAL ISSUE,Integration methods,Standard,Tier 3,Webform & API,Unknown,NORAM,2,0,2
TECHNICAL ISSUE,Integration methods,Standard,Tier 4,Email (Internal),Central Europe,Mauritius,1,0,1
TECHNICAL ISSUE,Integration methods,Standard,Tier 4,Email (Internal),EU,Mauritius,1,0,1
TECHNICAL ISSUE,Integration methods,Standard,Tier 4,Email (Internal),Mauritius,Mauritius,2,0,2
TECHNICAL ISSUE,Integration methods,Standard,Tier 4,Email (Internal),NORAM,Mauritius,4,0,4
TECHNICAL ISSUE,Integration methods,Standard,Tier 4,Email (Internal),NORAM,NORAM,1,0,1
TECHNICAL ISSUE,Integration methods,Standard,Tier 4,Email (Internal),Northern Europe,Mauritius,1,0,1
TECHNICAL ISSUE,Integration methods,Standard,Tier 4,Email (Internal),Singapore/ANZ,APAC,1,0,1
TECHNICAL ISSUE,Integration methods,Standard,Tier 4,Email (Internal),UAE,MENA,7,0,7
TECHNICAL ISSUE,Integration methods,Standard,Tier 4,Email (Internal),UAE,Mauritius,1,0,1
TECHNICAL ISSUE,Integration methods,Standard,Tier 4,Email (Internal),UK,Mauritius,3,0,3
TECHNICAL ISSUE,Integration methods,Standard,Tier 4,Email (Internal),UK,UK,2,0,2
TECHNICAL ISSUE,Integration methods,Standard,Tier 4,Email (Internal),Unknown,APAC,2,0,2
TECHNICAL ISSUE,Integration methods,Standard,Tier 4,Email (Internal),Unknown,EEA,2,0,2
TECHNICAL ISSUE,Integration methods,Standard,Tier 4,Email (Internal),WW,WW,2,0,2
TECHNICAL ISSUE,Integration methods,Standard,Tier 4,Email (Merchant),Central Europe,EEA,4,0,4
TECHNICAL ISSUE,Integration methods,Standard,Tier 4,Email (Merchant),Central Europe,Mauritius,1,0,1
TECHNICAL ISSUE,Integration methods,Standard,Tier 4,Email (Merchant),Crypto,APAC,6,0,6
TECHNICAL ISSUE,Integration methods,Standard,Tier 4,Email (Merchant),Crypto,Crypto,5,0,5
TECHNICAL ISSUE,Integration methods,Standard,Tier 4,Email (Merchant),EU,UK,1,0,1
TECHNICAL ISSUE,Integration methods,Standard,Tier 4,Email (Merchant),Issuing,UK,3,0,3
TECHNICAL ISSUE,Integration methods,Standard,Tier 4,Email (Merchant),KSA,MENA,1,0,1
TECHNICAL ISSUE,Integration methods,Standard,Tier 4,Email (Merchant),Mauritius,Mauritius,8,0,8
TECHNICAL ISSUE,Integration methods,Standard,Tier 4,Email (Merchant),NORAM,Mauritius,6,0,6
TECHNICAL ISSUE,Integration methods,Standard,Tier 4,Email (Merchant),NORAM,UK,2,0,2
TECHNICAL ISSUE,Integration methods,Standard,Tier 4,Email (Merchant),Northern Europe,Mauritius,3,0,3
TECHNICAL ISSUE,Integration methods,Standard,Tier 4,Email (Merchant),Southern Europe,EEA,2,0,2
TECHNICAL ISSUE,Integration methods,Standard,Tier 4,Email (Merchant),UAE,MENA,53,0,53
TECHNICAL ISSUE,Integration methods,Standard,Tier 4,Email (Merchant),UAE,Mauritius,4,0,4
TECHNICAL ISSUE,Integration methods,Standard,Tier 4,Email (Merchant),UAE,WW,1,0,1
TECHNICAL ISSUE,Integration methods,Standard,Tier 4,Email (Merchant),UK,MENA,1,0,1
TECHNICAL ISSUE,Integration methods,Standard,Tier 4,Email (Merchant),UK,Mauritius,10,0,10
TECHNICAL ISSUE,Integration methods,Standard,Tier 4,Email (Merchant),UK,UK,12,0,12
TECHNICAL ISSUE,Integration methods,Standard,Tier 4,Email (Merchant),Unknown,APAC,3,0,3
TECHNICAL ISSUE,Integration methods,Standard,Tier 4,Email (Merchant),Unknown,Crypto,7,0,7
TECHNICAL ISSUE,Integration methods,Standard,Tier 4,Email (Merchant),Unknown,EEA,3,0,3
TECHNICAL ISSUE,Integration methods,Standard,Tier 4,Email (Merchant),Unknown,MENA,10,0,10
TECHNICAL ISSUE,Integration methods,Standard,Tier 4,Email (Merchant),Unknown,Mauritius,3,0,3
TECHNICAL ISSUE,Integration methods,Standard,Tier 4,Email (Merchant),Unknown,UK,3,0,3
TECHNICAL ISSUE,Integration methods,Standard,Tier 4,Email (Merchant),WW,Mauritius,1,0,1
TECHNICAL ISSUE,Integration methods,Standard,Tier 4,Email (Merchant),WW,WW,7,0,7
TECHNICAL ISSUE,Integration methods,Standard,Tier 4,Fin (Dashboard),Central Europe,EEA,0,1,1
TECHNICAL ISSUE,Integration methods,Standard,Tier 4,Fin (Dashboard),Crypto,Crypto,1,0,1
TECHNICAL ISSUE,Integration methods,Standard,Tier 4,Fin (Dashboard),GCR,APAC,0,2,2
TECHNICAL ISSUE,Integration methods,Standard,Tier 4,Fin (Dashboard),Mauritius,Mauritius,0,2,2
TECHNICAL ISSUE,Integration methods,Standard,Tier 4,Fin (Dashboard),NORAM,Mauritius,0,1,1
TECHNICAL ISSUE,Integration methods,Standard,Tier 4,Fin (Dashboard),UAE,MENA,1,12,13
TECHNICAL ISSUE,Integration methods,Standard,Tier 4,Fin (Dashboard),UK,APAC,0,1,1
TECHNICAL ISSUE,Integration methods,Standard,Tier 4,Fin (Dashboard),UK,Mauritius,0,1,1
TECHNICAL ISSUE,Integration methods,Standard,Tier 4,Fin (Dashboard),UK,UK,0,2,2
TECHNICAL ISSUE,Integration methods,Standard,Tier 4,Fin (Dashboard),Unknown,APAC,2,2,4
TECHNICAL ISSUE,Integration methods,Standard,Tier 4,Fin (Dashboard),Unknown,EEA,1,0,1
TECHNICAL ISSUE,Integration methods,Standard,Tier 4,Fin (Dashboard),Unknown,MENA,2,7,9
TECHNICAL ISSUE,Integration methods,Standard,Tier 4,Fin (Dashboard),Unknown,UK,0,1,1
TECHNICAL ISSUE,Integration methods,Standard,Tier 4,Fin (Dashboard),WW,WW,1,1,2
TECHNICAL ISSUE,Integration methods,Standard,Tier 4,Other,Central Europe,EEA,3,0,3
TECHNICAL ISSUE,Integration methods,Standard,Tier 4,Other,Central Europe,Mauritius,3,0,3
TECHNICAL ISSUE,Integration methods,Standard,Tier 4,Other,Crypto,APAC,1,0,1
TECHNICAL ISSUE,Integration methods,Standard,Tier 4,Other,EU,UK,1,0,1
TECHNICAL ISSUE,Integration methods,Standard,Tier 4,Other,GCR,APAC,1,0,1
TECHNICAL ISSUE,Integration methods,Standard,Tier 4,Other,Issuing,UK,1,0,1
TECHNICAL ISSUE,Integration methods,Standard,Tier 4,Other,Mauritius,Mauritius,2,0,2
TECHNICAL ISSUE,Integration methods,Standard,Tier 4,Other,Mauritius,NORAM,1,0,1
TECHNICAL ISSUE,Integration methods,Standard,Tier 4,Other,NORAM,NORAM,3,0,3
TECHNICAL ISSUE,Integration methods,Standard,Tier 4,Other,NORAM,UK,5,0,5
TECHNICAL ISSUE,Integration methods,Standard,Tier 4,Other,UAE,MENA,26,0,26
TECHNICAL ISSUE,Integration methods,Standard,Tier 4,Other,UK,Mauritius,1,0,1
TECHNICAL ISSUE,Integration methods,Standard,Tier 4,Other,UK,UK,14,0,14
TECHNICAL ISSUE,Integration methods,Standard,Tier 4,Other,Unknown,APAC,5,0,5
TECHNICAL ISSUE,Integration methods,Standard,Tier 4,Other,Unknown,Crypto,5,0,5
TECHNICAL ISSUE,Integration methods,Standard,Tier 4,Other,Unknown,EEA,5,0,5
TECHNICAL ISSUE,Integration methods,Standard,Tier 4,Other,Unknown,MENA,4,0,4
TECHNICAL ISSUE,Integration methods,Standard,Tier 4,Other,Unknown,NORAM,1,0,1
TECHNICAL ISSUE,Integration methods,Standard,Tier 4,Other,Unknown,UK,1,0,1
TECHNICAL ISSUE,Integration methods,Standard,Tier 4,Other,WW,EEA,2,0,2
TECHNICAL ISSUE,Integration methods,Standard,Tier 4,Other,WW,WW,5,0,5
TECHNICAL ISSUE,Integration methods,Standard,Tier 4,Webform & API,Central Europe,EEA,5,0,5
TECHNICAL ISSUE,Integration methods,Standard,Tier 4,Webform & API,Central Europe,Mauritius,2,0,2
TECHNICAL ISSUE,Integration methods,Standard,Tier 4,Webform & API,Crypto,APAC,1,0,1
TECHNICAL ISSUE,Integration methods,Standard,Tier 4,Webform & API,Crypto,Crypto,1,0,1
TECHNICAL ISSUE,Integration methods,Standard,Tier 4,Webform & API,EU,EEA,1,0,1
TECHNICAL ISSUE,Integration methods,Standard,Tier 4,Webform & API,GCR,APAC,1,0,1
TECHNICAL ISSUE,Integration methods,Standard,Tier 4,Webform & API,Issuing,Mauritius,1,0,1
TECHNICAL ISSUE,Integration methods,Standard,Tier 4,Webform & API,KSA,EEA,1,0,1
TECHNICAL ISSUE,Integration methods,Standard,Tier 4,Webform & API,Mauritius,Mauritius,8,0,8
TECHNICAL ISSUE,Integration methods,Standard,Tier 4,Webform & API,NORAM,Mauritius,5,0,5
TECHNICAL ISSUE,Integration methods,Standard,Tier 4,Webform & API,NORAM,NORAM,6,0,6
TECHNICAL ISSUE,Integration methods,Standard,Tier 4,Webform & API,NORAM,UK,2,0,2
TECHNICAL ISSUE,Integration methods,Standard,Tier 4,Webform & API,Singapore/ANZ,APAC,1,0,1
TECHNICAL ISSUE,Integration methods,Standard,Tier 4,Webform & API,Southern Europe,EEA,1,0,1
TECHNICAL ISSUE,Integration methods,Standard,Tier 4,Webform & API,UAE,EEA,1,0,1
TECHNICAL ISSUE,Integration methods,Standard,Tier 4,Webform & API,UAE,MENA,37,0,37
TECHNICAL ISSUE,Integration methods,Standard,Tier 4,Webform & API,UK,APAC,1,0,1
TECHNICAL ISSUE,Integration methods,Standard,Tier 4,Webform & API,UK,Mauritius,6,0,6
TECHNICAL ISSUE,Integration methods,Standard,Tier 4,Webform & API,UK,UK,14,0,14
TECHNICAL ISSUE,Integration methods,Standard,Tier 4,Webform & API,Unknown,APAC,2,0,2
TECHNICAL ISSUE,Integration methods,Standard,Tier 4,Webform & API,Unknown,Crypto,9,0,9
TECHNICAL ISSUE,Integration methods,Standard,Tier 4,Webform & API,Unknown,EEA,6,0,6
TECHNICAL ISSUE,Integration methods,Standard,Tier 4,Webform & API,Unknown,MENA,15,0,15
TECHNICAL ISSUE,Integration methods,Standard,Tier 4,Webform & API,Unknown,NORAM,1,0,1
TECHNICAL ISSUE,Integration methods,Standard,Tier 4,Webform & API,Unknown,UK,7,0,7
TECHNICAL ISSUE,Integration methods,Standard,Tier 4,Webform & API,WW,EEA,2,0,2
TECHNICAL ISSUE,Integration methods,Standard,Tier 4,Webform & API,WW,Mauritius,2,0,2
TECHNICAL ISSUE,Integration methods,Standard,Tier 4,Webform & API,WW,WW,5,0,5
TECHNICAL ISSUE,Integration methods,Standard,Unknown,Email (Merchant),Northern Europe,EEA,2,0,2
TECHNICAL ISSUE,Integration methods,Standard,Unknown,Email (Merchant),UK,UK,1,0,1
TECHNICAL ISSUE,Integration methods,Standard,Unknown,Email (Merchant),Unknown,Unknown,1,0,1
TECHNICAL ISSUE,Integration methods,Standard,Unknown,Webform & API,UK,UK,2,0,2
TECHNICAL ISSUE,Integration methods,Standard,Unknown,Webform & API,Unknown,NORAM,3,0,3
TECHNICAL ISSUE,Integration methods,Unmapped,Unknown,Email (Internal),Unknown,Unknown,17,0,17
TECHNICAL ISSUE,Integration methods,Unmapped,Unknown,Email (Merchant),Unknown,Unknown,55,0,55
TECHNICAL ISSUE,Integration methods,Unmapped,Unknown,Fin (Dashboard),Unknown,Unknown,2,10,12
TECHNICAL ISSUE,Integration methods,Unmapped,Unknown,Other,Unknown,Unknown,21,0,21
TECHNICAL ISSUE,Integration methods,Unmapped,Unknown,Webform & API,Unknown,Unknown,16,0,16
TECHNICAL ISSUE,Tokens,Enterprise,Tier 1,Email (Internal),UAE,MENA,1,0,1
TECHNICAL ISSUE,Tokens,Enterprise,Tier 1,Email (Internal),WW,Mauritius,1,0,1
TECHNICAL ISSUE,Tokens,Enterprise,Tier 1,Email (Internal),WW,UK,1,0,1
TECHNICAL ISSUE,Tokens,Enterprise,Tier 1,Email (Merchant),Crypto,Crypto,5,0,5
TECHNICAL ISSUE,Tokens,Enterprise,Tier 1,Email (Merchant),NORAM,EEA,1,0,1
TECHNICAL ISSUE,Tokens,Enterprise,Tier 1,Email (Merchant),UK,APAC,1,0,1
TECHNICAL ISSUE,Tokens,Enterprise,Tier 1,Email (Merchant),UK,UK,1,0,1
TECHNICAL ISSUE,Tokens,Enterprise,Tier 1,Email (Merchant),WW,MENA,1,0,1
TECHNICAL ISSUE,Tokens,Enterprise,Tier 1,Other,Central Europe,EEA,1,0,1
TECHNICAL ISSUE,Tokens,Enterprise,Tier 1,Other,GCR,APAC,2,0,2
TECHNICAL ISSUE,Tokens,Enterprise,Tier 1,Other,Singapore/ANZ,APAC,1,0,1
TECHNICAL ISSUE,Tokens,Enterprise,Tier 1,Other,Southern Europe,EEA,1,0,1
TECHNICAL ISSUE,Tokens,Enterprise,Tier 1,Webform & API,Crypto,Crypto,2,0,2
TECHNICAL ISSUE,Tokens,Enterprise,Tier 1,Webform & API,UAE,MENA,1,0,1
TECHNICAL ISSUE,Tokens,Enterprise,Tier 2,Email (Internal),Crypto,Crypto,1,0,1
TECHNICAL ISSUE,Tokens,Enterprise,Tier 2,Email (Internal),EU,EEA,1,0,1
TECHNICAL ISSUE,Tokens,Enterprise,Tier 2,Email (Internal),Northern Europe,EEA,1,0,1
TECHNICAL ISSUE,Tokens,Enterprise,Tier 2,Email (Merchant),Central Europe,EEA,1,0,1
TECHNICAL ISSUE,Tokens,Enterprise,Tier 2,Email (Merchant),Crypto,Crypto,1,0,1
TECHNICAL ISSUE,Tokens,Enterprise,Tier 2,Email (Merchant),Singapore/ANZ,APAC,1,0,1
TECHNICAL ISSUE,Tokens,Enterprise,Tier 2,Email (Merchant),UAE,MENA,4,0,4
TECHNICAL ISSUE,Tokens,Enterprise,Tier 2,Email (Merchant),UK,UK,1,0,1
TECHNICAL ISSUE,Tokens,Enterprise,Tier 2,Email (Merchant),Unknown,NORAM,2,0,2
TECHNICAL ISSUE,Tokens,Enterprise,Tier 2,Other,Central Europe,EEA,1,0,1
TECHNICAL ISSUE,Tokens,Enterprise,Tier 2,Other,WW,UK,1,0,1
TECHNICAL ISSUE,Tokens,Enterprise,Tier 2,Webform & API,UK,UK,1,0,1
TECHNICAL ISSUE,Tokens,Enterprise,Tier 2,Webform & API,WW,EEA,2,0,2
TECHNICAL ISSUE,Tokens,Enterprise,Tier 2,Webform & API,WW,MENA,1,0,1
TECHNICAL ISSUE,Tokens,Enterprise,Tier 3,Email (Merchant),UAE,MENA,2,0,2
TECHNICAL ISSUE,Tokens,Premium,Tier 1,Email (Internal),GCR,APAC,3,0,3
TECHNICAL ISSUE,Tokens,Premium,Tier 1,Email (Internal),NORAM,NORAM,1,0,1
TECHNICAL ISSUE,Tokens,Premium,Tier 1,Email (Internal),UAE,MENA,5,0,5
TECHNICAL ISSUE,Tokens,Premium,Tier 1,Email (Internal),UK,NORAM,1,0,1
TECHNICAL ISSUE,Tokens,Premium,Tier 1,Email (Merchant),UAE,MENA,1,0,1
TECHNICAL ISSUE,Tokens,Premium,Tier 1,Email (Merchant),WW,UK,1,0,1
TECHNICAL ISSUE,Tokens,Premium,Tier 1,Other,GCR,APAC,1,0,1
TECHNICAL ISSUE,Tokens,Premium,Tier 1,Other,UK,EEA,2,0,2
TECHNICAL ISSUE,Tokens,Premium,Tier 1,Webform & API,UAE,MENA,1,0,1
TECHNICAL ISSUE,Tokens,Premium,Tier 1,Webform & API,UK,EEA,1,0,1
TECHNICAL ISSUE,Tokens,Standard,Tier 2,Fin (Dashboard),Crypto,Crypto,0,1,1
TECHNICAL ISSUE,Tokens,Standard,Tier 3,Email (Internal),Crypto,Crypto,2,0,2
TECHNICAL ISSUE,Tokens,Standard,Tier 3,Email (Internal),GCR,APAC,2,0,2
TECHNICAL ISSUE,Tokens,Standard,Tier 3,Email (Internal),Northern Europe,EEA,1,0,1
TECHNICAL ISSUE,Tokens,Standard,Tier 3,Email (Internal),Southern Europe,EEA,2,0,2
TECHNICAL ISSUE,Tokens,Standard,Tier 3,Email (Internal),UAE,MENA,2,0,2
TECHNICAL ISSUE,Tokens,Standard,Tier 3,Email (Internal),Unknown,MENA,1,0,1
TECHNICAL ISSUE,Tokens,Standard,Tier 3,Email (Merchant),Crypto,Crypto,3,0,3
TECHNICAL ISSUE,Tokens,Standard,Tier 3,Email (Merchant),GCR,APAC,2,0,2
TECHNICAL ISSUE,Tokens,Standard,Tier 3,Email (Merchant),NORAM,UK,1,0,1
TECHNICAL ISSUE,Tokens,Standard,Tier 3,Email (Merchant),UAE,MENA,2,0,2
TECHNICAL ISSUE,Tokens,Standard,Tier 3,Email (Merchant),Ubble,EEA,2,0,2
TECHNICAL ISSUE,Tokens,Standard,Tier 3,Email (Merchant),Unknown,EEA,1,0,1
TECHNICAL ISSUE,Tokens,Standard,Tier 3,Fin (Dashboard),Southern Europe,EEA,1,0,1
TECHNICAL ISSUE,Tokens,Standard,Tier 3,Fin (Dashboard),UAE,MENA,0,1,1
TECHNICAL ISSUE,Tokens,Standard,Tier 3,Other,UAE,MENA,1,0,1
TECHNICAL ISSUE,Tokens,Standard,Tier 3,Other,WW,MENA,1,0,1
TECHNICAL ISSUE,Tokens,Standard,Tier 3,Webform & API,Central Europe,EEA,1,0,1
TECHNICAL ISSUE,Tokens,Standard,Tier 3,Webform & API,KSA,MENA,1,0,1
TECHNICAL ISSUE,Tokens,Standard,Tier 3,Webform & API,UAE,MENA,2,0,2
TECHNICAL ISSUE,Tokens,Standard,Tier 3,Webform & API,UK,UK,1,0,1
TECHNICAL ISSUE,Tokens,Standard,Tier 3,Webform & API,Ubble,EEA,1,0,1
TECHNICAL ISSUE,Tokens,Standard,Tier 3,Webform & API,Unknown,EEA,1,0,1
TECHNICAL ISSUE,Tokens,Standard,Tier 3,Webform & API,Unknown,NORAM,1,0,1
TECHNICAL ISSUE,Tokens,Standard,Tier 4,Email (Internal),Central Europe,EEA,1,0,1
TECHNICAL ISSUE,Tokens,Standard,Tier 4,Email (Internal),Crypto,APAC,1,0,1
TECHNICAL ISSUE,Tokens,Standard,Tier 4,Email (Internal),Issuing,Mauritius,1,0,1
TECHNICAL ISSUE,Tokens,Standard,Tier 4,Email (Internal),Southern Europe,EEA,1,0,1
TECHNICAL ISSUE,Tokens,Standard,Tier 4,Email (Internal),UK,Mauritius,3,0,3
TECHNICAL ISSUE,Tokens,Standard,Tier 4,Email (Merchant),Central Europe,EEA,1,0,1
TECHNICAL ISSUE,Tokens,Standard,Tier 4,Email (Merchant),Central Europe,Mauritius,2,0,2
TECHNICAL ISSUE,Tokens,Standard,Tier 4,Email (Merchant),Crypto,APAC,2,0,2
TECHNICAL ISSUE,Tokens,Standard,Tier 4,Email (Merchant),Issuing,UK,1,0,1
TECHNICAL ISSUE,Tokens,Standard,Tier 4,Email (Merchant),KSA,EEA,2,0,2
TECHNICAL ISSUE,Tokens,Standard,Tier 4,Email (Merchant),Mauritius,Mauritius,1,0,1
TECHNICAL ISSUE,Tokens,Standard,Tier 4,Email (Merchant),NORAM,Mauritius,1,0,1
TECHNICAL ISSUE,Tokens,Standard,Tier 4,Email (Merchant),NORAM,NORAM,1,0,1
TECHNICAL ISSUE,Tokens,Standard,Tier 4,Email (Merchant),UAE,MENA,4,0,4
TECHNICAL ISSUE,Tokens,Standard,Tier 4,Email (Merchant),UK,UK,2,0,2
TECHNICAL ISSUE,Tokens,Standard,Tier 4,Email (Merchant),Unknown,MENA,1,0,1
TECHNICAL ISSUE,Tokens,Standard,Tier 4,Email (Merchant),Unknown,WW,1,0,1
TECHNICAL ISSUE,Tokens,Standard,Tier 4,Email (Merchant),WW,EEA,1,0,1
TECHNICAL ISSUE,Tokens,Standard,Tier 4,Fin (Dashboard),Issuing,Mauritius,0,1,1
TECHNICAL ISSUE,Tokens,Standard,Tier 4,Fin (Dashboard),WW,WW,0,1,1
TECHNICAL ISSUE,Tokens,Standard,Tier 4,Other,Central Europe,Mauritius,1,0,1
TECHNICAL ISSUE,Tokens,Standard,Tier 4,Other,Issuing,Mauritius,2,0,2
TECHNICAL ISSUE,Tokens,Standard,Tier 4,Other,NORAM,UK,1,0,1
TECHNICAL ISSUE,Tokens,Standard,Tier 4,Other,UAE,MENA,3,0,3
TECHNICAL ISSUE,Tokens,Standard,Tier 4,Other,UAE,WW,1,0,1
TECHNICAL ISSUE,Tokens,Standard,Tier 4,Other,UK,Mauritius,2,0,2
TECHNICAL ISSUE,Tokens,Standard,Tier 4,Other,Unknown,EEA,1,0,1
TECHNICAL ISSUE,Tokens,Standard,Tier 4,Other,Unknown,MENA,9,0,9
TECHNICAL ISSUE,Tokens,Standard,Tier 4,Other,WW,WW,1,0,1
TECHNICAL ISSUE,Tokens,Standard,Tier 4,Webform & API,Central Europe,EEA,1,0,1
TECHNICAL ISSUE,Tokens,Standard,Tier 4,Webform & API,Central Europe,Mauritius,1,0,1
TECHNICAL ISSUE,Tokens,Standard,Tier 4,Webform & API,EU,UK,1,0,1
TECHNICAL ISSUE,Tokens,Standard,Tier 4,Webform & API,Issuing,UK,1,0,1
TECHNICAL ISSUE,Tokens,Standard,Tier 4,Webform & API,KSA,EEA,1,0,1
TECHNICAL ISSUE,Tokens,Standard,Tier 4,Webform & API,Mauritius,Mauritius,1,0,1
TECHNICAL ISSUE,Tokens,Standard,Tier 4,Webform & API,NORAM,Mauritius,1,0,1
TECHNICAL ISSUE,Tokens,Standard,Tier 4,Webform & API,NORAM,NORAM,1,0,1
TECHNICAL ISSUE,Tokens,Standard,Tier 4,Webform & API,NORAM,UK,2,0,2
TECHNICAL ISSUE,Tokens,Standard,Tier 4,Webform & API,Northern Europe,Mauritius,1,0,1
TECHNICAL ISSUE,Tokens,Standard,Tier 4,Webform & API,Singapore/ANZ,APAC,1,0,1
TECHNICAL ISSUE,Tokens,Standard,Tier 4,Webform & API,UAE,MENA,2,0,2
TECHNICAL ISSUE,Tokens,Standard,Tier 4,Webform & API,UAE,Mauritius,2,0,2
TECHNICAL ISSUE,Tokens,Standard,Tier 4,Webform & API,UK,UK,1,0,1
TECHNICAL ISSUE,Tokens,Standard,Tier 4,Webform & API,Unknown,MENA,6,0,6
TECHNICAL ISSUE,Tokens,Standard,Tier 4,Webform & API,Unknown,WW,1,0,1
TECHNICAL ISSUE,Tokens,Standard,Tier 4,Webform & API,WW,Mauritius,2,0,2
TECHNICAL ISSUE,Tokens,Standard,Tier 4,Webform & API,WW,WW,2,0,2
TECHNICAL ISSUE,Tokens,Unmapped,Unknown,Email (Internal),Unknown,Unknown,6,0,6
TECHNICAL ISSUE,Tokens,Unmapped,Unknown,Email (Merchant),Unknown,Unknown,20,0,20
TECHNICAL ISSUE,Tokens,Unmapped,Unknown,Fin (Dashboard),Unknown,Unknown,1,1,2
TECHNICAL ISSUE,Tokens,Unmapped,Unknown,Other,Unknown,Unknown,6,0,6
TECHNICAL ISSUE,Tokens,Unmapped,Unknown,Webform & API,Unknown,Unknown,5,0,5
TECHNICAL ISSUE,Webhooks,Enterprise,Tier 1,Email (Internal),UAE,MENA,2,0,2
TECHNICAL ISSUE,Webhooks,Enterprise,Tier 1,Email (Internal),WW,APAC,1,0,1
TECHNICAL ISSUE,Webhooks,Enterprise,Tier 1,Email (Internal),WW,EEA,1,0,1
TECHNICAL ISSUE,Webhooks,Enterprise,Tier 1,Email (Merchant),Crypto,Crypto,6,0,6
TECHNICAL ISSUE,Webhooks,Enterprise,Tier 1,Email (Merchant),Mauritius,UK,2,0,2
TECHNICAL ISSUE,Webhooks,Enterprise,Tier 1,Email (Merchant),UAE,MENA,2,0,2
TECHNICAL ISSUE,Webhooks,Enterprise,Tier 1,Email (Merchant),UK,Crypto,2,0,2
TECHNICAL ISSUE,Webhooks,Enterprise,Tier 1,Email (Merchant),UK,EEA,1,0,1
TECHNICAL ISSUE,Webhooks,Enterprise,Tier 1,Email (Merchant),UK,UK,10,0,10
TECHNICAL ISSUE,Webhooks,Enterprise,Tier 1,Email (Merchant),Unknown,UK,1,0,1
TECHNICAL ISSUE,Webhooks,Enterprise,Tier 1,Email (Merchant),WW,MENA,1,0,1
TECHNICAL ISSUE,Webhooks,Enterprise,Tier 1,Fin (Dashboard),GCR,APAC,1,0,1
TECHNICAL ISSUE,Webhooks,Enterprise,Tier 1,Other,WW,APAC,2,0,2
TECHNICAL ISSUE,Webhooks,Enterprise,Tier 1,Other,WW,EEA,1,0,1
TECHNICAL ISSUE,Webhooks,Enterprise,Tier 1,Webform & API,UAE,MENA,2,0,2
TECHNICAL ISSUE,Webhooks,Enterprise,Tier 1,Webform & API,WW,MENA,2,0,2
TECHNICAL ISSUE,Webhooks,Enterprise,Tier 2,Email (Internal),Central Europe,EEA,1,0,1
TECHNICAL ISSUE,Webhooks,Enterprise,Tier 2,Email (Internal),Crypto,Crypto,1,0,1
TECHNICAL ISSUE,Webhooks,Enterprise,Tier 2,Email (Internal),KSA,EEA,1,0,1
TECHNICAL ISSUE,Webhooks,Enterprise,Tier 2,Email (Internal),NORAM,Crypto,2,0,2
TECHNICAL ISSUE,Webhooks,Enterprise,Tier 2,Email (Internal),NORAM,NORAM,1,0,1
TECHNICAL ISSUE,Webhooks,Enterprise,Tier 2,Email (Internal),NORAM,UK,1,0,1
TECHNICAL ISSUE,Webhooks,Enterprise,Tier 2,Email (Internal),Singapore/ANZ,APAC,1,0,1
TECHNICAL ISSUE,Webhooks,Enterprise,Tier 2,Email (Internal),Southern Europe,EEA,1,0,1
TECHNICAL ISSUE,Webhooks,Enterprise,Tier 2,Email (Internal),UAE,MENA,2,0,2
TECHNICAL ISSUE,Webhooks,Enterprise,Tier 2,Email (Merchant),Central Europe,EEA,6,0,6
TECHNICAL ISSUE,Webhooks,Enterprise,Tier 2,Email (Merchant),Crypto,Crypto,3,0,3
TECHNICAL ISSUE,Webhooks,Enterprise,Tier 2,Email (Merchant),NORAM,Crypto,2,0,2
TECHNICAL ISSUE,Webhooks,Enterprise,Tier 2,Email (Merchant),NORAM,NORAM,1,0,1
TECHNICAL ISSUE,Webhooks,Enterprise,Tier 2,Email (Merchant),NORAM,UK,1,0,1
TECHNICAL ISSUE,Webhooks,Enterprise,Tier 2,Email (Merchant),Singapore/ANZ,APAC,1,0,1
TECHNICAL ISSUE,Webhooks,Enterprise,Tier 2,Email (Merchant),UAE,MENA,2,0,2
TECHNICAL ISSUE,Webhooks,Enterprise,Tier 2,Email (Merchant),UK,UK,4,0,4
TECHNICAL ISSUE,Webhooks,Enterprise,Tier 2,Email (Merchant),Unknown,NORAM,7,0,7
TECHNICAL ISSUE,Webhooks,Enterprise,Tier 2,Email (Merchant),Unknown,UK,1,0,1
TECHNICAL ISSUE,Webhooks,Enterprise,Tier 2,Email (Merchant),WW,MENA,1,0,1
TECHNICAL ISSUE,Webhooks,Enterprise,Tier 2,Fin (Dashboard),Southern Europe,EEA,0,1,1
TECHNICAL ISSUE,Webhooks,Enterprise,Tier 2,Fin (Dashboard),UK,UK,0,1,1
TECHNICAL ISSUE,Webhooks,Enterprise,Tier 2,Other,Southern Europe,EEA,1,0,1
TECHNICAL ISSUE,Webhooks,Enterprise,Tier 2,Other,WW,UK,1,0,1
TECHNICAL ISSUE,Webhooks,Enterprise,Tier 2,Webform & API,Crypto,Crypto,3,0,3
TECHNICAL ISSUE,Webhooks,Enterprise,Tier 2,Webform & API,UK,UK,1,0,1
TECHNICAL ISSUE,Webhooks,Enterprise,Tier 2,Webform & API,WW,EEA,2,0,2
TECHNICAL ISSUE,Webhooks,Enterprise,Tier 3,Email (Internal),Central Europe,EEA,1,0,1
TECHNICAL ISSUE,Webhooks,Enterprise,Tier 3,Email (Internal),GCR,APAC,1,0,1
TECHNICAL ISSUE,Webhooks,Enterprise,Tier 3,Email (Internal),UK,UK,1,0,1
TECHNICAL ISSUE,Webhooks,Enterprise,Tier 3,Email (Internal),WW,Israel,1,0,1
TECHNICAL ISSUE,Webhooks,Enterprise,Tier 3,Email (Merchant),UAE,MENA,6,0,6
TECHNICAL ISSUE,Webhooks,Enterprise,Tier 3,Email (Merchant),WW,Israel,1,0,1
TECHNICAL ISSUE,Webhooks,Enterprise,Tier 3,Webform & API,UAE,MENA,1,0,1
TECHNICAL ISSUE,Webhooks,Enterprise,Tier 4,Email (Merchant),UAE,MENA,4,0,4
TECHNICAL ISSUE,Webhooks,Enterprise,Unknown,Webform & API,UK,UK,1,0,1
TECHNICAL ISSUE,Webhooks,Enterprise,Unknown,Webform & API,Unknown,Unknown,1,0,1
TECHNICAL ISSUE,Webhooks,Premium,Tier 1,Email (Internal),GCR,APAC,1,0,1
TECHNICAL ISSUE,Webhooks,Premium,Tier 1,Email (Internal),NORAM,UK,1,0,1
TECHNICAL ISSUE,Webhooks,Premium,Tier 1,Email (Internal),UAE,MENA,2,0,2
TECHNICAL ISSUE,Webhooks,Premium,Tier 1,Email (Internal),WW,EEA,3,0,3
TECHNICAL ISSUE,Webhooks,Premium,Tier 1,Email (Internal),WW,UK,2,0,2
TECHNICAL ISSUE,Webhooks,Premium,Tier 1,Email (Merchant),Crypto,Crypto,1,0,1
TECHNICAL ISSUE,Webhooks,Premium,Tier 1,Email (Merchant),Singapore/ANZ,NORAM,1,0,1
TECHNICAL ISSUE,Webhooks,Premium,Tier 1,Email (Merchant),UAE,MENA,2,0,2
TECHNICAL ISSUE,Webhooks,Premium,Tier 1,Email (Merchant),UK,Crypto,1,0,1
TECHNICAL ISSUE,Webhooks,Premium,Tier 1,Email (Merchant),UK,UK,1,0,1
TECHNICAL ISSUE,Webhooks,Premium,Tier 1,Email (Merchant),Unknown,Crypto,1,0,1
TECHNICAL ISSUE,Webhooks,Premium,Tier 1,Email (Merchant),WW,EEA,2,0,2
TECHNICAL ISSUE,Webhooks,Premium,Tier 1,Email (Merchant),WW,WW,1,0,1
TECHNICAL ISSUE,Webhooks,Premium,Tier 1,Fin (Dashboard),NORAM,UK,1,0,1
TECHNICAL ISSUE,Webhooks,Premium,Tier 1,Fin (Dashboard),SAT,NORAM,0,1,1
TECHNICAL ISSUE,Webhooks,Premium,Tier 1,Other,GCR,APAC,1,0,1
TECHNICAL ISSUE,Webhooks,Premium,Tier 1,Other,UK,EEA,1,0,1
TECHNICAL ISSUE,Webhooks,Premium,Tier 1,Other,WW,APAC,1,0,1
TECHNICAL ISSUE,Webhooks,Premium,Tier 1,Webform & API,UK,UK,1,0,1
TECHNICAL ISSUE,Webhooks,Standard,Tier 2,Email (Internal),Crypto,Crypto,1,0,1
TECHNICAL ISSUE,Webhooks,Standard,Tier 2,Email (Merchant),Crypto,Crypto,1,0,1
TECHNICAL ISSUE,Webhooks,Standard,Tier 2,Email (Merchant),Singapore/ANZ,APAC,1,0,1
TECHNICAL ISSUE,Webhooks,Standard,Tier 2,Email (Merchant),UK,UK,2,0,2
TECHNICAL ISSUE,Webhooks,Standard,Tier 2,Fin (Dashboard),Singapore/ANZ,APAC,0,1,1
TECHNICAL ISSUE,Webhooks,Standard,Tier 2,Other,Crypto,Crypto,1,0,1
TECHNICAL ISSUE,Webhooks,Standard,Tier 2,Other,NORAM,UK,1,0,1
TECHNICAL ISSUE,Webhooks,Standard,Tier 3,Email (Internal),Central Europe,EEA,2,0,2
TECHNICAL ISSUE,Webhooks,Standard,Tier 3,Email (Internal),Southern Europe,EEA,1,0,1
TECHNICAL ISSUE,Webhooks,Standard,Tier 3,Email (Internal),UAE,MENA,3,0,3
TECHNICAL ISSUE,Webhooks,Standard,Tier 3,Email (Internal),UK,EEA,1,0,1
TECHNICAL ISSUE,Webhooks,Standard,Tier 3,Email (Internal),UK,UK,1,0,1
TECHNICAL ISSUE,Webhooks,Standard,Tier 3,Email (Internal),Unknown,Crypto,2,0,2
TECHNICAL ISSUE,Webhooks,Standard,Tier 3,Email (Internal),Unknown,EEA,2,0,2
TECHNICAL ISSUE,Webhooks,Standard,Tier 3,Email (Merchant),Crypto,Crypto,1,0,1
TECHNICAL ISSUE,Webhooks,Standard,Tier 3,Email (Merchant),NORAM,NORAM,1,0,1
TECHNICAL ISSUE,Webhooks,Standard,Tier 3,Email (Merchant),Southern Europe,EEA,2,0,2
TECHNICAL ISSUE,Webhooks,Standard,Tier 3,Email (Merchant),UAE,MENA,11,0,11
TECHNICAL ISSUE,Webhooks,Standard,Tier 3,Email (Merchant),UK,UK,1,0,1
TECHNICAL ISSUE,Webhooks,Standard,Tier 3,Email (Merchant),Unknown,Crypto,1,0,1
TECHNICAL ISSUE,Webhooks,Standard,Tier 3,Email (Merchant),Unknown,EEA,1,0,1
TECHNICAL ISSUE,Webhooks,Standard,Tier 3,Email (Merchant),Unknown,MENA,2,0,2
TECHNICAL ISSUE,Webhooks,Standard,Tier 3,Email (Merchant),Unknown,UK,1,0,1
TECHNICAL ISSUE,Webhooks,Standard,Tier 3,Fin (Dashboard),GCR,APAC,0,1,1
TECHNICAL ISSUE,Webhooks,Standard,Tier 3,Fin (Dashboard),Southern Europe,EEA,0,1,1
TECHNICAL ISSUE,Webhooks,Standard,Tier 3,Fin (Dashboard),UAE,MENA,2,0,2
TECHNICAL ISSUE,Webhooks,Standard,Tier 3,Fin (Dashboard),UK,UK,0,2,2
TECHNICAL ISSUE,Webhooks,Standard,Tier 3,Other,Unknown,EEA,1,0,1
TECHNICAL ISSUE,Webhooks,Standard,Tier 3,Webform & API,Central Europe,EEA,1,0,1
TECHNICAL ISSUE,Webhooks,Standard,Tier 3,Webform & API,Crypto,Crypto,3,0,3
TECHNICAL ISSUE,Webhooks,Standard,Tier 3,Webform & API,KSA,MENA,1,0,1
TECHNICAL ISSUE,Webhooks,Standard,Tier 3,Webform & API,NORAM,NORAM,1,0,1
TECHNICAL ISSUE,Webhooks,Standard,Tier 3,Webform & API,NORAM,UK,1,0,1
TECHNICAL ISSUE,Webhooks,Standard,Tier 3,Webform & API,Singapore/ANZ,APAC,2,0,2
TECHNICAL ISSUE,Webhooks,Standard,Tier 3,Webform & API,Southern Europe,EEA,1,0,1
TECHNICAL ISSUE,Webhooks,Standard,Tier 3,Webform & API,UAE,MENA,7,0,7
TECHNICAL ISSUE,Webhooks,Standard,Tier 3,Webform & API,UAE,Mauritius,1,0,1
TECHNICAL ISSUE,Webhooks,Standard,Tier 3,Webform & API,UK,UK,3,0,3
TECHNICAL ISSUE,Webhooks,Standard,Tier 4,Email (Internal),Issuing,Mauritius,1,0,1
TECHNICAL ISSUE,Webhooks,Standard,Tier 4,Email (Internal),UK,Mauritius,2,0,2
TECHNICAL ISSUE,Webhooks,Standard,Tier 4,Email (Merchant),Crypto,APAC,1,0,1
TECHNICAL ISSUE,Webhooks,Standard,Tier 4,Email (Merchant),GCR,APAC,2,0,2
TECHNICAL ISSUE,Webhooks,Standard,Tier 4,Email (Merchant),Issuing,Mauritius,1,0,1
TECHNICAL ISSUE,Webhooks,Standard,Tier 4,Email (Merchant),Mauritius,Mauritius,2,0,2
TECHNICAL ISSUE,Webhooks,Standard,Tier 4,Email (Merchant),NORAM,Mauritius,2,0,2
TECHNICAL ISSUE,Webhooks,Standard,Tier 4,Email (Merchant),NORAM,NORAM,2,0,2
TECHNICAL ISSUE,Webhooks,Standard,Tier 4,Email (Merchant),UAE,MENA,11,0,11
TECHNICAL ISSUE,Webhooks,Standard,Tier 4,Email (Merchant),UAE,Mauritius,1,0,1
TECHNICAL ISSUE,Webhooks,Standard,Tier 4,Email (Merchant),UK,Mauritius,1,0,1
TECHNICAL ISSUE,Webhooks,Standard,Tier 4,Email (Merchant),UK,UK,1,0,1
TECHNICAL ISSUE,Webhooks,Standard,Tier 4,Email (Merchant),Unknown,APAC,1,0,1
TECHNICAL ISSUE,Webhooks,Standard,Tier 4,Email (Merchant),Unknown,Crypto,1,0,1
TECHNICAL ISSUE,Webhooks,Standard,Tier 4,Email (Merchant),Unknown,MENA,1,0,1
TECHNICAL ISSUE,Webhooks,Standard,Tier 4,Email (Merchant),Unknown,UK,2,0,2
TECHNICAL ISSUE,Webhooks,Standard,Tier 4,Fin (Dashboard),GCR,APAC,0,2,2
TECHNICAL ISSUE,Webhooks,Standard,Tier 4,Fin (Dashboard),NORAM,UK,1,0,1
TECHNICAL ISSUE,Webhooks,Standard,Tier 4,Fin (Dashboard),UK,APAC,0,1,1
TECHNICAL ISSUE,Webhooks,Standard,Tier 4,Fin (Dashboard),Unknown,MENA,0,1,1
TECHNICAL ISSUE,Webhooks,Standard,Tier 4,Fin (Dashboard),Unknown,UK,0,1,1
TECHNICAL ISSUE,Webhooks,Standard,Tier 4,Fin (Dashboard),Unknown,Unknown,0,1,1
TECHNICAL ISSUE,Webhooks,Standard,Tier 4,Fin (Dashboard),WW,Mauritius,0,1,1
TECHNICAL ISSUE,Webhooks,Standard,Tier 4,Other,Crypto,APAC,1,0,1
TECHNICAL ISSUE,Webhooks,Standard,Tier 4,Other,Crypto,Crypto,1,0,1
TECHNICAL ISSUE,Webhooks,Standard,Tier 4,Other,UAE,MENA,1,0,1
TECHNICAL ISSUE,Webhooks,Standard,Tier 4,Other,UAE,Mauritius,2,0,2
TECHNICAL ISSUE,Webhooks,Standard,Tier 4,Other,UK,UK,1,0,1
TECHNICAL ISSUE,Webhooks,Standard,Tier 4,Other,Unknown,APAC,1,0,1
TECHNICAL ISSUE,Webhooks,Standard,Tier 4,Other,Unknown,UK,6,0,6
TECHNICAL ISSUE,Webhooks,Standard,Tier 4,Other,WW,WW,1,0,1
TECHNICAL ISSUE,Webhooks,Standard,Tier 4,Webform & API,EU,UK,1,0,1
TECHNICAL ISSUE,Webhooks,Standard,Tier 4,Webform & API,GCR,APAC,3,0,3
TECHNICAL ISSUE,Webhooks,Standard,Tier 4,Webform & API,Mauritius,Mauritius,2,0,2
TECHNICAL ISSUE,Webhooks,Standard,Tier 4,Webform & API,Mauritius,NORAM,2,0,2
TECHNICAL ISSUE,Webhooks,Standard,Tier 4,Webform & API,NORAM,Mauritius,1,0,1
TECHNICAL ISSUE,Webhooks,Standard,Tier 4,Webform & API,NORAM,NORAM,1,0,1
TECHNICAL ISSUE,Webhooks,Standard,Tier 4,Webform & API,NORAM,UK,1,0,1
TECHNICAL ISSUE,Webhooks,Standard,Tier 4,Webform & API,UAE,MENA,5,0,5
TECHNICAL ISSUE,Webhooks,Standard,Tier 4,Webform & API,UK,UK,7,0,7
TECHNICAL ISSUE,Webhooks,Standard,Tier 4,Webform & API,Unknown,APAC,3,0,3
TECHNICAL ISSUE,Webhooks,Standard,Tier 4,Webform & API,Unknown,EEA,1,0,1
TECHNICAL ISSUE,Webhooks,Standard,Tier 4,Webform & API,Unknown,MENA,5,0,5
TECHNICAL ISSUE,Webhooks,Standard,Tier 4,Webform & API,Unknown,Mauritius,1,0,1
TECHNICAL ISSUE,Webhooks,Standard,Tier 4,Webform & API,Unknown,UK,1,0,1
TECHNICAL ISSUE,Webhooks,Standard,Tier 4,Webform & API,WW,WW,1,0,1
TECHNICAL ISSUE,Webhooks,Unmapped,Unknown,Email (Internal),Unknown,Unknown,1,0,1
TECHNICAL ISSUE,Webhooks,Unmapped,Unknown,Email (Merchant),Unknown,Unknown,13,0,13
TECHNICAL ISSUE,Webhooks,Unmapped,Unknown,Fin (Dashboard),Unknown,Unknown,0,1,1
TECHNICAL ISSUE,Webhooks,Unmapped,Unknown,Other,Unknown,Unknown,2,0,2
TECHNICAL ISSUE,Webhooks,Unmapped,Unknown,Webform & API,Unknown,Unknown,3,0,3
