Field Name,Field Definition,Field Value,Value Definition,AI Summary
Payment ID,Unique identifier for the payment transaction (Base32 encoded Charge ID),,,The unique ID for this payment — use this to look up or reference the transaction.
Billing descriptor,Text that appears on the cardholder's bank statement identifying the merchant,,,The name the cardholder will see on their bank statement for this payment.
Processing channel,The channel or configuration used to process this payment,,,The merchant configuration used to route and process this payment.
Date created,Timestamp when the payment was created,,,When this payment was created in the Checkout.com system.
Status,The type of event recorded in the payment lifecycle,Authorization,The issuer has approved and ring-fenced the payment amount. Funds are not yet captured.,The payment was authorised — funds are held but not yet taken from the cardholder.
Status,The type of event recorded in the payment lifecycle,Capture,The merchant has requested the previously authorised funds to be settled. Can be full or partial.,The merchant has requested the funds — the cardholder will be charged.
Status,The type of event recorded in the payment lifecycle,Partial Capture,A capture for less than the originally authorised amount.,The merchant captured only part of the authorised amount — the remainder was released.
Status,The type of event recorded in the payment lifecycle,Refund,Funds are returned to the cardholder following a previous capture. Can be full or partial.,A refund was issued to the cardholder against a previous charge.
Status,The type of event recorded in the payment lifecycle,Void,The authorisation is cancelled before capture. Releases the ring-fenced funds.,The authorisation was cancelled before the merchant took the funds — the cardholder was not charged.
Status,The type of event recorded in the payment lifecycle,Card Verification,A zero-value authorisation used to verify card details without charging the cardholder.,The card was verified without any charge being made.
Status,The type of event recorded in the payment lifecycle,Payout,Funds pushed directly to a card (e.g. winnings or disbursements). Not linked to a prior payment.,Funds were sent to the cardholder's card — this is not a refund but a standalone payment out.
Status,The type of event recorded in the payment lifecycle,Return,Funds returned to the cardholder outside the standard refund flow.,Funds were returned to the cardholder outside the standard refund process.
Status,The type of event recorded in the payment lifecycle,Chargeback,A dispute-initiated reversal of a captured payment raised by the cardholder's bank.,The cardholder's bank has reversed this payment as part of a dispute.
Status,The type of event recorded in the payment lifecycle,Fraud Detection - Pre-auth - Accept,The fraud engine evaluated the transaction before authorisation and accepted it as low risk.,The fraud engine reviewed this payment before authorisation and passed it as low risk.
Status,The type of event recorded in the payment lifecycle,Fraud Detection - Pre-auth - Decline,The fraud engine evaluated the transaction before authorisation and declined it as high risk.,The fraud engine blocked this payment before authorisation due to high risk signals.
Status,The type of event recorded in the payment lifecycle,Fraud Detection - Post-auth - Capture,The fraud engine evaluated the transaction after authorisation and approved it for capture.,The fraud engine reviewed this payment after authorisation and cleared it for capture.
Status,The type of event recorded in the payment lifecycle,3DS - Authentication Approved,The 3D Secure authentication step completed successfully.,The cardholder passed 3D Secure authentication successfully.
Status,The type of event recorded in the payment lifecycle,Authentication Requested,A 3D Secure authentication request was initiated.,A 3D Secure authentication challenge was sent to the cardholder.
Status,The type of event recorded in the payment lifecycle,Pending,The payment request has been successfully initiated and is awaiting customer action or bank processing. Common for redirect-based APMs (iDEAL / Sofort / Bancontact) and direct debit methods (SEPA / ACH).,The payment is in progress — waiting for the customer to complete their action or the bank to respond.
Status,The type of event recorded in the payment lifecycle,Capture Pending,The customer has approved the payment (e.g. completed the bank redirect) and the capture request has been sent to the bank or partner. Awaiting confirmation.,The customer approved the payment and funds are being collected — confirmation is pending.
Status,The type of event recorded in the payment lifecycle,Approved,The payment has been approved by the customer (e.g. on the APM's checkout page). Applies to BNPL methods (Klarna / PayPal) where manual capture is enabled.,The customer approved this payment — the merchant still needs to capture the funds.
Status,The type of event recorded in the payment lifecycle,Context Approved,The BNPL partner (e.g. Klarna) has pre-assessed and approved the payment context before the customer completes checkout.,The BNPL provider has pre-approved this transaction — the customer still needs to complete checkout.
Status,The type of event recorded in the payment lifecycle,Cancelled,The customer cancelled the payment during the redirect or APM checkout flow before completion.,The customer cancelled this payment before completing it.
Status,The type of event recorded in the payment lifecycle,Expired,The payment reached its expiry time without being completed or captured. Applies to redirect APMs (e.g. Sofort expires after 2 hours) and BNPL methods.,This payment expired before the customer completed it or the merchant captured it — no charge was made.
Status,The type of event recorded in the payment lifecycle,Returned,A previously captured direct debit payment has been reversed after settlement. Applies to SEPA and ACH. Three variants: post-settlement return (up to 5 days); authorised refund (up to 8 weeks); unauthorised dispute (up to 13 months).,This direct debit payment was reversed after it had already been collected — funds have been returned to the customer.
Status,The type of event recorded in the payment lifecycle,Voided,The payment authorisation was cancelled after approval but before or after partial capture. Applies to BNPL methods (Klarna / PayPal) with manual capture enabled.,The payment was voided after approval — the customer will not be charged for the remaining amount.
Status,The type of event recorded in the payment lifecycle,Capture Declined,The capture request was rejected by the bank or APM partner after the customer approved the payment.,The attempt to collect funds failed after the customer approved — the payment was not completed.
Status,The type of event recorded in the payment lifecycle,Refund Pending,The refund request has been successfully initiated and is being processed by the bank or APM partner.,A refund has been requested and is being processed — it has not yet been confirmed.
Status,The type of event recorded in the payment lifecycle,Refund Declined,The refund request was rejected by the bank or APM partner.,The refund attempt was rejected — the funds have not been returned to the customer.
Status,The type of event recorded in the payment lifecycle,Void Declined,The void request was rejected by the APM partner. Applies to BNPL methods with manual capture enabled.,The attempt to void this payment was rejected — the payment remains active.
Processed on,Timestamp when a specific payment action was processed by Checkout.com (distinct from Requested on which reflects when the merchant submitted the request),,,When this specific action — for example a capture or refund — was processed.
Action ID,Unique identifier for a specific action within the payment timeline,,,The unique ID for this specific event on the payment timeline.
Amount,The monetary value associated with the timeline action,,,The amount involved in this specific payment event.
Flag,Internal response code associated with the action (e.g. 20156 = Transaction type not supported),,,An internal code providing additional detail on this event — cross-reference with the response code list for the full meaning.
Reason,The reason code or description returned for this action by the acquirer or scheme,,,The reason provided by the acquirer or scheme for this outcome.
Authorization Code,Code returned by the issuer confirming the authorisation. Typically a 6-character alphanumeric code.,,,The issuer's confirmation code for this authorisation — used for reference in disputes or proof of payment.
Reference,Merchant or acquirer reference associated with the action,,,The reference number assigned by the merchant or acquirer to this specific event.
Acquirer reference number,Unique reference assigned by the acquirer to the transaction (also known as ARN). Used for dispute and chargeback tracking with the scheme. Distinct from the Retrieval Reference Number (RRN) which is scheme-assigned for retrieval requests.,,,The ARN is the key reference for tracking this transaction with the card scheme — essential for chargeback and dispute investigations.
Cardholder name,Name of the cardholder as stored on the card,,,The name on the card used for this payment.
Card number,Masked primary account number (PAN) of the card used. Displayed as first 6 (BIN) and last 4 digits.,,,The card number used — only the first 6 (BIN) and last 4 digits are shown for security.
Network token available,Indicates whether a network token (VTS or MDES) is available for this card,Yes,A network token exists for this card from Visa Token Service (VTS) or Mastercard Digital Enablement Service (MDES). Reduces fraud risk and improves authorisation rates.,A network token is available for this card — this can improve authorisation rates and reduce fraud risk.
Network token available,Indicates whether a network token (VTS or MDES) is available for this card,No,No network token is available for this card.,No network token is available for this card — it was charged using the raw card details.
Payment method,The payment method used to initiate the payment. For card payments this is the card scheme (e.g. Visa / Mastercard). For alternative payment methods this is the APM name (e.g. Klarna / iDEAL / PayPal).,Visa,Card payment via the Visa scheme.,The cardholder paid by Visa card.
Payment method,The payment method used to initiate the payment. For card payments this is the card scheme (e.g. Visa / Mastercard). For alternative payment methods this is the APM name (e.g. Klarna / iDEAL / PayPal).,Mastercard,Card payment via the Mastercard scheme.,The cardholder paid by Mastercard.
Payment method,The payment method used to initiate the payment. For card payments this is the card scheme (e.g. Visa / Mastercard). For alternative payment methods this is the APM name (e.g. Klarna / iDEAL / PayPal).,American Express,Card payment via the American Express scheme.,The cardholder paid by American Express.
Payment method,The payment method used to initiate the payment. For card payments this is the card scheme (e.g. Visa / Mastercard). For alternative payment methods this is the APM name (e.g. Klarna / iDEAL / PayPal).,Klarna,Payment made via Klarna BNPL.,The customer paid using Klarna — a buy now pay later method.
Payment method,The payment method used to initiate the payment. For card payments this is the card scheme (e.g. Visa / Mastercard). For alternative payment methods this is the APM name (e.g. Klarna / iDEAL / PayPal).,PayPal,Payment made via PayPal.,The customer paid using PayPal.
Payment method,The payment method used to initiate the payment. For card payments this is the card scheme (e.g. Visa / Mastercard). For alternative payment methods this is the APM name (e.g. Klarna / iDEAL / PayPal).,iDEAL,Payment made via iDEAL (Netherlands bank transfer).,The customer paid using iDEAL — a Dutch bank redirect method.
Payment method,The payment method used to initiate the payment. For card payments this is the card scheme (e.g. Visa / Mastercard). For alternative payment methods this is the APM name (e.g. Klarna / iDEAL / PayPal).,Sofort,Payment made via Sofort (European bank transfer).,The customer paid using Sofort — a European bank redirect method.
Payment method,The payment method used to initiate the payment. For card payments this is the card scheme (e.g. Visa / Mastercard). For alternative payment methods this is the APM name (e.g. Klarna / iDEAL / PayPal).,Bancontact,Payment made via Bancontact (Belgian scheme).,The customer paid using Bancontact — the Belgian domestic payment scheme.
Payment method,The payment method used to initiate the payment. For card payments this is the card scheme (e.g. Visa / Mastercard). For alternative payment methods this is the APM name (e.g. Klarna / iDEAL / PayPal).,SEPA Direct Debit,Payment collected via SEPA Direct Debit.,The customer paid via SEPA Direct Debit — a bank debit across the SEPA region.
Payment method,The payment method used to initiate the payment. For card payments this is the card scheme (e.g. Visa / Mastercard). For alternative payment methods this is the APM name (e.g. Klarna / iDEAL / PayPal).,ACH,Payment collected via ACH Direct Debit (US).,The customer paid via ACH Direct Debit — a US bank debit method.
Scheme,The card network used for acquiring this transaction. Distinct from Payment method (what the customer chose) and Local scheme (domestic overlay). Reflects the scheme under which settlement and dispute rules apply.,Visa,Acquired under the Visa scheme.,This transaction was acquired and settled under the Visa scheme rules.
Scheme,The card network used for acquiring this transaction. Distinct from Payment method (what the customer chose) and Local scheme (domestic overlay). Reflects the scheme under which settlement and dispute rules apply.,Mastercard,Acquired under the Mastercard scheme.,This transaction was acquired and settled under the Mastercard scheme rules.
Scheme,The card network used for acquiring this transaction. Distinct from Payment method (what the customer chose) and Local scheme (domestic overlay). Reflects the scheme under which settlement and dispute rules apply.,American Express,Acquired under the American Express scheme.,This transaction was acquired and settled under the American Express scheme rules.
Scheme,The card network used for acquiring this transaction. Distinct from Payment method (what the customer chose) and Local scheme (domestic overlay). Reflects the scheme under which settlement and dispute rules apply.,Diners Club International,Acquired under the Diners Club International scheme.,This transaction was acquired and settled under the Diners Club International scheme rules.
Scheme,The card network used for acquiring this transaction. Distinct from Payment method (what the customer chose) and Local scheme (domestic overlay). Reflects the scheme under which settlement and dispute rules apply.,Discover,Acquired under the Discover scheme.,This transaction was acquired and settled under the Discover scheme rules.
Scheme,The card network used for acquiring this transaction. Distinct from Payment method (what the customer chose) and Local scheme (domestic overlay). Reflects the scheme under which settlement and dispute rules apply.,JCB,Acquired under the JCB scheme.,This transaction was acquired and settled under the JCB scheme rules.
Acquirer transaction ID,Acquirer-assigned transaction ID for this specific action. Distinct from the Acquirer reference number (ARN) — the ARN is the overall transaction reference; this ID is assigned per action by the acquirer.,,,The acquirer's own ID for this action — used alongside the ARN for acquirer-level investigation.
Processing channel name,Human-readable name of the processing channel used for this action. Corresponds to the Processing channel ID shown in the payment header.,,,The name of the processing channel used — a readable label for the channel configuration.
Card expiry date,The expiry date of the card used in MM/YYYY format,,,The expiry date of the card used for this payment.
Issuing country,Two-letter ISO country code of the country where the card was issued,,,The country where the card was issued — may differ from the cardholder's location.
Issuing bank,Name of the bank that issued the card to the cardholder,,,The bank that issued the card — relevant for understanding issuer-side declines.
CVV check,Result of the card verification value (CVV) check returned by the issuer,Y - CVV matched,The CVV provided by the cardholder matched the value held by the issuer.,The CVV was correct — the security code matched the issuer's record.
CVV check,Result of the card verification value (CVV) check returned by the issuer,D - CVV did not match,The CVV provided did not match the issuer's record.,The CVV provided did not match — the security code was incorrect.
CVV check,Result of the card verification value (CVV) check returned by the issuer,N - CVV not present,The CVV should be on the card but the merchant indicated it was not present.,The CVV was not provided by the merchant even though it should be on the card.
CVV check,Result of the card verification value (CVV) check returned by the issuer,P - Check not performed,The CVV check was not performed for this transaction.,No CVV check was run on this transaction.
CVV check,Result of the card verification value (CVV) check returned by the issuer,U - Issuer does not support CVV,The card-issuing bank does not support CVV verification.,The issuing bank does not support CVV checks — this is expected for some issuers.
CVV check,Result of the card verification value (CVV) check returned by the issuer,X - CVV not available,CVV information is not available for this transaction.,CVV information was unavailable for this transaction.
Payment type,Classification of the payment as required by the card scheme,Regular,A standard card-present or card-not-present e-commerce payment.,This is a standard one-off payment.
Payment type,Classification of the payment as required by the card scheme,MOTO,Mail Order / Telephone Order — cardholder details provided by phone or post rather than via an online session.,The card details were provided by phone or post — not entered online by the cardholder.
Payment type,Classification of the payment as required by the card scheme,Recurring,A repeat charge using stored card details under a recurring billing agreement.,This is a recurring charge — the cardholder's card is billed automatically on a schedule.
Payment type,Classification of the payment as required by the card scheme,Installment,A payment split into multiple scheduled charges under an instalment agreement.,This is one instalment in a series of scheduled charges.
Payment type,Classification of the payment as required by the card scheme,Account_Funding,An Account Funding Transaction (AFT) — funds pushed to a card not linked to a prior purchase (e.g. wallet top-up or P2P transfer).,This is a funds transfer to a card — not a purchase. Common for wallet top-ups or P2P transfers.
Card type,The funding type of the card used,Credit,Funds are drawn from a credit line extended by the issuer.,The cardholder paid with a credit card — funds are drawn from a credit line.
Card type,The funding type of the card used,Debit,Funds are drawn directly from the cardholder's bank account.,The cardholder paid with a debit card — funds come directly from their bank account.
Card type,The funding type of the card used,Prepaid,Funds are drawn from a pre-loaded balance on the card.,The cardholder paid with a prepaid card — funds come from a pre-loaded balance.
Fingerprint,A unique identifier derived from card details (SHA256 hash of PAN + expiry) used to track the same card across multiple transactions,,,A unique identifier for this specific card — use it to identify if the same card has been used in other transactions.
Is AFT,Indicates whether the transaction is an Account Funding Transaction — a payout to a card not linked to a prior purchase,Yes,This is an Account Funding Transaction. Funds are pushed to the card (e.g. for wallet loading or P2P transfer). Not necessarily linked to a prior payment.,This is an Account Funding Transaction — funds are being sent to the card rather than collected from it.
Is AFT,Indicates whether the transaction is an Account Funding Transaction — a payout to a card not linked to a prior purchase,No,This is a standard payment transaction.,This is a standard payment — not an Account Funding Transaction.
Authentication experience,The 3DS authentication flow used for this transaction,3DS,3D Secure authentication was used. Includes both frictionless and challenge flows.,3D Secure authentication was used for this payment.
Authentication experience,The 3DS authentication flow used for this transaction,Frictionless,The issuer authenticated the cardholder passively using risk-based data signals with no cardholder interaction required.,The cardholder was authenticated silently in the background — no action was required from them.
Authentication experience,The 3DS authentication flow used for this transaction,Challenge,The issuer required active cardholder verification (e.g. OTP or biometric) as part of authentication.,The cardholder was asked to actively verify their identity — for example via a one-time passcode.
Authentication experience,The 3DS authentication flow used for this transaction,Decoupled,Authentication occurred independently from the cardholder's payment session (e.g. via a banking app notification).,The cardholder authenticated separately from the checkout — for example via a notification in their banking app.
Transaction ID,Unique identifier for the 3DS authentication transaction,,,The unique ID for the 3DS authentication event linked to this payment.
Transaction status,The outcome of the 3DS authentication request returned by the Access Control Server (ACS),Y,Authentication successful — the cardholder was verified.,The cardholder was successfully authenticated.
Transaction status,The outcome of the 3DS authentication request returned by the Access Control Server (ACS),N,Authentication failed — the cardholder was not authenticated. Transaction denied.,Authentication failed — the cardholder could not be verified and the transaction was denied.
Transaction status,The outcome of the 3DS authentication request returned by the Access Control Server (ACS),U,Authentication unavailable — the issuer or ACS could not complete the authentication.,Authentication could not be completed — the issuer or authentication system was unavailable.
Transaction status,The outcome of the 3DS authentication request returned by the Access Control Server (ACS),A,Authentication attempted — the card is not enrolled in 3DS but an attempt was made. Partial liability shift may apply.,Authentication was attempted but the card is not enrolled in 3DS — a partial liability shift may still apply.
Transaction status,The outcome of the 3DS authentication request returned by the Access Control Server (ACS),C,Challenge required — the ACS is requesting a challenge before completing authentication.,The issuer is requesting the cardholder completes a challenge before authentication can finish.
Transaction status,The outcome of the 3DS authentication request returned by the Access Control Server (ACS),R,Authentication rejected — the issuer rejected the transaction and it should not be retried.,Authentication was rejected by the issuer — this transaction should not be retried.
ECI,Electronic Commerce Indicator — authentication assurance level and liability shift indicator returned by the issuer after 3DS authentication. Value meaning varies by scheme.,02 (Mastercard),3DS authentication was successful. Liability shift: Yes.,Authentication was successful on Mastercard — liability for fraud shifts to the issuer.
ECI,Electronic Commerce Indicator — authentication assurance level and liability shift indicator returned by the issuer after 3DS authentication. Value meaning varies by scheme.,01 (Mastercard),3DS authentication was processed by a stand-in service and is classed as successful. Liability shift: Yes.,Authentication was handled by a stand-in service on Mastercard — liability shifts to the issuer.
ECI,Electronic Commerce Indicator — authentication assurance level and liability shift indicator returned by the issuer after 3DS authentication. Value meaning varies by scheme.,07 (Mastercard),3DS authentication was successful for a recurring transaction. Liability shift: Yes (except Apple Pay without cryptogram).,Authentication succeeded for this recurring Mastercard transaction — liability shifts to the issuer.
ECI,Electronic Commerce Indicator — authentication assurance level and liability shift indicator returned by the issuer after 3DS authentication. Value meaning varies by scheme.,04 (Mastercard),Frictionless authentication via the Mastercard Identity Check Data Only service. Liability shift: No.,Frictionless authentication via Mastercard Identity Check — the merchant retains liability.
ECI,Electronic Commerce Indicator — authentication assurance level and liability shift indicator returned by the issuer after 3DS authentication. Value meaning varies by scheme.,06 (Mastercard),Transaction is out of scope or exempt from Strong Customer Authentication (SCA). Liability shift: No.,This transaction was exempt from SCA on Mastercard — the merchant retains liability.
ECI,Electronic Commerce Indicator — authentication assurance level and liability shift indicator returned by the issuer after 3DS authentication. Value meaning varies by scheme.,00 (Mastercard),3DS authentication failed or could not be attempted. Liability shift: No.,Authentication failed or could not be attempted on Mastercard — the merchant retains liability.
ECI,Electronic Commerce Indicator — authentication assurance level and liability shift indicator returned by the issuer after 3DS authentication. Value meaning varies by scheme.,N0/N2 (Mastercard),A non-payment authentication was processed. No authorisation step. Liability shift: No.,This was a non-payment authentication on Mastercard — no charge was processed.
ECI,Electronic Commerce Indicator — authentication assurance level and liability shift indicator returned by the issuer after 3DS authentication. Value meaning varies by scheme.,05 (Visa / Amex / Discover / JCB / DCI),3DS authentication was successful. Liability shift: Yes.,Authentication was successful — liability for fraud shifts to the issuer.
ECI,Electronic Commerce Indicator — authentication assurance level and liability shift indicator returned by the issuer after 3DS authentication. Value meaning varies by scheme.,06 (Visa / Amex / Discover / JCB / DCI),3DS authentication was processed by a stand-in service and is classed as successful. Liability shift: Yes.,Authentication was handled by a stand-in service — liability shifts to the issuer.
ECI,Electronic Commerce Indicator — authentication assurance level and liability shift indicator returned by the issuer after 3DS authentication. Value meaning varies by scheme.,07 (Visa / Amex / Discover / JCB / DCI),3DS authentication used an SCA exemption or failed or could not be attempted. Liability shift: No.,Authentication used an exemption or was unsuccessful — the merchant retains liability.
Challenge indicator,Instruction sent to the issuer's ACS indicating whether a 3DS challenge is requested for this transaction,No_preference,No preference is expressed — the ACS decides whether to apply a challenge.,No challenge preference was set — the issuer decided whether to challenge the cardholder.
Challenge indicator,Instruction sent to the issuer's ACS indicating whether a 3DS challenge is requested for this transaction,Challenge_requested,The merchant is requesting a challenge to be performed (e.g. for high-value or high-risk transactions).,The merchant requested a challenge — the cardholder was asked to actively verify their identity.
Challenge indicator,Instruction sent to the issuer's ACS indicating whether a 3DS challenge is requested for this transaction,Challenge_requested_mandate,A challenge is mandated by the merchant for regulatory or policy reasons.,A challenge was mandated — the cardholder was required to verify their identity by policy.
Challenge indicator,Instruction sent to the issuer's ACS indicating whether a 3DS challenge is requested for this transaction,No_challenge_requested,The merchant is explicitly requesting no challenge (e.g. applying an SCA exemption).,The merchant requested no challenge — an exemption was applied to skip cardholder verification.
Authentication method completion,Indicates whether the 3DS Method (a device fingerprinting step that collects browser data before authentication) was completed,Y,The 3DS Method completed successfully. Device data was collected and passed to the ACS.,Device data was successfully collected before authentication — this supports a stronger risk assessment.
Authentication method completion,Indicates whether the 3DS Method (a device fingerprinting step that collects browser data before authentication) was completed,N,The 3DS Method was not completed or was not available.,Device data could not be collected before authentication — the issuer had less data to assess risk.
Authentication method completion,Indicates whether the 3DS Method (a device fingerprinting step that collects browser data before authentication) was completed,U,The 3DS Method completion status is unknown.,It is unknown whether device data was collected before authentication.
ACS challenge mandated,Indicates whether the Access Control Server (ACS) required a cardholder challenge as part of 3DS authentication,Yes,The ACS required the cardholder to actively verify their identity (e.g. via OTP or biometric).,The issuer required the cardholder to complete a challenge — for example a one-time passcode.
ACS challenge mandated,Indicates whether the Access Control Server (ACS) required a cardholder challenge as part of 3DS authentication,No,No challenge was mandated by the ACS. Authentication was completed frictionlessly.,No challenge was required — the cardholder was authenticated silently.
Authentication status reason,Machine-readable code qualifying the 3DS transaction status — provides additional detail on why a specific outcome was reached,14,Transaction timed out at the ACS during authentication.,Authentication timed out at the issuer's system — the session expired before the cardholder responded.
Authentication status reason,Machine-readable code qualifying the 3DS transaction status — provides additional detail on why a specific outcome was reached,22,ACS malfunction — the Access Control Server encountered an error.,The issuer's authentication system encountered an error during processing.
Message category,Identifies the category of the 3DS message exchange,01,Payment authentication — standard 3DS authentication flow for a payment transaction.,This was a standard payment authentication using 3DS.
Message category,Identifies the category of the 3DS message exchange,02,Non-payment authentication — authentication without a linked payment (e.g. card verification).,This was a card verification — no payment was processed.
Authentication ID,Unique session identifier assigned to the 3DS authentication interaction by the scheme or ACS,,,The unique ID for this 3DS authentication session — used for scheme-level tracking and investigation.
Shipping address,The shipping address provided by the cardholder at the time of the transaction (masked for PCI compliance),,,The shipping address provided at checkout — masked for security.
Name,Name of the customer associated with the payment (masked for PCI compliance),,,The customer name associated with this payment — masked for security.
Email,Email address of the customer (masked for PCI compliance),,,The customer's email address — masked for security.
IP address,IP address of the customer's device at the time of payment (masked),,,The IP address of the device used at checkout — masked for security.
Device IP address,IP address of the device used to initiate the payment as captured by the fraud engine (masked),,,The IP address captured by the fraud engine — masked for security. May differ from the checkout IP if a proxy or VPN was used.
Risk score,Machine learning-generated score (0–100) indicating the probability that the transaction is fraudulent,0–30,Low risk. The transaction shows minimal fraud signals.,This payment has a low risk score — the fraud engine considers it unlikely to be fraudulent.
Risk score,Machine learning-generated score (0–100) indicating the probability that the transaction is fraudulent,31–69,Medium risk. The transaction shows moderate fraud signals and may warrant additional review.,This payment has a medium risk score — some fraud signals are present and it may warrant review.
Risk score,Machine learning-generated score (0–100) indicating the probability that the transaction is fraudulent,70–100,High risk. The transaction shows strong fraud signals and may be declined or flagged.,This payment has a high risk score — strong fraud signals were detected and it may have been blocked.
Device activity,Contribution of device behaviour signals to the overall risk score. Shown as positive (increases risk) or negative (decreases risk).,Increase value,Device behaviour signals (e.g. unusual device or unfamiliar browser) are increasing the risk score.,The device used for this payment looks unfamiliar or unusual — this is raising the risk score.
Device activity,Contribution of device behaviour signals to the overall risk score. Shown as positive (increases risk) or negative (decreases risk).,Decrease value,Device behaviour signals are reducing the risk score — the device appears legitimate and familiar.,The device used looks legitimate and familiar — this is lowering the risk score.
Card activity,Contribution of card usage patterns to the overall risk score,Increase value,Card usage patterns (e.g. high velocity or unusual spend behaviour) are increasing the risk score.,This card's recent activity looks unusual — for example high transaction velocity — which is raising the risk score.
Card activity,Contribution of card usage patterns to the overall risk score,Decrease value,Card usage patterns are reducing the risk score — the card shows normal activity.,This card's recent activity looks normal — this is lowering the risk score.
Fraud history,Contribution of historical fraud signals associated with this card or customer to the risk score,Increase value,The card or customer has prior fraud signals on record that are increasing the risk score.,Prior fraud signals have been detected for this card or customer — this is raising the risk score.
Fraud history,Contribution of historical fraud signals associated with this card or customer to the risk score,Decrease value,No prior fraud history is detected — this is reducing the risk score.,No prior fraud history is linked to this card or customer — this is lowering the risk score.
Identity,Contribution of identity-related signals to the overall risk score,Increase value,Identity signals (e.g. mismatched name or email) are increasing the risk score.,Identity details such as name or email show inconsistencies — this is raising the risk score.
Identity,Contribution of identity-related signals to the overall risk score,Decrease value,Identity signals are consistent with a known good customer — reducing the risk score.,Identity details are consistent and recognisable — this is lowering the risk score.
Locations,Contribution of location-based signals (IP geolocation vs issuing country vs billing address) to the overall risk score,Increase value,Location signals show inconsistency (e.g. IP country differs from card issuing country) and are increasing the risk score.,The payment location doesn't match the card's home country or billing address — this is raising the risk score.
Locations,Contribution of location-based signals (IP geolocation vs issuing country vs billing address) to the overall risk score,Decrease value,Location signals are consistent — reducing the risk score.,Location signals are consistent — the IP matches the expected geography for this card.
Payment details,Contribution of payment-specific attributes (amount, currency, merchant category) to the overall risk score,Increase value,Payment attributes are atypical for this card or merchant and are increasing the risk score.,Something about this payment — such as the amount or currency — looks atypical and is raising the risk score.
Payment details,Contribution of payment-specific attributes (amount, currency, merchant category) to the overall risk score,Decrease value,Payment attributes are consistent with expected behaviour and are reducing the risk score.,The payment amount and details look normal for this card and merchant — this is lowering the risk score.
Business risk,Contribution of merchant or business-level risk signals to the overall risk score,Increase value,Merchant-level risk signals (e.g. high chargeback rate or MCC risk) are increasing the risk score.,Merchant-level risk factors such as a high chargeback rate are raising the risk score for this payment.
Business risk,Contribution of merchant or business-level risk signals to the overall risk score,Decrease value,Merchant-level signals indicate low business risk and are reducing the risk score.,Merchant-level signals indicate low risk — this is lowering the overall risk score.
Response code,Checkout.com gateway response code returned for the payment action. Indicates the outcome category and specific reason for the result.,10000,Approved,The payment was approved.
Response code,Checkout.com gateway response code returned for the payment action. Indicates the outcome category and specific reason for the result.,10008,Approved — Honor with ID (debit cards),The payment was approved — the issuer requires the cardholder to show ID.
Response code,Checkout.com gateway response code returned for the payment action. Indicates the outcome category and specific reason for the result.,10010,Partial value approved,A partial amount was approved — not the full requested amount.
Response code,Checkout.com gateway response code returned for the payment action. Indicates the outcome category and specific reason for the result.,10100,Flagged as a potentially risky transaction,The payment was approved but flagged by the risk engine for review.
Response code,Checkout.com gateway response code returned for the payment action. Indicates the outcome category and specific reason for the result.,10200,Deferred capture,The payment was authorised and capture has been deferred.
Response code,Checkout.com gateway response code returned for the payment action. Indicates the outcome category and specific reason for the result.,20001,Refer to card issuer — contact the issuing bank for more information,"This decline is typically driven by the issuer’s risk assessment, which may flag the transaction as potentially high-risk. To help users complete their payment successfully, consider the following actions: 1) Prompt the user to retry using a different card, or leverage Checkout.com’s Intelligent Acceptance to automatically manage retries. 2) Offer alternative payment methods (e.g., digital wallets or local APMs). 3) Suggest that the user contact their issuing bank for clarification on the decline. Note: Review your risk appetite before implementing these steps, as increasing retry options may also raise exposure to fraudulent activity"
Response code,Checkout.com gateway response code returned for the payment action. Indicates the outcome category and specific reason for the result.,20003,Invalid merchant or service provider,"Verify your Merchant ID, MCC, and acquirer configuration. If the issue persists, consider issuer outreach through Checkout.com’s Support team or your account manager to resolve potential restrictions. You can also open a Support request if you suspect a configuration mismatch so Checkout.com can coordinate directly with the scheme or issuer"
Response code,Checkout.com gateway response code returned for the payment action. Indicates the outcome category and specific reason for the result.,20005,Declined — do not honour. Generic issuer decline with no specific reason given.,"Review your fraud rates — levels above 35 bps may be considered high, and issuers could respond with a 'Do Not Honor' decline due to elevated risk. 2) Review recommendation codes for further context. 3) Improve the amount and quality of data sent in the authorization message to enhance issuer trust. 4) Consider issuer outreach through Checkout.com’s Support team or your account manager to investigate potential restrictions or feedback from the issuer."
Response code,Checkout.com gateway response code returned for the payment action. Indicates the outcome category and specific reason for the result.,20012,Invalid transaction,"This transaction will not be approved by the issuer. To optimize recovery while avoiding unnecessary costs: 1) Do not retry the transaction with the same card to prevent incurring Visa Integrity and gateway fees. 2) Prompt the user to retry using a different card, or leverage Checkout.com’s Intelligent Acceptance to automatically manage retries. 3) Offer alternative payment methods (e.g., digital wallets or local APMs) to help the user complete the transaction."
Response code,Checkout.com gateway response code returned for the payment action. Indicates the outcome category and specific reason for the result.,20013,Invalid value or amount,"These transactions are typically declined due to issuer restrictions on the user’s card, such as exceeding daily spending limits. To help recover these payments: 1) Encourage the user to use a different card or alternative payment method. 2) Suggest that the user review their daily spending limits in their banking app and adjust them if possible, or contact their issuing bank for assistance in resetting the limit"
Response code,Checkout.com gateway response code returned for the payment action. Indicates the outcome category and specific reason for the result.,20014,Invalid account number — card number not recognised or no longer in use,"These transactions are typically declined due to user input errors (e.g., incorrect card numbers) or technical issues on the issuer’s side where cards are incorrectly linked to bank accounts. To help recover these payments: 1) Encourage the user to retry using a different card or alternative payment method. 2) Consider issuer outreach through Checkout.com’s Support team or your account manager if multiple declines with this code are observed from the same issuer"
Response code,Checkout.com gateway response code returned for the payment action. Indicates the outcome category and specific reason for the result.,20017,Customer cancellation,"These decline codes are typically associated with subscription renewals. To help recover these payments: 1) Use Checkout.com’s Real-Time Account Updater to automatically refresh expired or updated card details. 2) If the transaction still fails, contact the user to provide an updated card or encourage them to use an alternative payment method"
Response code,Checkout.com gateway response code returned for the payment action. Indicates the outcome category and specific reason for the result.,20019,Re-enter transaction — transaction has expired or should be retried,"These transactions are typically declined due to temporary technical errors, and this response code occurs infrequently. To help recover these payments: 1) Retry the transaction at a later time, or use Checkout.com’s Intelligent Acceptance to automatically manage retries. 2) Display a message encouraging the user to retry using a different card or alternative payment method"
Response code,Checkout.com gateway response code returned for the payment action. Indicates the outcome category and specific reason for the result.,20030,Void failed — authorisation validity period has expired. The issuing bank has automatically released the hold on the funds.,The void failed because the authorisation has already expired — the issuing bank released the funds automatically. The merchant should confirm with the customer that the funds are available in their account. If a refund is needed, it must be processed separately.
Response code,Checkout.com gateway response code returned for the payment action. Indicates the outcome category and specific reason for the result.,20030,Refund failed — MADA refund attempted outside the permitted 30-day window or acquirer-specific manual refund process required.,The refund failed because MADA transactions must be refunded within 30 days of the original transaction. If the window has passed, the refund must be processed manually through the acquirer. A manual refund process applies depending on the acquirer (SNB/NCB/Alahli, Al Rajhi, SAB, or other).
Response code,Checkout.com gateway response code returned for the payment action. Indicates the outcome category and specific reason for the result.,20038,Allowable PIN tries exceeded,"These transactions are typically declined due to user input errors or potential fraud, often when the user has entered an incorrect PIN multiple times beyond the issuer’s allowed limit. To help recover these payments: 1) Retry the transaction at a later time, or leverage Checkout.com’s Intelligent Acceptance to automatically manage retries. 2) Display a message encouraging the user to retry using a different card or alternative payment method"
Response code,Checkout.com gateway response code returned for the payment action. Indicates the outcome category and specific reason for the result.,20040,Requested function not supported,"These transactions are typically declined due to temporary technical errors, and this response code occurs infrequently. To help recover these payments: 1) Retry the transaction at a later time, or use Checkout.com’s Intelligent Acceptance to automatically manage retries. 2) Display a message encouraging the user to retry using a different card or alternative payment method"
Response code,Checkout.com gateway response code returned for the payment action. Indicates the outcome category and specific reason for the result.,20051,Insufficient funds in the cardholder's account,"For MITs, consider: (1) aligning the charge date with local paydays, (2) processing transactions during local banking hours to improve authorization rates, and (3) leveraging Checkout.com’s Intelligent Acceptance to automatically manage retries, or using Checkout.com’s Dunning Retry Solution to schedule subscription retries at a cadence that fits your business model. For CITs, consider promoting alternative payment methods based on local availability and recurring payment capabilities. Note: Decline code 20051 falls under Visa System Integrity Monitoring Category 2, and excessive manual retries may increase scheme fees. You can also explore enabling partial authorizations where supported"
Response code,Checkout.com gateway response code returned for the payment action. Indicates the outcome category and specific reason for the result.,20054,Expired card,"These transactions are typically declined due to incorrect or outdated card details. To help recover these payments: 1) Leverage Checkout.com’s Network Tokens or Real-Time Account Updater to automatically refresh expired or updated card information. 2) Display a message asking the user to review their card details (number, expiration date, CVV, and address) and retry the transaction, or use Checkout.com’s Intelligent Acceptance to automatically manage retries. 3) Encourage the user to use a different card or alternative payment method to complete the transaction"
Response code,Checkout.com gateway response code returned for the payment action. Indicates the outcome category and specific reason for the result.,20055,Incorrect PIN or PIN validation not possible,"These transactions are typically declined due to incorrect or outdated card details. To help recover these payments: 1) Leverage Checkout.com’s Network Tokens to automatically refresh expired or updated card information. 2) Display a message asking the user to review their card details (number, expiration date, CVV, and address) and retry the transaction, or use Checkout.com’s Intelligent Acceptance to automatically manage retries. 3) Encourage the user to use a different card or alternative payment method to complete the transaction"
Response code,Checkout.com gateway response code returned for the payment action. Indicates the outcome category and specific reason for the result.,20056,No card record found,These declines are typically associated with Carte Bancaire transactions. To help recover these payments: 1) Use Checkout.com’s Intelligent Acceptance to automatically manage retries over Visa or Mastercard rails. 2) Display a message encouraging the user to retry using a different card or alternative payment method to complete the transaction.
Response code,Checkout.com gateway response code returned for the payment action. Indicates the outcome category and specific reason for the result.,20057,Transaction not permitted to cardholder — card has a restriction blocking this transaction type,"Start by reviewing your cardholder communication flows to ensure users are properly informed about transaction attempts. If the decline is related to an Account Funding Transaction (AFT), consider using Checkout.com’s Intelligent Acceptance to automatically downgrade or optimize transaction routing where applicable"
Response code,Checkout.com gateway response code returned for the payment action. Indicates the outcome category and specific reason for the result.,20058,Transaction not permitted to terminal,"These transactions are typically declined due to temporary technical errors, and this response code occurs infrequently. To help recover these payments: 1) Retry the transaction at a later time, or use Checkout.com’s Intelligent Acceptance to automatically manage retries. 2) Display a message encouraging the user to retry using a different card or alternative payment method"
Response code,Checkout.com gateway response code returned for the payment action. Indicates the outcome category and specific reason for the result.,20059,Suspected fraud — issuer's fraud system flagged the transaction,"To improve authorization performance and reduce issuer declines, consider the following actions: 1) Monitor fraud rates at the issuer level — levels above 35 bps are typically considered high and may trigger issuer-side risk models, leading to false declines. Merchants can enable Checkout.com’s Fraud Detection Pro to help lower their fraud score and improve authorization outcomes
For performance optimization, use Network Tokens to enhance authorization reliability, and Checkout.com’s Intelligent Acceptance to manage retries and intelligently optimize 3DS for CIT traffic. 4) Increase the amount and quality of data sent in the authorization message to strengthen issuer trust. 5) Review recommendation codes in your analytics dashboard to identify targeted corrective actions. 6) For MIT traffic, consider using 3RI to reduce fraud rates (available for Mastercard recurring transactions) or restart the MIT chain with authentication using the challenge_request_mandate indicator. Note: Decline code 20051 falls under Visa System Integrity Monitoring Category 2, and excessive retries can lead to higher scheme fees and increased false declines"
Response code,Checkout.com gateway response code returned for the payment action. Indicates the outcome category and specific reason for the result.,20061,Activity amount limit exceeded,The transaction exceeds the cardholder's spend limit — they should contact their bank.
Response code,Checkout.com gateway response code returned for the payment action. Indicates the outcome category and specific reason for the result.,20062,Restricted card,The card is restricted from making this type of payment.
Response code,Checkout.com gateway response code returned for the payment action. Indicates the outcome category and specific reason for the result.,20063,Security violation,A security check failed — the cardholder should contact their bank.
Response code,Checkout.com gateway response code returned for the payment action. Indicates the outcome category and specific reason for the result.,20065,Exceeds withdrawal frequency limit,The cardholder has made too many transactions in the allowed period — they should try again later.
Response code,Checkout.com gateway response code returned for the payment action. Indicates the outcome category and specific reason for the result.,20068,Response received too late — timeout or internal error,The transaction timed out — this is typically a temporary issue. Retry may resolve it.
Response code,Checkout.com gateway response code returned for the payment action. Indicates the outcome category and specific reason for the result.,20075,Allowable PIN entry tries exceeded,The cardholder exceeded the allowed PIN attempts.
Response code,Checkout.com gateway response code returned for the payment action. Indicates the outcome category and specific reason for the result.,20078,Blocked at first use — new or replacement card not properly unblocked,"These transactions are typically declined due to temporary technical errors, and this response code occurs infrequently. To help recover these payments: 1) Retry the transaction at a later time, or use Checkout.com’s Intelligent Acceptance to automatically manage retries. 2) Display a message encouraging the user to retry using a different card or alternative payment method"
Response code,Checkout.com gateway response code returned for the payment action. Indicates the outcome category and specific reason for the result.,20082,No security model — PIN cryptographic error or negative CVV/dCVV/iCVV result,A security check on the card data failed — the cardholder should contact their bank.
Response code,Checkout.com gateway response code returned for the payment action. Indicates the outcome category and specific reason for the result.,20087,Bad track data — invalid CVV or expiry date,The card data submitted was invalid — the CVV or expiry date may be incorrect.
Response code,Checkout.com gateway response code returned for the payment action. Indicates the outcome category and specific reason for the result.,20091,Issuer unavailable or switch inoperative,The issuer's system was unavailable — this is a temporary issue. Retry later.
Response code,Checkout.com gateway response code returned for the payment action. Indicates the outcome category and specific reason for the result.,20092,Destination cannot be found for routing,The payment could not be routed to the issuer — may be a temporary network issue.
Response code,Checkout.com gateway response code returned for the payment action. Indicates the outcome category and specific reason for the result.,20094,Duplicate transmission or invoice,This transaction appears to be a duplicate of one already submitted.
Response code,Checkout.com gateway response code returned for the payment action. Indicates the outcome category and specific reason for the result.,20096,System malfunction,A system error occurred — this is typically temporary. Retry may resolve it.
Response code,Checkout.com gateway response code returned for the payment action. Indicates the outcome category and specific reason for the result.,20099,Other — unidentified response,The decline reason could not be identified — the cardholder should contact their bank.
Response code,Checkout.com gateway response code returned for the payment action. Indicates the outcome category and specific reason for the result.,200N7,Decline for CVV2 failure,The CVV2 security code did not match — the cardholder should check their card details.
Response code,Checkout.com gateway response code returned for the payment action. Indicates the outcome category and specific reason for the result.,200R1,Issuer initiated a stop payment (revocation order) for this authorisation,The issuer has placed a stop on this specific payment — the cardholder should contact their bank.
Response code,Checkout.com gateway response code returned for the payment action. Indicates the outcome category and specific reason for the result.,200R3,Issuer initiated a stop payment (revocation order) for all authorisations,The issuer has revoked all authorisations for this card — the cardholder must contact their bank.
Response code,Checkout.com gateway response code returned for the payment action. Indicates the outcome category and specific reason for the result.,20100,Invalid expiry date format,The expiry date submitted was in an invalid format.
Response code,Checkout.com gateway response code returned for the payment action. Indicates the outcome category and specific reason for the result.,20103,Card type or payment method not supported,This card type or payment method is not supported for this transaction.
Response code,Checkout.com gateway response code returned for the payment action. Indicates the outcome category and specific reason for the result.,20106,Unsupported currency,The currency used is not supported for this card or merchant configuration.
Response code,Checkout.com gateway response code returned for the payment action. Indicates the outcome category and specific reason for the result.,30004,Pick up card — no fraud indicated,"This decline is typically driven by the issuer’s risk assessment, which may flag the transaction as potentially high-risk. To help users complete their payment successfully, consider the following actions: 1) Prompt the user to retry using a different card, or leverage Checkout.com’s Intelligent Acceptance to automatically manage retries. 2) Offer alternative payment methods (e.g., digital wallets or local APMs). 3) Suggest that the user contact their issuing bank for clarification on the decline. Note: Review your risk appetite before implementing these steps, as increasing retry options may also raise exposure to fraudulent activity"
Response code,Checkout.com gateway response code returned for the payment action. Indicates the outcome category and specific reason for the result.,30007,Pick up card — special conditions,"This decline is typically driven by the issuer’s risk assessment, which may flag the transaction as potentially high-risk. To help users complete their payment successfully, consider the following actions: 1) Prompt the user to retry using a different card, or leverage Checkout.com’s Intelligent Acceptance to automatically manage retries. 2) Offer alternative payment methods (e.g., digital wallets or local APMs). 3) Suggest that the user contact their issuing bank for clarification on the decline. Note: Review your risk appetite before implementing these steps, as increasing retry options may also raise exposure to fraudulent activity"
Response code,Checkout.com gateway response code returned for the payment action. Indicates the outcome category and specific reason for the result.,30015,No such issuer,"This decline is typically driven by the issuer’s risk assessment, which may flag the transaction as potentially high-risk. To help users complete their payment successfully, consider the following actions: 1) Prompt the user to retry using a different card, or leverage Checkout.com’s Intelligent Acceptance to automatically manage retries. 2) Offer alternative payment methods (e.g., digital wallets or local APMs). 3) Suggest that the user contact their issuing bank for clarification on the decline. Note: Review your risk appetite before implementing these steps, as increasing retry options may also raise exposure to fraudulent activity"
Response code,Checkout.com gateway response code returned for the payment action. Indicates the outcome category and specific reason for the result.,30033,Expired card — pick up,"This decline is typically driven by the issuer’s risk assessment, which may flag the transaction as potentially high-risk. To help users complete their payment successfully, consider the following actions: 1) Prompt the user to retry using a different card, or leverage Checkout.com’s Intelligent Acceptance to automatically manage retries. 2) Offer alternative payment methods (e.g., digital wallets or local APMs). 3) Suggest that the user contact their issuing bank for clarification on the decline. Note: Review your risk appetite before implementing these steps, as increasing retry options may also raise exposure to fraudulent activity"
Response code,Checkout.com gateway response code returned for the payment action. Indicates the outcome category and specific reason for the result.,30034,Suspected fraud — pick up,"This decline is typically driven by the issuer’s risk assessment, which may flag the transaction as potentially high-risk. To help users complete their payment successfully, consider the following actions: 1) Prompt the user to retry using a different card, or leverage Checkout.com’s Intelligent Acceptance to automatically manage retries. 2) Offer alternative payment methods (e.g., digital wallets or local APMs). 3) Suggest that the user contact their issuing bank for clarification on the decline. Note: Review your risk appetite before implementing these steps, as increasing retry options may also raise exposure to fraudulent activity"
Response code,Checkout.com gateway response code returned for the payment action. Indicates the outcome category and specific reason for the result.,30041,Lost card — pick up,"This decline is typically driven by the issuer’s risk assessment, which may flag the transaction as potentially high-risk. To help users complete their payment successfully, consider the following actions: 1) Prompt the user to retry using a different card, or leverage Checkout.com’s Intelligent Acceptance to automatically manage retries. 2) Offer alternative payment methods (e.g., digital wallets or local APMs). 3) Suggest that the user contact their issuing bank for clarification on the decline. Note: Review your risk appetite before implementing these steps, as increasing retry options may also raise exposure to fraudulent activity"
Response code,Checkout.com gateway response code returned for the payment action. Indicates the outcome category and specific reason for the result.,30043,Stolen card — pick up,"The issuer has declined this transaction because the card has been reported as stolen. For one-off transactions, do not retry the payment or fulfill the associated goods or services. For recurring or scheduled transactions, the card may have been lost or replaced after the last successful payment. In these cases, contact the user to update their payment method, or use Checkout.com’s Real-Time Account Updater to automatically refresh card details with the new account information"
Response code,Checkout.com gateway response code returned for the payment action. Indicates the outcome category and specific reason for the result.,30046,Closed account,"This transaction will not be approved by the issuer. To recover where possible: 1) Do not retry with the same card to avoid incurring Visa Integrity and gateway fees. 2) Encourage the user to retry using a different card, or leverage Checkout.com’s Intelligent Acceptance to automatically manage eligible retries. 3) Offer alternative payment methods (e.g., digital wallets or local APMs) to help the user complete the transaction, ensuring these align with your risk appetite. 4) Use Checkout.com’s Real-Time Account Updater to automatically refresh expired or replaced card details. 5) Enable Network Tokens to maintain valid card credentials and reduce future declines"
Response code,Checkout.com gateway response code returned for the payment action. Indicates the outcome category and specific reason for the result.,41101,Risk blocked transaction (client-level rule),This payment was blocked by a merchant-level risk rule configured in Checkout.com.
Response code,Checkout.com gateway response code returned for the payment action. Indicates the outcome category and specific reason for the result.,41201,Decline list match — card number (client level),This card number is on the merchant's decline list — the payment was blocked.
Response code,Checkout.com gateway response code returned for the payment action. Indicates the outcome category and specific reason for the result.,41202,Decline list match — BIN (client level),This card's BIN is on the merchant's decline list — the payment was blocked.
Response code,Checkout.com gateway response code returned for the payment action. Indicates the outcome category and specific reason for the result.,41203,Decline list match — email address (client level),This email address is on the merchant's decline list — the payment was blocked.
Response code,Checkout.com gateway response code returned for the payment action. Indicates the outcome category and specific reason for the result.,41204,Decline list match — phone (client level),This phone number is on the merchant's decline list — the payment was blocked.
Response code,Checkout.com gateway response code returned for the payment action. Indicates the outcome category and specific reason for the result.,41205,Decline list match — payment IP (client level),This IP address is on the merchant's decline list — the payment was blocked.
Response code,Checkout.com gateway response code returned for the payment action. Indicates the outcome category and specific reason for the result.,41301,Fraud score exceeds threshold (client level),The fraud score for this payment exceeded the merchant's configured threshold — it was blocked.
Response code,Checkout.com gateway response code returned for the payment action. Indicates the outcome category and specific reason for the result.,43101,Potential fraud risk (Checkout.com level),Checkout.com's risk engine flagged this payment as potentially fraudulent.
Response code,Checkout.com gateway response code returned for the payment action. Indicates the outcome category and specific reason for the result.,43102,Risk blocked transaction — rule group name returned in summary (Checkout.com level),This payment was blocked by a Checkout.com platform-level risk rule — the rule group name appears in the response summary.
Response code,Checkout.com gateway response code returned for the payment action. Indicates the outcome category and specific reason for the result.,43201,Decline list match — card number (Checkout.com level),This card number is on Checkout.com's platform-level decline list — the payment was blocked.
Response code,Checkout.com gateway response code returned for the payment action. Indicates the outcome category and specific reason for the result.,43202,Decline list match — BIN (Checkout.com level),This card's BIN is on Checkout.com's platform-level decline list — the payment was blocked.
Response code,Checkout.com gateway response code returned for the payment action. Indicates the outcome category and specific reason for the result.,43203,Decline list match — email address (Checkout.com level),This email address is on Checkout.com's platform-level decline list — the payment was blocked.
Response code,Checkout.com gateway response code returned for the payment action. Indicates the outcome category and specific reason for the result.,43204,Decline list match — phone (Checkout.com level),This phone number is on Checkout.com's platform-level decline list — the payment was blocked.
Response code,Checkout.com gateway response code returned for the payment action. Indicates the outcome category and specific reason for the result.,43205,Decline list match — payment IP (Checkout.com level),This IP address is on Checkout.com's platform-level decline list — the payment was blocked.
Response code,Checkout.com gateway response code returned for the payment action. Indicates the outcome category and specific reason for the result.,43206,Decline list match — email domain (Checkout.com level),This email domain is on Checkout.com's platform-level decline list — the payment was blocked.
Response code,Checkout.com gateway response code returned for the payment action. Indicates the outcome category and specific reason for the result.,43301,Fraud score exceeds threshold (Checkout.com level),The fraud score exceeded Checkout.com's platform-level threshold — the payment was blocked automatically.
Response code,Checkout.com gateway response code returned for the payment action. Indicates the outcome category and specific reason for the result.,43401,3DS authentication required,This payment requires 3DS authentication — it cannot proceed without it.
Response code,Checkout.com gateway response code returned for the payment action. Indicates the outcome category and specific reason for the result.,20002,Refer to card issuer - special conditions,"This decline is typically driven by the issuer’s risk assessment, which may flag the transaction as potentially high-risk. To help users complete their payment successfully, consider the following actions: 1) Prompt the user to retry using a different card, or leverage Checkout.com’s Intelligent Acceptance to automatically manage retries. 2) Offer alternative payment methods (e.g., digital wallets or local APMs). 3) Suggest that the user contact their issuing bank for clarification on the decline. Note: Review your risk appetite before implementing these steps, as increasing retry options may also raise exposure to fraudulent activity"
Response code,Checkout.com gateway response code returned for the payment action. Indicates the outcome category and specific reason for the result.,20006,Error / Invalid request parameters,"Display a message asking the user to review their card information (number, expiration date, CVV, and address) and retry the transaction, or leverage Checkout.com’s Intelligent Acceptance to automatically manage retries. 2) Encourage the user to use a different card or alternative payment method to complete the transaction"
Response code,Checkout.com gateway response code returned for the payment action. Indicates the outcome category and specific reason for the result.,20009,Request in progress,"These transactions are typically declined due to temporary technical errors, and this response code occurs infrequently. To help recover these payments: 1) Retry the transaction at a later time, or use Checkout.com’s Intelligent Acceptance to automatically manage retries. 2) Display a message encouraging the user to retry using a different card or alternative payment method"
Response code,Checkout.com gateway response code returned for the payment action. Indicates the outcome category and specific reason for the result.,20010,Partial value approved,"These transactions are typically declined due to temporary technical errors, and this response code occurs infrequently. To help recover these payments: 1) Retry the transaction at a later time, or use Checkout.com’s Intelligent Acceptance to automatically manage retries. 2) Display a message encouraging the user to retry using a different card or alternative payment method"
Response code,Checkout.com gateway response code returned for the payment action. Indicates the outcome category and specific reason for the result.,20018,Customer dispute,
Response code,Checkout.com gateway response code returned for the payment action. Indicates the outcome category and specific reason for the result.,20020,Invalid response,"These transactions are typically declined due to configuration issues on third-party acquirer (TPA) MIDs. To help recover these payments: 1) Confirm whether 3DS is set as mandatory on the MID with your TPA and review the rationale. Ensure that 3DS is correctly requested for these transactions. 2) Check if the BIN is blacklisted by the acquiring bank, and confirm the reasoning with your TPA. Consider offering local payment methods such as BenefitPay (Bahrain), KNET (Kuwait), or QPAY (Qatar) to increase acceptance. 3) Verify if the BIN setup only supports credit cards. Some processors (e.g., Credimax, NBK MPGS, Doha MPGS) only process credit card transactions. Route debit card transactions through local payment processors like BenefitPay, KNET, or QPAY"
Response code,Checkout.com gateway response code returned for the payment action. Indicates the outcome category and specific reason for the result.,20021,No action taken (unable to back out prior transaction),"These transactions are typically declined due to temporary technical errors, and this response code occurs infrequently. To help recover these payments: 1) Retry the transaction at a later time, or use Checkout.com’s Intelligent Acceptance to automatically manage retries. 2) Display a message encouraging the user to retry using a different card or alternative payment method"
Response code,Checkout.com gateway response code returned for the payment action. Indicates the outcome category and specific reason for the result.,20022,Suspected malfunction,"These transactions are typically declined due to temporary technical errors, and this response code occurs infrequently. To help recover these payments: 1) Retry the transaction at a later time, or use Checkout.com’s Intelligent Acceptance to automatically manage retries. 2) Display a message encouraging the user to retry using a different card or alternative payment method"
Response code,Checkout.com gateway response code returned for the payment action. Indicates the outcome category and specific reason for the result.,20023,Unacceptable transaction fee,"These transactions are typically declined due to temporary technical errors, and this response code occurs infrequently. To help recover these payments: 1) Retry the transaction at a later time, or use Checkout.com’s Intelligent Acceptance to automatically manage retries. 2) Display a message encouraging the user to retry using a different card or alternative payment method"
Response code,Checkout.com gateway response code returned for the payment action. Indicates the outcome category and specific reason for the result.,20024,File update not supported by the receiver,"These transactions are typically declined due to temporary technical errors, and this response code occurs infrequently. To help recover these payments: 1) Retry the transaction at a later time, or use Checkout.com’s Intelligent Acceptance to automatically manage retries. 2) Display a message encouraging the user to retry using a different card or alternative payment method"
Response code,Checkout.com gateway response code returned for the payment action. Indicates the outcome category and specific reason for the result.,20025,Unable to locate record on file,"These transactions are typically declined due to temporary technical errors, and this response code occurs infrequently. To help recover these payments: 1) Retry the transaction at a later time, or use Checkout.com’s Intelligent Acceptance to automatically manage retries. 2) Display a message encouraging the user to retry using a different card or alternative payment method"
Response code,Checkout.com gateway response code returned for the payment action. Indicates the outcome category and specific reason for the result.,20026,Duplicate file update record,"These transactions are typically declined due to temporary technical errors, and this response code occurs infrequently. To help recover these payments: 1) Retry the transaction at a later time, or use Checkout.com’s Intelligent Acceptance to automatically manage retries. 2) Display a message encouraging the user to retry using a different card or alternative payment method"
Response code,Checkout.com gateway response code returned for the payment action. Indicates the outcome category and specific reason for the result.,20027,File update field edit error,"These transactions are typically declined due to temporary technical errors, and this response code occurs infrequently. To help recover these payments: 1) Retry the transaction at a later time, or use Checkout.com’s Intelligent Acceptance to automatically manage retries. 2) Display a message encouraging the user to retry using a different card or alternative payment method"
Response code,Checkout.com gateway response code returned for the payment action. Indicates the outcome category and specific reason for the result.,20028,File is temporarily unavailable,"These transactions are typically declined due to temporary technical errors, and this response code occurs infrequently. To help recover these payments: 1) Retry the transaction at a later time, or use Checkout.com’s Intelligent Acceptance to automatically manage retries. 2) Display a message encouraging the user to retry using a different card or alternative payment method"
Response code,Checkout.com gateway response code returned for the payment action. Indicates the outcome category and specific reason for the result.,20029,File update not successful,"These transactions are typically declined due to temporary technical errors, and this response code occurs infrequently. To help recover these payments: 1) Retry the transaction at a later time, or use Checkout.com’s Intelligent Acceptance to automatically manage retries. 2) Display a message encouraging the user to retry using a different card or alternative payment method"
Response code,Checkout.com gateway response code returned for the payment action. Indicates the outcome category and specific reason for the result.,20031,Bank not supported by Switch,"These transactions are typically declined due to temporary technical errors, and this response code occurs infrequently. To help recover these payments: 1) Retry the transaction at a later time, or use Checkout.com’s Intelligent Acceptance to automatically manage retries. 2) Display a message encouraging the user to retry using a different card or alternative payment method"
Response code,Checkout.com gateway response code returned for the payment action. Indicates the outcome category and specific reason for the result.,20032,Completed partially,"These transactions are typically declined due to temporary technical errors, and this response code occurs infrequently. To help recover these payments: 1) Retry the transaction at a later time, or use Checkout.com’s Intelligent Acceptance to automatically manage retries. 2) Display a message encouraging the user to retry using a different card or alternative payment method"
Response code,Checkout.com gateway response code returned for the payment action. Indicates the outcome category and specific reason for the result.,20033,Previous scheme transaction ID invalid,
Response code,Checkout.com gateway response code returned for the payment action. Indicates the outcome category and specific reason for the result.,20039,No credit account,"These transactions are typically declined due to temporary technical errors, and this response code occurs infrequently. To help recover these payments: 1) Retry the transaction at a later time, or use Checkout.com’s Intelligent Acceptance to automatically manage retries. 2) Display a message encouraging the user to retry using a different card or alternative payment method"
Response code,Checkout.com gateway response code returned for the payment action. Indicates the outcome category and specific reason for the result.,20042,No universal value/amount,"These transactions are typically declined due to temporary technical errors, and this response code occurs infrequently. To help recover these payments: 1) Retry the transaction at a later time, or use Checkout.com’s Intelligent Acceptance to automatically manage retries. 2) Display a message encouraging the user to retry using a different card or alternative payment method"
Response code,Checkout.com gateway response code returned for the payment action. Indicates the outcome category and specific reason for the result.,20044,No investment account,"These transactions are typically declined due to temporary technical errors, and this response code occurs infrequently. To help recover these payments: 1) Retry the transaction at a later time, or use Checkout.com’s Intelligent Acceptance to automatically manage retries. 2) Display a message encouraging the user to retry using a different card or alternative payment method"
Response code,Checkout.com gateway response code returned for the payment action. Indicates the outcome category and specific reason for the result.,20046,Bank decline,"These transactions are typically declined due to temporary technical errors, and this response code occurs infrequently. To help recover these payments: 1) Retry the transaction at a later time, or use Checkout.com’s Intelligent Acceptance to automatically manage retries. 2) Display a message encouraging the user to retry using a different card or alternative payment method"
Response code,Checkout.com gateway response code returned for the payment action. Indicates the outcome category and specific reason for the result.,20052,No current (checking) account,"These transactions are typically declined due to temporary technical errors, and this response code occurs infrequently. To help recover these payments: 1) Retry the transaction at a later time, or use Checkout.com’s Intelligent Acceptance to automatically manage retries. 2) Display a message encouraging the user to retry using a different card or alternative payment method"
Response code,Checkout.com gateway response code returned for the payment action. Indicates the outcome category and specific reason for the result.,20053,No savings account,"These transactions are typically declined due to temporary technical errors, and this response code occurs infrequently. To help recover these payments: 1) Retry the transaction at a later time, or use Checkout.com’s Intelligent Acceptance to automatically manage retries. 2) Display a message encouraging the user to retry using a different card or alternative payment method"
Response code,Checkout.com gateway response code returned for the payment action. Indicates the outcome category and specific reason for the result.,2005C,Transaction not supported / blocked by issuer,"This decline occurs when the issuer is temporarily unable to approve the transaction. The specific root cause can only be confirmed by the issuer, but common reasons include credit risk restrictions, issuer velocity controls, or account-level limitations for certain transaction types (for example, unauthenticated e-commerce payments). Merchants can leverage Checkout.com’s Intelligent Acceptance to automatically manage retries at the optimal time to improve approval rates"
Response code,Checkout.com gateway response code returned for the payment action. Indicates the outcome category and specific reason for the result.,20060,Card acceptor contact acquirer,
Response code,Checkout.com gateway response code returned for the payment action. Indicates the outcome category and specific reason for the result.,20064,Transaction does not fulfil AML requirement,
Response code,Checkout.com gateway response code returned for the payment action. Indicates the outcome category and specific reason for the result.,20066,Card acceptor call acquirer security,
Response code,Checkout.com gateway response code returned for the payment action. Indicates the outcome category and specific reason for the result.,20067,Hard capture - Pick up card at ATM,
Response code,Checkout.com gateway response code returned for the payment action. Indicates the outcome category and specific reason for the result.,2006P,Cardholder ID verification failed,
Response code,Checkout.com gateway response code returned for the payment action. Indicates the outcome category and specific reason for the result.,20083,No accounts,
Response code,Checkout.com gateway response code returned for the payment action. Indicates the outcome category and specific reason for the result.,20084,No PBF,
Response code,Checkout.com gateway response code returned for the payment action. Indicates the outcome category and specific reason for the result.,20085,PBF update error,
Response code,Checkout.com gateway response code returned for the payment action. Indicates the outcome category and specific reason for the result.,20086,ATM malfunction,
Response code,Checkout.com gateway response code returned for the payment action. Indicates the outcome category and specific reason for the result.,20088,Unable to dispense/process,
Response code,Checkout.com gateway response code returned for the payment action. Indicates the outcome category and specific reason for the result.,20089,Administration error,
Response code,Checkout.com gateway response code returned for the payment action. Indicates the outcome category and specific reason for the result.,20090,Cut-off in progress,
Response code,Checkout.com gateway response code returned for the payment action. Indicates the outcome category and specific reason for the result.,20093,Transaction cannot be completed; violation of law,
Response code,Checkout.com gateway response code returned for the payment action. Indicates the outcome category and specific reason for the result.,20095,Reconcile error,
Response code,Checkout.com gateway response code returned for the payment action. Indicates the outcome category and specific reason for the result.,20097,Reconciliation totals reset,
Response code,Checkout.com gateway response code returned for the payment action. Indicates the outcome category and specific reason for the result.,20098,MAC error,
Response code,Checkout.com gateway response code returned for the payment action. Indicates the outcome category and specific reason for the result.,200N0,Force STIP,
Response code,Checkout.com gateway response code returned for the payment action. Indicates the outcome category and specific reason for the result.,200O5,PIN required,
Response code,Checkout.com gateway response code returned for the payment action. Indicates the outcome category and specific reason for the result.,200P1,Over daily limit,
Response code,Checkout.com gateway response code returned for the payment action. Indicates the outcome category and specific reason for the result.,200P9,Limit exceeded. Enter a lesser value.,
Response code,Checkout.com gateway response code returned for the payment action. Indicates the outcome category and specific reason for the result.,200S4,PTLF full,
Response code,Checkout.com gateway response code returned for the payment action. Indicates the outcome category and specific reason for the result.,200T2,Invalid transaction date,
Response code,Checkout.com gateway response code returned for the payment action. Indicates the outcome category and specific reason for the result.,200T3,Card not supported,
Response code,Checkout.com gateway response code returned for the payment action. Indicates the outcome category and specific reason for the result.,200T5,CAF status = 0 or 9,
Response code,Checkout.com gateway response code returned for the payment action. Indicates the outcome category and specific reason for the result.,20101,No Account / No Customer (Token is incorrect or invalid),
Response code,Checkout.com gateway response code returned for the payment action. Indicates the outcome category and specific reason for the result.,20102,Invalid merchant / wallet ID,
Response code,Checkout.com gateway response code returned for the payment action. Indicates the outcome category and specific reason for the result.,20104,Gateway reject - Invalid transaction,
Response code,Checkout.com gateway response code returned for the payment action. Indicates the outcome category and specific reason for the result.,20105,Gateway reject - Violation,
Response code,Checkout.com gateway response code returned for the payment action. Indicates the outcome category and specific reason for the result.,20107,Billing address is missing,
Response code,Checkout.com gateway response code returned for the payment action. Indicates the outcome category and specific reason for the result.,20108,Declined - Updated cardholder available,
Response code,Checkout.com gateway response code returned for the payment action. Indicates the outcome category and specific reason for the result.,20109,Transaction already reversed (voided),
Response code,Checkout.com gateway response code returned for the payment action. Indicates the outcome category and specific reason for the result.,20110,Authorization completed,
Response code,Checkout.com gateway response code returned for the payment action. Indicates the outcome category and specific reason for the result.,20111,Transaction already reversed,
Response code,Checkout.com gateway response code returned for the payment action. Indicates the outcome category and specific reason for the result.,20112,Merchant not Mastercard SecureCode enabled,"To optimize authentication strategy and improve authorization performance, consider the following actions: 1) Enable enhanced authentication features to strengthen payment security and reduce fraud-related declines. 2) Leverage Checkout.com’s Intelligent Acceptance to optimize the use of exceptions and preferential challenge indicators for smoother user authentication. 3) Explore Dynamic Account Funding (DAF) if you operate with a high volume of card-on-file transactions. 4) Promote wallet payments such as Apple Pay and Google Pay, which provide a 3DS-free, secure checkout experience. 5) Offer alternative payment methods (APMs) where 3DS is not required to improve conversion rates. 6) Consider setting up a non-SCA country entity for cross-border traffic, noting that this approach may impact performance and increase scheme costs"
Response code,Checkout.com gateway response code returned for the payment action. Indicates the outcome category and specific reason for the result.,20113,Invalid property,
Response code,Checkout.com gateway response code returned for the payment action. Indicates the outcome category and specific reason for the result.,20114,Token is incorrect,
Response code,Checkout.com gateway response code returned for the payment action. Indicates the outcome category and specific reason for the result.,20115,Missing / Invalid lifetime,
Response code,Checkout.com gateway response code returned for the payment action. Indicates the outcome category and specific reason for the result.,20116,Invalid encoding,
Response code,Checkout.com gateway response code returned for the payment action. Indicates the outcome category and specific reason for the result.,20117,Invalid API version,
Response code,Checkout.com gateway response code returned for the payment action. Indicates the outcome category and specific reason for the result.,20118,Transaction pending,
Response code,Checkout.com gateway response code returned for the payment action. Indicates the outcome category and specific reason for the result.,20119,Invalid batch data and/or batch data is missing,
Response code,Checkout.com gateway response code returned for the payment action. Indicates the outcome category and specific reason for the result.,20120,Invalid customer/user,
Response code,Checkout.com gateway response code returned for the payment action. Indicates the outcome category and specific reason for the result.,20121,Transaction limit for merchant/terminal exceeded,
Response code,Checkout.com gateway response code returned for the payment action. Indicates the outcome category and specific reason for the result.,20122,Mastercard installments not supported,
Response code,Checkout.com gateway response code returned for the payment action. Indicates the outcome category and specific reason for the result.,20123,"Missing basic data: zip, addr, member",
Response code,Checkout.com gateway response code returned for the payment action. Indicates the outcome category and specific reason for the result.,20124,"Missing CVV value, required for ecommerce transaction","Prompt the user to enter the required CVV and retry. Merchant actions: ensure CVV collection is enabled for ecommerce; for trusted scenarios, Intelligent Acceptance may allow tailored flows. Reach out to your Account Manager or Support for configuration advice."
Response code,Checkout.com gateway response code returned for the payment action. Indicates the outcome category and specific reason for the result.,20150,Card not 3D Secure (3DS) enabled,"Leverage Checkout.com’s Intelligent Acceptance to automatically determine when to process transactions with or without 3DS for optimal authorization performance. Additionally, ensure that 'n3DS' is correctly included in the authorization payload when sending non-3DS transaction attempts"
Response code,Checkout.com gateway response code returned for the payment action. Indicates the outcome category and specific reason for the result.,20151,Cardholder failed 3DS authentication,"To improve authentication performance and reduce issuer declines, consider the following actions: 1) Use Checkout.com’s Intelligent Acceptance to optimize 3DS behavior by applying exceptions and preferential challenge indicators intelligently. 2) Ensure challenge indicators are configured correctly — 'no_preference' is recommended for most transactions, except when saving a card-on-file or starting a new MIT chain, where 'challenge_requested' is preferred. Note: using 'no_challenge_requested' in France does not provide a liability shift. 3) Promote wallet payments such as Apple Pay and Google Pay, which offer a 3DS-free, secure checkout experience. 4) Offer alternative payment methods (APMs) where 3DS is not required to improve conversion rates. 5) Review and reduce potential fraud triggers that may be causing transaction failures. 6) If applicable, consider setting up a non-SCA country entity for cross-border traffic to qualify transactions as one-leg-out; however, note this may impact both performance and scheme costs. 7) Enhance the amount and quality of data sent in the authentication message to strengthen issuer trust and increase approval likelihood"
Response code,Checkout.com gateway response code returned for the payment action. Indicates the outcome category and specific reason for the result.,20152,Initial 3DS transaction not completed within 15 minutes,"To improve authentication performance and reduce issuer declines, consider the following actions: 1) Use Checkout.com’s Intelligent Acceptance to optimize 3DS behavior by applying exceptions and preferential challenge indicators intelligently. 2) Ensure challenge indicators are configured correctly — 'no_preference' is recommended for most transactions, except when saving a card-on-file or starting a new MIT chain, where 'challenge_requested' is preferred. Note: using 'no_challenge_requested' in France does not provide a liability shift. 3) Promote wallet payments such as Apple Pay and Google Pay, which offer a 3DS-free, secure checkout experience. 4) Offer alternative payment methods (APMs) where 3DS is not required to improve conversion rates. 5) Review and reduce potential fraud triggers that may be causing transaction failures. 6) If applicable, consider setting up a non-SCA country entity for cross-border traffic to qualify transactions as one-leg-out; however, note this may impact both performance and scheme costs. 7) Enhance the amount and quality of data sent in the authentication message to strengthen issuer trust and increase approval likelihood"
Response code,Checkout.com gateway response code returned for the payment action. Indicates the outcome category and specific reason for the result.,20153,3DS system malfunction,Monitor 3DS ACS status and coordinate with Support if the issue persists.
Response code,Checkout.com gateway response code returned for the payment action. Indicates the outcome category and specific reason for the result.,20154,3DS authentication required,"To optimize authentication performance and reduce issuer-related declines, consider the following actions: 1) Leverage Checkout.com’s Intelligent Acceptance to automatically apply exceptions and preferential challenge indicators for the best 3DS outcome. 2) Ensure challenge indicators are correctly configured — 'no_preference' is recommended for most transactions, except when saving a card-on-file or starting a new MIT chain, where 'challenge_requested' is advised. Note: using 'no_challenge_requested' in France will not result in a liability shift. 3) Promote Apple Pay and Google Pay to provide a secure, frictionless checkout experience without requiring 3DS. 4) Offer alternative payment methods (APMs) that do not require 3DS to improve conversion rates. 5) Review fraud settings to minimize potential declines triggered by issuer risk models. 6) If relevant, consider setting up a non-SCA country entity for cross-border transactions to qualify as one-leg-out; however, note this may affect both performance and scheme costs. 7) Improve the quality and completeness of data included in the authentication message to enhance issuer trust and approval rates"
Response code,Checkout.com gateway response code returned for the payment action. Indicates the outcome category and specific reason for the result.,20155,3DS authentication service provided invalid authentication result,
Response code,Checkout.com gateway response code returned for the payment action. Indicates the outcome category and specific reason for the result.,20156,Requested function not supported by the acquirer,
Response code,Checkout.com gateway response code returned for the payment action. Indicates the outcome category and specific reason for the result.,20157,Invalid merchant configurations - Contact Support,
Response code,Checkout.com gateway response code returned for the payment action. Indicates the outcome category and specific reason for the result.,20158,Refund validity period has expired,
Response code,Checkout.com gateway response code returned for the payment action. Indicates the outcome category and specific reason for the result.,20179,Lifecycle,"These declines occur when the transaction contains invalid or outdated card data. Review recommendation codes to determine the best recovery action: 01 – Retry with updated card details; Checkout.com’s Real-Time Account Updater can help automatically refresh card information. 02 – Retry the transaction later, as the decline may be due to insufficient funds or the user exceeding their credit limit; this can be managed automatically through Checkout.com’s Intelligent Acceptance. 03 – The issuer will not approve this transaction; do not retry to avoid unnecessary fees. Additionally, use Mastercard’s MAC codes where available to guide retry logic and determine whether another attempt is appropriate"
Response code,Checkout.com gateway response code returned for the payment action. Indicates the outcome category and specific reason for the result.,20182,Policy,"These declines occur when a transaction does not comply with the issuer’s card policy. Review recommendation codes to determine the appropriate next step: 01 – Retry with updated card details; Checkout.com’s Real-Time Account Updater can automatically refresh expired or replaced cards. 02 – Retry the transaction later, as the decline may be due to insufficient funds or the user exceeding their credit limit; this can be managed automatically through Checkout.com’s Intelligent Acceptance. 03 – The issuer will not approve this transaction; do not retry to avoid unnecessary scheme or gateway fees. Additionally, use Mastercard’s MAC codes where available to guide retry logic and determine whether another attempt is appropriate"
Response code,Checkout.com gateway response code returned for the payment action. Indicates the outcome category and specific reason for the result.,20183,Security,"These declines occur when a transaction is suspected to be fraudulent. To improve performance and reduce false declines, consider the following actions: 1) For fraud reduction, enable Checkout.com’s Fraud Detection Pro to lower fraud scores 2) For performance improvement, leverage Network Tokens to reduce fraud risk, and use Checkout.com’s Intelligent Acceptance to manage retries and intelligently optimize 3DS for CIT traffic. Strengthening authentication settings can also enhance security and reduce issuer risk rejections. 3) Increase the amount and quality of data sent in the authorization message to improve issuer confidence. 4) Review recommendation codes to identify the appropriate next step: 01 – Retry with updated details; Checkout.com’s Real-Time Account Updater can refresh card information automatically. 02 – Retry later, as the decline may be due to insufficient funds or credit limits; this can be managed automatically via Intelligent Acceptance. 03 – The issuer will not approve this transaction; avoid retries to prevent unnecessary fees. 5) Use Mastercard’s MAC codes where available to guide retry logic and determine the correct course of action. 6) Monitor fraud rates per issuer — levels above 35 bps are typically considered high and can trigger issuer machine learning systems to decline transactions more aggressively"
Response code,Checkout.com gateway response code returned for the payment action. Indicates the outcome category and specific reason for the result.,20193,Invalid country code,
Response code,Checkout.com gateway response code returned for the payment action. Indicates the outcome category and specific reason for the result.,30016,Issuer does not allow online gambling payout,"This decline is typically driven by the issuer’s risk assessment, which may flag the transaction as potentially high-risk. To help users complete their payment successfully, consider the following actions: 1) Prompt the user to retry using a different card, or leverage Checkout.com’s Intelligent Acceptance to automatically manage retries. 2) Offer alternative payment methods (e.g., digital wallets or local APMs). 3) Suggest that the user contact their issuing bank for clarification on the decline. Note: Review your risk appetite before implementing these steps, as increasing retry options may also raise exposure to fraudulent activity"
Response code,Checkout.com gateway response code returned for the payment action. Indicates the outcome category and specific reason for the result.,30017,Issuer does not allow original credit transaction,"This decline is typically driven by the issuer’s risk assessment, which may flag the transaction as potentially high-risk. To help users complete their payment successfully, consider the following actions: 1) Prompt the user to retry using a different card, or leverage Checkout.com’s Intelligent Acceptance to automatically manage retries. 2) Offer alternative payment methods (e.g., digital wallets or local APMs). 3) Suggest that the user contact their issuing bank for clarification on the decline. Note: Review your risk appetite before implementing these steps, as increasing retry options may also raise exposure to fraudulent activity"
Response code,Checkout.com gateway response code returned for the payment action. Indicates the outcome category and specific reason for the result.,30018,Issuer does not allow money transfer payout,"This decline is typically driven by the issuer’s risk assessment, which may flag the transaction as potentially high-risk. To help users complete their payment successfully, consider the following actions: 1) Prompt the user to retry using a different card, or leverage Checkout.com’s Intelligent Acceptance to automatically manage retries. 2) Offer alternative payment methods (e.g., digital wallets or local APMs). 3) Suggest that the user contact their issuing bank for clarification on the decline. Note: Review your risk appetite before implementing these steps, as increasing retry options may also raise exposure to fraudulent activity"
Response code,Checkout.com gateway response code returned for the payment action. Indicates the outcome category and specific reason for the result.,30019,Issuer does not allow non-money transfer payout,"This decline is typically driven by the issuer’s risk assessment, which may flag the transaction as potentially high-risk. To help users complete their payment successfully, consider the following actions: 1) Prompt the user to retry using a different card, or leverage Checkout.com’s Intelligent Acceptance to automatically manage retries. 2) Offer alternative payment methods (e.g., digital wallets or local APMs). 3) Suggest that the user contact their issuing bank for clarification on the decline. Note: Review your risk appetite before implementing these steps, as increasing retry options may also raise exposure to fraudulent activity"
Response code,Checkout.com gateway response code returned for the payment action. Indicates the outcome category and specific reason for the result.,30020,Invalid amount,"This decline is typically driven by the issuer’s risk assessment, which may flag the transaction as potentially high-risk. To help users complete their payment successfully, consider the following actions: 1) Prompt the user to retry using a different card, or leverage Checkout.com’s Intelligent Acceptance to automatically manage retries. 2) Offer alternative payment methods (e.g., digital wallets or local APMs). 3) Suggest that the user contact their issuing bank for clarification on the decline. Note: Review your risk appetite before implementing these steps, as increasing retry options may also raise exposure to fraudulent activity"
Response code,Checkout.com gateway response code returned for the payment action. Indicates the outcome category and specific reason for the result.,30021,Total amount limit reached,"This decline is typically driven by the issuer’s risk assessment, which may flag the transaction as potentially high-risk. To help users complete their payment successfully, consider the following actions: 1) Prompt the user to retry using a different card, or leverage Checkout.com’s Intelligent Acceptance to automatically manage retries. 2) Offer alternative payment methods (e.g., digital wallets or local APMs). 3) Suggest that the user contact their issuing bank for clarification on the decline. Note: Review your risk appetite before implementing these steps, as increasing retry options may also raise exposure to fraudulent activity"
Response code,Checkout.com gateway response code returned for the payment action. Indicates the outcome category and specific reason for the result.,30022,Total transaction count limit reached,"This decline is typically driven by the issuer’s risk assessment, which may flag the transaction as potentially high-risk. To help users complete their payment successfully, consider the following actions: 1) Prompt the user to retry using a different card, or leverage Checkout.com’s Intelligent Acceptance to automatically manage retries. 2) Offer alternative payment methods (e.g., digital wallets or local APMs). 3) Suggest that the user contact their issuing bank for clarification on the decline. Note: Review your risk appetite before implementing these steps, as increasing retry options may also raise exposure to fraudulent activity"
Response code,Checkout.com gateway response code returned for the payment action. Indicates the outcome category and specific reason for the result.,30035,Contact acquirer - Pick up,"This decline is typically driven by the issuer’s risk assessment, which may flag the transaction as potentially high-risk. To help users complete their payment successfully, consider the following actions: 1) Prompt the user to retry using a different card, or leverage Checkout.com’s Intelligent Acceptance to automatically manage retries. 2) Offer alternative payment methods (e.g., digital wallets or local APMs). 3) Suggest that the user contact their issuing bank for clarification on the decline. Note: Review your risk appetite before implementing these steps, as increasing retry options may also raise exposure to fraudulent activity"
Response code,Checkout.com gateway response code returned for the payment action. Indicates the outcome category and specific reason for the result.,30036,Restricted card - Pick up,"This decline is typically driven by the issuer’s risk assessment, which may flag the transaction as potentially high-risk. To help users complete their payment successfully, consider the following actions: 1) Prompt the user to retry using a different card, or leverage Checkout.com’s Intelligent Acceptance to automatically manage retries. 2) Offer alternative payment methods (e.g., digital wallets or local APMs). 3) Suggest that the user contact their issuing bank for clarification on the decline. Note: Review your risk appetite before implementing these steps, as increasing retry options may also raise exposure to fraudulent activity"
Response code,Checkout.com gateway response code returned for the payment action. Indicates the outcome category and specific reason for the result.,30037,Call acquirer security - Pick up,"This decline is typically driven by the issuer’s risk assessment, which may flag the transaction as potentially high-risk. To help users complete their payment successfully, consider the following actions: 1) Prompt the user to retry using a different card, or leverage Checkout.com’s Intelligent Acceptance to automatically manage retries. 2) Offer alternative payment methods (e.g., digital wallets or local APMs). 3) Suggest that the user contact their issuing bank for clarification on the decline. Note: Review your risk appetite before implementing these steps, as increasing retry options may also raise exposure to fraudulent activity"
Response code,Checkout.com gateway response code returned for the payment action. Indicates the outcome category and specific reason for the result.,30038,Allowable PIN tries exceeded - Pick up,"This decline is typically driven by the issuer’s risk assessment, which may flag the transaction as potentially high-risk. To help users complete their payment successfully, consider the following actions: 1) Prompt the user to retry using a different card, or leverage Checkout.com’s Intelligent Acceptance to automatically manage retries. 2) Offer alternative payment methods (e.g., digital wallets or local APMs). 3) Suggest that the user contact their issuing bank for clarification on the decline. Note: Review your risk appetite before implementing these steps, as increasing retry options may also raise exposure to fraudulent activity"
Response code,Checkout.com gateway response code returned for the payment action. Indicates the outcome category and specific reason for the result.,30044,Transaction rejected - AMLD5,"This transaction was initiated using an anonymous, non-reloadable prepaid card for an amount exceeding 50 EUR. Due to AMLD5 regulatory requirements, it cannot be processed. The issuer will not approve this transaction. To recover where possible: 1) Do not retry with the same card to avoid incurring Visa Integrity and gateway fees. 2) Encourage the user to retry using a different, compliant card, or leverage Checkout.com’s Intelligent Acceptance to automatically manage eligible retries. 3) Offer alternative payment methods (e.g., digital wallets or local APMs) to help the user complete the transaction, while ensuring these align with your organization’s risk appetite"
Response code,Checkout.com gateway response code returned for the payment action. Indicates the outcome category and specific reason for the result.,30045,Invalid payout fund transfer type,"This transaction was declined because the fund transfer type is not included in the list of allowed transfer types configured by the issuer. The issuer will not approve this transaction. To recover where possible: 1) Do not retry with the same card to avoid incurring Visa Integrity and gateway fees. 2) Encourage the user to retry using a different, compliant card, or leverage Checkout.com’s Intelligent Acceptance to automatically manage eligible retries. 3) Offer alternative payment methods (e.g., digital wallets or local APMs) to help the user complete the transaction, ensuring these options align with your organization’s risk appetite"
Response summary,Short human-readable description of the gateway response code returned for the payment action. Corresponds directly to the response code.,,The response summary is a free-text label paired with each response code. Examples: Approved / Declined - Do Not Honour / Insufficient Funds / Expired Card / Suspected Fraud / Risk Blocked Transaction / 3DS Authentication Required. Refer to the Response code field for the authoritative value.,A plain-English label describing the outcome of this payment action — read alongside the response code for the full picture.
Currency,Three-letter ISO 4217 currency code the payment was requested in (e.g. GBP / USD / EUR / OMR),,,The currency this payment was made in.
Metadata,Arbitrary key-value pairs attached to the payment by the merchant for their own reference (e.g. order ID / customer ID). Not processed by Checkout.com.,,,Custom data attached by the merchant — for example an internal order ID or customer reference.
Requested on,Timestamp when the payment request was made by the merchant (distinct from Date created which reflects gateway receipt),,,When the merchant submitted this payment request.
AVS check,Address Verification Service check result — compares the billing address provided by the cardholder against the address held by the issuer.,A,Partial match — street address matches but postcode does not.,The street address matched but the postcode did not — partial AVS match.
AVS check,Address Verification Service check result — compares the billing address provided by the cardholder against the address held by the issuer.,B,Partial match — street address matches but postcode not verified (international).,The street address matched but the postcode could not be verified — common for international cards.
AVS check,Address Verification Service check result — compares the billing address provided by the cardholder against the address held by the issuer.,D,Full match — street address and postcode match (Visa international).,Both street address and postcode matched — full AVS match on a Visa international card.
AVS check,Address Verification Service check result — compares the billing address provided by the cardholder against the address held by the issuer.,N,No match — neither street address nor postcode match.,Neither the address nor the postcode matched — AVS failed.
AVS check,Address Verification Service check result — compares the billing address provided by the cardholder against the address held by the issuer.,S,AVS not supported by issuer.,The issuer does not support AVS checks.
AVS check,Address Verification Service check result — compares the billing address provided by the cardholder against the address held by the issuer.,U,Address information unavailable — issuer does not participate in AVS.,The issuer does not participate in AVS — no address check was performed.
AVS check,Address Verification Service check result — compares the billing address provided by the cardholder against the address held by the issuer.,W,Partial match — postcode matches but street address does not.,The postcode matched but the street address did not — partial AVS match.
AVS check,Address Verification Service check result — compares the billing address provided by the cardholder against the address held by the issuer.,X,Full match — both street address and nine-digit postcode match (US only).,Both street address and nine-digit ZIP code matched — full AVS match (US cards).
AVS check,Address Verification Service check result — compares the billing address provided by the cardholder against the address held by the issuer.,Y,Full match — both street address and five-digit postcode match.,Both street address and postcode matched — full AVS match.
AVS check,Address Verification Service check result — compares the billing address provided by the cardholder against the address held by the issuer.,Z,Partial match — five-digit postcode matches but street address does not.,The postcode matched but the street address did not — partial AVS match.
Local scheme,The local or domestic card scheme name where applicable. Populated when the transaction was processed via a local scheme alongside the international network.,Visa,Local scheme is Visa.,This transaction was processed via the Visa local scheme.
Local scheme,The local or domestic card scheme name where applicable. Populated when the transaction was processed via a local scheme alongside the international network.,Mastercard,Local scheme is Mastercard.,This transaction was processed via the Mastercard local scheme.
Local scheme,The local or domestic card scheme name where applicable. Populated when the transaction was processed via a local scheme alongside the international network.,Mada,Saudi domestic debit scheme — applies when a Mada card is used in Saudi Arabia.,This card is a Mada card — a Saudi domestic debit scheme. Specific rules apply for refunds and processing.
Local scheme,The local or domestic card scheme name where applicable. Populated when the transaction was processed via a local scheme alongside the international network.,Carte Bancaires,French domestic scheme — applies to co-badged cards in France.,This card is processed via the Carte Bancaires scheme — the French domestic network.
Local scheme,The local or domestic card scheme name where applicable. Populated when the transaction was processed via a local scheme alongside the international network.,(blank),No local scheme — transaction processed on the international scheme only.,No local scheme applies — this was processed solely on the international card network.
Card wallet type,Wallet or token service used to present the card for payment (where applicable),Apple Pay,Payment made via Apple Pay digital wallet.,The cardholder paid using Apple Pay.
Card wallet type,Wallet or token service used to present the card for payment (where applicable),Google Pay,Payment made via Google Pay digital wallet.,The cardholder paid using Google Pay.
Card wallet type,Wallet or token service used to present the card for payment (where applicable),(blank),No digital wallet used — card details entered directly.,The cardholder entered their card details directly — no digital wallet was used.
Is disputed,Indicates whether the payment has an open dispute raised by the cardholder's bank,Yes,A chargeback or pre-dispute has been raised against this payment. See dispute details.,This payment has an active dispute — check the dispute details section for deadlines and next steps.
Is disputed,Indicates whether the payment has an open dispute raised by the cardholder's bank,No,No dispute is currently open on this payment.,No dispute has been raised on this payment.
Recommendation code,Code returned by Visa or Mastercard on a declined payment indicating whether and how the merchant should retry. Only returned for Visa and Mastercard transactions.,01,Updated or additional information required — the decline may be resolved by providing updated card details or using 3DS authentication.,The scheme is asking for updated information — for example the card may have expired or authentication could help.
Recommendation code,Code returned by Visa or Mastercard on a declined payment indicating whether and how the merchant should retry. Only returned for Visa and Mastercard transactions.,02,Try again later — the decline is temporary (e.g. insufficient funds or velocity limit). Retry is appropriate after a suitable interval.,The decline is temporary — the merchant can retry this payment after waiting.
Recommendation code,Code returned by Visa or Mastercard on a declined payment indicating whether and how the merchant should retry. Only returned for Visa and Mastercard transactions.,03,Do not retry — the decline is permanent (e.g. account closed / suspected fraud / recurring agreement cancelled). Retrying will not succeed.,This payment should not be retried — the decline is permanent.
Total authorised,The total authorised amount in the payment's original currency. Reflects the sum of all successful authorisations.,,,The total amount that has been authorised for this payment.
Total captured,The total value of captures and partial captures in the payment's original currency.,,,The total amount that has actually been charged to the cardholder so far.
Total refunded,The total value of refunds and partial refunds in the payment's original currency. Does not include unreferenced refunds.,,,The total amount that has been refunded to the cardholder so far.
3DS protocol version,The version of the 3D Secure protocol used during authentication (e.g. 2.2.0 / 2.3.1),,,The version of 3DS used for authentication — relevant for understanding authentication behaviour and liability rules.
Transaction direction,Direction of the transaction flow,payin,Funds are moving from the cardholder to the merchant (standard payment).,This is an inbound payment — the cardholder paid the merchant.
Transaction direction,Direction of the transaction flow,payout,Funds are moving from the merchant to the cardholder (e.g. refund or disbursement).,This is an outbound payment — funds are being sent from the merchant to the cardholder.
Authentication status,Outcome of the payment during the authentication stage,authenticated,Authentication completed successfully.,The cardholder was successfully authenticated before this payment was processed.
Authentication status,Outcome of the payment during the authentication stage,failed,Authentication failed — the cardholder could not be verified.,Authentication failed — the cardholder could not be verified. The payment may not have proceeded.
Authentication status,Outcome of the payment during the authentication stage,expired,The authentication session expired before completion.,The authentication session timed out — the cardholder did not complete it in time.
Authentication status,Outcome of the payment during the authentication stage,rejected,Authentication was rejected by the issuer and should not be retried.,Authentication was rejected by the issuer — this payment should not be retried without a different approach.
Risk flagged,Indicates whether the payment was flagged by the risk engine for review or action,Yes,The risk engine flagged this payment based on one or more rules or score thresholds.,This payment was flagged by the risk engine — it may have been blocked or queued for review.
Risk flagged,Indicates whether the payment was flagged by the risk engine for review or action,No,The payment was not flagged by the risk engine.,This payment passed the risk engine without being flagged.
Fraud score,Numerical fraud score assigned to a specific action by the risk engine (0–100). More granular than the payment-level risk score.,,,The fraud score for this specific action — higher scores indicate greater fraud risk.
Sanction screening,Result of sanction or AML screening applied to the transaction,Approved,No sanctions matches found — payment cleared screening.,This payment passed sanctions screening — no matches were found.
Sanction screening,Result of sanction or AML screening applied to the transaction,Declined,A sanctions match was found — payment blocked.,This payment was blocked because a sanctions match was detected.
Retrieval reference number,Reference number used for dispute and chargeback lookups with the card scheme (also known as RRN). Related to but distinct from the ARN.,,,The scheme-assigned reference for retrieving this transaction — used in chargeback and dispute investigations.
Scheme merchant ID,The merchant ID assigned by the card scheme to identify the merchant in scheme-level reporting and dispute workflows.,,,The card scheme's own identifier for this merchant — used in dispute and scheme-level reporting.
Card acceptor ID,An identifier for the merchant account generated by the acquirer (also known as CAID). Used in scheme and acquirer-level reconciliation.,,,The acquirer's identifier for this merchant account — used in reconciliation and scheme reporting.
Dispute ID,Unique identifier for the dispute raised against this payment.,,,The unique reference for this dispute — use it to track and manage the chargeback.
Dispute status,Current status of the dispute,Open,The dispute has been raised and is awaiting merchant response or evidence submission.,A dispute has been opened — the merchant needs to respond or submit evidence.
Dispute status,Current status of the dispute,Evidence required,The merchant must submit evidence to contest the dispute before the deadline.,Evidence is required to contest this dispute — check the submission deadline urgently.
Dispute status,Current status of the dispute,Evidence submitted,The merchant has submitted evidence and the dispute is under review.,Evidence has been submitted — the dispute is now being reviewed by the scheme.
Dispute status,Current status of the dispute,Resolved — won,The dispute was resolved in the merchant's favour.,The dispute was resolved in the merchant's favour — no funds were lost.
Dispute status,Current status of the dispute,Resolved — lost,The dispute was resolved in the cardholder's favour. Funds returned to the cardholder.,The dispute was lost — the cardholder was refunded and the merchant is liable.
Dispute status,Current status of the dispute,Expired,The evidence submission deadline passed without a merchant response.,The evidence deadline passed without a response — the dispute was likely lost by default.
Dispute reason,Human-readable reason for the dispute raised by the cardholder's bank (e.g. Fraudulent transaction / Item not received / Duplicate charge),,,The reason the cardholder's bank gave for raising this dispute.
Dispute reason code,Scheme-specific reason code for the dispute (format varies by scheme — e.g. Visa 10.4 / Mastercard 4853),,,The scheme's standardised code for the dispute reason — used to determine the evidence required.
Dispute initiated date,Date the dispute was raised by the cardholder's bank.,,,When the cardholder's bank raised this dispute.
Submit evidence by date,Deadline by which the merchant must submit evidence to contest the dispute.,,,The deadline for the merchant to submit evidence — missing this date typically results in the dispute being lost.
Disputed amount,The amount under dispute in the payment's original currency.,,,The amount the cardholder is disputing.
